"month","division","line","day_type","period","num_timepoints_passing_wait _assessment","num_sched_timepoints","wait assessment"
"2015-01-01","A DIVISION","1","1","offpeak","17,864","22,636","78.9185368%"
"2015-01-01","A DIVISION","1","2","offpeak","6,601","7,496","88.0602988%"
"2015-01-01","A DIVISION","1","1","peak","10,540","15,019","70.1777748%"
"2015-01-01","A DIVISION","1","2","peak","3,177","3,656","86.8982495%"
"2015-01-01","A DIVISION","2","1","offpeak","18,357","24,256","75.6802441%"
"2015-01-01","A DIVISION","2","2","offpeak","5,746","7,373","77.9329988%"
"2015-01-01","A DIVISION","2","1","peak","10,154","15,882","63.9340133%"
"2015-01-01","A DIVISION","2","2","peak","2,964","3,768","78.6624204%"
"2015-01-01","A DIVISION","3","1","offpeak","16,719","21,119","79.1656802%"
"2015-01-01","A DIVISION","3","2","offpeak","4,534","5,356","84.6527259%"
"2015-01-01","A DIVISION","3","1","peak","9,500","13,575","69.9815838%"
"2015-01-01","A DIVISION","3","2","peak","2,304","2,730","84.3956044%"
"2015-01-01","A DIVISION","4","1","offpeak","20,484","27,717","73.9041022%"
"2015-01-01","A DIVISION","4","2","offpeak","7,801","10,751","72.560692%"
"2015-01-01","A DIVISION","4","1","peak","12,832","20,912","61.3618975%"
"2015-01-01","A DIVISION","4","2","peak","4,102","5,866","69.928401%"
"2015-01-01","A DIVISION","5","1","offpeak","15,190","21,279","71.3849335%"
"2015-01-01","A DIVISION","5","2","offpeak","2,743","4,107","66.78841%"
"2015-01-01","A DIVISION","5","1","peak","10,417","17,393","59.8919105%"
"2015-01-01","A DIVISION","5","2","peak","1,308","2,214","59.0785908%"
"2015-01-01","A DIVISION","6","1","offpeak","17,334","25,667","67.5341879%"
"2015-01-01","A DIVISION","6","2","offpeak","3,572","4,587","77.8722477%"
"2015-01-01","A DIVISION","6","1","peak","11,017","18,713","58.8735104%"
"2015-01-01","A DIVISION","6","2","peak","1,797","2,392","75.1254181%"
"2015-01-01","A DIVISION","7","1","offpeak","11,078","14,068","78.7460904%"
"2015-01-01","A DIVISION","7","2","offpeak","2,845","3,369","84.4464233%"
"2015-01-01","A DIVISION","7","1","peak","8,081","12,022","67.2184329%"
"2015-01-01","A DIVISION","7","2","peak","1,536","1,905","80.6299213%"
"2015-01-01","A DIVISION","S 42nd","1","offpeak","5,214","5,683","91.7473166%"
"2015-01-01","A DIVISION","S 42nd","2","offpeak","1,910","1,928","99.06639%"
"2015-01-01","A DIVISION","S 42nd","1","peak","4,437","5,746","77.2189349%"
"2015-01-01","A DIVISION","S 42nd","2","peak","1,120","1,132","98.9399293%"
"2015-01-01","B DIVISION","A","1","offpeak","12,769","17,775","71.8368495%"
"2015-01-01","B DIVISION","A","2","offpeak","4,624","7,027","65.80333%"
"2015-01-01","B DIVISION","A","1","peak","8,799","13,182","66.7501138%"
"2015-01-01","B DIVISION","A","2","peak","2,447","3,870","63.2299742%"
"2015-01-01","B DIVISION","B","1","offpeak","7,096","8,496","83.5216573%"
"2015-01-01","B DIVISION","B","1","peak","5,548","7,452","74.4498121%"
"2015-01-01","B DIVISION","C","1","offpeak","8,170","10,522","77.6468352%"
"2015-01-01","B DIVISION","C","2","offpeak","2,803","3,123","89.7534422%"
"2015-01-01","B DIVISION","C","1","peak","4,776","6,508","73.3866011%"
"2015-01-01","B DIVISION","C","2","peak","1,638","1,876","87.3134328%"
"2015-01-01","B DIVISION","D","1","offpeak","10,568","12,823","82.4144116%"
"2015-01-01","B DIVISION","D","2","offpeak","4,694","6,011","78.090168%"
"2015-01-01","B DIVISION","D","1","peak","6,361","8,377","75.9341053%"
"2015-01-01","B DIVISION","D","2","peak","2,540","3,194","79.5241077%"
"2015-01-01","B DIVISION","E","1","offpeak","9,770","12,970","75.3276793%"
"2015-01-01","B DIVISION","E","2","offpeak","3,027","3,687","82.0992677%"
"2015-01-01","B DIVISION","E","1","peak","6,368","9,265","68.7317863%"
"2015-01-01","B DIVISION","E","2","peak","1,501","1,890","79.4179894%"
"2015-01-01","B DIVISION","F","1","offpeak","13,987","19,279","72.5504435%"
"2015-01-01","B DIVISION","F","2","offpeak","4,579","5,705","80.2629273%"
"2015-01-01","B DIVISION","F","1","peak","9,105","13,907","65.4706263%"
"2015-01-01","B DIVISION","F","2","peak","2,335","2,922","79.9110198%"
"2015-01-01","B DIVISION","G","1","offpeak","4,489","5,310","84.5386064%"
"2015-01-01","B DIVISION","G","2","offpeak","1,467","1,575","93.1428571%"
"2015-01-01","B DIVISION","G","1","peak","2,706","3,311","81.7275748%"
"2015-01-01","B DIVISION","G","2","peak","755","818","92.2982885%"
"2015-01-01","B DIVISION","JZ","1","offpeak","8,660","10,358","83.6068739%"
"2015-01-01","B DIVISION","JZ","2","offpeak","3,357","3,546","94.6700508%"
"2015-01-01","B DIVISION","JZ","1","peak","5,783","7,630","75.7929227%"
"2015-01-01","B DIVISION","JZ","2","peak","1,838","1,963","93.6321956%"
"2015-01-01","B DIVISION","L","1","offpeak","17,474","21,494","81.2971062%"
"2015-01-01","B DIVISION","L","2","offpeak","6,436","8,406","76.5643588%"
"2015-01-01","B DIVISION","L","1","peak","10,447","13,734","76.0666958%"
"2015-01-01","B DIVISION","L","2","peak","3,251","4,170","77.9616307%"
"2015-01-01","B DIVISION","M","1","offpeak","9,901","12,465","79.4304051%"
"2015-01-01","B DIVISION","M","2","offpeak","1,260","1,298","97.0724191%"
"2015-01-01","B DIVISION","M","1","peak","5,803","8,153","71.1762541%"
"2015-01-01","B DIVISION","M","2","peak","743","773","96.1190168%"
"2015-01-01","B DIVISION","N","1","offpeak","13,021","16,595","78.4633926%"
"2015-01-01","B DIVISION","N","2","offpeak","4,880","6,016","81.1170213%"
"2015-01-01","B DIVISION","N","1","peak","6,986","9,594","72.8163435%"
"2015-01-01","B DIVISION","N","2","peak","2,574","3,101","83.0054821%"
"2015-01-01","B DIVISION","Q","1","offpeak","9,655","12,118","79.6748638%"
"2015-01-01","B DIVISION","Q","2","offpeak","3,191","3,667","87.0193619%"
"2015-01-01","B DIVISION","Q","1","peak","5,852","7,830","74.7381865%"
"2015-01-01","B DIVISION","Q","2","peak","1,595","1,873","85.1575013%"
"2015-01-01","B DIVISION","R","1","offpeak","12,539","16,334","76.7662544%"
"2015-01-01","B DIVISION","R","2","offpeak","4,543","5,397","84.1763943%"
"2015-01-01","B DIVISION","R","1","peak","7,915","11,219","70.5499599%"
"2015-01-01","B DIVISION","R","2","peak","2,373","2,878","82.4530924%"
"2015-01-01","B DIVISION","S Fkln","1","offpeak","1,641","1,867","87.8950187%"
"2015-01-01","B DIVISION","S Fkln","2","offpeak","496","509","97.4459725%"
"2015-01-01","B DIVISION","S Fkln","1","peak","1,050","1,122","93.5828877%"
"2015-01-01","B DIVISION","S Fkln","2","peak","262","278","94.2446043%"
"2015-01-01","B DIVISION","S Rock","1","offpeak","1,557","1,703","91.4268937%"
"2015-01-01","B DIVISION","S Rock","2","offpeak","659","687","95.9243086%"
"2015-01-01","B DIVISION","S Rock","1","peak","813","869","93.5558113%"
"2015-01-01","B DIVISION","S Rock","2","peak","344","357","96.3585434%"
"2015-02-01","A DIVISION","1","1","offpeak","17,234","21,433","80.4087155%"
"2015-02-01","A DIVISION","1","2","offpeak","5,705","6,625","86.1132075%"
"2015-02-01","A DIVISION","1","1","peak","9,940","14,323","69.398869%"
"2015-02-01","A DIVISION","1","2","peak","2,891","3,217","89.8663351%"
"2015-02-01","A DIVISION","2","1","offpeak","17,027","22,847","74.526196%"
"2015-02-01","A DIVISION","2","2","offpeak","5,621","7,290","77.1056241%"
"2015-02-01","A DIVISION","2","1","peak","9,561","15,025","63.6339434%"
"2015-02-01","A DIVISION","2","2","peak","2,994","3,722","80.4406233%"
"2015-02-01","A DIVISION","3","1","offpeak","16,003","20,081","79.6922464%"
"2015-02-01","A DIVISION","3","2","offpeak","3,789","4,640","81.6594828%"
"2015-02-01","A DIVISION","3","1","peak","9,004","12,794","70.3767391%"
"2015-02-01","A DIVISION","3","2","peak","2,021","2,343","86.2569356%"
"2015-02-01","A DIVISION","4","1","offpeak","19,873","26,258","75.6836012%"
"2015-02-01","A DIVISION","4","2","offpeak","5,762","8,008","71.953047%"
"2015-02-01","A DIVISION","4","1","peak","12,529","19,971","62.7359672%"
"2015-02-01","A DIVISION","4","2","peak","3,190","4,342","73.4684477%"
"2015-02-01","A DIVISION","5","1","offpeak","14,681","20,539","71.4786504%"
"2015-02-01","A DIVISION","5","2","offpeak","1,766","2,034","86.8239921%"
"2015-02-01","A DIVISION","5","1","peak","9,600","16,844","56.9935882%"
"2015-02-01","A DIVISION","5","2","peak","883","1,112","79.4064748%"
"2015-02-01","A DIVISION","6","1","offpeak","15,710","24,578","63.9189519%"
"2015-02-01","A DIVISION","6","2","offpeak","4,903","6,259","78.3351973%"
"2015-02-01","A DIVISION","6","1","peak","10,009","17,988","55.6426507%"
"2015-02-01","A DIVISION","6","2","peak","2,655","3,303","80.3814714%"
"2015-02-01","A DIVISION","7","1","offpeak","9,047","11,654","77.6299983%"
"2015-02-01","A DIVISION","7","2","offpeak","2,716","3,192","85.0877193%"
"2015-02-01","A DIVISION","7","1","peak","6,587","10,234","64.3638851%"
"2015-02-01","A DIVISION","7","2","peak","1,569","1,853","84.6735024%"
"2015-02-01","A DIVISION","S 42nd","1","offpeak","4,998","5,094","98.1154299%"
"2015-02-01","A DIVISION","S 42nd","2","offpeak","1,678","1,704","98.4741784%"
"2015-02-01","A DIVISION","S 42nd","1","peak","4,411","5,238","84.2115311%"
"2015-02-01","A DIVISION","S 42nd","2","peak","973","992","98.0846774%"
"2015-02-01","B DIVISION","A","1","offpeak","11,785","16,089","73.2488035%"
"2015-02-01","B DIVISION","A","2","offpeak","3,789","5,570","68.0251346%"
"2015-02-01","B DIVISION","A","1","peak","8,098","12,054","67.1810187%"
"2015-02-01","B DIVISION","A","2","peak","2,035","3,047","66.7870036%"
"2015-02-01","B DIVISION","B","1","offpeak","6,380","7,861","81.1601577%"
"2015-02-01","B DIVISION","B","1","peak","5,000","7,001","71.4183688%"
"2015-02-01","B DIVISION","C","1","offpeak","8,087","10,077","80.2520591%"
"2015-02-01","B DIVISION","C","2","offpeak","2,316","2,725","84.9908257%"
"2015-02-01","B DIVISION","C","1","peak","4,590","6,306","72.7878211%"
"2015-02-01","B DIVISION","C","2","peak","1,317","1,613","81.6491011%"
"2015-02-01","B DIVISION","D","1","offpeak","9,790","12,062","81.1639861%"
"2015-02-01","B DIVISION","D","2","offpeak","3,049","3,815","79.921363%"
"2015-02-01","B DIVISION","D","1","peak","5,969","8,016","74.4635729%"
"2015-02-01","B DIVISION","D","2","peak","1,588","2,021","78.5749629%"
"2015-02-01","B DIVISION","E","1","offpeak","9,265","12,399","74.723768%"
"2015-02-01","B DIVISION","E","2","offpeak","2,402","2,893","83.0279986%"
"2015-02-01","B DIVISION","E","1","peak","6,184","9,007","68.6577107%"
"2015-02-01","B DIVISION","E","2","peak","1,265","1,516","83.4432718%"
"2015-02-01","B DIVISION","F","1","offpeak","13,355","17,561","76.0491999%"
"2015-02-01","B DIVISION","F","2","offpeak","3,338","4,328","77.1256932%"
"2015-02-01","B DIVISION","F","1","peak","8,974","12,965","69.217123%"
"2015-02-01","B DIVISION","F","2","peak","1,735","2,258","76.8379097%"
"2015-02-01","B DIVISION","G","1","offpeak","4,360","4,885","89.2528147%"
"2015-02-01","B DIVISION","G","2","offpeak","1,302","1,422","91.5611814%"
"2015-02-01","B DIVISION","G","1","peak","2,553","3,044","83.869908%"
"2015-02-01","B DIVISION","G","2","peak","672","730","92.0547945%"
"2015-02-01","B DIVISION","JZ","1","offpeak","7,456","8,981","83.0197083%"
"2015-02-01","B DIVISION","JZ","2","offpeak","2,812","3,089","91.0326967%"
"2015-02-01","B DIVISION","JZ","1","peak","5,035","6,866","73.3323624%"
"2015-02-01","B DIVISION","JZ","2","peak","1,607","1,738","92.4626007%"
"2015-02-01","B DIVISION","L","1","offpeak","15,133","19,798","76.4370138%"
"2015-02-01","B DIVISION","L","2","offpeak","3,638","4,028","90.3177756%"
"2015-02-01","B DIVISION","L","1","peak","9,282","13,026","71.257485%"
"2015-02-01","B DIVISION","L","2","peak","1,861","2,069","89.9468342%"
"2015-02-01","B DIVISION","M","1","offpeak","9,585","12,350","77.611336%"
"2015-02-01","B DIVISION","M","2","offpeak","1,317","1,377","95.6427015%"
"2015-02-01","B DIVISION","M","1","peak","5,563","7,709","72.1624076%"
"2015-02-01","B DIVISION","M","2","peak","777","810","95.9259259%"
"2015-02-01","B DIVISION","N","1","offpeak","11,688","14,815","78.8930138%"
"2015-02-01","B DIVISION","N","2","offpeak","4,469","5,624","79.4630156%"
"2015-02-01","B DIVISION","N","1","peak","6,305","8,665","72.7639931%"
"2015-02-01","B DIVISION","N","2","peak","2,286","2,846","80.3232607%"
"2015-02-01","B DIVISION","Q","1","offpeak","9,093","11,512","78.9871438%"
"2015-02-01","B DIVISION","Q","2","offpeak","2,608","3,010","86.6445183%"
"2015-02-01","B DIVISION","Q","1","peak","5,408","7,277","74.3163392%"
"2015-02-01","B DIVISION","Q","2","peak","1,370","1,557","87.9897238%"
"2015-02-01","B DIVISION","R","1","offpeak","11,350","14,584","77.8250137%"
"2015-02-01","B DIVISION","R","2","offpeak","3,764","4,824","78.026534%"
"2015-02-01","B DIVISION","R","1","peak","7,167","10,065","71.2071535%"
"2015-02-01","B DIVISION","R","2","peak","2,143","2,590","82.7413127%"
"2015-02-01","B DIVISION","S Fkln","1","offpeak","1,553","1,669","93.0497304%"
"2015-02-01","B DIVISION","S Fkln","2","offpeak","461","482","95.6431535%"
"2015-02-01","B DIVISION","S Fkln","1","peak","981","1,024","95.8007813%"
"2015-02-01","B DIVISION","S Fkln","2","peak","263","268","98.1343284%"
"2015-02-01","B DIVISION","S Rock","1","offpeak","1,486","1,600","92.875%"
"2015-02-01","B DIVISION","S Rock","2","offpeak","582","610","95.4098361%"
"2015-02-01","B DIVISION","S Rock","1","peak","738","810","91.1111111%"
"2015-02-01","B DIVISION","S Rock","2","peak","306","315","97.1428571%"
"2015-03-01","A DIVISION","1","1","offpeak","21,787","26,588","81.9429818%"
"2015-03-01","A DIVISION","1","2","offpeak","5,750","6,628","86.7531684%"
"2015-03-01","A DIVISION","1","1","peak","12,807","17,569","72.8954408%"
"2015-03-01","A DIVISION","1","2","peak","2,696","3,160","85.3164557%"
"2015-03-01","A DIVISION","2","1","offpeak","21,280","27,974","76.070637%"
"2015-03-01","A DIVISION","2","2","offpeak","6,324","8,261","76.5524755%"
"2015-03-01","A DIVISION","2","1","peak","12,092","18,588","65.0527222%"
"2015-03-01","A DIVISION","2","2","peak","3,271","4,199","77.8994999%"
"2015-03-01","A DIVISION","3","1","offpeak","19,159","23,377","81.956624%"
"2015-03-01","A DIVISION","3","2","offpeak","6,022","6,882","87.5036327%"
"2015-03-01","A DIVISION","3","1","peak","11,165","15,851","70.4371964%"
"2015-03-01","A DIVISION","3","2","peak","3,039","3,457","87.9085913%"
"2015-03-01","A DIVISION","4","1","offpeak","24,282","32,115","75.6095283%"
"2015-03-01","A DIVISION","4","2","offpeak","7,464","10,078","74.062314%"
"2015-03-01","A DIVISION","4","1","peak","15,260","24,420","62.4897625%"
"2015-03-01","A DIVISION","4","2","peak","4,055","5,455","74.335472%"
"2015-03-01","A DIVISION","5","1","offpeak","17,580","24,814","70.8471024%"
"2015-03-01","A DIVISION","5","2","offpeak","2,460","2,890","85.1211073%"
"2015-03-01","A DIVISION","5","1","peak","12,173","20,590","59.1209325%"
"2015-03-01","A DIVISION","5","2","peak","1,348","1,560","86.4102564%"
"2015-03-01","A DIVISION","6","1","offpeak","20,819","30,436","68.4025496%"
"2015-03-01","A DIVISION","6","2","offpeak","5,223","6,978","74.8495271%"
"2015-03-01","A DIVISION","6","1","peak","13,286","22,110","60.0904568%"
"2015-03-01","A DIVISION","6","2","peak","2,870","3,686","77.8621812%"
"2015-03-01","A DIVISION","7","1","offpeak","10,157","13,387","75.8721147%"
"2015-03-01","A DIVISION","7","2","offpeak","2,233","2,814","79.3532338%"
"2015-03-01","A DIVISION","7","1","peak","7,497","11,160","67.1774194%"
"2015-03-01","A DIVISION","7","2","peak","1,123","1,473","76.2389681%"
"2015-03-01","A DIVISION","S 42nd","1","offpeak","6,070","6,226","97.4943784%"
"2015-03-01","A DIVISION","S 42nd","2","offpeak","1,864","1,906","97.7964323%"
"2015-03-01","A DIVISION","S 42nd","1","peak","5,407","6,402","84.4579819%"
"2015-03-01","A DIVISION","S 42nd","2","peak","1,093","1,100","99.3636364%"
"2015-03-01","B DIVISION","A","1","offpeak","13,322","18,407","72.3746401%"
"2015-03-01","B DIVISION","A","2","offpeak","3,838","4,898","78.3585137%"
"2015-03-01","B DIVISION","A","1","peak","9,195","13,634","67.4416899%"
"2015-03-01","B DIVISION","A","2","peak","2,008","2,589","77.5589031%"
"2015-03-01","B DIVISION","B","1","offpeak","7,963","9,787","81.3630326%"
"2015-03-01","B DIVISION","B","1","peak","5,839","7,800","74.8589744%"
"2015-03-01","B DIVISION","C","1","offpeak","8,753","11,044","79.2557045%"
"2015-03-01","B DIVISION","C","2","offpeak","2,711","3,116","87.0025674%"
"2015-03-01","B DIVISION","C","1","peak","4,996","6,830","73.147877%"
"2015-03-01","B DIVISION","C","2","peak","1,519","1,763","86.1599546%"
"2015-03-01","B DIVISION","D","1","offpeak","11,448","13,931","82.176441%"
"2015-03-01","B DIVISION","D","2","offpeak","4,132","4,982","82.9385789%"
"2015-03-01","B DIVISION","D","1","peak","7,090","9,271","76.4750297%"
"2015-03-01","B DIVISION","D","2","peak","2,086","2,532","82.385466%"
"2015-03-01","B DIVISION","E","1","offpeak","10,855","14,455","75.0951228%"
"2015-03-01","B DIVISION","E","2","offpeak","2,849","3,400","83.7941176%"
"2015-03-01","B DIVISION","E","1","peak","7,345","10,570","69.4891202%"
"2015-03-01","B DIVISION","E","2","peak","1,544","1,823","84.6955568%"
"2015-03-01","B DIVISION","F","1","offpeak","16,366","21,415","76.4230679%"
"2015-03-01","B DIVISION","F","2","offpeak","4,490","5,610","80.0356506%"
"2015-03-01","B DIVISION","F","1","peak","11,531","16,034","71.9159287%"
"2015-03-01","B DIVISION","F","2","peak","2,337","2,889","80.8930426%"
"2015-03-01","B DIVISION","G","1","offpeak","4,859","5,528","87.897974%"
"2015-03-01","B DIVISION","G","2","offpeak","1,346","1,552","86.7268041%"
"2015-03-01","B DIVISION","G","1","peak","2,895","3,443","84.083648%"
"2015-03-01","B DIVISION","G","2","peak","737","833","88.4753902%"
"2015-03-01","B DIVISION","JZ","1","offpeak","6,723","7,797","86.2254713%"
"2015-03-01","B DIVISION","JZ","2","offpeak","2,024","2,303","87.8853669%"
"2015-03-01","B DIVISION","JZ","1","peak","4,519","5,946","76.0006727%"
"2015-03-01","B DIVISION","JZ","2","peak","1,091","1,209","90.2398677%"
"2015-03-01","B DIVISION","L","1","offpeak","17,301","21,858","79.151798%"
"2015-03-01","B DIVISION","L","2","offpeak","6,442","8,092","79.6094909%"
"2015-03-01","B DIVISION","L","1","peak","11,168","15,041","74.2503823%"
"2015-03-01","B DIVISION","L","2","peak","3,023","3,964","76.2613522%"
"2015-03-01","B DIVISION","M","1","offpeak","10,714","13,619","78.6695058%"
"2015-03-01","B DIVISION","M","2","offpeak","1,125","1,189","94.6173255%"
"2015-03-01","B DIVISION","M","1","peak","6,138","8,471","72.4589777%"
"2015-03-01","B DIVISION","M","2","peak","649","676","96.0059172%"
"2015-03-01","B DIVISION","N","1","offpeak","13,360","16,652","80.2306029%"
"2015-03-01","B DIVISION","N","2","offpeak","5,441","6,617","82.2275956%"
"2015-03-01","B DIVISION","N","1","peak","7,513","9,738","77.1513658%"
"2015-03-01","B DIVISION","N","2","peak","2,749","3,285","83.6834094%"
"2015-03-01","B DIVISION","Q","1","offpeak","10,691","12,968","82.4413942%"
"2015-03-01","B DIVISION","Q","2","offpeak","3,769","4,320","87.2453704%"
"2015-03-01","B DIVISION","Q","1","peak","6,335","8,126","77.9596357%"
"2015-03-01","B DIVISION","Q","2","peak","2,054","2,359","87.0707927%"
"2015-03-01","B DIVISION","R","1","offpeak","12,484","16,380","76.2148962%"
"2015-03-01","B DIVISION","R","2","offpeak","4,179","5,007","83.4631516%"
"2015-03-01","B DIVISION","R","1","peak","8,329","11,462","72.6662014%"
"2015-03-01","B DIVISION","R","2","peak","2,230","2,652","84.0874811%"
"2015-03-01","B DIVISION","S Fkln","1","offpeak","1,808","1,945","92.9562982%"
"2015-03-01","B DIVISION","S Fkln","2","offpeak","485","503","96.4214712%"
"2015-03-01","B DIVISION","S Fkln","1","peak","1,165","1,202","96.921797%"
"2015-03-01","B DIVISION","S Fkln","2","peak","266","277","96.0288809%"
"2015-03-01","B DIVISION","S Rock","1","offpeak","1,713","1,858","92.1959096%"
"2015-03-01","B DIVISION","S Rock","2","offpeak","574","596","96.3087248%"
"2015-03-01","B DIVISION","S Rock","1","peak","859","942","91.1889597%"
"2015-03-01","B DIVISION","S Rock","2","peak","288","319","90.2821317%"
"2015-04-01","A DIVISION","1","1","offpeak","20,575","25,406","80.9848067%"
"2015-04-01","A DIVISION","1","2","offpeak","4,166","4,804","86.7194005%"
"2015-04-01","A DIVISION","1","1","peak","12,784","16,779","76.1904762%"
"2015-04-01","A DIVISION","1","2","peak","2,072","2,342","88.471392%"
"2015-04-01","A DIVISION","2","1","offpeak","21,362","28,353","75.3429972%"
"2015-04-01","A DIVISION","2","2","offpeak","4,457","5,528","80.6259045%"
"2015-04-01","A DIVISION","2","1","peak","12,793","18,678","68.4923439%"
"2015-04-01","A DIVISION","2","2","peak","2,311","2,807","82.3298896%"
"2015-04-01","A DIVISION","3","1","offpeak","19,928","24,497","81.3487366%"
"2015-04-01","A DIVISION","3","2","offpeak","4,001","4,573","87.4917997%"
"2015-04-01","A DIVISION","3","1","peak","11,795","15,928","74.0519839%"
"2015-04-01","A DIVISION","3","2","peak","2,035","2,311","88.0571181%"
"2015-04-01","A DIVISION","4","1","offpeak","25,131","32,117","78.2482797%"
"2015-04-01","A DIVISION","4","2","offpeak","5,147","7,037","73.1419639%"
"2015-04-01","A DIVISION","4","1","peak","16,092","24,420","65.8968059%"
"2015-04-01","A DIVISION","4","2","peak","2,947","3,828","76.985371%"
"2015-04-01","A DIVISION","5","1","offpeak","18,246","25,400","71.8346457%"
"2015-04-01","A DIVISION","5","2","offpeak","1,945","2,267","85.7962064%"
"2015-04-01","A DIVISION","5","1","peak","12,738","20,592","61.8589744%"
"2015-04-01","A DIVISION","5","2","peak","1,111","1,231","90.2518278%"
"2015-04-01","A DIVISION","6","1","offpeak","20,705","30,309","68.3130423%"
"2015-04-01","A DIVISION","6","2","offpeak","3,415","4,694","72.7524499%"
"2015-04-01","A DIVISION","6","1","peak","13,919","22,132","62.8908368%"
"2015-04-01","A DIVISION","6","2","peak","1,878","2,481","75.6952842%"
"2015-04-01","A DIVISION","7","1","offpeak","10,352","13,942","74.2504662%"
"2015-04-01","A DIVISION","7","2","offpeak","3,078","3,838","80.1980198%"
"2015-04-01","A DIVISION","7","1","peak","8,029","11,818","67.9387375%"
"2015-04-01","A DIVISION","7","2","peak","1,770","2,245","78.8418708%"
"2015-04-01","A DIVISION","S 42nd","1","offpeak","6,100","6,227","97.9604946%"
"2015-04-01","A DIVISION","S 42nd","2","offpeak","1,547","1,704","90.786385%"
"2015-04-01","A DIVISION","S 42nd","1","peak","5,464","6,402","85.3483286%"
"2015-04-01","A DIVISION","S 42nd","2","peak","862","992","86.8951613%"
"2015-04-01","B DIVISION","A","1","offpeak","14,287","18,905","75.5725998%"
"2015-04-01","B DIVISION","A","2","offpeak","4,388","5,737","76.4859683%"
"2015-04-01","B DIVISION","A","1","peak","10,270","14,562","70.5260266%"
"2015-04-01","B DIVISION","A","2","peak","2,316","3,051","75.9095379%"
"2015-04-01","B DIVISION","B","1","offpeak","8,320","10,124","82.1809561%"
"2015-04-01","B DIVISION","B","1","peak","6,452","8,309","77.6507402%"
"2015-04-01","B DIVISION","C","1","offpeak","9,379","11,292","83.0588027%"
"2015-04-01","B DIVISION","C","2","offpeak","2,651","3,079","86.0993829%"
"2015-04-01","B DIVISION","C","1","peak","5,535","7,112","77.8262092%"
"2015-04-01","B DIVISION","C","2","peak","1,498","1,740","86.091954%"
"2015-04-01","B DIVISION","D","1","offpeak","12,013","14,450","83.1349481%"
"2015-04-01","B DIVISION","D","2","offpeak","3,835","4,684","81.8744663%"
"2015-04-01","B DIVISION","D","1","peak","7,521","9,550","78.7539267%"
"2015-04-01","B DIVISION","D","2","peak","1,947","2,395","81.2943633%"
"2015-04-01","B DIVISION","E","1","offpeak","9,403","12,458","75.4776048%"
"2015-04-01","B DIVISION","E","2","offpeak","2,143","2,464","86.9724026%"
"2015-04-01","B DIVISION","E","1","peak","7,126","9,680","73.6157025%"
"2015-04-01","B DIVISION","E","2","peak","1,128","1,301","86.7025365%"
"2015-04-01","B DIVISION","F","1","offpeak","17,197","22,168","77.5757849%"
"2015-04-01","B DIVISION","F","2","offpeak","3,762","4,673","80.5050289%"
"2015-04-01","B DIVISION","F","1","peak","12,491","16,857","74.0997805%"
"2015-04-01","B DIVISION","F","2","peak","1,929","2,403","80.2746567%"
"2015-04-01","B DIVISION","G","1","offpeak","4,851","5,508","88.0718954%"
"2015-04-01","B DIVISION","G","2","offpeak","1,216","1,322","91.9818457%"
"2015-04-01","B DIVISION","G","1","peak","2,943","3,495","84.2060086%"
"2015-04-01","B DIVISION","G","2","peak","669","708","94.4915254%"
"2015-04-01","B DIVISION","JZ","1","offpeak","6,658","7,816","85.1842375%"
"2015-04-01","B DIVISION","JZ","2","offpeak","2,059","2,236","92.0840787%"
"2015-04-01","B DIVISION","JZ","1","peak","4,675","6,021","77.6449095%"
"2015-04-01","B DIVISION","JZ","2","peak","1,151","1,249","92.153723%"
"2015-04-01","B DIVISION","L","1","offpeak","17,878","22,678","78.8341124%"
"2015-04-01","B DIVISION","L","2","offpeak","4,454","5,468","81.4557425%"
"2015-04-01","B DIVISION","L","1","peak","11,289","14,916","75.6838294%"
"2015-04-01","B DIVISION","L","2","peak","2,294","2,755","83.2667877%"
"2015-04-01","B DIVISION","M","1","offpeak","10,475","12,935","80.9818322%"
"2015-04-01","B DIVISION","M","2","offpeak","2,195","2,583","84.9787069%"
"2015-04-01","B DIVISION","M","1","peak","6,803","9,077","74.9476699%"
"2015-04-01","B DIVISION","M","2","peak","1,197","1,348","88.7982196%"
"2015-04-01","B DIVISION","N","1","offpeak","14,261","17,459","81.6827997%"
"2015-04-01","B DIVISION","N","2","offpeak","4,238","5,174","81.9095477%"
"2015-04-01","B DIVISION","N","1","peak","8,093","10,326","78.3749758%"
"2015-04-01","B DIVISION","N","2","peak","2,142","2,598","82.448037%"
"2015-04-01","B DIVISION","Q","1","offpeak","11,625","13,910","83.5729691%"
"2015-04-01","B DIVISION","Q","2","offpeak","2,665","2,937","90.7388492%"
"2015-04-01","B DIVISION","Q","1","peak","6,898","8,699","79.2964709%"
"2015-04-01","B DIVISION","Q","2","peak","1,345","1,477","91.0629655%"
"2015-04-01","B DIVISION","R","1","offpeak","13,279","16,931","78.4300986%"
"2015-04-01","B DIVISION","R","2","offpeak","3,663","4,500","81.4%"
"2015-04-01","B DIVISION","R","1","peak","8,841","12,103","73.0480046%"
"2015-04-01","B DIVISION","R","2","peak","2,025","2,417","83.7815474%"
"2015-04-01","B DIVISION","S Fkln","1","offpeak","1,850","1,914","96.6562173%"
"2015-04-01","B DIVISION","S Fkln","2","offpeak","520","542","95.9409594%"
"2015-04-01","B DIVISION","S Fkln","1","peak","1,158","1,170","98.974359%"
"2015-04-01","B DIVISION","S Fkln","2","peak","304","306","99.3464052%"
"2015-04-01","B DIVISION","S Rock","1","offpeak","1,770","1,899","93.206951%"
"2015-04-01","B DIVISION","S Rock","2","offpeak","579","600","96.5%"
"2015-04-01","B DIVISION","S Rock","1","peak","890","959","92.8050052%"
"2015-04-01","B DIVISION","S Rock","2","peak","313","323","96.9040248%"
"2015-05-01","A DIVISION","1","1","offpeak","18,744","23,004","81.4814815%"
"2015-05-01","A DIVISION","1","2","offpeak","6,587","7,462","88.2739212%"
"2015-05-01","A DIVISION","1","1","peak","11,667","15,181","76.8526448%"
"2015-05-01","A DIVISION","1","2","peak","3,131","3,614","86.6353071%"
"2015-05-01","A DIVISION","2","1","offpeak","18,567","24,479","75.8486866%"
"2015-05-01","A DIVISION","2","2","offpeak","6,589","9,187","71.72091%"
"2015-05-01","A DIVISION","2","1","peak","10,847","16,131","67.2431963%"
"2015-05-01","A DIVISION","2","2","peak","3,510","4,685","74.9199573%"
"2015-05-01","A DIVISION","3","1","offpeak","17,333","21,203","81.7478659%"
"2015-05-01","A DIVISION","3","2","offpeak","6,127","7,583","80.799156%"
"2015-05-01","A DIVISION","3","1","peak","10,103","13,755","73.4496547%"
"2015-05-01","A DIVISION","3","2","peak","3,205","3,826","83.7689493%"
"2015-05-01","A DIVISION","4","1","offpeak","21,275","27,720","76.7496392%"
"2015-05-01","A DIVISION","4","2","offpeak","8,193","11,160","73.4139785%"
"2015-05-01","A DIVISION","4","1","peak","13,215","21,090","62.6600284%"
"2015-05-01","A DIVISION","4","2","peak","4,492","6,066","74.0520936%"
"2015-05-01","A DIVISION","5","1","offpeak","15,837","21,993","72.0092757%"
"2015-05-01","A DIVISION","5","2","offpeak","2,549","2,906","87.7150723%"
"2015-05-01","A DIVISION","5","1","peak","10,650","17,782","59.8920256%"
"2015-05-01","A DIVISION","5","2","peak","1,392","1,579","88.1570614%"
"2015-05-01","A DIVISION","6","1","offpeak","18,672","26,352","70.856102%"
"2015-05-01","A DIVISION","6","2","offpeak","5,987","8,001","74.8281465%"
"2015-05-01","A DIVISION","6","1","peak","12,424","19,392","64.0676568%"
"2015-05-01","A DIVISION","6","2","peak","3,200","4,243","75.4183361%"
"2015-05-01","A DIVISION","7","1","offpeak","10,477","13,711","76.413099%"
"2015-05-01","A DIVISION","7","2","offpeak","4,173","5,173","80.6688575%"
"2015-05-01","A DIVISION","7","1","peak","7,952","11,598","68.5635454%"
"2015-05-01","A DIVISION","7","2","peak","2,565","3,290","77.9635258%"
"2015-05-01","A DIVISION","S 42nd","1","offpeak","5,461","5,663","96.432986%"
"2015-05-01","A DIVISION","S 42nd","2","offpeak","2,120","2,130","99.5305164%"
"2015-05-01","A DIVISION","S 42nd","1","peak","4,680","5,820","80.4123711%"
"2015-05-01","A DIVISION","S 42nd","2","peak","1,235","1,240","99.5967742%"
"2015-05-01","B DIVISION","A","1","offpeak","12,460","17,059","73.0406237%"
"2015-05-01","B DIVISION","A","2","offpeak","5,555","7,164","77.5404802%"
"2015-05-01","B DIVISION","A","1","peak","8,819","13,038","67.6407424%"
"2015-05-01","B DIVISION","A","2","peak","2,897","3,783","76.5794343%"
"2015-05-01","B DIVISION","B","1","offpeak","7,333","9,111","80.4851279%"
"2015-05-01","B DIVISION","B","1","peak","5,685","7,437","76.4421138%"
"2015-05-01","B DIVISION","C","1","offpeak","7,898","9,687","81.53195%"
"2015-05-01","B DIVISION","C","2","offpeak","3,417","4,088","83.5861057%"
"2015-05-01","B DIVISION","C","1","peak","4,589","6,172","74.3519119%"
"2015-05-01","B DIVISION","C","2","peak","1,941","2,299","84.4280122%"
"2015-05-01","B DIVISION","D","1","offpeak","10,688","12,909","82.7949493%"
"2015-05-01","B DIVISION","D","2","offpeak","4,452","5,447","81.7330641%"
"2015-05-01","B DIVISION","D","1","peak","6,757","8,572","78.8264116%"
"2015-05-01","B DIVISION","D","2","peak","2,264","2,771","81.7033562%"
"2015-05-01","B DIVISION","E","1","offpeak","8,185","10,791","75.8502456%"
"2015-05-01","B DIVISION","E","2","offpeak","2,307","2,736","84.3201754%"
"2015-05-01","B DIVISION","E","1","peak","6,023","8,366","71.9937844%"
"2015-05-01","B DIVISION","E","2","peak","1,231","1,443","85.3083853%"
"2015-05-01","B DIVISION","F","1","offpeak","15,500","20,224","76.6416139%"
"2015-05-01","B DIVISION","F","2","offpeak","4,192","5,219","80.3219007%"
"2015-05-01","B DIVISION","F","1","peak","10,831","15,072","71.8617304%"
"2015-05-01","B DIVISION","F","2","peak","2,082","2,653","78.4771956%"
"2015-05-01","B DIVISION","G","1","offpeak","4,257","4,807","88.5583524%"
"2015-05-01","B DIVISION","G","2","offpeak","1,695","1,855","91.3746631%"
"2015-05-01","B DIVISION","G","1","peak","2,696","3,126","86.2444018%"
"2015-05-01","B DIVISION","G","2","peak","941","1,016","92.6181102%"
"2015-05-01","B DIVISION","JZ","1","offpeak","6,544","7,961","82.2007286%"
"2015-05-01","B DIVISION","JZ","2","offpeak","2,876","3,209","89.6229355%"
"2015-05-01","B DIVISION","JZ","1","peak","4,440","5,850","75.8974359%"
"2015-05-01","B DIVISION","JZ","2","peak","1,602","1,753","91.3861951%"
"2015-05-01","B DIVISION","L","1","offpeak","16,066","19,198","83.6858006%"
"2015-05-01","B DIVISION","L","2","offpeak","5,025","6,120","82.1078431%"
"2015-05-01","B DIVISION","L","1","peak","10,489","13,655","76.8143537%"
"2015-05-01","B DIVISION","L","2","peak","2,340","3,089","75.7526708%"
"2015-05-01","B DIVISION","M","1","offpeak","9,066","11,367","79.7571919%"
"2015-05-01","B DIVISION","M","2","offpeak","2,473","2,878","85.9277276%"
"2015-05-01","B DIVISION","M","1","peak","5,973","8,127","73.4957549%"
"2015-05-01","B DIVISION","M","2","peak","1,208","1,442","83.7725381%"
"2015-05-01","B DIVISION","N","1","offpeak","11,874","15,061","78.8393865%"
"2015-05-01","B DIVISION","N","2","offpeak","5,389","6,512","82.754914%"
"2015-05-01","B DIVISION","N","1","peak","6,632","8,828","75.1246035%"
"2015-05-01","B DIVISION","N","2","peak","2,706","3,263","82.9298192%"
"2015-05-01","B DIVISION","Q","1","offpeak","8,637","11,712","73.744877%"
"2015-05-01","B DIVISION","Q","2","offpeak","3,229","3,665","88.1036835%"
"2015-05-01","B DIVISION","Q","1","peak","5,676","7,363","77.0881434%"
"2015-05-01","B DIVISION","Q","2","peak","1,617","1,871","86.424372%"
"2015-05-01","B DIVISION","R","1","offpeak","11,420","14,965","76.3113933%"
"2015-05-01","B DIVISION","R","2","offpeak","4,685","6,134","76.3775677%"
"2015-05-01","B DIVISION","R","1","peak","7,441","10,445","71.2398277%"
"2015-05-01","B DIVISION","R","2","peak","2,603","3,247","80.1663074%"
"2015-05-01","B DIVISION","S Fkln","1","offpeak","1,139","1,184","96.1993243%"
"2015-05-01","B DIVISION","S Fkln","2","offpeak","525","558","94.0860215%"
"2015-05-01","B DIVISION","S Fkln","1","peak","696","702","99.1452991%"
"2015-05-01","B DIVISION","S Fkln","2","peak","281","305","92.1311475%"
"2015-05-01","B DIVISION","S Rock","1","offpeak","1,511","1,611","93.7926754%"
"2015-05-01","B DIVISION","S Rock","2","offpeak","419","436","96.1009174%"
"2015-05-01","B DIVISION","S Rock","1","peak","768","813","94.4649446%"
"2015-05-01","B DIVISION","S Rock","2","peak","195","204","95.5882353%"
"2015-06-01","A DIVISION","1","1","offpeak","21,963","26,637","82.4529789%"
"2015-06-01","A DIVISION","1","2","offpeak","5,254","5,929","88.6152808%"
"2015-06-01","A DIVISION","1","1","peak","13,436","17,578","76.4364547%"
"2015-06-01","A DIVISION","1","2","peak","2,453","2,770","88.5559567%"
"2015-06-01","A DIVISION","2","1","offpeak","21,683","28,360","76.4562764%"
"2015-06-01","A DIVISION","2","2","offpeak","5,724","7,228","79.192031%"
"2015-06-01","A DIVISION","2","1","peak","12,728","18,677","68.1479895%"
"2015-06-01","A DIVISION","2","2","peak","2,881","3,601","80.005554%"
"2015-06-01","A DIVISION","3","1","offpeak","19,846","24,505","80.9875536%"
"2015-06-01","A DIVISION","3","2","offpeak","4,931","5,694","86.5999298%"
"2015-06-01","A DIVISION","3","1","peak","11,888","15,928","74.6358614%"
"2015-06-01","A DIVISION","3","2","peak","2,372","2,758","86.004351%"
"2015-06-01","A DIVISION","4","1","offpeak","24,781","32,132","77.1224947%"
"2015-06-01","A DIVISION","4","2","offpeak","6,884","9,068","75.9153066%"
"2015-06-01","A DIVISION","4","1","peak","15,847","24,420","64.8935299%"
"2015-06-01","A DIVISION","4","2","peak","3,695","4,752","77.756734%"
"2015-06-01","A DIVISION","5","1","offpeak","18,585","25,700","72.3151751%"
"2015-06-01","A DIVISION","5","2","offpeak","2,072","2,632","78.7234043%"
"2015-06-01","A DIVISION","5","1","peak","12,737","20,586","61.8721461%"
"2015-06-01","A DIVISION","5","2","peak","1,086","1,372","79.154519%"
"2015-06-01","A DIVISION","6","1","offpeak","21,014","30,019","70.0023319%"
"2015-06-01","A DIVISION","6","2","offpeak","4,619","6,146","75.1545721%"
"2015-06-01","A DIVISION","6","1","peak","14,074","22,108","63.6602135%"
"2015-06-01","A DIVISION","6","2","peak","2,487","3,153","78.8772598%"
"2015-06-01","A DIVISION","7","1","offpeak","11,570","15,165","76.2940983%"
"2015-06-01","A DIVISION","7","2","offpeak","3,269","4,185","78.1123059%"
"2015-06-01","A DIVISION","7","1","peak","8,837","12,761","69.2500588%"
"2015-06-01","A DIVISION","7","2","peak","2,006","2,651","75.6695587%"
"2015-06-01","A DIVISION","S 42nd","1","offpeak","6,053","6,228","97.1901092%"
"2015-06-01","A DIVISION","S 42nd","2","offpeak","1,658","1,668","99.4004796%"
"2015-06-01","A DIVISION","S 42nd","1","peak","5,077","6,366","79.7518065%"
"2015-06-01","A DIVISION","S 42nd","2","peak","946","960","98.5416667%"
"2015-06-01","B DIVISION","A","1","offpeak","14,229","19,189","74.1518578%"
"2015-06-01","B DIVISION","A","2","offpeak","4,440","5,667","78.3483325%"
"2015-06-01","B DIVISION","A","1","peak","10,222","14,712","69.480696%"
"2015-06-01","B DIVISION","A","2","peak","2,332","3,017","77.2953265%"
"2015-06-01","B DIVISION","B","1","offpeak","8,231","9,793","84.0498315%"
"2015-06-01","B DIVISION","B","1","peak","6,269","8,255","75.9418534%"
"2015-06-01","B DIVISION","C","1","offpeak","9,187","11,500","79.8869565%"
"2015-06-01","B DIVISION","C","2","offpeak","2,971","3,513","84.5715912%"
"2015-06-01","B DIVISION","C","1","peak","5,505","7,407","74.3215877%"
"2015-06-01","B DIVISION","C","2","peak","1,614","1,911","84.4583987%"
"2015-06-01","B DIVISION","D","1","offpeak","11,610","14,004","82.9048843%"
"2015-06-01","B DIVISION","D","2","offpeak","3,054","3,844","79.4484912%"
"2015-06-01","B DIVISION","D","1","peak","7,297","9,364","77.9261%"
"2015-06-01","B DIVISION","D","2","peak","1,582","1,964","80.5498982%"
"2015-06-01","B DIVISION","E","1","offpeak","9,506","12,458","76.3043827%"
"2015-06-01","B DIVISION","E","2","offpeak","2,103","2,349","89.5274585%"
"2015-06-01","B DIVISION","E","1","peak","7,109","9,827","72.3415081%"
"2015-06-01","B DIVISION","E","2","peak","1,050","1,171","89.6669513%"
"2015-06-01","B DIVISION","F","1","offpeak","16,587","21,474","77.2422464%"
"2015-06-01","B DIVISION","F","2","offpeak","3,144","3,728","84.3347639%"
"2015-06-01","B DIVISION","F","1","peak","11,945","16,269","73.4218452%"
"2015-06-01","B DIVISION","F","2","peak","1,614","1,916","84.2379958%"
"2015-06-01","B DIVISION","G","1","offpeak","4,825","5,529","87.2671369%"
"2015-06-01","B DIVISION","G","2","offpeak","1,395","1,493","93.4360348%"
"2015-06-01","B DIVISION","G","1","peak","3,081","3,555","86.6666667%"
"2015-06-01","B DIVISION","G","2","peak","736","789","93.2826362%"
"2015-06-01","B DIVISION","JZ","1","offpeak","8,810","10,632","82.8630549%"
"2015-06-01","B DIVISION","JZ","2","offpeak","2,864","3,271","87.5573219%"
"2015-06-01","B DIVISION","JZ","1","peak","5,481","7,323","74.8463744%"
"2015-06-01","B DIVISION","JZ","2","peak","1,508","1,699","88.758093%"
"2015-06-01","B DIVISION","L","1","offpeak","17,640","21,990","80.218281%"
"2015-06-01","B DIVISION","L","2","offpeak","5,426","7,050","76.964539%"
"2015-06-01","B DIVISION","L","1","peak","11,131","15,103","73.7005893%"
"2015-06-01","B DIVISION","L","2","peak","2,528","3,249","77.8085565%"
"2015-06-01","B DIVISION","M","1","offpeak","11,520","14,463","79.6515246%"
"2015-06-01","B DIVISION","M","2","offpeak","1,575","1,715","91.8367347%"
"2015-06-01","B DIVISION","M","1","peak","6,930","9,286","74.628473%"
"2015-06-01","B DIVISION","M","2","peak","721","785","91.8471338%"
"2015-06-01","B DIVISION","N","1","offpeak","14,482","18,087","80.0685575%"
"2015-06-01","B DIVISION","N","2","offpeak","4,436","5,398","82.1785847%"
"2015-06-01","B DIVISION","N","1","peak","7,997","10,580","75.5860113%"
"2015-06-01","B DIVISION","N","2","peak","2,257","2,687","83.9970227%"
"2015-06-01","B DIVISION","Q","1","offpeak","11,163","13,954","79.9985667%"
"2015-06-01","B DIVISION","Q","2","offpeak","2,846","3,094","91.9844861%"
"2015-06-01","B DIVISION","Q","1","peak","6,838","8,708","78.5254938%"
"2015-06-01","B DIVISION","Q","2","peak","1,479","1,604","92.2069825%"
"2015-06-01","B DIVISION","R","1","offpeak","13,577","17,648","76.9322303%"
"2015-06-01","B DIVISION","R","2","offpeak","3,914","5,062","77.3212169%"
"2015-06-01","B DIVISION","R","1","peak","8,760","12,168","71.9921105%"
"2015-06-01","B DIVISION","R","2","peak","2,121","2,677","79.2304819%"
"2015-06-01","B DIVISION","S Fkln","1","offpeak","1,241","1,278","97.1048513%"
"2015-06-01","B DIVISION","S Fkln","2","offpeak","435","448","97.0982143%"
"2015-06-01","B DIVISION","S Fkln","1","peak","731","738","99.0514905%"
"2015-06-01","B DIVISION","S Fkln","2","peak","240","244","98.3606557%"
"2015-06-01","B DIVISION","S Rock","1","offpeak","1,781","1,890","94.2328042%"
"2015-06-01","B DIVISION","S Rock","2","offpeak","575","602","95.5149502%"
"2015-06-01","B DIVISION","S Rock","1","peak","887","955","92.8795812%"
"2015-06-01","B DIVISION","S Rock","2","peak","294","312","94.2307692%"
"2015-07-01","A DIVISION","1","1","offpeak","20,832","26,621","78.25401%"
"2015-07-01","A DIVISION","1","2","offpeak","3,880","4,375","88.6857143%"
"2015-07-01","A DIVISION","1","1","peak","12,906","17,488","73.7991766%"
"2015-07-01","A DIVISION","1","2","peak","1,946","2,199","88.4947704%"
"2015-07-01","A DIVISION","2","1","offpeak","21,062","28,352","74.2875282%"
"2015-07-01","A DIVISION","2","2","offpeak","5,920","7,328","80.7860262%"
"2015-07-01","A DIVISION","2","1","peak","12,597","18,674","67.4574274%"
"2015-07-01","A DIVISION","2","2","peak","3,024","3,751","80.6185017%"
"2015-07-01","A DIVISION","3","1","offpeak","19,555","24,507","79.7935284%"
"2015-07-01","A DIVISION","3","2","offpeak","4,828","5,898","81.858257%"
"2015-07-01","A DIVISION","3","1","peak","11,973","15,928","75.1695128%"
"2015-07-01","A DIVISION","3","2","peak","2,505","2,962","84.5712357%"
"2015-07-01","A DIVISION","4","1","offpeak","24,605","32,116","76.6129032%"
"2015-07-01","A DIVISION","4","2","offpeak","6,856","9,456","72.5042301%"
"2015-07-01","A DIVISION","4","1","peak","15,485","24,420","63.4111384%"
"2015-07-01","A DIVISION","4","2","peak","3,893","5,104","76.273511%"
"2015-07-01","A DIVISION","5","1","offpeak","18,101","25,694","70.4483537%"
"2015-07-01","A DIVISION","5","2","offpeak","113","114","99.122807%"
"2015-07-01","A DIVISION","5","1","peak","12,509","20,590","60.7527926%"
"2015-07-01","A DIVISION","5","2","peak","59","59","100%"
"2015-07-01","A DIVISION","6","1","offpeak","21,625","30,187","71.6367973%"
"2015-07-01","A DIVISION","6","2","offpeak","5,023","6,263","80.2011815%"
"2015-07-01","A DIVISION","6","1","peak","14,540","22,084","65.8395218%"
"2015-07-01","A DIVISION","6","2","peak","2,691","3,305","81.4220877%"
"2015-07-01","A DIVISION","7","1","offpeak","12,416","16,257","76.3732546%"
"2015-07-01","A DIVISION","7","2","offpeak","2,102","2,547","82.5284649%"
"2015-07-01","A DIVISION","7","1","peak","9,237","13,535","68.24529%"
"2015-07-01","A DIVISION","7","2","peak","1,320","1,691","78.0603193%"
"2015-07-01","A DIVISION","S 42nd","1","offpeak","6,049","6,227","97.1414806%"
"2015-07-01","A DIVISION","S 42nd","2","offpeak","1,688","1,751","96.402056%"
"2015-07-01","A DIVISION","S 42nd","1","peak","5,689","6,402","88.8628554%"
"2015-07-01","A DIVISION","S 42nd","2","peak","977","992","98.4879032%"
"2015-07-01","B DIVISION","A","1","offpeak","13,527","18,504","73.1031128%"
"2015-07-01","B DIVISION","A","2","offpeak","4,111","5,377","76.4552725%"
"2015-07-01","B DIVISION","A","1","peak","9,936","14,239","69.7801812%"
"2015-07-01","B DIVISION","A","2","peak","2,051","2,788","73.5652798%"
"2015-07-01","B DIVISION","B","1","offpeak","8,083","9,776","82.6820786%"
"2015-07-01","B DIVISION","B","1","peak","6,398","8,171","78.3013095%"
"2015-07-01","B DIVISION","C","1","offpeak","8,694","11,103","78.3031613%"
"2015-07-01","B DIVISION","C","2","offpeak","2,405","3,063","78.517793%"
"2015-07-01","B DIVISION","C","1","peak","5,541","7,162","77.3666574%"
"2015-07-01","B DIVISION","C","2","peak","1,384","1,680","82.3809524%"
"2015-07-01","B DIVISION","D","1","offpeak","11,724","14,320","81.8715084%"
"2015-07-01","B DIVISION","D","2","offpeak","3,572","4,398","81.2187358%"
"2015-07-01","B DIVISION","D","1","peak","7,297","9,428","77.397115%"
"2015-07-01","B DIVISION","D","2","peak","1,886","2,226","84.7259659%"
"2015-07-01","B DIVISION","E","1","offpeak","10,846","14,720","73.6820652%"
"2015-07-01","B DIVISION","E","2","offpeak","2,725","3,320","82.0783133%"
"2015-07-01","B DIVISION","E","1","peak","7,631","11,160","68.3781362%"
"2015-07-01","B DIVISION","E","2","peak","1,437","1,707","84.1827768%"
"2015-07-01","B DIVISION","F","1","offpeak","17,616","23,144","76.1147598%"
"2015-07-01","B DIVISION","F","2","offpeak","3,706","4,502","82.3189693%"
"2015-07-01","B DIVISION","F","1","peak","12,298","17,031","72.2095003%"
"2015-07-01","B DIVISION","F","2","peak","1,871","2,257","82.8976518%"
"2015-07-01","B DIVISION","G","1","offpeak","5,932","6,885","86.1583152%"
"2015-07-01","B DIVISION","G","2","offpeak","1,673","1,849","90.4813413%"
"2015-07-01","B DIVISION","G","1","peak","3,441","4,249","80.9837609%"
"2015-07-01","B DIVISION","G","2","peak","925","981","94.2915392%"
"2015-07-01","B DIVISION","JZ","1","offpeak","8,717","10,708","81.4064251%"
"2015-07-01","B DIVISION","JZ","2","offpeak","3,448","3,735","92.3159304%"
"2015-07-01","B DIVISION","JZ","1","peak","5,707","7,298","78.1995067%"
"2015-07-01","B DIVISION","JZ","2","peak","1,878","2,034","92.3303835%"
"2015-07-01","B DIVISION","L","1","offpeak","18,432","23,551","78.2641926%"
"2015-07-01","B DIVISION","L","2","offpeak","4,803","6,474","74.1890639%"
"2015-07-01","B DIVISION","L","1","peak","11,503","15,113","76.11328%"
"2015-07-01","B DIVISION","L","2","peak","2,333","2,833","82.3508648%"
"2015-07-01","B DIVISION","M","1","offpeak","12,509","15,969","78.3330202%"
"2015-07-01","B DIVISION","M","2","offpeak","2,120","2,300","92.173913%"
"2015-07-01","B DIVISION","M","1","peak","7,408","9,987","74.1764294%"
"2015-07-01","B DIVISION","M","2","peak","1,147","1,237","92.7243331%"
"2015-07-01","B DIVISION","N","1","offpeak","13,862","17,443","79.4702746%"
"2015-07-01","B DIVISION","N","2","offpeak","4,377","5,625","77.8133333%"
"2015-07-01","B DIVISION","N","1","peak","8,082","10,498","76.9860926%"
"2015-07-01","B DIVISION","N","2","peak","2,162","2,815","76.8028419%"
"2015-07-01","B DIVISION","Q","1","offpeak","10,318","13,016","79.2716656%"
"2015-07-01","B DIVISION","Q","2","offpeak","2,868","3,140","91.3375796%"
"2015-07-01","B DIVISION","Q","1","peak","6,791","8,729","77.7981441%"
"2015-07-01","B DIVISION","Q","2","peak","1,397","1,556","89.781491%"
"2015-07-01","B DIVISION","R","1","offpeak","12,988","16,842","77.116732%"
"2015-07-01","B DIVISION","R","2","offpeak","3,882","5,122","75.7907068%"
"2015-07-01","B DIVISION","R","1","peak","8,773","12,021","72.9806173%"
"2015-07-01","B DIVISION","R","2","peak","2,080","2,648","78.5498489%"
"2015-07-01","B DIVISION","S Fkln","1","offpeak","1,328","1,378","96.371553%"
"2015-07-01","B DIVISION","S Fkln","2","offpeak","416","451","92.2394678%"
"2015-07-01","B DIVISION","S Fkln","1","peak","781","792","98.6111111%"
"2015-07-01","B DIVISION","S Fkln","2","peak","226","244","92.6229508%"
"2015-07-01","B DIVISION","S Rock","1","offpeak","1,710","1,828","93.5448578%"
"2015-07-01","B DIVISION","S Rock","2","offpeak","581","614","94.6254072%"
"2015-07-01","B DIVISION","S Rock","1","peak","849","925","91.7837838%"
"2015-07-01","B DIVISION","S Rock","2","peak","309","326","94.7852761%"
"2015-08-01","A DIVISION","1","1","offpeak","20,347","24,799","82.0476632%"
"2015-08-01","A DIVISION","1","2","offpeak","6,086","6,784","89.7110849%"
"2015-08-01","A DIVISION","1","1","peak","12,216","16,590","73.6347197%"
"2015-08-01","A DIVISION","1","2","peak","3,025","3,342","90.5146619%"
"2015-08-01","A DIVISION","2","1","offpeak","19,941","26,435","75.4340836%"
"2015-08-01","A DIVISION","2","2","offpeak","7,179","8,816","81.4314882%"
"2015-08-01","A DIVISION","2","1","peak","11,783","17,829","66.0889562%"
"2015-08-01","A DIVISION","2","2","peak","3,811","4,488","84.9153298%"
"2015-08-01","A DIVISION","3","1","offpeak","17,767","22,288","79.715542%"
"2015-08-01","A DIVISION","3","2","offpeak","5,210","6,002","86.8043985%"
"2015-08-01","A DIVISION","3","1","peak","10,992","15,204","72.296764%"
"2015-08-01","A DIVISION","3","2","peak","2,673","3,018","88.5685885%"
"2015-08-01","A DIVISION","4","1","offpeak","23,222","30,668","75.7206208%"
"2015-08-01","A DIVISION","4","2","offpeak","7,992","11,713","68.2318791%"
"2015-08-01","A DIVISION","4","1","peak","14,790","23,310","63.4491634%"
"2015-08-01","A DIVISION","4","2","peak","4,411","6,381","69.1270961%"
"2015-08-01","A DIVISION","5","1","offpeak","17,130","24,273","70.5722408%"
"2015-08-01","A DIVISION","5","2","offpeak","1,483","1,736","85.4262673%"
"2015-08-01","A DIVISION","5","1","peak","11,860","19,654","60.3439503%"
"2015-08-01","A DIVISION","5","2","peak","795","940","84.5744681%"
"2015-08-01","A DIVISION","6","1","offpeak","20,163","29,074","69.3506225%"
"2015-08-01","A DIVISION","6","2","offpeak","5,977","7,831","76.3248627%"
"2015-08-01","A DIVISION","6","1","peak","12,660","19,260","65.7320872%"
"2015-08-01","A DIVISION","6","2","peak","3,120","4,133","75.4899589%"
"2015-08-01","A DIVISION","7","1","offpeak","11,905","15,393","77.3403495%"
"2015-08-01","A DIVISION","7","2","offpeak","4,299","5,260","81.730038%"
"2015-08-01","A DIVISION","7","1","peak","9,261","13,058","70.9220401%"
"2015-08-01","A DIVISION","7","2","peak","2,680","3,365","79.6433878%"
"2015-08-01","A DIVISION","S 42nd","1","offpeak","5,786","5,944","97.3418573%"
"2015-08-01","A DIVISION","S 42nd","2","offpeak","2,107","2,130","98.9201878%"
"2015-08-01","A DIVISION","S 42nd","1","peak","5,487","6,111","89.7889053%"
"2015-08-01","A DIVISION","S 42nd","2","peak","1,223","1,240","98.6290323%"
"2015-08-01","B DIVISION","A","1","offpeak","13,743","18,861","72.8646413%"
"2015-08-01","B DIVISION","A","2","offpeak","4,140","5,507","75.1770474%"
"2015-08-01","B DIVISION","A","1","peak","10,187","14,358","70.949993%"
"2015-08-01","B DIVISION","A","2","peak","2,170","2,862","75.8211041%"
"2015-08-01","B DIVISION","B","1","offpeak","7,592","9,381","80.9295384%"
"2015-08-01","B DIVISION","B","1","peak","6,187","7,912","78.1976744%"
"2015-08-01","B DIVISION","C","1","offpeak","9,135","11,340","80.5555556%"
"2015-08-01","B DIVISION","C","2","offpeak","2,522","3,094","81.512605%"
"2015-08-01","B DIVISION","C","1","peak","5,717","7,197","79.4358761%"
"2015-08-01","B DIVISION","C","2","peak","1,432","1,756","81.5489749%"
"2015-08-01","B DIVISION","D","1","offpeak","11,181","13,505","82.7915587%"
"2015-08-01","B DIVISION","D","2","offpeak","4,589","5,462","84.0168436%"
"2015-08-01","B DIVISION","D","1","peak","7,033","9,040","77.7986726%"
"2015-08-01","B DIVISION","D","2","peak","2,284","2,761","82.7236509%"
"2015-08-01","B DIVISION","E","1","offpeak","11,339","15,054","75.3221735%"
"2015-08-01","B DIVISION","E","2","offpeak","2,611","3,288","79.4099757%"
"2015-08-01","B DIVISION","E","1","peak","7,484","10,825","69.1362587%"
"2015-08-01","B DIVISION","E","2","peak","1,393","1,703","81.7968291%"
"2015-08-01","B DIVISION","F","1","offpeak","16,626","22,389","74.2596811%"
"2015-08-01","B DIVISION","F","2","offpeak","4,553","5,831","78.0826616%"
"2015-08-01","B DIVISION","F","1","peak","11,555","16,143","71.5790126%"
"2015-08-01","B DIVISION","F","2","peak","2,279","2,941","77.4906494%"
"2015-08-01","B DIVISION","G","1","offpeak","7,648","9,257","82.6185589%"
"2015-08-01","B DIVISION","G","2","offpeak","3,337","3,812","87.5393494%"
"2015-08-01","B DIVISION","G","1","peak","4,530","5,681","79.7394825%"
"2015-08-01","B DIVISION","G","2","peak","1,750","1,973","88.6974151%"
"2015-08-01","B DIVISION","JZ","1","offpeak","8,010","9,541","83.953464%"
"2015-08-01","B DIVISION","JZ","2","offpeak","3,822","4,362","87.6203576%"
"2015-08-01","B DIVISION","JZ","1","peak","5,376","6,876","78.1849913%"
"2015-08-01","B DIVISION","JZ","2","peak","2,021","2,307","87.6029476%"
"2015-08-01","B DIVISION","L","1","offpeak","16,622","20,767","80.0404488%"
"2015-08-01","B DIVISION","L","2","offpeak","6,321","8,526","74.137931%"
"2015-08-01","B DIVISION","L","1","peak","10,818","14,365","75.3080404%"
"2015-08-01","B DIVISION","L","2","peak","3,009","3,853","78.0949909%"
"2015-08-01","B DIVISION","M","1","offpeak","11,682","14,689","79.5288992%"
"2015-08-01","B DIVISION","M","2","offpeak","2,418","2,672","90.494012%"
"2015-08-01","B DIVISION","M","1","peak","6,853","9,131","75.0520206%"
"2015-08-01","B DIVISION","M","2","peak","1,268","1,377","92.0842411%"
"2015-08-01","B DIVISION","N","1","offpeak","13,826","17,089","80.9058459%"
"2015-08-01","B DIVISION","N","2","offpeak","5,369","6,557","81.8819582%"
"2015-08-01","B DIVISION","N","1","peak","7,766","9,996","77.6910764%"
"2015-08-01","B DIVISION","N","2","peak","2,562","3,210","79.8130841%"
"2015-08-01","B DIVISION","Q","1","offpeak","10,915","13,305","82.0368283%"
"2015-08-01","B DIVISION","Q","2","offpeak","3,328","3,758","88.5577435%"
"2015-08-01","B DIVISION","Q","1","peak","6,640","8,302","79.9807275%"
"2015-08-01","B DIVISION","Q","2","peak","1,621","1,879","86.2692922%"
"2015-08-01","B DIVISION","R","1","offpeak","12,733","16,175","78.7202473%"
"2015-08-01","B DIVISION","R","2","offpeak","4,773","6,111","78.1050565%"
"2015-08-01","B DIVISION","R","1","peak","8,206","11,044","74.3027888%"
"2015-08-01","B DIVISION","R","2","peak","2,596","3,256","79.7297297%"
"2015-08-01","B DIVISION","S Fkln","1","offpeak","1,227","1,257","97.6133652%"
"2015-08-01","B DIVISION","S Fkln","2","offpeak","564","577","97.7469671%"
"2015-08-01","B DIVISION","S Fkln","1","peak","752","756","99.4708995%"
"2015-08-01","B DIVISION","S Fkln","2","peak","311","315","98.7301587%"
"2015-08-01","B DIVISION","S Rock","1","offpeak","1,678","1,780","94.2696629%"
"2015-08-01","B DIVISION","S Rock","2","offpeak","708","757","93.5270806%"
"2015-08-01","B DIVISION","S Rock","1","peak","833","893","93.281075%"
"2015-08-01","B DIVISION","S Rock","2","peak","389","410","94.8780488%"
"2015-09-01","A DIVISION","1","1","offpeak","20,545","25,418","80.8285467%"
"2015-09-01","A DIVISION","1","2","offpeak","3,171","3,470","91.3832853%"
"2015-09-01","A DIVISION","1","1","peak","12,444","16,594","74.9909606%"
"2015-09-01","A DIVISION","1","2","peak","1,623","1,734","93.5986159%"
"2015-09-01","A DIVISION","2","1","offpeak","20,509","27,069","75.765636%"
"2015-09-01","A DIVISION","2","2","offpeak","6,149","7,947","77.3751101%"
"2015-09-01","A DIVISION","2","1","peak","12,012","17,829","67.3733804%"
"2015-09-01","A DIVISION","2","2","peak","3,153","4,060","77.6600985%"
"2015-09-01","A DIVISION","3","1","offpeak","19,047","23,392","81.4252736%"
"2015-09-01","A DIVISION","3","2","offpeak","5,479","6,637","82.552358%"
"2015-09-01","A DIVISION","3","1","peak","11,296","15,204","74.2962378%"
"2015-09-01","A DIVISION","3","2","peak","2,856","3,356","85.1013111%"
"2015-09-01","A DIVISION","4","1","offpeak","23,542","30,649","76.8116415%"
"2015-09-01","A DIVISION","4","2","offpeak","6,989","9,382","74.4937114%"
"2015-09-01","A DIVISION","4","1","peak","14,871","23,310","63.7966538%"
"2015-09-01","A DIVISION","4","2","peak","3,738","5,097","73.3372572%"
"2015-09-01","A DIVISION","5","1","offpeak","17,227","24,550","70.1710794%"
"2015-09-01","A DIVISION","5","2","offpeak","1,181","1,370","86.2043796%"
"2015-09-01","A DIVISION","5","1","peak","12,184","19,652","61.9987788%"
"2015-09-01","A DIVISION","5","2","peak","621","733","84.7203274%"
"2015-09-01","A DIVISION","6","1","offpeak","20,505","28,774","71.2622506%"
"2015-09-01","A DIVISION","6","2","offpeak","4,487","6,116","73.3649444%"
"2015-09-01","A DIVISION","6","1","peak","13,158","20,711","63.5314567%"
"2015-09-01","A DIVISION","6","2","peak","2,475","3,209","77.1268308%"
"2015-09-01","A DIVISION","7","1","offpeak","13,427","17,215","77.9959338%"
"2015-09-01","A DIVISION","7","2","offpeak","4,067","4,881","83.3230895%"
"2015-09-01","A DIVISION","7","1","peak","10,080","14,639","68.8571624%"
"2015-09-01","A DIVISION","7","2","peak","2,424","3,098","78.2440284%"
"2015-09-01","A DIVISION","S 42nd","1","offpeak","5,727","5,944","96.3492598%"
"2015-09-01","A DIVISION","S 42nd","2","offpeak","1,672","1,705","98.0645161%"
"2015-09-01","A DIVISION","S 42nd","1","peak","5,066","6,087","83.2265484%"
"2015-09-01","A DIVISION","S 42nd","2","peak","986","992","99.3951613%"
"2015-09-01","B DIVISION","A","1","offpeak","13,532","18,688","72.4101027%"
"2015-09-01","B DIVISION","A","2","offpeak","3,821","4,977","76.7731565%"
"2015-09-01","B DIVISION","A","1","peak","9,877","14,252","69.302554%"
"2015-09-01","B DIVISION","A","2","peak","2,041","2,650","77.0188679%"
"2015-09-01","B DIVISION","B","1","offpeak","7,852","9,567","82.0737953%"
"2015-09-01","B DIVISION","B","1","peak","5,965","7,821","76.2690193%"
"2015-09-01","B DIVISION","C","1","offpeak","8,527","11,356","75.0880592%"
"2015-09-01","B DIVISION","C","2","offpeak","2,432","3,035","80.1317957%"
"2015-09-01","B DIVISION","C","1","peak","5,361","7,265","73.7921542%"
"2015-09-01","B DIVISION","C","2","peak","1,401","1,719","81.5008726%"
"2015-09-01","B DIVISION","D","1","offpeak","11,395","13,833","82.3754789%"
"2015-09-01","B DIVISION","D","2","offpeak","3,709","4,549","81.5344032%"
"2015-09-01","B DIVISION","D","1","peak","7,147","9,058","78.9026275%"
"2015-09-01","B DIVISION","D","2","peak","1,965","2,361","83.227446%"
"2015-09-01","B DIVISION","E","1","offpeak","10,338","13,593","76.0538512%"
"2015-09-01","B DIVISION","E","2","offpeak","2,527","2,954","85.5450237%"
"2015-09-01","B DIVISION","E","1","peak","6,984","10,146","68.8350089%"
"2015-09-01","B DIVISION","E","2","peak","1,401","1,601","87.5078076%"
"2015-09-01","B DIVISION","F","1","offpeak","16,533","22,057","74.9557963%"
"2015-09-01","B DIVISION","F","2","offpeak","3,684","4,498","81.903068%"
"2015-09-01","B DIVISION","F","1","peak","11,682","16,366","71.3796896%"
"2015-09-01","B DIVISION","F","2","peak","1,906","2,293","83.1225469%"
"2015-09-01","B DIVISION","G","1","offpeak","8,472","10,269","82.5007304%"
"2015-09-01","B DIVISION","G","2","offpeak","2,856","3,285","86.9406393%"
"2015-09-01","B DIVISION","G","1","peak","5,039","6,198","81.3004195%"
"2015-09-01","B DIVISION","G","2","peak","1,496","1,703","87.8449794%"
"2015-09-01","B DIVISION","JZ","1","offpeak","8,244","9,901","83.2643167%"
"2015-09-01","B DIVISION","JZ","2","offpeak","3,125","3,697","84.5279957%"
"2015-09-01","B DIVISION","JZ","1","peak","5,323","7,085","75.1305575%"
"2015-09-01","B DIVISION","JZ","2","peak","1,680","1,959","85.7580398%"
"2015-09-01","B DIVISION","L","1","offpeak","17,971","22,081","81.3867126%"
"2015-09-01","B DIVISION","L","2","offpeak","5,480","8,105","67.6125848%"
"2015-09-01","B DIVISION","L","1","peak","11,210","14,432","77.674612%"
"2015-09-01","B DIVISION","L","2","peak","2,472","4,187","59.0398854%"
"2015-09-01","B DIVISION","M","1","offpeak","10,943","13,445","81.3908516%"
"2015-09-01","B DIVISION","M","2","offpeak","2,089","2,312","90.3546713%"
"2015-09-01","B DIVISION","M","1","peak","7,156","9,446","75.7569342%"
"2015-09-01","B DIVISION","M","2","peak","1,155","1,244","92.8456592%"
"2015-09-01","B DIVISION","N","1","offpeak","13,657","16,931","80.6626897%"
"2015-09-01","B DIVISION","N","2","offpeak","4,527","5,462","82.8817283%"
"2015-09-01","B DIVISION","N","1","peak","7,750","9,920","78.125%"
"2015-09-01","B DIVISION","N","2","peak","2,312","2,739","84.4103687%"
"2015-09-01","B DIVISION","Q","1","offpeak","10,536","12,881","81.7948917%"
"2015-09-01","B DIVISION","Q","2","offpeak","2,568","2,870","89.4773519%"
"2015-09-01","B DIVISION","Q","1","peak","6,481","8,144","79.5800589%"
"2015-09-01","B DIVISION","Q","2","peak","1,301","1,446","89.9723375%"
"2015-09-01","B DIVISION","R","1","offpeak","13,014","16,415","79.2811453%"
"2015-09-01","B DIVISION","R","2","offpeak","3,873","4,895","79.1215526%"
"2015-09-01","B DIVISION","R","1","peak","8,508","11,395","74.6643265%"
"2015-09-01","B DIVISION","R","2","peak","2,121","2,584","82.0820433%"
"2015-09-01","B DIVISION","S Fkln","1","offpeak","1,263","1,289","97.9829325%"
"2015-09-01","B DIVISION","S Fkln","2","offpeak","439","449","97.7728285%"
"2015-09-01","B DIVISION","S Fkln","1","peak","747","756","98.8095238%"
"2015-09-01","B DIVISION","S Fkln","2","peak","238","244","97.5409836%"
"2015-09-01","B DIVISION","S Rock","1","offpeak","1,593","1,670","95.3892216%"
"2015-09-01","B DIVISION","S Rock","2","offpeak","408","437","93.3638444%"
"2015-09-01","B DIVISION","S Rock","1","peak","782","837","93.4289128%"
"2015-09-01","B DIVISION","S Rock","2","peak","221","234","94.4444444%"
"2015-10-01","A DIVISION","1","1","offpeak","21,290","26,645","79.9024207%"
"2015-10-01","A DIVISION","1","2","offpeak","4,835","5,407","89.4211208%"
"2015-10-01","A DIVISION","1","1","peak","12,676","17,360","73.0184332%"
"2015-10-01","A DIVISION","1","2","peak","2,399","2,688","89.2485119%"
"2015-10-01","A DIVISION","2","1","offpeak","21,650","28,361","76.3372237%"
"2015-10-01","A DIVISION","2","2","offpeak","5,908","8,263","71.4994554%"
"2015-10-01","A DIVISION","2","1","peak","12,553","18,678","67.2074098%"
"2015-10-01","A DIVISION","2","2","peak","3,202","4,221","75.8588012%"
"2015-10-01","A DIVISION","3","1","offpeak","19,577","24,505","79.8898184%"
"2015-10-01","A DIVISION","3","2","offpeak","5,685","6,787","83.7630765%"
"2015-10-01","A DIVISION","3","1","peak","11,717","15,928","73.5622803%"
"2015-10-01","A DIVISION","3","2","peak","2,877","3,438","83.6823735%"
"2015-10-01","A DIVISION","4","1","offpeak","24,553","32,120","76.4414695%"
"2015-10-01","A DIVISION","4","2","offpeak","7,809","10,597","73.6906672%"
"2015-10-01","A DIVISION","4","1","peak","15,135","24,420","61.977887%"
"2015-10-01","A DIVISION","4","2","peak","4,249","5,807","73.1703117%"
"2015-10-01","A DIVISION","5","1","offpeak","18,043","25,696","70.2171544%"
"2015-10-01","A DIVISION","5","2","offpeak","2,883","3,854","74.805397%"
"2015-10-01","A DIVISION","5","1","peak","12,517","20,601","60.7591864%"
"2015-10-01","A DIVISION","5","2","peak","1,790","2,131","83.9981229%"
"2015-10-01","A DIVISION","6","1","offpeak","20,368","29,975","67.9499583%"
"2015-10-01","A DIVISION","6","2","offpeak","5,142","6,671","77.0798981%"
"2015-10-01","A DIVISION","6","1","peak","12,982","22,064","58.837926%"
"2015-10-01","A DIVISION","6","2","peak","2,750","3,455","79.5947902%"
"2015-10-01","A DIVISION","7","1","offpeak","15,643","19,580","79.8927477%"
"2015-10-01","A DIVISION","7","2","offpeak","4,658","5,769","80.7418963%"
"2015-10-01","A DIVISION","7","1","peak","11,914","16,591","71.8100175%"
"2015-10-01","A DIVISION","7","2","peak","2,878","3,697","77.8469029%"
"2015-10-01","A DIVISION","S 42nd","1","offpeak","6,027","6,226","96.8037263%"
"2015-10-01","A DIVISION","S 42nd","2","offpeak","644","650","99.0769231%"
"2015-10-01","A DIVISION","S 42nd","1","peak","4,841","6,198","78.1058406%"
"2015-10-01","A DIVISION","S 42nd","2","peak","384","388","98.9690722%"
"2015-10-01","B DIVISION","A","1","offpeak","14,585","19,909","73.2583254%"
"2015-10-01","B DIVISION","A","2","offpeak","3,683","4,692","78.4953112%"
"2015-10-01","B DIVISION","A","1","peak","10,360","15,093","68.6410919%"
"2015-10-01","B DIVISION","A","2","peak","2,031","2,575","78.8737864%"
"2015-10-01","B DIVISION","B","1","offpeak","8,375","10,133","82.6507451%"
"2015-10-01","B DIVISION","B","1","peak","6,562","8,442","77.7303956%"
"2015-10-01","B DIVISION","C","1","offpeak","9,386","11,954","78.517651%"
"2015-10-01","B DIVISION","C","2","offpeak","2,879","3,563","80.8026944%"
"2015-10-01","B DIVISION","C","1","peak","5,524","7,575","72.9240924%"
"2015-10-01","B DIVISION","C","2","peak","1,683","2,026","83.0700888%"
"2015-10-01","B DIVISION","D","1","offpeak","12,025","14,374","83.6579936%"
"2015-10-01","B DIVISION","D","2","offpeak","3,856","4,691","82.1999574%"
"2015-10-01","B DIVISION","D","1","peak","7,538","9,589","78.6109083%"
"2015-10-01","B DIVISION","D","2","peak","1,968","2,410","81.659751%"
"2015-10-01","B DIVISION","E","1","offpeak","11,342","15,513","73.1128731%"
"2015-10-01","B DIVISION","E","2","offpeak","2,440","2,840","85.915493%"
"2015-10-01","B DIVISION","E","1","peak","8,230","11,582","71.0585391%"
"2015-10-01","B DIVISION","E","2","peak","1,271","1,469","86.5214432%"
"2015-10-01","B DIVISION","F","1","offpeak","19,829","26,821","73.9308751%"
"2015-10-01","B DIVISION","F","2","offpeak","4,964","6,039","82.1990396%"
"2015-10-01","B DIVISION","F","1","peak","14,278","19,943","71.594043%"
"2015-10-01","B DIVISION","F","2","peak","2,593","3,105","83.510467%"
"2015-10-01","B DIVISION","G","1","offpeak","9,808","11,724","83.6574548%"
"2015-10-01","B DIVISION","G","2","offpeak","3,571","4,157","85.9032956%"
"2015-10-01","B DIVISION","G","1","peak","5,826","7,385","78.8896412%"
"2015-10-01","B DIVISION","G","2","peak","1,893","2,221","85.2318775%"
"2015-10-01","B DIVISION","JZ","1","offpeak","8,297","10,289","80.6395179%"
"2015-10-01","B DIVISION","JZ","2","offpeak","3,729","4,309","86.5398004%"
"2015-10-01","B DIVISION","JZ","1","peak","5,470","7,394","73.9789018%"
"2015-10-01","B DIVISION","JZ","2","peak","2,102","2,337","89.9443731%"
"2015-10-01","B DIVISION","L","1","offpeak","17,396","22,328","77.911143%"
"2015-10-01","B DIVISION","L","2","offpeak","4,827","6,241","77.3433745%"
"2015-10-01","B DIVISION","L","1","peak","11,032","15,086","73.1274029%"
"2015-10-01","B DIVISION","L","2","peak","2,519","3,160","79.7151899%"
"2015-10-01","B DIVISION","M","1","offpeak","11,969","15,005","79.7667444%"
"2015-10-01","B DIVISION","M","2","offpeak","2,254","2,517","89.5510528%"
"2015-10-01","B DIVISION","M","1","peak","7,716","10,350","74.5507246%"
"2015-10-01","B DIVISION","M","2","peak","1,255","1,362","92.143906%"
"2015-10-01","B DIVISION","N","1","offpeak","14,844","18,164","81.7220876%"
"2015-10-01","B DIVISION","N","2","offpeak","4,717","5,712","82.5805322%"
"2015-10-01","B DIVISION","N","1","peak","8,357","10,640","78.5432331%"
"2015-10-01","B DIVISION","N","2","peak","2,361","2,886","81.8087318%"
"2015-10-01","B DIVISION","Q","1","offpeak","11,486","14,401","79.7583501%"
"2015-10-01","B DIVISION","Q","2","offpeak","3,137","3,418","91.778818%"
"2015-10-01","B DIVISION","Q","1","peak","7,040","8,893","79.1633869%"
"2015-10-01","B DIVISION","Q","2","peak","1,615","1,744","92.603211%"
"2015-10-01","B DIVISION","R","1","offpeak","13,763","17,748","77.5467658%"
"2015-10-01","B DIVISION","R","2","offpeak","4,210","5,471","76.9511972%"
"2015-10-01","B DIVISION","R","1","peak","9,250","12,414","74.512647%"
"2015-10-01","B DIVISION","R","2","peak","2,326","2,912","79.8763736%"
"2015-10-01","B DIVISION","S Fkln","1","offpeak","1,321","1,372","96.2827988%"
"2015-10-01","B DIVISION","S Fkln","2","offpeak","481","498","96.5863454%"
"2015-10-01","B DIVISION","S Fkln","1","peak","773","792","97.6010101%"
"2015-10-01","B DIVISION","S Fkln","2","peak","266","271","98.1549815%"
"2015-10-01","B DIVISION","S Rock","1","offpeak","1,720","1,800","95.5555556%"
"2015-10-01","B DIVISION","S Rock","2","offpeak","246","302","81.4569536%"
"2015-10-01","B DIVISION","S Rock","1","peak","861","912","94.4078947%"
"2015-10-01","B DIVISION","S Rock","2","peak","118","160","73.75%"
"2015-11-01","A DIVISION","1","1","offpeak","18,669","23,062","80.9513485%"
"2015-11-01","A DIVISION","1","2","offpeak","4,337","5,113","84.8230002%"
"2015-11-01","A DIVISION","1","1","peak","11,205","15,041","74.4963766%"
"2015-11-01","A DIVISION","1","2","peak","2,275","2,480","91.733871%"
"2015-11-01","A DIVISION","2","1","offpeak","18,821","24,474","76.9020185%"
"2015-11-01","A DIVISION","2","2","offpeak","5,487","7,328","74.8771834%"
"2015-11-01","A DIVISION","2","1","peak","10,779","16,131","66.8216478%"
"2015-11-01","A DIVISION","2","2","peak","2,944","3,743","78.6534865%"
"2015-11-01","A DIVISION","3","1","offpeak","17,636","21,168","83.3144369%"
"2015-11-01","A DIVISION","3","2","offpeak","5,037","6,162","81.7429406%"
"2015-11-01","A DIVISION","3","1","peak","10,216","13,756","74.2657749%"
"2015-11-01","A DIVISION","3","2","peak","2,714","3,105","87.4074074%"
"2015-11-01","A DIVISION","4","1","offpeak","21,270","27,712","76.7537529%"
"2015-11-01","A DIVISION","4","2","offpeak","6,337","8,490","74.6407538%"
"2015-11-01","A DIVISION","4","1","peak","13,230","21,075","62.7758007%"
"2015-11-01","A DIVISION","4","2","peak","3,361","4,614","72.8435197%"
"2015-11-01","A DIVISION","5","1","offpeak","16,058","22,211","72.2975102%"
"2015-11-01","A DIVISION","5","2","offpeak","1,806","2,191","82.428115%"
"2015-11-01","A DIVISION","5","1","peak","10,766","17,803","60.472954%"
"2015-11-01","A DIVISION","5","2","peak","1,000","1,188","84.1750842%"
"2015-11-01","A DIVISION","6","1","offpeak","18,790","26,096","72.0033722%"
"2015-11-01","A DIVISION","6","2","offpeak","4,890","6,264","78.0651341%"
"2015-11-01","A DIVISION","6","1","peak","11,863","19,071","62.2043941%"
"2015-11-01","A DIVISION","6","2","peak","2,518","3,298","76.3493026%"
"2015-11-01","A DIVISION","7","1","offpeak","12,026","15,244","78.8900551%"
"2015-11-01","A DIVISION","7","2","offpeak","3,168","3,681","86.0635697%"
"2015-11-01","A DIVISION","7","1","peak","9,072","12,979","69.8975268%"
"2015-11-01","A DIVISION","7","2","peak","1,866","2,170","85.9907834%"
"2015-11-01","A DIVISION","S 42nd","1","offpeak","5,267","5,378","97.9360357%"
"2015-11-01","A DIVISION","S 42nd","2","offpeak","1,889","1,906","99.1080797%"
"2015-11-01","A DIVISION","S 42nd","1","peak","4,864","5,529","87.9725086%"
"2015-11-01","A DIVISION","S 42nd","2","peak","1,095","1,100","99.5454545%"
"2015-11-01","B DIVISION","A","1","offpeak","13,036","17,726","73.5416902%"
"2015-11-01","B DIVISION","A","2","offpeak","4,191","5,338","78.5125515%"
"2015-11-01","B DIVISION","A","1","peak","9,270","13,456","68.891201%"
"2015-11-01","B DIVISION","A","2","peak","2,212","2,832","78.1073446%"
"2015-11-01","B DIVISION","B","1","offpeak","7,320","9,148","80.0174902%"
"2015-11-01","B DIVISION","B","1","peak","5,751","7,679","74.8925641%"
"2015-11-01","B DIVISION","C","1","offpeak","8,224","10,462","78.6082967%"
"2015-11-01","B DIVISION","C","2","offpeak","2,593","3,169","81.8239192%"
"2015-11-01","B DIVISION","C","1","peak","5,036","6,776","74.3211334%"
"2015-11-01","B DIVISION","C","2","peak","1,509","1,763","85.5927396%"
"2015-11-01","B DIVISION","D","1","offpeak","10,682","13,021","82.0367099%"
"2015-11-01","B DIVISION","D","2","offpeak","3,711","4,692","79.0920716%"
"2015-11-01","B DIVISION","D","1","peak","6,588","8,540","77.1428571%"
"2015-11-01","B DIVISION","D","2","peak","1,879","2,424","77.5165017%"
"2015-11-01","B DIVISION","E","1","offpeak","10,861","14,295","75.9776146%"
"2015-11-01","B DIVISION","E","2","offpeak","2,641","3,094","85.3587589%"
"2015-11-01","B DIVISION","E","1","peak","7,476","10,591","70.5882353%"
"2015-11-01","B DIVISION","E","2","peak","1,380","1,579","87.3970868%"
"2015-11-01","B DIVISION","F","1","offpeak","18,856","25,096","75.1354798%"
"2015-11-01","B DIVISION","F","2","offpeak","4,299","5,435","79.0984361%"
"2015-11-01","B DIVISION","F","1","peak","13,200","18,494","71.3744998%"
"2015-11-01","B DIVISION","F","2","peak","2,142","2,744","78.0612245%"
"2015-11-01","B DIVISION","G","1","offpeak","9,404","11,096","84.7512617%"
"2015-11-01","B DIVISION","G","2","offpeak","3,522","3,997","88.1160871%"
"2015-11-01","B DIVISION","G","1","peak","5,590","6,900","81.0144928%"
"2015-11-01","B DIVISION","G","2","peak","1,849","2,053","90.063322%"
"2015-11-01","B DIVISION","JZ","1","offpeak","8,095","9,778","82.7878912%"
"2015-11-01","B DIVISION","JZ","2","offpeak","3,457","3,824","90.4027197%"
"2015-11-01","B DIVISION","JZ","1","peak","5,275","7,146","73.8175203%"
"2015-11-01","B DIVISION","JZ","2","peak","1,855","2,066","89.7870281%"
"2015-11-01","B DIVISION","L","1","offpeak","15,521","19,090","81.3043478%"
"2015-11-01","B DIVISION","L","2","offpeak","4,840","5,823","83.1186674%"
"2015-11-01","B DIVISION","L","1","peak","10,304","13,678","75.332651%"
"2015-11-01","B DIVISION","L","2","peak","2,324","2,938","79.1014295%"
"2015-11-01","B DIVISION","M","1","offpeak","11,945","14,866","80.3511368%"
"2015-11-01","B DIVISION","M","2","offpeak","2,213","2,349","94.2103023%"
"2015-11-01","B DIVISION","M","1","peak","7,008","9,368","74.8078565%"
"2015-11-01","B DIVISION","M","2","peak","1,165","1,251","93.1254996%"
"2015-11-01","B DIVISION","N","1","offpeak","12,784","16,276","78.5450971%"
"2015-11-01","B DIVISION","N","2","offpeak","4,795","5,944","80.6695828%"
"2015-11-01","B DIVISION","N","1","peak","7,031","9,545","73.6616029%"
"2015-11-01","B DIVISION","N","2","peak","2,432","2,960","82.1621622%"
"2015-11-01","B DIVISION","Q","1","offpeak","9,706","12,761","76.0598699%"
"2015-11-01","B DIVISION","Q","2","offpeak","3,237","3,812","84.9160546%"
"2015-11-01","B DIVISION","Q","1","peak","5,838","7,987","73.0937774%"
"2015-11-01","B DIVISION","Q","2","peak","1,672","2,041","81.9206271%"
"2015-11-01","B DIVISION","R","1","offpeak","12,186","15,939","76.4539808%"
"2015-11-01","B DIVISION","R","2","offpeak","4,136","5,423","76.2677485%"
"2015-11-01","B DIVISION","R","1","peak","7,985","11,064","72.1710051%"
"2015-11-01","B DIVISION","R","2","peak","2,258","2,807","80.4417528%"
"2015-11-01","B DIVISION","S Fkln","1","offpeak","1,209","1,243","97.2646822%"
"2015-11-01","B DIVISION","S Fkln","2","offpeak","235","239","98.3263598%"
"2015-11-01","B DIVISION","S Fkln","1","peak","704","720","97.7777778%"
"2015-11-01","B DIVISION","S Fkln","2","peak","132","136","97.0588235%"
"2015-11-01","B DIVISION","S Rock","1","offpeak","1,605","1,702","94.3008226%"
"2015-11-01","B DIVISION","S Rock","2","offpeak","275","288","95.4861111%"
"2015-11-01","B DIVISION","S Rock","1","peak","829","876","94.6347032%"
"2015-11-01","B DIVISION","S Rock","2","peak","133","136","97.7941176%"
"2015-12-01","A DIVISION","1","1","offpeak","21,836","26,687","81.8226103%"
"2015-12-01","A DIVISION","1","2","offpeak","5,434","6,279","86.5424431%"
"2015-12-01","A DIVISION","1","1","peak","13,454","17,578","76.5388554%"
"2015-12-01","A DIVISION","1","2","peak","2,745","3,115","88.1219904%"
"2015-12-01","A DIVISION","2","1","offpeak","21,724","28,934","75.0812193%"
"2015-12-01","A DIVISION","2","2","offpeak","5,398","6,428","83.9763535%"
"2015-12-01","A DIVISION","2","1","peak","12,317","18,696","65.8804022%"
"2015-12-01","A DIVISION","2","2","peak","2,644","3,266","80.955297%"
"2015-12-01","A DIVISION","3","1","offpeak","19,703","24,527","80.3318792%"
"2015-12-01","A DIVISION","3","2","offpeak","5,333","6,108","87.3117223%"
"2015-12-01","A DIVISION","3","1","peak","11,413","15,928","71.6536916%"
"2015-12-01","A DIVISION","3","2","peak","2,754","3,124","88.15621%"
"2015-12-01","A DIVISION","4","1","offpeak","24,422","32,123","76.0265231%"
"2015-12-01","A DIVISION","4","2","offpeak","7,125","9,067","78.5816698%"
"2015-12-01","A DIVISION","4","1","peak","16,116","24,420","65.995086%"
"2015-12-01","A DIVISION","4","2","peak","3,849","4,934","78.0097284%"
"2015-12-01","A DIVISION","5","1","offpeak","17,107","24,575","69.6113937%"
"2015-12-01","A DIVISION","5","2","offpeak","2,776","3,678","75.4758021%"
"2015-12-01","A DIVISION","5","1","peak","12,034","19,674","61.1670225%"
"2015-12-01","A DIVISION","5","2","peak","1,550","1,972","78.6004057%"
"2015-12-01","A DIVISION","6","1","offpeak","22,277","30,585","72.8363577%"
"2015-12-01","A DIVISION","6","2","offpeak","5,044","6,020","83.7873754%"
"2015-12-01","A DIVISION","6","1","peak","14,082","22,063","63.8263156%"
"2015-12-01","A DIVISION","6","2","peak","2,643","3,158","83.6922103%"
"2015-12-01","A DIVISION","7","1","offpeak","14,929","18,514","80.6362753%"
"2015-12-01","A DIVISION","7","2","offpeak","3,703","4,380","84.543379%"
"2015-12-01","A DIVISION","7","1","peak","10,898","15,508","70.2734073%"
"2015-12-01","A DIVISION","7","2","peak","2,197","2,763","79.5150199%"
"2015-12-01","A DIVISION","S 42nd","1","offpeak","6,107","6,257","97.602685%"
"2015-12-01","A DIVISION","S 42nd","2","offpeak","1,551","1,704","91.0211268%"
"2015-12-01","A DIVISION","S 42nd","1","peak","5,466","6,402","85.3795689%"
"2015-12-01","A DIVISION","S 42nd","2","peak","976","992","98.3870968%"
"2015-12-01","B DIVISION","A","1","offpeak","12,024","16,129","74.5489491%"
"2015-12-01","B DIVISION","A","2","offpeak","4,363","5,452","80.0256787%"
"2015-12-01","B DIVISION","A","1","peak","8,514","12,141","70.1260193%"
"2015-12-01","B DIVISION","A","2","peak","2,318","2,963","78.2315221%"
"2015-12-01","B DIVISION","B","1","offpeak","7,816","9,535","81.9716833%"
"2015-12-01","B DIVISION","B","1","peak","6,030","7,983","75.535513%"
"2015-12-01","B DIVISION","C","1","offpeak","7,772","9,662","80.4388325%"
"2015-12-01","B DIVISION","C","2","offpeak","2,767","3,274","84.5143555%"
"2015-12-01","B DIVISION","C","1","peak","4,706","6,172","76.2475697%"
"2015-12-01","B DIVISION","C","2","peak","1,562","1,793","87.1165644%"
"2015-12-01","B DIVISION","D","1","offpeak","11,166","13,565","82.3147807%"
"2015-12-01","B DIVISION","D","2","offpeak","3,441","4,106","83.804189%"
"2015-12-01","B DIVISION","D","1","peak","6,911","8,884","77.7915353%"
"2015-12-01","B DIVISION","D","2","peak","1,799","2,154","83.5190344%"
"2015-12-01","B DIVISION","E","1","offpeak","10,574","14,135","74.8072161%"
"2015-12-01","B DIVISION","E","2","offpeak","3,065","3,600","85.1388889%"
"2015-12-01","B DIVISION","E","1","peak","7,317","10,503","69.6658098%"
"2015-12-01","B DIVISION","E","2","peak","1,641","1,922","85.3798127%"
"2015-12-01","B DIVISION","F","1","offpeak","19,621","26,453","74.1730617%"
"2015-12-01","B DIVISION","F","2","offpeak","5,709","7,432","76.8164693%"
"2015-12-01","B DIVISION","F","1","peak","13,799","19,426","71.0336662%"
"2015-12-01","B DIVISION","F","2","peak","2,929","3,790","77.2823219%"
"2015-12-01","B DIVISION","G","1","offpeak","9,773","11,940","81.8509213%"
"2015-12-01","B DIVISION","G","2","offpeak","3,040","3,627","83.8158258%"
"2015-12-01","B DIVISION","G","1","peak","5,686","7,248","78.4492274%"
"2015-12-01","B DIVISION","G","2","peak","1,571","1,867","84.1456883%"
"2015-12-01","B DIVISION","JZ","1","offpeak","8,887","10,749","82.6774584%"
"2015-12-01","B DIVISION","JZ","2","offpeak","3,375","3,770","89.5225464%"
"2015-12-01","B DIVISION","JZ","1","peak","5,844","8,000","73.05%"
"2015-12-01","B DIVISION","JZ","2","peak","1,705","1,992","85.5923695%"
"2015-12-01","B DIVISION","L","1","offpeak","18,222","23,091","78.9138625%"
"2015-12-01","B DIVISION","L","2","offpeak","4,492","5,486","81.881152%"
"2015-12-01","B DIVISION","L","1","peak","11,413","15,102","75.5727718%"
"2015-12-01","B DIVISION","L","2","peak","2,246","2,627","85.4967644%"
"2015-12-01","B DIVISION","M","1","offpeak","10,888","13,864","78.5343335%"
"2015-12-01","B DIVISION","M","2","offpeak","2,168","2,339","92.6891834%"
"2015-12-01","B DIVISION","M","1","peak","7,280","9,985","72.909364%"
"2015-12-01","B DIVISION","M","2","peak","1,093","1,248","87.5801282%"
"2015-12-01","B DIVISION","N","1","offpeak","13,904","17,078","81.4146856%"
"2015-12-01","B DIVISION","N","2","offpeak","5,254","6,226","84.3880501%"
"2015-12-01","B DIVISION","N","1","peak","7,765","10,063","77.1638676%"
"2015-12-01","B DIVISION","N","2","peak","2,655","3,094","85.8112476%"
"2015-12-01","B DIVISION","Q","1","offpeak","11,017","13,529","81.4324784%"
"2015-12-01","B DIVISION","Q","2","offpeak","2,792","3,100","90.0645161%"
"2015-12-01","B DIVISION","Q","1","peak","6,511","8,420","77.327791%"
"2015-12-01","B DIVISION","Q","2","peak","1,463","1,595","91.7241379%"
"2015-12-01","B DIVISION","R","1","offpeak","12,920","16,704","77.3467433%"
"2015-12-01","B DIVISION","R","2","offpeak","4,755","5,693","83.5236255%"
"2015-12-01","B DIVISION","R","1","peak","8,354","11,651","71.7019998%"
"2015-12-01","B DIVISION","R","2","peak","2,513","2,970","84.6127946%"
"2015-12-01","B DIVISION","S Fkln","1","offpeak","1,358","1,388","97.8386167%"
"2015-12-01","B DIVISION","S Fkln","2","offpeak","449","459","97.8213508%"
"2015-12-01","B DIVISION","S Fkln","1","peak","796","810","98.2716049%"
"2015-12-01","B DIVISION","S Fkln","2","peak","243","244","99.5901639%"
"2015-12-01","B DIVISION","S Rock","1","offpeak","1,732","1,805","95.9556787%"
"2015-12-01","B DIVISION","S Rock","2","offpeak","593","611","97.0540098%"
"2015-12-01","B DIVISION","S Rock","1","peak","884","912","96.9298246%"
"2015-12-01","B DIVISION","S Rock","2","peak","313","323","96.9040248%"
"2016-01-01","A DIVISION","1","1","offpeak","18,684","22,850","81.7680525%"
"2016-01-01","A DIVISION","1","2","offpeak","5,776","6,633","87.0797528%"
"2016-01-01","A DIVISION","1","1","peak","11,365","15,178","74.8781131%"
"2016-01-01","A DIVISION","1","2","peak","2,859","3,215","88.9269051%"
"2016-01-01","A DIVISION","2","1","offpeak","18,691","25,042","74.6386071%"
"2016-01-01","A DIVISION","2","2","offpeak","5,732","7,350","77.9863946%"
"2016-01-01","A DIVISION","2","1","peak","10,453","16,036","65.1845847%"
"2016-01-01","A DIVISION","2","2","peak","3,164","3,741","84.5763165%"
"2016-01-01","A DIVISION","3","1","offpeak","16,483","21,061","78.2631404%"
"2016-01-01","A DIVISION","3","2","offpeak","5,600","6,218","90.0611129%"
"2016-01-01","A DIVISION","3","1","peak","9,929","13,677","72.5963296%"
"2016-01-01","A DIVISION","3","2","peak","2,846","3,142","90.5792489%"
"2016-01-01","A DIVISION","4","1","offpeak","20,383","27,726","73.5158335%"
"2016-01-01","A DIVISION","4","2","offpeak","6,214","7,908","78.5786545%"
"2016-01-01","A DIVISION","4","1","peak","12,856","21,090","60.9577999%"
"2016-01-01","A DIVISION","4","2","peak","3,327","4,330","76.8360277%"
"2016-01-01","A DIVISION","5","1","offpeak","15,233","22,014","69.1968747%"
"2016-01-01","A DIVISION","5","2","offpeak","2,752","3,394","81.0842664%"
"2016-01-01","A DIVISION","5","1","peak","10,532","17,767","59.2784376%"
"2016-01-01","A DIVISION","5","2","peak","1,494","1,844","81.0195228%"
"2016-01-01","A DIVISION","6","1","offpeak","18,543","26,577","69.7708545%"
"2016-01-01","A DIVISION","6","2","offpeak","5,219","6,271","83.2243661%"
"2016-01-01","A DIVISION","6","1","peak","11,681","19,287","60.5641105%"
"2016-01-01","A DIVISION","6","2","peak","2,770","3,304","83.8377724%"
"2016-01-01","A DIVISION","7","1","offpeak","14,233","18,264","77.9292597%"
"2016-01-01","A DIVISION","7","2","offpeak","3,249","4,088","79.4765166%"
"2016-01-01","A DIVISION","7","1","peak","10,268","15,288","67.1637886%"
"2016-01-01","A DIVISION","7","2","peak","1,742","2,135","81.5925059%"
"2016-01-01","A DIVISION","S 42nd","1","offpeak","5,498","5,661","97.1206501%"
"2016-01-01","A DIVISION","S 42nd","2","offpeak","1,696","1,704","99.5305164%"
"2016-01-01","A DIVISION","S 42nd","1","peak","5,157","5,820","88.6082474%"
"2016-01-01","A DIVISION","S 42nd","2","peak","982","992","98.9919355%"
"2016-01-01","B DIVISION","A","1","offpeak","9,326","12,446","74.931705%"
"2016-01-01","B DIVISION","A","2","offpeak","3,866","5,421","71.3152555%"
"2016-01-01","B DIVISION","A","1","peak","6,630","9,508","69.7307531%"
"2016-01-01","B DIVISION","A","2","peak","1,980","2,792","70.9169054%"
"2016-01-01","B DIVISION","B","1","offpeak","6,671","8,326","80.1225078%"
"2016-01-01","B DIVISION","B","1","peak","5,238","7,216","72.5886918%"
"2016-01-01","B DIVISION","C","1","offpeak","6,938","8,711","79.6464241%"
"2016-01-01","B DIVISION","C","2","offpeak","2,293","3,056","75.0327225%"
"2016-01-01","B DIVISION","C","1","peak","4,180","5,572","75.0179469%"
"2016-01-01","B DIVISION","C","2","peak","1,301","1,687","77.1191464%"
"2016-01-01","B DIVISION","D","1","offpeak","9,856","11,868","83.0468487%"
"2016-01-01","B DIVISION","D","2","offpeak","3,388","4,700","72.0851064%"
"2016-01-01","B DIVISION","D","1","peak","5,869","7,623","76.9906861%"
"2016-01-01","B DIVISION","D","2","peak","1,761","2,425","72.6185567%"
"2016-01-01","B DIVISION","E","1","offpeak","9,746","12,632","77.1532616%"
"2016-01-01","B DIVISION","E","2","offpeak","2,635","3,479","75.7401552%"
"2016-01-01","B DIVISION","E","1","peak","6,725","9,388","71.6340009%"
"2016-01-01","B DIVISION","E","2","peak","1,303","1,761","73.99205%"
"2016-01-01","B DIVISION","F","1","offpeak","17,676","23,510","75.1850276%"
"2016-01-01","B DIVISION","F","2","offpeak","4,802","6,503","73.8428418%"
"2016-01-01","B DIVISION","F","1","peak","11,864","17,094","69.4044694%"
"2016-01-01","B DIVISION","F","2","peak","2,320","3,234","71.737786%"
"2016-01-01","B DIVISION","G","1","offpeak","7,669","9,012","85.0976476%"
"2016-01-01","B DIVISION","G","2","offpeak","3,368","4,192","80.3435115%"
"2016-01-01","B DIVISION","G","1","peak","4,274","5,316","80.3987961%"
"2016-01-01","B DIVISION","G","2","peak","1,781","2,217","80.3337844%"
"2016-01-01","B DIVISION","JZ","1","offpeak","7,521","9,512","79.068545%"
"2016-01-01","B DIVISION","JZ","2","offpeak","3,360","4,128","81.3953488%"
"2016-01-01","B DIVISION","JZ","1","peak","5,079","7,152","71.0151007%"
"2016-01-01","B DIVISION","JZ","2","peak","1,802","2,218","81.2443643%"
"2016-01-01","B DIVISION","L","1","offpeak","17,218","22,467","76.6368452%"
"2016-01-01","B DIVISION","L","2","offpeak","6,923","10,019","69.0987124%"
"2016-01-01","B DIVISION","L","1","peak","10,227","14,074","72.6659088%"
"2016-01-01","B DIVISION","L","2","peak","3,310","5,043","65.6355344%"
"2016-01-01","B DIVISION","M","1","offpeak","9,611","12,387","77.5894083%"
"2016-01-01","B DIVISION","M","2","offpeak","1,955","2,242","87.1989295%"
"2016-01-01","B DIVISION","M","1","peak","6,501","8,850","73.4576271%"
"2016-01-01","B DIVISION","M","2","peak","1,001","1,165","85.9227468%"
"2016-01-01","B DIVISION","N","1","offpeak","10,056","12,607","79.7652098%"
"2016-01-01","B DIVISION","N","2","offpeak","4,668","6,040","77.2847682%"
"2016-01-01","B DIVISION","N","1","peak","5,452","7,168","76.0602679%"
"2016-01-01","B DIVISION","N","2","peak","2,349","2,986","78.6671132%"
"2016-01-01","B DIVISION","Q","1","offpeak","7,481","9,422","79.3992783%"
"2016-01-01","B DIVISION","Q","2","offpeak","1,654","2,056","80.4474708%"
"2016-01-01","B DIVISION","Q","1","peak","4,657","6,245","74.5716573%"
"2016-01-01","B DIVISION","Q","2","peak","876","1,047","83.6676218%"
"2016-01-01","B DIVISION","R","1","offpeak","9,650","12,569","76.7761954%"
"2016-01-01","B DIVISION","R","2","offpeak","3,998","5,577","71.6872871%"
"2016-01-01","B DIVISION","R","1","peak","6,110","8,548","71.4787085%"
"2016-01-01","B DIVISION","R","2","peak","2,199","2,930","75.0511945%"
"2016-01-01","B DIVISION","S Fkln","1","offpeak","1,095","1,125","97.3333333%"
"2016-01-01","B DIVISION","S Fkln","2","offpeak","475","480","98.9583333%"
"2016-01-01","B DIVISION","S Fkln","1","peak","642","648","99.0740741%"
"2016-01-01","B DIVISION","S Fkln","2","peak","259","261","99.2337165%"
"2016-01-01","B DIVISION","S Rock","1","offpeak","1,413","1,604","88.0922693%"
"2016-01-01","B DIVISION","S Rock","2","offpeak","562","589","95.4159593%"
"2016-01-01","B DIVISION","S Rock","1","peak","780","822","94.8905109%"
"2016-01-01","B DIVISION","S Rock","2","peak","266","300","88.6666667%"
"2016-02-01","A DIVISION","1","1","offpeak","20,078","24,186","83.0149673%"
"2016-02-01","A DIVISION","1","2","offpeak","3,527","3,973","88.774226%"
"2016-02-01","A DIVISION","1","1","peak","12,049","15,980","75.4005006%"
"2016-02-01","A DIVISION","1","2","peak","1,738","1,960","88.6734694%"
"2016-02-01","A DIVISION","2","1","offpeak","19,836","26,406","75.1192911%"
"2016-02-01","A DIVISION","2","2","offpeak","5,598","8,188","68.3683439%"
"2016-02-01","A DIVISION","2","1","peak","10,942","17,000","64.3647059%"
"2016-02-01","A DIVISION","2","2","peak","2,888","4,107","70.3189676%"
"2016-02-01","A DIVISION","3","1","offpeak","17,843","22,335","79.8880681%"
"2016-02-01","A DIVISION","3","2","offpeak","4,783","5,829","82.055241%"
"2016-02-01","A DIVISION","3","1","peak","10,404","14,480","71.8508287%"
"2016-02-01","A DIVISION","3","2","peak","2,410","2,934","82.1404226%"
"2016-02-01","A DIVISION","4","1","offpeak","21,195","28,566","74.1965974%"
"2016-02-01","A DIVISION","4","2","offpeak","7,143","9,371","76.2245225%"
"2016-02-01","A DIVISION","4","1","peak","13,664","22,200","61.5495495%"
"2016-02-01","A DIVISION","4","2","peak","3,916","5,106","76.6940854%"
"2016-02-01","A DIVISION","5","1","offpeak","16,310","22,894","71.2413733%"
"2016-02-01","A DIVISION","5","2","offpeak","2,455","3,350","73.2835821%"
"2016-02-01","A DIVISION","5","1","peak","11,222","18,737","59.8921919%"
"2016-02-01","A DIVISION","5","2","peak","1,404","1,838","76.3873776%"
"2016-02-01","A DIVISION","6","1","offpeak","18,834","27,327","68.9208475%"
"2016-02-01","A DIVISION","6","2","offpeak","5,375","6,270","85.7256778%"
"2016-02-01","A DIVISION","6","1","peak","11,663","20,044","58.1869886%"
"2016-02-01","A DIVISION","6","2","peak","2,829","3,302","85.6753483%"
"2016-02-01","A DIVISION","7","1","offpeak","13,945","18,009","77.4335055%"
"2016-02-01","A DIVISION","7","2","offpeak","3,738","4,678","79.9059427%"
"2016-02-01","A DIVISION","7","1","peak","9,984","15,075","66.2288557%"
"2016-02-01","A DIVISION","7","2","peak","2,170","2,743","79.110463%"
"2016-02-01","A DIVISION","S 42nd","1","offpeak","5,227","5,376","97.2284226%"
"2016-02-01","A DIVISION","S 42nd","2","offpeak","1,655","1,704","97.1244131%"
"2016-02-01","A DIVISION","S 42nd","1","peak","4,931","5,529","89.184301%"
"2016-02-01","A DIVISION","S 42nd","2","peak","991","992","99.8991935%"
"2016-02-01","B DIVISION","A","1","offpeak","11,732","15,806","74.2249779%"
"2016-02-01","B DIVISION","A","2","offpeak","3,354","4,187","80.1050872%"
"2016-02-01","B DIVISION","A","1","peak","8,470","12,024","70.4424484%"
"2016-02-01","B DIVISION","A","2","peak","1,707","2,188","78.0164534%"
"2016-02-01","B DIVISION","B","1","offpeak","7,224","9,174","78.7442773%"
"2016-02-01","B DIVISION","B","1","peak","5,664","7,634","74.1943935%"
"2016-02-01","B DIVISION","C","1","offpeak","7,498","9,377","79.9616082%"
"2016-02-01","B DIVISION","C","2","offpeak","2,159","2,592","83.2947531%"
"2016-02-01","B DIVISION","C","1","peak","4,663","6,006","77.6390276%"
"2016-02-01","B DIVISION","C","2","peak","1,188","1,431","83.0188679%"
"2016-02-01","B DIVISION","D","1","offpeak","10,349","12,704","81.4625315%"
"2016-02-01","B DIVISION","D","2","offpeak","3,376","4,163","81.0953639%"
"2016-02-01","B DIVISION","D","1","peak","6,139","8,200","74.8658537%"
"2016-02-01","B DIVISION","D","2","peak","1,775","2,151","82.5197583%"
"2016-02-01","B DIVISION","E","1","offpeak","10,427","13,702","76.0983798%"
"2016-02-01","B DIVISION","E","2","offpeak","2,034","2,349","86.5900383%"
"2016-02-01","B DIVISION","E","1","peak","7,361","10,208","72.1101097%"
"2016-02-01","B DIVISION","E","2","peak","1,031","1,203","85.7024106%"
"2016-02-01","B DIVISION","F","1","offpeak","19,395","25,443","76.2292183%"
"2016-02-01","B DIVISION","F","2","offpeak","4,160","5,141","80.9181093%"
"2016-02-01","B DIVISION","F","1","peak","13,359","18,661","71.5878034%"
"2016-02-01","B DIVISION","F","2","peak","2,096","2,579","81.2718108%"
"2016-02-01","B DIVISION","G","1","offpeak","8,566","10,153","84.369152%"
"2016-02-01","B DIVISION","G","2","offpeak","3,204","3,609","88.7780549%"
"2016-02-01","B DIVISION","G","1","peak","5,009","6,149","81.4604001%"
"2016-02-01","B DIVISION","G","2","peak","1,686","1,876","89.8720682%"
"2016-02-01","B DIVISION","JZ","1","offpeak","8,372","10,218","81.9338422%"
"2016-02-01","B DIVISION","JZ","2","offpeak","2,274","2,626","86.5955826%"
"2016-02-01","B DIVISION","JZ","1","peak","5,670","7,736","73.2936918%"
"2016-02-01","B DIVISION","JZ","2","peak","1,152","1,379","83.5387962%"
"2016-02-01","B DIVISION","L","1","offpeak","17,547","22,653","77.4599391%"
"2016-02-01","B DIVISION","L","2","offpeak","5,654","7,032","80.403868%"
"2016-02-01","B DIVISION","L","1","peak","10,196","13,750","74.1527273%"
"2016-02-01","B DIVISION","L","2","peak","2,762","3,542","77.9785432%"
"2016-02-01","B DIVISION","M","1","offpeak","10,370","13,076","79.305598%"
"2016-02-01","B DIVISION","M","2","offpeak","1,150","1,208","95.1986755%"
"2016-02-01","B DIVISION","M","1","peak","7,035","9,548","73.6803519%"
"2016-02-01","B DIVISION","M","2","peak","607","635","95.5905512%"
"2016-02-01","B DIVISION","N","1","offpeak","12,647","15,726","80.4209589%"
"2016-02-01","B DIVISION","N","2","offpeak","4,793","5,725","83.720524%"
"2016-02-01","B DIVISION","N","1","peak","6,812","9,092","74.9230092%"
"2016-02-01","B DIVISION","N","2","peak","2,445","2,862","85.4297694%"
"2016-02-01","B DIVISION","Q","1","offpeak","9,742","12,012","81.1022311%"
"2016-02-01","B DIVISION","Q","2","offpeak","1,425","1,753","81.2892185%"
"2016-02-01","B DIVISION","Q","1","peak","5,891","7,713","76.3775444%"
"2016-02-01","B DIVISION","Q","2","peak","751","915","82.0765027%"
"2016-02-01","B DIVISION","R","1","offpeak","11,986","15,457","77.5441548%"
"2016-02-01","B DIVISION","R","2","offpeak","3,772","4,988","75.6214916%"
"2016-02-01","B DIVISION","R","1","peak","7,888","10,609","74.3519653%"
"2016-02-01","B DIVISION","R","2","peak","2,057","2,608","78.8726994%"
"2016-02-01","B DIVISION","S Fkln","1","offpeak","1,158","1,183","97.8867287%"
"2016-02-01","B DIVISION","S Fkln","2","offpeak","422","450","93.7777778%"
"2016-02-01","B DIVISION","S Fkln","1","peak","688","690","99.7101449%"
"2016-02-01","B DIVISION","S Fkln","2","peak","226","244","92.6229508%"
"2016-02-01","B DIVISION","S Rock","1","offpeak","1,618","1,710","94.619883%"
"2016-02-01","B DIVISION","S Rock","2","offpeak","555","560","99.1071429%"
"2016-02-01","B DIVISION","S Rock","1","peak","807","859","93.9464494%"
"2016-02-01","B DIVISION","S Rock","2","peak","302","305","99.0163934%"
"2016-03-01","A DIVISION","1","1","offpeak","21,385","27,590","77.5099674%"
"2016-03-01","A DIVISION","1","2","offpeak","4,822","5,540","87.0397112%"
"2016-03-01","A DIVISION","1","1","peak","13,270","18,377","72.2098275%"
"2016-03-01","A DIVISION","1","2","peak","2,253","2,701","83.4135505%"
"2016-03-01","A DIVISION","2","1","offpeak","23,077","30,361","76.0086954%"
"2016-03-01","A DIVISION","2","2","offpeak","5,345","7,345","72.7705922%"
"2016-03-01","A DIVISION","2","1","peak","13,065","19,550","66.8286445%"
"2016-03-01","A DIVISION","2","2","peak","2,882","3,742","77.0176376%"
"2016-03-01","A DIVISION","3","1","offpeak","20,405","25,639","79.5857873%"
"2016-03-01","A DIVISION","3","2","offpeak","5,025","5,829","86.2068966%"
"2016-03-01","A DIVISION","3","1","peak","11,942","16,652","71.7151093%"
"2016-03-01","A DIVISION","3","2","peak","2,526","2,941","85.8891533%"
"2016-03-01","A DIVISION","4","1","offpeak","25,810","33,604","76.8063326%"
"2016-03-01","A DIVISION","4","2","offpeak","5,485","7,366","74.4637524%"
"2016-03-01","A DIVISION","4","1","peak","16,378","25,515","64.1896923%"
"2016-03-01","A DIVISION","4","2","peak","2,999","4,051","74.0311034%"
"2016-03-01","A DIVISION","5","1","offpeak","19,652","26,874","73.1264419%"
"2016-03-01","A DIVISION","5","2","offpeak","1,304","1,736","75.1152074%"
"2016-03-01","A DIVISION","5","1","peak","13,342","21,550","61.9118329%"
"2016-03-01","A DIVISION","5","2","peak","756","944","80.0847458%"
"2016-03-01","A DIVISION","6","1","offpeak","23,498","32,302","72.7447217%"
"2016-03-01","A DIVISION","6","2","offpeak","5,387","6,582","81.8444242%"
"2016-03-01","A DIVISION","6","1","peak","14,718","22,695","64.8512888%"
"2016-03-01","A DIVISION","6","2","peak","2,936","3,550","82.7042254%"
"2016-03-01","A DIVISION","7","1","offpeak","15,387","19,792","77.7435327%"
"2016-03-01","A DIVISION","7","2","offpeak","3,243","4,298","75.4536994%"
"2016-03-01","A DIVISION","7","1","peak","11,396","16,440","69.3187348%"
"2016-03-01","A DIVISION","7","2","peak","2,042","2,560","79.765625%"
"2016-03-01","A DIVISION","S 42nd","1","offpeak","6,175","6,508","94.8832207%"
"2016-03-01","A DIVISION","S 42nd","2","offpeak","1,679","1,704","98.5328638%"
"2016-03-01","A DIVISION","S 42nd","1","peak","5,936","6,693","88.6896758%"
"2016-03-01","A DIVISION","S 42nd","2","peak","988","992","99.5967742%"
"2016-03-01","B DIVISION","A","1","offpeak","12,355","16,067","76.8967449%"
"2016-03-01","B DIVISION","A","2","offpeak","2,757","3,554","77.5745639%"
"2016-03-01","B DIVISION","A","1","peak","8,837","12,231","72.250838%"
"2016-03-01","B DIVISION","A","2","peak","1,505","1,900","79.2105263%"
"2016-03-01","B DIVISION","B","1","offpeak","8,392","10,491","79.9923744%"
"2016-03-01","B DIVISION","B","1","peak","6,742","8,908","75.6847777%"
"2016-03-01","B DIVISION","C","1","offpeak","8,400","11,009","76.3012081%"
"2016-03-01","B DIVISION","C","2","offpeak","1,881","2,490","75.5421687%"
"2016-03-01","B DIVISION","C","1","peak","5,001","7,008","71.3613014%"
"2016-03-01","B DIVISION","C","2","peak","1,101","1,382","79.6671491%"
"2016-03-01","B DIVISION","D","1","offpeak","12,427","15,138","82.0914256%"
"2016-03-01","B DIVISION","D","2","offpeak","3,792","4,490","84.454343%"
"2016-03-01","B DIVISION","D","1","peak","7,729","10,006","77.2436538%"
"2016-03-01","B DIVISION","D","2","peak","2,009","2,338","85.9281437%"
"2016-03-01","B DIVISION","E","1","offpeak","12,451","15,974","77.9454113%"
"2016-03-01","B DIVISION","E","2","offpeak","2,114","2,467","85.6911228%"
"2016-03-01","B DIVISION","E","1","peak","8,503","11,904","71.4297715%"
"2016-03-01","B DIVISION","E","2","peak","1,072","1,265","84.743083%"
"2016-03-01","B DIVISION","F","1","offpeak","21,835","29,118","74.9879799%"
"2016-03-01","B DIVISION","F","2","offpeak","4,682","5,902","79.329041%"
"2016-03-01","B DIVISION","F","1","peak","15,185","21,148","71.8034802%"
"2016-03-01","B DIVISION","F","2","peak","2,356","2,993","78.7170063%"
"2016-03-01","B DIVISION","G","1","offpeak","9,859","11,766","83.7922828%"
"2016-03-01","B DIVISION","G","2","offpeak","3,149","3,557","88.5296598%"
"2016-03-01","B DIVISION","G","1","peak","5,712","7,191","79.4326241%"
"2016-03-01","B DIVISION","G","2","peak","1,678","1,880","89.2553191%"
"2016-03-01","B DIVISION","JZ","1","offpeak","9,533","11,767","81.0147021%"
"2016-03-01","B DIVISION","JZ","2","offpeak","3,186","3,617","88.0840476%"
"2016-03-01","B DIVISION","JZ","1","peak","6,537","8,861","73.7727119%"
"2016-03-01","B DIVISION","JZ","2","peak","1,755","1,984","88.4576613%"
"2016-03-01","B DIVISION","L","1","offpeak","20,128","26,010","77.3856209%"
"2016-03-01","B DIVISION","L","2","offpeak","5,462","7,005","77.9728765%"
"2016-03-01","B DIVISION","L","1","peak","11,571","15,786","73.2991258%"
"2016-03-01","B DIVISION","L","2","peak","2,909","3,531","82.3845936%"
"2016-03-01","B DIVISION","M","1","offpeak","13,030","16,450","79.2097264%"
"2016-03-01","B DIVISION","M","2","offpeak","1,650","1,759","93.8032973%"
"2016-03-01","B DIVISION","M","1","peak","8,349","11,241","74.2727515%"
"2016-03-01","B DIVISION","M","2","peak","874","936","93.3760684%"
"2016-03-01","B DIVISION","N","1","offpeak","14,647","18,322","79.9421461%"
"2016-03-01","B DIVISION","N","2","offpeak","4,477","5,289","84.6473814%"
"2016-03-01","B DIVISION","N","1","peak","8,448","10,930","77.2918573%"
"2016-03-01","B DIVISION","N","2","peak","2,257","2,671","84.5001872%"
"2016-03-01","B DIVISION","Q","1","offpeak","11,054","13,669","80.8691199%"
"2016-03-01","B DIVISION","Q","2","offpeak","2,857","3,321","86.0283047%"
"2016-03-01","B DIVISION","Q","1","peak","7,107","9,049","78.5390651%"
"2016-03-01","B DIVISION","Q","2","peak","1,523","1,777","85.7062465%"
"2016-03-01","B DIVISION","R","1","offpeak","14,039","17,998","78.0031115%"
"2016-03-01","B DIVISION","R","2","offpeak","3,975","4,910","80.9572301%"
"2016-03-01","B DIVISION","R","1","peak","9,441","12,741","74.0993643%"
"2016-03-01","B DIVISION","R","2","peak","2,147","2,636","81.4491654%"
"2016-03-01","B DIVISION","S Fkln","1","offpeak","1,348","1,430","94.2657343%"
"2016-03-01","B DIVISION","S Fkln","2","offpeak","372","396","93.9393939%"
"2016-03-01","B DIVISION","S Fkln","1","peak","799","828","96.4975845%"
"2016-03-01","B DIVISION","S Fkln","2","peak","208","217","95.8525346%"
"2016-03-01","B DIVISION","S Rock","1","offpeak","1,776","1,894","93.7697994%"
"2016-03-01","B DIVISION","S Rock","2","offpeak","501","525","95.4285714%"
"2016-03-01","B DIVISION","S Rock","1","peak","908","965","94.0932642%"
"2016-03-01","B DIVISION","S Rock","2","peak","272","277","98.1949458%"
"2016-04-01","A DIVISION","1","1","offpeak","20,068","25,149","79.7964134%"
"2016-04-01","A DIVISION","1","2","offpeak","5,389","6,239","86.3760218%"
"2016-04-01","A DIVISION","1","1","peak","12,572","16,779","74.9269921%"
"2016-04-01","A DIVISION","1","2","peak","2,695","3,079","87.5284183%"
"2016-04-01","A DIVISION","2","1","offpeak","20,261","27,340","74.1075347%"
"2016-04-01","A DIVISION","2","2","offpeak","5,803","8,117","71.4919305%"
"2016-04-01","A DIVISION","2","1","peak","11,570","17,850","64.8179272%"
"2016-04-01","A DIVISION","2","2","peak","3,134","4,119","76.0864287%"
"2016-04-01","A DIVISION","3","1","offpeak","17,656","22,281","79.2424038%"
"2016-04-01","A DIVISION","3","2","offpeak","5,757","6,838","84.191284%"
"2016-04-01","A DIVISION","3","1","peak","10,839","15,204","71.2904499%"
"2016-04-01","A DIVISION","3","2","peak","3,041","3,490","87.1346705%"
"2016-04-01","A DIVISION","4","1","offpeak","23,160","30,584","75.7258697%"
"2016-04-01","A DIVISION","4","2","offpeak","5,660","8,223","68.8313268%"
"2016-04-01","A DIVISION","4","1","peak","14,765","23,310","63.3419133%"
"2016-04-01","A DIVISION","4","2","peak","3,280","4,647","70.5831719%"
"2016-04-01","A DIVISION","5","1","offpeak","16,684","24,035","69.4154358%"
"2016-04-01","A DIVISION","5","2","offpeak","675","885","76.2711864%"
"2016-04-01","A DIVISION","5","1","peak","11,633","19,672","59.1348109%"
"2016-04-01","A DIVISION","5","2","peak","444","493","90.0608519%"
"2016-04-01","A DIVISION","6","1","offpeak","20,174","28,390","71.0602325%"
"2016-04-01","A DIVISION","6","2","offpeak","5,822","7,329","79.4378496%"
"2016-04-01","A DIVISION","6","1","peak","13,228","20,685","63.949722%"
"2016-04-01","A DIVISION","6","2","peak","3,208","3,977","80.6638169%"
"2016-04-01","A DIVISION","7","1","offpeak","14,210","18,062","78.6734581%"
"2016-04-01","A DIVISION","7","2","offpeak","3,256","3,784","86.0465116%"
"2016-04-01","A DIVISION","7","1","peak","10,103","14,947","67.592159%"
"2016-04-01","A DIVISION","7","2","peak","1,856","2,212","83.9059675%"
"2016-04-01","A DIVISION","S 42nd","1","offpeak","5,756","5,946","96.8045745%"
"2016-04-01","A DIVISION","S 42nd","2","offpeak","1,844","1,927","95.6927867%"
"2016-04-01","A DIVISION","S 42nd","1","peak","5,592","6,111","91.5071183%"
"2016-04-01","A DIVISION","S 42nd","2","peak","1,115","1,132","98.4982332%"
"2016-04-01","B DIVISION","A","1","offpeak","13,170","17,642","74.6514001%"
"2016-04-01","B DIVISION","A","2","offpeak","4,163","5,539","75.1579708%"
"2016-04-01","B DIVISION","A","1","peak","9,357","13,466","69.4861132%"
"2016-04-01","B DIVISION","A","2","peak","2,065","2,862","72.152341%"
"2016-04-01","B DIVISION","B","1","offpeak","7,655","9,740","78.5934292%"
"2016-04-01","B DIVISION","B","1","peak","5,949","8,025","74.1308411%"
"2016-04-01","B DIVISION","C","1","offpeak","8,713","11,191","77.8572067%"
"2016-04-01","B DIVISION","C","2","offpeak","2,369","3,037","78.0046098%"
"2016-04-01","B DIVISION","C","1","peak","5,307","7,293","72.7684081%"
"2016-04-01","B DIVISION","C","2","peak","1,255","1,654","75.8766626%"
"2016-04-01","B DIVISION","D","1","offpeak","11,553","14,077","82.0700433%"
"2016-04-01","B DIVISION","D","2","offpeak","3,368","4,168","80.806142%"
"2016-04-01","B DIVISION","D","1","peak","6,993","9,117","76.7028628%"
"2016-04-01","B DIVISION","D","2","peak","1,756","2,129","82.4800376%"
"2016-04-01","B DIVISION","E","1","offpeak","11,406","14,850","76.8080808%"
"2016-04-01","B DIVISION","E","2","offpeak","2,861","3,437","83.2411987%"
"2016-04-01","B DIVISION","E","1","peak","7,719","11,166","69.1295003%"
"2016-04-01","B DIVISION","E","2","peak","1,467","1,779","82.4620573%"
"2016-04-01","B DIVISION","F","1","offpeak","20,108","27,037","74.3721567%"
"2016-04-01","B DIVISION","F","2","offpeak","5,254","6,412","81.9401123%"
"2016-04-01","B DIVISION","F","1","peak","13,966","19,727","70.7963705%"
"2016-04-01","B DIVISION","F","2","peak","2,697","3,284","82.1254568%"
"2016-04-01","B DIVISION","G","1","offpeak","8,959","10,784","83.0767804%"
"2016-04-01","B DIVISION","G","2","offpeak","3,525","3,977","88.6346492%"
"2016-04-01","B DIVISION","G","1","peak","5,557","6,768","82.106974%"
"2016-04-01","B DIVISION","G","2","peak","1,824","2,071","88.0733945%"
"2016-04-01","B DIVISION","JZ","1","offpeak","8,565","10,716","79.9272116%"
"2016-04-01","B DIVISION","JZ","2","offpeak","3,667","4,098","89.4826745%"
"2016-04-01","B DIVISION","JZ","1","peak","6,122","8,110","75.487053%"
"2016-04-01","B DIVISION","JZ","2","peak","2,008","2,241","89.6028559%"
"2016-04-01","B DIVISION","L","1","offpeak","17,429","21,801","79.945874%"
"2016-04-01","B DIVISION","L","2","offpeak","5,377","6,233","86.2666453%"
"2016-04-01","B DIVISION","L","1","peak","10,971","14,423","76.0660057%"
"2016-04-01","B DIVISION","L","2","peak","2,734","3,098","88.2504842%"
"2016-04-01","B DIVISION","M","1","offpeak","11,116","13,820","80.4341534%"
"2016-04-01","B DIVISION","M","2","offpeak","1,517","1,606","94.4582814%"
"2016-04-01","B DIVISION","M","1","peak","7,630","10,268","74.3085314%"
"2016-04-01","B DIVISION","M","2","peak","823","863","95.3650058%"
"2016-04-01","B DIVISION","N","1","offpeak","13,765","17,070","80.6385472%"
"2016-04-01","B DIVISION","N","2","offpeak","5,789","6,976","82.9845183%"
"2016-04-01","B DIVISION","N","1","peak","7,804","9,989","78.1259385%"
"2016-04-01","B DIVISION","N","2","peak","2,887","3,504","82.3915525%"
"2016-04-01","B DIVISION","Q","1","offpeak","10,277","12,457","82.4997993%"
"2016-04-01","B DIVISION","Q","2","offpeak","3,647","4,143","88.027999%"
"2016-04-01","B DIVISION","Q","1","peak","6,567","8,178","80.300807%"
"2016-04-01","B DIVISION","Q","2","peak","1,947","2,197","88.6208466%"
"2016-04-01","B DIVISION","R","1","offpeak","13,009","16,545","78.6279843%"
"2016-04-01","B DIVISION","R","2","offpeak","4,861","6,289","77.2936874%"
"2016-04-01","B DIVISION","R","1","peak","8,547","11,547","74.0192258%"
"2016-04-01","B DIVISION","R","2","peak","2,712","3,347","81.0277861%"
"2016-04-01","B DIVISION","S Fkln","1","offpeak","1,199","1,240","96.6935484%"
"2016-04-01","B DIVISION","S Fkln","2","offpeak","508","511","99.4129159%"
"2016-04-01","B DIVISION","S Fkln","1","peak","707","720","98.1944444%"
"2016-04-01","B DIVISION","S Fkln","2","peak","277","278","99.6402878%"
"2016-04-01","B DIVISION","S Rock","1","offpeak","1,669","1,771","94.2405421%"
"2016-04-01","B DIVISION","S Rock","2","offpeak","614","630","97.4603175%"
"2016-04-01","B DIVISION","S Rock","1","peak","851","909","93.6193619%"
"2016-04-01","B DIVISION","S Rock","2","peak","335","340","98.5294118%"
"2016-05-01","A DIVISION","1","1","offpeak","20,703","25,396","81.5207119%"
"2016-05-01","A DIVISION","1","2","offpeak","5,123","5,680","90.193662%"
"2016-05-01","A DIVISION","1","1","peak","12,730","16,778","75.8731672%"
"2016-05-01","A DIVISION","1","2","peak","2,448","2,775","88.2162162%"
"2016-05-01","A DIVISION","2","1","offpeak","20,338","27,678","73.4807428%"
"2016-05-01","A DIVISION","2","2","offpeak","5,790","8,217","70.4636729%"
"2016-05-01","A DIVISION","2","1","peak","11,695","17,850","65.5182073%"
"2016-05-01","A DIVISION","2","2","peak","2,877","4,157","69.2085639%"
"2016-05-01","A DIVISION","3","1","offpeak","18,202","23,258","78.2612434%"
"2016-05-01","A DIVISION","3","2","offpeak","6,115","7,073","86.4555351%"
"2016-05-01","A DIVISION","3","1","peak","10,944","15,204","71.9810576%"
"2016-05-01","A DIVISION","3","2","peak","3,055","3,548","86.1048478%"
"2016-05-01","A DIVISION","4","1","offpeak","22,590","30,631","73.7488166%"
"2016-05-01","A DIVISION","4","2","offpeak","5,984","7,932","75.4412506%"
"2016-05-01","A DIVISION","4","1","peak","14,776","23,310","63.3891034%"
"2016-05-01","A DIVISION","4","2","peak","3,497","4,326","80.8368007%"
"2016-05-01","A DIVISION","5","1","offpeak","16,822","24,535","68.563277%"
"2016-05-01","A DIVISION","5","2","offpeak","2,864","3,787","75.6271455%"
"2016-05-01","A DIVISION","5","1","peak","11,686","19,675","59.3951715%"
"2016-05-01","A DIVISION","5","2","peak","1,541","2,023","76.173999%"
"2016-05-01","A DIVISION","6","1","offpeak","20,379","28,249","72.1406067%"
"2016-05-01","A DIVISION","6","2","offpeak","5,690","6,633","85.7832052%"
"2016-05-01","A DIVISION","6","1","peak","13,596","20,685","65.728789%"
"2016-05-01","A DIVISION","6","2","peak","2,970","3,473","85.5168442%"
"2016-05-01","A DIVISION","7","1","offpeak","14,711","18,828","78.1336308%"
"2016-05-01","A DIVISION","7","2","offpeak","4,503","5,437","82.8214089%"
"2016-05-01","A DIVISION","7","1","peak","10,787","15,704","68.6895059%"
"2016-05-01","A DIVISION","7","2","peak","2,653","3,314","80.054315%"
"2016-05-01","A DIVISION","S 42nd","1","offpeak","5,467","5,942","92.0060586%"
"2016-05-01","A DIVISION","S 42nd","2","offpeak","1,048","1,054","99.43074%"
"2016-05-01","A DIVISION","S 42nd","1","peak","5,331","6,107","87.29327%"
"2016-05-01","A DIVISION","S 42nd","2","peak","601","604","99.5033113%"
"2016-05-01","B DIVISION","A","1","offpeak","14,208","19,122","74.3018513%"
"2016-05-01","B DIVISION","A","2","offpeak","4,161","5,786","71.9149672%"
"2016-05-01","B DIVISION","A","1","peak","10,149","14,690","69.0878148%"
"2016-05-01","B DIVISION","A","2","peak","2,226","3,055","72.8641571%"
"2016-05-01","B DIVISION","B","1","offpeak","8,167","9,899","82.5032832%"
"2016-05-01","B DIVISION","B","1","peak","6,253","8,201","76.2467992%"
"2016-05-01","B DIVISION","C","1","offpeak","9,091","11,453","79.3765826%"
"2016-05-01","B DIVISION","C","2","offpeak","2,427","3,149","77.0720864%"
"2016-05-01","B DIVISION","C","1","peak","5,600","7,466","75.006697%"
"2016-05-01","B DIVISION","C","2","peak","1,328","1,732","76.6743649%"
"2016-05-01","B DIVISION","D","1","offpeak","11,557","14,032","82.3617446%"
"2016-05-01","B DIVISION","D","2","offpeak","3,275","4,042","81.0242454%"
"2016-05-01","B DIVISION","D","1","peak","7,321","9,233","79.2916712%"
"2016-05-01","B DIVISION","D","2","peak","1,753","2,072","84.6042471%"
"2016-05-01","B DIVISION","E","1","offpeak","11,171","14,450","77.3079585%"
"2016-05-01","B DIVISION","E","2","offpeak","2,060","2,403","85.7261756%"
"2016-05-01","B DIVISION","E","1","peak","7,938","11,129","71.3271633%"
"2016-05-01","B DIVISION","E","2","peak","1,024","1,214","84.3492586%"
"2016-05-01","B DIVISION","F","1","offpeak","20,059","26,573","75.486396%"
"2016-05-01","B DIVISION","F","2","offpeak","3,958","5,376","73.6235119%"
"2016-05-01","B DIVISION","F","1","peak","14,410","19,856","72.5725222%"
"2016-05-01","B DIVISION","F","2","peak","2,070","2,704","76.5532544%"
"2016-05-01","B DIVISION","G","1","offpeak","9,156","10,903","83.9768871%"
"2016-05-01","B DIVISION","G","2","offpeak","2,337","2,506","93.2561852%"
"2016-05-01","B DIVISION","G","1","peak","5,421","6,738","80.4541407%"
"2016-05-01","B DIVISION","G","2","peak","1,204","1,305","92.2605364%"
"2016-05-01","B DIVISION","JZ","1","offpeak","8,779","10,915","80.4306001%"
"2016-05-01","B DIVISION","JZ","2","offpeak","3,565","4,212","84.6391263%"
"2016-05-01","B DIVISION","JZ","1","peak","6,110","8,149","74.978525%"
"2016-05-01","B DIVISION","JZ","2","peak","2,015","2,284","88.2224168%"
"2016-05-01","B DIVISION","L","1","offpeak","16,969","20,948","81.0053466%"
"2016-05-01","B DIVISION","L","2","offpeak","6,744","8,655","77.9202773%"
"2016-05-01","B DIVISION","L","1","peak","11,017","14,424","76.379645%"
"2016-05-01","B DIVISION","L","2","peak","3,491","4,355","80.1607348%"
"2016-05-01","B DIVISION","M","1","offpeak","10,854","13,422","80.8672329%"
"2016-05-01","B DIVISION","M","2","offpeak","1,784","1,892","94.2917548%"
"2016-05-01","B DIVISION","M","1","peak","7,625","10,096","75.5249604%"
"2016-05-01","B DIVISION","M","2","peak","934","988","94.534413%"
"2016-05-01","B DIVISION","N","1","offpeak","13,618","17,189","79.2250858%"
"2016-05-01","B DIVISION","N","2","offpeak","5,154","6,100","84.4918033%"
"2016-05-01","B DIVISION","N","1","peak","7,563","10,122","74.7184351%"
"2016-05-01","B DIVISION","N","2","peak","2,659","3,081","86.3031483%"
"2016-05-01","B DIVISION","Q","1","offpeak","10,319","12,921","79.8622398%"
"2016-05-01","B DIVISION","Q","2","offpeak","2,968","3,511","84.5343207%"
"2016-05-01","B DIVISION","Q","1","peak","6,449","8,401","76.7646709%"
"2016-05-01","B DIVISION","Q","2","peak","1,539","1,783","86.3151991%"
"2016-05-01","B DIVISION","R","1","offpeak","12,839","16,342","78.5644352%"
"2016-05-01","B DIVISION","R","2","offpeak","3,937","5,096","77.2566719%"
"2016-05-01","B DIVISION","R","1","peak","8,458","11,464","73.7787858%"
"2016-05-01","B DIVISION","R","2","peak","2,169","2,711","80.0073774%"
"2016-05-01","B DIVISION","S Fkln","1","offpeak","1,494","1,522","98.1603154%"
"2016-05-01","B DIVISION","S Fkln","2","offpeak","513","531","96.6101695%"
"2016-05-01","B DIVISION","S Fkln","1","peak","879","880","99.8863636%"
"2016-05-01","B DIVISION","S Fkln","2","peak","284","286","99.3006993%"
"2016-05-01","B DIVISION","S Rock","1","offpeak","1,749","1,823","95.940757%"
"2016-05-01","B DIVISION","S Rock","2","offpeak","607","622","97.5884244%"
"2016-05-01","B DIVISION","S Rock","1","peak","874","918","95.2069717%"
"2016-05-01","B DIVISION","S Rock","2","peak","324","327","99.0825688%"
"2016-06-01","A DIVISION","1","1","offpeak","21,117","26,955","78.3416806%"
"2016-06-01","A DIVISION","1","2","offpeak","4,924","5,746","85.6943961%"
"2016-06-01","A DIVISION","1","1","peak","13,160","17,648","74.5693563%"
"2016-06-01","A DIVISION","1","2","peak","2,388","2,791","85.5607309%"
"2016-06-01","A DIVISION","2","1","offpeak","20,911","29,166","71.6964959%"
"2016-06-01","A DIVISION","2","2","offpeak","5,407","7,444","72.6356797%"
"2016-06-01","A DIVISION","2","1","peak","12,120","18,966","63.9038279%"
"2016-06-01","A DIVISION","2","2","peak","2,835","3,814","74.3314106%"
"2016-06-01","A DIVISION","3","1","offpeak","18,608","24,471","76.0410282%"
"2016-06-01","A DIVISION","3","2","offpeak","5,063","6,028","83.9913736%"
"2016-06-01","A DIVISION","3","1","peak","11,530","15,956","72.2612184%"
"2016-06-01","A DIVISION","3","2","peak","2,584","3,072","84.1145833%"
"2016-06-01","A DIVISION","4","1","offpeak","23,523","32,516","72.3428466%"
"2016-06-01","A DIVISION","4","2","offpeak","5,045","6,834","73.8220661%"
"2016-06-01","A DIVISION","4","1","peak","15,724","24,448","64.3160995%"
"2016-06-01","A DIVISION","4","2","peak","2,813","3,746","75.093433%"
"2016-06-01","A DIVISION","5","1","offpeak","17,726","26,108","67.8948981%"
"2016-06-01","A DIVISION","5","2","offpeak","2,457","3,547","69.2698055%"
"2016-06-01","A DIVISION","5","1","peak","12,545","20,682","60.6566096%"
"2016-06-01","A DIVISION","5","2","peak","1,306","1,964","66.496945%"
"2016-06-01","A DIVISION","6","1","offpeak","20,950","30,423","68.8623739%"
"2016-06-01","A DIVISION","6","2","offpeak","5,151","6,351","81.1053377%"
"2016-06-01","A DIVISION","6","1","peak","14,011","21,985","63.7298158%"
"2016-06-01","A DIVISION","6","2","peak","2,724","3,371","80.8068822%"
"2016-06-01","A DIVISION","7","1","offpeak","15,715","19,932","78.8430664%"
"2016-06-01","A DIVISION","7","2","offpeak","3,923","4,744","82.6939292%"
"2016-06-01","A DIVISION","7","1","peak","11,440","16,566","69.0571049%"
"2016-06-01","A DIVISION","7","2","peak","2,340","2,935","79.7274276%"
"2016-06-01","A DIVISION","S 42nd","1","offpeak","6,395","6,640","96.310241%"
"2016-06-01","A DIVISION","S 42nd","2","offpeak","1,688","1,728","97.6851852%"
"2016-06-01","A DIVISION","S 42nd","1","peak","5,583","6,402","87.2071228%"
"2016-06-01","A DIVISION","S 42nd","2","peak","1,014","1,028","98.6381323%"
"2016-06-01","B DIVISION","A","1","offpeak","14,109","19,572","72.0876763%"
"2016-06-01","B DIVISION","A","2","offpeak","3,555","4,762","74.6535069%"
"2016-06-01","B DIVISION","A","1","peak","10,045","14,551","69.0330561%"
"2016-06-01","B DIVISION","A","2","peak","1,868","2,464","75.8116883%"
"2016-06-01","B DIVISION","B","1","offpeak","8,224","10,362","79.3669176%"
"2016-06-01","B DIVISION","B","1","peak","6,318","8,386","75.3398521%"
"2016-06-01","B DIVISION","C","1","offpeak","9,410","12,239","76.8853665%"
"2016-06-01","B DIVISION","C","2","offpeak","2,214","2,823","78.4272051%"
"2016-06-01","B DIVISION","C","1","peak","5,655","7,796","72.5371986%"
"2016-06-01","B DIVISION","C","2","peak","1,262","1,568","80.4846939%"
"2016-06-01","B DIVISION","D","1","offpeak","12,141","14,839","81.8181818%"
"2016-06-01","B DIVISION","D","2","offpeak","3,429","4,605","74.4625407%"
"2016-06-01","B DIVISION","D","1","peak","7,457","9,644","77.3226877%"
"2016-06-01","B DIVISION","D","2","peak","1,679","2,360","71.1440678%"
"2016-06-01","B DIVISION","E","1","offpeak","9,883","13,119","75.3334858%"
"2016-06-01","B DIVISION","E","2","offpeak","1,398","1,580","88.4810127%"
"2016-06-01","B DIVISION","E","1","peak","6,390","9,343","68.3934496%"
"2016-06-01","B DIVISION","E","2","peak","685","787","87.0393901%"
"2016-06-01","B DIVISION","F","1","offpeak","19,276","25,861","74.5369475%"
"2016-06-01","B DIVISION","F","2","offpeak","4,230","5,271","80.2504269%"
"2016-06-01","B DIVISION","F","1","peak","13,025","18,495","70.424439%"
"2016-06-01","B DIVISION","F","2","peak","2,037","2,630","77.4524715%"
"2016-06-01","B DIVISION","G","1","offpeak","9,638","11,609","83.0217934%"
"2016-06-01","B DIVISION","G","2","offpeak","1,428","1,606","88.9165629%"
"2016-06-01","B DIVISION","G","1","peak","5,695","7,220","78.8781163%"
"2016-06-01","B DIVISION","G","2","peak","738","825","89.4545455%"
"2016-06-01","B DIVISION","JZ","1","offpeak","9,711","11,709","82.9362029%"
"2016-06-01","B DIVISION","JZ","2","offpeak","3,213","3,761","85.4294071%"
"2016-06-01","B DIVISION","JZ","1","peak","6,406","8,554","74.8889408%"
"2016-06-01","B DIVISION","JZ","2","peak","1,746","2,029","86.0522425%"
"2016-06-01","B DIVISION","L","1","offpeak","17,927","23,231","77.1684387%"
"2016-06-01","B DIVISION","L","2","offpeak","6,165","7,893","78.1071836%"
"2016-06-01","B DIVISION","L","1","peak","11,493","15,104","76.0924258%"
"2016-06-01","B DIVISION","L","2","peak","3,052","3,835","79.5827901%"
"2016-06-01","B DIVISION","M","1","offpeak","9,989","12,619","79.1584119%"
"2016-06-01","B DIVISION","M","2","offpeak","1,604","1,790","89.6089385%"
"2016-06-01","B DIVISION","M","1","peak","6,814","8,995","75.7531962%"
"2016-06-01","B DIVISION","M","2","peak","843","952","88.5504202%"
"2016-06-01","B DIVISION","N","1","offpeak","14,454","18,218","79.3391152%"
"2016-06-01","B DIVISION","N","2","offpeak","4,590","5,532","82.9718004%"
"2016-06-01","B DIVISION","N","1","peak","8,269","10,736","77.021237%"
"2016-06-01","B DIVISION","N","2","peak","2,336","2,776","84.1498559%"
"2016-06-01","B DIVISION","Q","1","offpeak","11,227","14,067","79.810905%"
"2016-06-01","B DIVISION","Q","2","offpeak","2,716","3,127","86.8564119%"
"2016-06-01","B DIVISION","Q","1","peak","6,777","8,623","78.5921373%"
"2016-06-01","B DIVISION","Q","2","peak","1,397","1,605","87.0404984%"
"2016-06-01","B DIVISION","R","1","offpeak","12,293","15,648","78.5595603%"
"2016-06-01","B DIVISION","R","2","offpeak","3,667","4,452","82.3674753%"
"2016-06-01","B DIVISION","R","1","peak","8,178","10,898","75.041292%"
"2016-06-01","B DIVISION","R","2","peak","2,015","2,410","83.6099585%"
"2016-06-01","B DIVISION","S Fkln","1","offpeak","1,326","1,370","96.7883212%"
"2016-06-01","B DIVISION","S Fkln","2","offpeak","452","477","94.7589099%"
"2016-06-01","B DIVISION","S Fkln","1","peak","781","792","98.6111111%"
"2016-06-01","B DIVISION","S Fkln","2","peak","251","259","96.9111969%"
"2016-06-01","B DIVISION","S Rock","1","offpeak","1,694","1,822","92.974753%"
"2016-06-01","B DIVISION","S Rock","2","offpeak","239","247","96.7611336%"
"2016-06-01","B DIVISION","S Rock","1","peak","849","928","91.487069%"
"2016-06-01","B DIVISION","S Rock","2","peak","122","130","93.8461538%"
"2016-07-01","A DIVISION","1","1","offpeak","19,026","23,479","81.0341156%"
"2016-07-01","A DIVISION","1","2","offpeak","6,298","7,282","86.4872288%"
"2016-07-01","A DIVISION","1","1","peak","11,498","15,276","75.2683949%"
"2016-07-01","A DIVISION","1","2","peak","3,203","3,568","89.7701794%"
"2016-07-01","A DIVISION","2","1","offpeak","18,214","25,310","71.9636507%"
"2016-07-01","A DIVISION","2","2","offpeak","6,699","9,161","73.1252047%"
"2016-07-01","A DIVISION","2","1","peak","10,473","16,511","63.4304403%"
"2016-07-01","A DIVISION","2","2","peak","3,587","4,654","77.0734852%"
"2016-07-01","A DIVISION","3","1","offpeak","15,841","21,131","74.9656902%"
"2016-07-01","A DIVISION","3","2","offpeak","6,515","7,683","84.7976051%"
"2016-07-01","A DIVISION","3","1","peak","9,931","13,794","71.9950703%"
"2016-07-01","A DIVISION","3","2","peak","3,400","3,885","87.5160875%"
"2016-07-01","A DIVISION","4","1","offpeak","20,443","28,275","72.3006189%"
"2016-07-01","A DIVISION","4","2","offpeak","6,702","9,009","74.3922744%"
"2016-07-01","A DIVISION","4","1","peak","13,497","21,128","63.8820523%"
"2016-07-01","A DIVISION","4","2","peak","3,588","4,918","72.9564864%"
"2016-07-01","A DIVISION","5","1","offpeak","15,866","22,732","69.7958825%"
"2016-07-01","A DIVISION","5","2","offpeak","2,570","3,270","78.5932722%"
"2016-07-01","A DIVISION","5","1","peak","10,766","17,894","60.1654186%"
"2016-07-01","A DIVISION","5","2","peak","1,453","1,789","81.2185579%"
"2016-07-01","A DIVISION","6","1","offpeak","18,259","26,767","68.2145926%"
"2016-07-01","A DIVISION","6","2","offpeak","5,247","6,713","78.1617757%"
"2016-07-01","A DIVISION","6","1","peak","12,110","19,342","62.6098645%"
"2016-07-01","A DIVISION","6","2","peak","2,788","3,499","79.6799085%"
"2016-07-01","A DIVISION","7","1","offpeak","14,035","18,159","77.2894983%"
"2016-07-01","A DIVISION","7","2","offpeak","4,812","5,897","81.600814%"
"2016-07-01","A DIVISION","7","1","peak","10,431","15,302","68.1675598%"
"2016-07-01","A DIVISION","7","2","peak","2,792","3,508","79.5895097%"
"2016-07-01","A DIVISION","S 42nd","1","offpeak","5,481","5,943","92.2261484%"
"2016-07-01","A DIVISION","S 42nd","2","offpeak","2,098","2,130","98.4976526%"
"2016-07-01","A DIVISION","S 42nd","1","peak","4,463","5,529","80.7198408%"
"2016-07-01","A DIVISION","S 42nd","2","peak","1,226","1,240","98.8709677%"
"2016-07-01","B DIVISION","A","1","offpeak","13,455","18,578","72.4243729%"
"2016-07-01","B DIVISION","A","2","offpeak","4,659","6,483","71.8648774%"
"2016-07-01","B DIVISION","A","1","peak","9,339","13,656","68.387522%"
"2016-07-01","B DIVISION","A","2","peak","2,379","3,390","70.1769912%"
"2016-07-01","B DIVISION","B","1","offpeak","7,098","8,818","80.4944432%"
"2016-07-01","B DIVISION","B","1","peak","5,061","6,739","75.1001632%"
"2016-07-01","B DIVISION","C","1","offpeak","7,961","11,035","72.1431808%"
"2016-07-01","B DIVISION","C","2","offpeak","2,915","3,657","79.7101449%"
"2016-07-01","B DIVISION","C","1","peak","4,926","7,015","70.2209551%"
"2016-07-01","B DIVISION","C","2","peak","1,550","2,037","76.0922926%"
"2016-07-01","B DIVISION","D","1","offpeak","10,246","12,883","79.5311651%"
"2016-07-01","B DIVISION","D","2","offpeak","4,470","5,512","81.095791%"
"2016-07-01","B DIVISION","D","1","peak","6,304","8,260","76.3196126%"
"2016-07-01","B DIVISION","D","2","peak","2,246","2,766","81.2002892%"
"2016-07-01","B DIVISION","E","1","offpeak","10,578","14,196","74.5139476%"
"2016-07-01","B DIVISION","E","2","offpeak","2,813","3,291","85.4755393%"
"2016-07-01","B DIVISION","E","1","peak","7,006","10,145","69.0586496%"
"2016-07-01","B DIVISION","E","2","peak","1,475","1,663","88.6951293%"
"2016-07-01","B DIVISION","F","1","offpeak","18,441","25,081","73.5257765%"
"2016-07-01","B DIVISION","F","2","offpeak","5,887","7,281","80.8542783%"
"2016-07-01","B DIVISION","F","1","peak","12,257","17,721","69.1665256%"
"2016-07-01","B DIVISION","F","2","peak","2,989","3,640","82.1153846%"
"2016-07-01","B DIVISION","G","1","offpeak","8,849","10,513","84.1719776%"
"2016-07-01","B DIVISION","G","2","offpeak","2,769","2,977","93.0131004%"
"2016-07-01","B DIVISION","G","1","peak","5,206","6,536","79.6511628%"
"2016-07-01","B DIVISION","G","2","peak","1,464","1,556","94.0874036%"
"2016-07-01","B DIVISION","JZ","1","offpeak","8,128","10,162","79.9842551%"
"2016-07-01","B DIVISION","JZ","2","offpeak","3,979","4,521","88.0115019%"
"2016-07-01","B DIVISION","JZ","1","peak","5,332","7,352","72.5244831%"
"2016-07-01","B DIVISION","JZ","2","peak","2,179","2,447","89.0478136%"
"2016-07-01","B DIVISION","L","1","offpeak","16,975","22,561","75.2404592%"
"2016-07-01","B DIVISION","L","2","offpeak","7,500","9,101","82.4085265%"
"2016-07-01","B DIVISION","L","1","peak","10,160","13,717","74.0686739%"
"2016-07-01","B DIVISION","L","2","peak","3,731","4,578","81.4984709%"
"2016-07-01","B DIVISION","M","1","offpeak","10,776","13,551","79.5218065%"
"2016-07-01","B DIVISION","M","2","offpeak","2,233","2,316","96.4162349%"
"2016-07-01","B DIVISION","M","1","peak","6,885","9,467","72.7263125%"
"2016-07-01","B DIVISION","M","2","peak","1,182","1,239","95.3995157%"
"2016-07-01","B DIVISION","N","1","offpeak","12,449","16,115","77.2510084%"
"2016-07-01","B DIVISION","N","2","offpeak","5,633","6,973","80.7830202%"
"2016-07-01","B DIVISION","N","1","peak","6,993","9,559","73.1561879%"
"2016-07-01","B DIVISION","N","2","peak","2,703","3,399","79.5233892%"
"2016-07-01","B DIVISION","Q","1","offpeak","10,406","13,359","77.895052%"
"2016-07-01","B DIVISION","Q","2","offpeak","3,495","3,937","88.7731775%"
"2016-07-01","B DIVISION","Q","1","peak","6,490","8,593","75.5265914%"
"2016-07-01","B DIVISION","Q","2","peak","1,788","1,985","90.0755668%"
"2016-07-01","B DIVISION","R","1","offpeak","11,887","15,409","77.143228%"
"2016-07-01","B DIVISION","R","2","offpeak","5,152","6,365","80.9426551%"
"2016-07-01","B DIVISION","R","1","peak","7,921","10,901","72.6630584%"
"2016-07-01","B DIVISION","R","2","peak","2,742","3,317","82.6650588%"
"2016-07-01","B DIVISION","S Fkln","1","offpeak","1,253","1,336","93.7874251%"
"2016-07-01","B DIVISION","S Fkln","2","offpeak","641","666","96.2462462%"
"2016-07-01","B DIVISION","S Fkln","1","peak","730","774","94.3152455%"
"2016-07-01","B DIVISION","S Fkln","2","peak","338","365","92.6027397%"
"2016-07-01","B DIVISION","S Rock","1","offpeak","1,525","1,610","94.7204969%"
"2016-07-01","B DIVISION","S Rock","2","offpeak","432","460","93.9130435%"
"2016-07-01","B DIVISION","S Rock","1","peak","789","819","96.3369963%"
"2016-07-01","B DIVISION","S Rock","2","peak","225","251","89.6414343%"
"2016-08-01","A DIVISION","1","1","offpeak","22,741","28,427","79.9978893%"
"2016-08-01","A DIVISION","1","2","offpeak","4,261","5,706","74.6757799%"
"2016-08-01","A DIVISION","1","1","peak","13,780","18,492","74.5187108%"
"2016-08-01","A DIVISION","1","2","peak","2,215","2,765","80.1084991%"
"2016-08-01","A DIVISION","2","1","offpeak","19,262","26,603","72.4053678%"
"2016-08-01","A DIVISION","2","2","offpeak","4,151","5,482","75.7205399%"
"2016-08-01","A DIVISION","2","1","peak","11,215","17,380","64.5281933%"
"2016-08-01","A DIVISION","2","2","peak","2,173","2,790","77.8853047%"
"2016-08-01","A DIVISION","3","1","offpeak","18,909","25,529","74.0687062%"
"2016-08-01","A DIVISION","3","2","offpeak","3,983","4,517","88.1779942%"
"2016-08-01","A DIVISION","3","1","peak","11,878","16,698","71.1342676%"
"2016-08-01","A DIVISION","3","2","peak","2,057","2,332","88.2075472%"
"2016-08-01","A DIVISION","4","1","offpeak","25,645","34,222","74.9371749%"
"2016-08-01","A DIVISION","4","2","offpeak","5,996","8,639","69.4061813%"
"2016-08-01","A DIVISION","4","1","peak","16,591","25,576","64.8694088%"
"2016-08-01","A DIVISION","4","2","peak","3,332","4,720","70.5932203%"
"2016-08-01","A DIVISION","5","1","offpeak","19,084","27,591","69.1674821%"
"2016-08-01","A DIVISION","5","2","offpeak","1,873","2,433","76.9831484%"
"2016-08-01","A DIVISION","5","1","peak","13,268","21,663","61.247288%"
"2016-08-01","A DIVISION","5","2","peak","1,002","1,292","77.5541796%"
"2016-08-01","A DIVISION","6","1","offpeak","21,278","31,694","67.1357355%"
"2016-08-01","A DIVISION","6","2","offpeak","5,173","6,264","82.583014%"
"2016-08-01","A DIVISION","6","1","peak","15,029","22,774","65.9919206%"
"2016-08-01","A DIVISION","6","2","peak","2,841","3,304","85.9866828%"
"2016-08-01","A DIVISION","7","1","offpeak","16,327","20,813","78.4461635%"
"2016-08-01","A DIVISION","7","2","offpeak","4,185","5,114","81.8341807%"
"2016-08-01","A DIVISION","7","1","peak","12,225","17,627","69.3538322%"
"2016-08-01","A DIVISION","7","2","peak","2,562","3,256","78.6855037%"
"2016-08-01","A DIVISION","S 42nd","1","offpeak","6,884","7,191","95.7307746%"
"2016-08-01","A DIVISION","S 42nd","2","offpeak","1,692","1,705","99.2375367%"
"2016-08-01","A DIVISION","S 42nd","1","peak","5,782","6,693","86.3887644%"
"2016-08-01","A DIVISION","S 42nd","2","peak","955","992","96.2701613%"
"2016-08-01","B DIVISION","A","1","offpeak","15,971","21,928","72.8338198%"
"2016-08-01","B DIVISION","A","2","offpeak","4,269","5,747","74.2822342%"
"2016-08-01","B DIVISION","A","1","peak","10,919","15,856","68.8635217%"
"2016-08-01","B DIVISION","A","2","peak","2,276","3,052","74.5740498%"
"2016-08-01","B DIVISION","B","1","offpeak","8,704","10,932","79.6194658%"
"2016-08-01","B DIVISION","B","1","peak","6,512","8,835","73.7068478%"
"2016-08-01","B DIVISION","C","1","offpeak","9,913","13,334","74.3437828%"
"2016-08-01","B DIVISION","C","2","offpeak","2,673","3,556","75.1687289%"
"2016-08-01","B DIVISION","C","1","peak","5,942","8,239","72.120403%"
"2016-08-01","B DIVISION","C","2","peak","1,441","2,009","71.7272275%"
"2016-08-01","B DIVISION","D","1","offpeak","12,581","15,624","80.5235535%"
"2016-08-01","B DIVISION","D","2","offpeak","3,562","4,168","85.4606526%"
"2016-08-01","B DIVISION","D","1","peak","7,600","10,003","75.9772068%"
"2016-08-01","B DIVISION","D","2","peak","1,761","2,130","82.6760563%"
"2016-08-01","B DIVISION","E","1","offpeak","13,287","17,800","74.6460674%"
"2016-08-01","B DIVISION","E","2","offpeak","2,270","2,673","84.9233071%"
"2016-08-01","B DIVISION","E","1","peak","8,558","12,150","70.436214%"
"2016-08-01","B DIVISION","E","2","peak","1,180","1,367","86.3204097%"
"2016-08-01","B DIVISION","F","1","offpeak","21,703","28,923","75.0371677%"
"2016-08-01","B DIVISION","F","2","offpeak","4,560","5,696","80.0561798%"
"2016-08-01","B DIVISION","F","1","peak","14,421","20,213","71.3451739%"
"2016-08-01","B DIVISION","F","2","peak","2,310","2,879","80.2361931%"
"2016-08-01","B DIVISION","G","1","offpeak","10,454","12,206","85.6464034%"
"2016-08-01","B DIVISION","G","2","offpeak","3,187","3,693","86.2984024%"
"2016-08-01","B DIVISION","G","1","peak","6,273","7,687","81.6053077%"
"2016-08-01","B DIVISION","G","2","peak","1,747","1,983","88.0988401%"
"2016-08-01","B DIVISION","JZ","1","offpeak","9,665","12,050","80.2074689%"
"2016-08-01","B DIVISION","JZ","2","offpeak","3,301","3,805","86.7542707%"
"2016-08-01","B DIVISION","JZ","1","peak","6,227","8,699","71.5829406%"
"2016-08-01","B DIVISION","JZ","2","peak","1,745","2,068","84.3810445%"
"2016-08-01","B DIVISION","L","1","offpeak","19,750","25,464","77.5604775%"
"2016-08-01","B DIVISION","L","2","offpeak","5,155","6,197","83.1854123%"
"2016-08-01","B DIVISION","L","1","peak","11,831","15,792","74.9176798%"
"2016-08-01","B DIVISION","L","2","peak","2,623","3,060","85.7189542%"
"2016-08-01","B DIVISION","M","1","offpeak","12,526","16,234","77.1590489%"
"2016-08-01","B DIVISION","M","2","offpeak","1,222","1,303","93.7835764%"
"2016-08-01","B DIVISION","M","1","peak","7,858","10,932","71.8807172%"
"2016-08-01","B DIVISION","M","2","peak","622","656","94.8170732%"
"2016-08-01","B DIVISION","N","1","offpeak","15,265","19,339","78.9337608%"
"2016-08-01","B DIVISION","N","2","offpeak","4,545","5,449","83.4098%"
"2016-08-01","B DIVISION","N","1","peak","8,687","11,417","76.0882894%"
"2016-08-01","B DIVISION","N","2","peak","2,325","2,706","85.9201774%"
"2016-08-01","B DIVISION","Q","1","offpeak","13,338","16,564","80.524028%"
"2016-08-01","B DIVISION","Q","2","offpeak","2,617","2,896","90.3660221%"
"2016-08-01","B DIVISION","Q","1","peak","8,293","10,793","76.8368387%"
"2016-08-01","B DIVISION","Q","2","peak","1,301","1,460","89.109589%"
"2016-08-01","B DIVISION","R","1","offpeak","14,241","18,357","77.5780356%"
"2016-08-01","B DIVISION","R","2","offpeak","4,131","5,039","81.9805517%"
"2016-08-01","B DIVISION","R","1","peak","9,208","12,741","72.2706224%"
"2016-08-01","B DIVISION","R","2","peak","2,174","2,635","82.5047438%"
"2016-08-01","B DIVISION","S Fkln","1","offpeak","1,536","1,581","97.1537002%"
"2016-08-01","B DIVISION","S Fkln","2","offpeak","498","500","99.6%"
"2016-08-01","B DIVISION","S Fkln","1","peak","921","926","99.4600432%"
"2016-08-01","B DIVISION","S Fkln","2","peak","274","274","100%"
"2016-08-01","B DIVISION","S Rock","1","offpeak","1,767","1,878","94.0894569%"
"2016-08-01","B DIVISION","S Rock","2","offpeak","490","538","91.0780669%"
"2016-08-01","B DIVISION","S Rock","1","peak","909","963","94.3925234%"
"2016-08-01","B DIVISION","S Rock","2","peak","263","287","91.6376307%"
"2016-09-01","A DIVISION","1","1","offpeak","20,556","25,935","79.2596877%"
"2016-09-01","A DIVISION","1","2","offpeak","3,843","5,432","70.7474227%"
"2016-09-01","A DIVISION","1","1","peak","11,638","16,894","68.8883627%"
"2016-09-01","A DIVISION","1","2","peak","1,902","2,637","72.1274175%"
"2016-09-01","A DIVISION","2","1","offpeak","19,617","28,068","69.8909791%"
"2016-09-01","A DIVISION","2","2","offpeak","3,338","4,381","76.1926501%"
"2016-09-01","A DIVISION","2","1","peak","11,075","18,241","60.7148731%"
"2016-09-01","A DIVISION","2","2","peak","1,661","2,144","77.4720149%"
"2016-09-01","A DIVISION","3","1","offpeak","17,058","23,116","73.7930438%"
"2016-09-01","A DIVISION","3","2","offpeak","2,087","2,330","89.5708155%"
"2016-09-01","A DIVISION","3","1","peak","9,661","15,040","64.2353723%"
"2016-09-01","A DIVISION","3","2","peak","1,015","1,150","88.2608696%"
"2016-09-01","A DIVISION","4","1","offpeak","22,799","31,274","72.9008122%"
"2016-09-01","A DIVISION","4","2","offpeak","5,326","7,429","71.6920178%"
"2016-09-01","A DIVISION","4","1","peak","14,593","23,352","62.4914354%"
"2016-09-01","A DIVISION","4","2","peak","2,870","4,012","71.5353938%"
"2016-09-01","A DIVISION","5","1","offpeak","17,247","25,219","68.3889131%"
"2016-09-01","A DIVISION","5","2","offpeak","3,097","4,068","76.1307768%"
"2016-09-01","A DIVISION","5","1","peak","11,361","19,782","57.4309979%"
"2016-09-01","A DIVISION","5","2","peak","1,666","2,088","79.789272%"
"2016-09-01","A DIVISION","6","1","offpeak","19,621","29,481","66.5547302%"
"2016-09-01","A DIVISION","6","2","offpeak","4,605","5,428","84.8378777%"
"2016-09-01","A DIVISION","6","1","peak","13,224","20,795","63.5922097%"
"2016-09-01","A DIVISION","6","2","peak","2,474","2,859","86.5337531%"
"2016-09-01","A DIVISION","7","1","offpeak","15,132","18,991","79.6798483%"
"2016-09-01","A DIVISION","7","2","offpeak","4,278","5,117","83.603674%"
"2016-09-01","A DIVISION","7","1","peak","11,321","16,095","70.3386145%"
"2016-09-01","A DIVISION","7","2","peak","2,637","3,260","80.8895706%"
"2016-09-01","A DIVISION","S 42nd","1","offpeak","6,340","6,572","96.4698722%"
"2016-09-01","A DIVISION","S 42nd","2","offpeak","1,555","1,706","91.1488863%"
"2016-09-01","A DIVISION","S 42nd","1","peak","5,270","6,111","86.2379316%"
"2016-09-01","A DIVISION","S 42nd","2","peak","962","992","96.9758065%"
"2016-09-01","B DIVISION","A","1","offpeak","13,892","19,300","71.9792746%"
"2016-09-01","B DIVISION","A","2","offpeak","4,003","5,291","75.6567757%"
"2016-09-01","B DIVISION","A","1","peak","9,564","14,151","67.5853297%"
"2016-09-01","B DIVISION","A","2","peak","2,086","2,753","75.7718852%"
"2016-09-01","B DIVISION","B","1","offpeak","7,911","9,960","79.4277108%"
"2016-09-01","B DIVISION","B","1","peak","5,935","8,084","73.4166254%"
"2016-09-01","B DIVISION","C","1","offpeak","8,624","11,756","73.3582851%"
"2016-09-01","B DIVISION","C","2","offpeak","2,528","3,191","79.2228142%"
"2016-09-01","B DIVISION","C","1","peak","5,109","7,252","70.4495312%"
"2016-09-01","B DIVISION","C","2","peak","1,410","1,797","78.4641068%"
"2016-09-01","B DIVISION","D","1","offpeak","11,459","14,212","80.6290459%"
"2016-09-01","B DIVISION","D","2","offpeak","3,091","3,797","81.4063735%"
"2016-09-01","B DIVISION","D","1","peak","7,121","9,173","77.6300011%"
"2016-09-01","B DIVISION","D","2","peak","1,571","1,963","80.0305655%"
"2016-09-01","B DIVISION","E","1","offpeak","12,238","16,475","74.2822458%"
"2016-09-01","B DIVISION","E","2","offpeak","2,267","2,739","82.7674334%"
"2016-09-01","B DIVISION","E","1","peak","7,845","11,223","69.901096%"
"2016-09-01","B DIVISION","E","2","peak","1,167","1,405","83.0604982%"
"2016-09-01","B DIVISION","F","1","offpeak","20,213","27,379","73.8266555%"
"2016-09-01","B DIVISION","F","2","offpeak","4,271","5,469","78.0947157%"
"2016-09-01","B DIVISION","F","1","peak","13,173","18,889","69.7390015%"
"2016-09-01","B DIVISION","F","2","peak","2,214","2,772","79.8701299%"
"2016-09-01","B DIVISION","G","1","offpeak","9,593","11,476","83.5918438%"
"2016-09-01","B DIVISION","G","2","offpeak","3,321","3,709","89.5389593%"
"2016-09-01","B DIVISION","G","1","peak","5,622","7,076","79.4516676%"
"2016-09-01","B DIVISION","G","2","peak","1,748","1,985","88.0604534%"
"2016-09-01","B DIVISION","JZ","1","offpeak","9,260","11,378","81.3851292%"
"2016-09-01","B DIVISION","JZ","2","offpeak","3,092","3,700","83.5675676%"
"2016-09-01","B DIVISION","JZ","1","peak","5,882","8,147","72.1983552%"
"2016-09-01","B DIVISION","JZ","2","peak","1,656","1,995","83.0075188%"
"2016-09-01","B DIVISION","L","1","offpeak","18,021","23,089","78.0501538%"
"2016-09-01","B DIVISION","L","2","offpeak","6,487","8,251","78.6207732%"
"2016-09-01","B DIVISION","L","1","peak","11,060","14,441","76.5874939%"
"2016-09-01","B DIVISION","L","2","peak","3,354","4,143","80.9558291%"
"2016-09-01","B DIVISION","M","1","offpeak","11,434","14,675","77.9148211%"
"2016-09-01","B DIVISION","M","2","offpeak","1,415","1,500","94.3333333%"
"2016-09-01","B DIVISION","M","1","peak","7,166","9,978","71.8179996%"
"2016-09-01","B DIVISION","M","2","peak","738","761","96.977661%"
"2016-09-01","B DIVISION","N","1","offpeak","13,916","17,660","78.799547%"
"2016-09-01","B DIVISION","N","2","offpeak","4,701","5,772","81.4449064%"
"2016-09-01","B DIVISION","N","1","peak","7,828","10,461","74.8303221%"
"2016-09-01","B DIVISION","N","2","peak","2,388","2,904","82.231405%"
"2016-09-01","B DIVISION","Q","1","offpeak","11,592","14,905","77.7725595%"
"2016-09-01","B DIVISION","Q","2","offpeak","2,802","3,166","88.5028427%"
"2016-09-01","B DIVISION","Q","1","peak","7,366","9,873","74.6075154%"
"2016-09-01","B DIVISION","Q","2","peak","1,477","1,611","91.682185%"
"2016-09-01","B DIVISION","R","1","offpeak","13,222","16,816","78.6274976%"
"2016-09-01","B DIVISION","R","2","offpeak","4,004","5,174","77.3869347%"
"2016-09-01","B DIVISION","R","1","peak","8,485","11,792","71.9555631%"
"2016-09-01","B DIVISION","R","2","peak","2,236","2,777","80.5185452%"
"2016-09-01","B DIVISION","S Fkln","1","offpeak","1,803","1,839","98.0424144%"
"2016-09-01","B DIVISION","S Fkln","2","offpeak","728","738","98.6449864%"
"2016-09-01","B DIVISION","S Fkln","1","peak","1,063","1,067","99.6251172%"
"2016-09-01","B DIVISION","S Fkln","2","peak","420","425","98.8235294%"
"2016-09-01","B DIVISION","S Rock","1","offpeak","1,674","1,788","93.6241611%"
"2016-09-01","B DIVISION","S Rock","2","offpeak","546","594","91.9191919%"
"2016-09-01","B DIVISION","S Rock","1","peak","833","891","93.4904602%"
"2016-09-01","B DIVISION","S Rock","2","peak","295","317","93.0599369%"
"2016-10-01","A DIVISION","1","1","offpeak","20,589","25,939","79.3746868%"
"2016-10-01","A DIVISION","1","2","offpeak","4,743","7,265","65.285616%"
"2016-10-01","A DIVISION","1","1","peak","11,886","16,894","70.3563395%"
"2016-10-01","A DIVISION","1","2","peak","2,342","3,568","65.6390135%"
"2016-10-01","A DIVISION","2","1","offpeak","20,053","28,065","71.4519865%"
"2016-10-01","A DIVISION","2","2","offpeak","4,491","6,114","73.454367%"
"2016-10-01","A DIVISION","2","1","peak","11,410","18,241","62.5513952%"
"2016-10-01","A DIVISION","2","2","peak","2,264","2,979","75.9986573%"
"2016-10-01","A DIVISION","3","1","offpeak","17,342","23,158","74.8855687%"
"2016-10-01","A DIVISION","3","2","offpeak","2,484","3,046","81.5495732%"
"2016-10-01","A DIVISION","3","1","peak","10,159","15,035","67.5690057%"
"2016-10-01","A DIVISION","3","2","peak","1,204","1,548","77.7777778%"
"2016-10-01","A DIVISION","4","1","offpeak","22,667","31,287","72.4486208%"
"2016-10-01","A DIVISION","4","2","offpeak","7,547","9,934","75.9714113%"
"2016-10-01","A DIVISION","4","1","peak","14,297","23,352","61.223878%"
"2016-10-01","A DIVISION","4","2","peak","4,175","5,416","77.0864106%"
"2016-10-01","A DIVISION","5","1","offpeak","16,978","24,666","68.83159%"
"2016-10-01","A DIVISION","5","2","offpeak","3,952","4,917","80.3742119%"
"2016-10-01","A DIVISION","5","1","peak","11,804","19,784","59.6643753%"
"2016-10-01","A DIVISION","5","2","peak","2,128","2,509","84.8146672%"
"2016-10-01","A DIVISION","6","1","offpeak","18,834","29,351","64.1681714%"
"2016-10-01","A DIVISION","6","2","offpeak","6,304","7,831","80.5005746%"
"2016-10-01","A DIVISION","6","1","peak","13,073","20,765","62.9568986%"
"2016-10-01","A DIVISION","6","2","peak","3,419","4,131","82.7644638%"
"2016-10-01","A DIVISION","7","1","offpeak","15,023","19,086","78.712145%"
"2016-10-01","A DIVISION","7","2","offpeak","4,150","5,300","78.3018868%"
"2016-10-01","A DIVISION","7","1","peak","10,693","16,008","66.7978511%"
"2016-10-01","A DIVISION","7","2","peak","2,504","3,067","81.6432996%"
"2016-10-01","A DIVISION","S 42nd","1","offpeak","6,356","6,570","96.7427702%"
"2016-10-01","A DIVISION","S 42nd","2","offpeak","2,081","2,132","97.6078799%"
"2016-10-01","A DIVISION","S 42nd","1","peak","5,345","6,111","87.4652266%"
"2016-10-01","A DIVISION","S 42nd","2","peak","1,226","1,240","98.8709677%"
"2016-10-01","B DIVISION","A","1","offpeak","13,512","18,870","71.6057234%"
"2016-10-01","B DIVISION","A","2","offpeak","4,412","5,750","76.7304348%"
"2016-10-01","B DIVISION","A","1","peak","8,852","13,702","64.6037075%"
"2016-10-01","B DIVISION","A","2","peak","2,312","3,024","76.4550265%"
"2016-10-01","B DIVISION","B","1","offpeak","7,410","9,905","74.8107017%"
"2016-10-01","B DIVISION","B","1","peak","5,651","7,854","71.9505984%"
"2016-10-01","B DIVISION","C","1","offpeak","8,517","11,194","76.0854029%"
"2016-10-01","B DIVISION","C","2","offpeak","2,698","3,421","78.8658287%"
"2016-10-01","B DIVISION","C","1","peak","4,820","6,966","69.1932242%"
"2016-10-01","B DIVISION","C","2","peak","1,442","1,877","76.8247203%"
"2016-10-01","B DIVISION","D","1","offpeak","11,212","14,131","79.3432878%"
"2016-10-01","B DIVISION","D","2","offpeak","3,911","4,767","82.0432138%"
"2016-10-01","B DIVISION","D","1","peak","6,882","9,162","75.1146038%"
"2016-10-01","B DIVISION","D","2","peak","1,917","2,393","80.1086502%"
"2016-10-01","B DIVISION","E","1","offpeak","10,752","14,448","74.4186047%"
"2016-10-01","B DIVISION","E","2","offpeak","2,126","2,581","82.371174%"
"2016-10-01","B DIVISION","E","1","peak","6,472","9,710","66.6529351%"
"2016-10-01","B DIVISION","E","2","peak","1,032","1,346","76.6716196%"
"2016-10-01","B DIVISION","F","1","offpeak","19,417","26,027","74.6032966%"
"2016-10-01","B DIVISION","F","2","offpeak","5,834","7,183","81.2195462%"
"2016-10-01","B DIVISION","F","1","peak","12,292","17,650","69.6430595%"
"2016-10-01","B DIVISION","F","2","peak","2,870","3,613","79.4353723%"
"2016-10-01","B DIVISION","G","1","offpeak","9,551","11,375","83.9648352%"
"2016-10-01","B DIVISION","G","2","offpeak","4,244","4,706","90.1827454%"
"2016-10-01","B DIVISION","G","1","peak","5,633","7,052","79.8780488%"
"2016-10-01","B DIVISION","G","2","peak","2,249","2,496","90.1041667%"
"2016-10-01","B DIVISION","JZ","1","offpeak","9,218","11,128","82.8360891%"
"2016-10-01","B DIVISION","JZ","2","offpeak","3,632","4,399","82.5642191%"
"2016-10-01","B DIVISION","JZ","1","peak","5,891","8,012","73.5272092%"
"2016-10-01","B DIVISION","JZ","2","peak","1,886","2,341","80.5638616%"
"2016-10-01","B DIVISION","L","1","offpeak","17,217","22,349","77.0370039%"
"2016-10-01","B DIVISION","L","2","offpeak","8,254","10,302","80.120365%"
"2016-10-01","B DIVISION","L","1","peak","10,359","14,413","71.872615%"
"2016-10-01","B DIVISION","L","2","peak","4,197","5,184","80.9606481%"
"2016-10-01","B DIVISION","M","1","offpeak","11,114","14,437","76.9827526%"
"2016-10-01","B DIVISION","M","2","offpeak","1,759","1,852","94.9784017%"
"2016-10-01","B DIVISION","M","1","peak","6,635","9,102","72.8960668%"
"2016-10-01","B DIVISION","M","2","peak","879","947","92.8194298%"
"2016-10-01","B DIVISION","N","1","offpeak","13,187","17,259","76.4065125%"
"2016-10-01","B DIVISION","N","2","offpeak","5,988","7,683","77.9383053%"
"2016-10-01","B DIVISION","N","1","peak","7,695","10,290","74.7813411%"
"2016-10-01","B DIVISION","N","2","peak","3,075","3,824","80.4131799%"
"2016-10-01","B DIVISION","Q","1","offpeak","10,571","14,362","73.6039549%"
"2016-10-01","B DIVISION","Q","2","offpeak","3,550","4,141","85.728085%"
"2016-10-01","B DIVISION","Q","1","peak","6,689","8,849","75.5904622%"
"2016-10-01","B DIVISION","Q","2","peak","1,843","2,132","86.4446529%"
"2016-10-01","B DIVISION","R","1","offpeak","11,436","15,078","75.8456029%"
"2016-10-01","B DIVISION","R","2","offpeak","5,028","6,449","77.9655761%"
"2016-10-01","B DIVISION","R","1","peak","7,531","10,562","71.3027836%"
"2016-10-01","B DIVISION","R","2","peak","2,792","3,393","82.2870616%"
"2016-10-01","B DIVISION","S Fkln","1","offpeak","1,942","1,991","97.5389252%"
"2016-10-01","B DIVISION","S Fkln","2","offpeak","1,024","1,034","99.032882%"
"2016-10-01","B DIVISION","S Fkln","1","peak","1,118","1,126","99.2895204%"
"2016-10-01","B DIVISION","S Fkln","2","peak","538","562","95.7295374%"
"2016-10-01","B DIVISION","S Rock","1","offpeak","1,644","1,789","91.8949134%"
"2016-10-01","B DIVISION","S Rock","2","offpeak","676","693","97.5468975%"
"2016-10-01","B DIVISION","S Rock","1","peak","845","896","94.3080357%"
"2016-10-01","B DIVISION","S Rock","2","peak","350","360","97.2222222%"
"2016-11-01","A DIVISION","1","1","offpeak","20,237","25,930","78.0447358%"
"2016-11-01","A DIVISION","1","2","offpeak","4,355","5,236","83.1741788%"
"2016-11-01","A DIVISION","1","1","peak","11,995","16,777","71.4966919%"
"2016-11-01","A DIVISION","1","2","peak","2,082","2,551","81.6150529%"
"2016-11-01","A DIVISION","2","1","offpeak","20,607","27,972","73.6700987%"
"2016-11-01","A DIVISION","2","2","offpeak","5,523","7,842","70.4284621%"
"2016-11-01","A DIVISION","2","1","peak","11,420","18,186","62.795557%"
"2016-11-01","A DIVISION","2","2","peak","2,982","4,156","71.7516843%"
"2016-11-01","A DIVISION","3","1","offpeak","17,701","23,359","75.7780727%"
"2016-11-01","A DIVISION","3","2","offpeak","4,501","5,353","84.0836914%"
"2016-11-01","A DIVISION","3","1","peak","10,321","15,219","67.8165451%"
"2016-11-01","A DIVISION","3","2","peak","2,322","2,742","84.6827133%"
"2016-11-01","A DIVISION","4","1","offpeak","22,720","31,218","72.7785252%"
"2016-11-01","A DIVISION","4","2","offpeak","4,831","6,451","74.8876143%"
"2016-11-01","A DIVISION","4","1","peak","13,777","23,172","59.4553772%"
"2016-11-01","A DIVISION","4","2","peak","2,706","3,564","75.9259259%"
"2016-11-01","A DIVISION","5","1","offpeak","17,240","25,135","68.5896161%"
"2016-11-01","A DIVISION","5","2","offpeak","1,930","2,513","76.8006367%"
"2016-11-01","A DIVISION","5","1","peak","11,249","19,674","57.1769849%"
"2016-11-01","A DIVISION","5","2","peak","1,077","1,392","77.3706897%"
"2016-11-01","A DIVISION","6","1","offpeak","20,073","29,772","67.4224103%"
"2016-11-01","A DIVISION","6","2","offpeak","4,368","5,543","78.8020927%"
"2016-11-01","A DIVISION","6","1","peak","12,511","20,939","59.7497493%"
"2016-11-01","A DIVISION","6","2","peak","2,389","2,922","81.7590691%"
"2016-11-01","A DIVISION","7","1","offpeak","15,007","19,214","78.1045071%"
"2016-11-01","A DIVISION","7","2","offpeak","3,018","3,574","84.4432009%"
"2016-11-01","A DIVISION","7","1","peak","10,879","15,954","68.1897957%"
"2016-11-01","A DIVISION","7","2","peak","1,695","1,967","86.1718353%"
"2016-11-01","A DIVISION","S 42nd","1","offpeak","6,352","6,567","96.7260545%"
"2016-11-01","A DIVISION","S 42nd","2","offpeak","1,684","1,704","98.8262911%"
"2016-11-01","A DIVISION","S 42nd","1","peak","5,396","6,111","88.2997873%"
"2016-11-01","A DIVISION","S 42nd","2","peak","984","992","99.1935484%"
"2016-11-01","B DIVISION","A","1","offpeak","13,399","19,095","70.1702016%"
"2016-11-01","B DIVISION","A","2","offpeak","3,168","4,261","74.3487444%"
"2016-11-01","B DIVISION","A","1","peak","8,884","14,005","63.4344877%"
"2016-11-01","B DIVISION","A","2","peak","1,663","2,238","74.3074173%"
"2016-11-01","B DIVISION","B","1","offpeak","7,173","9,485","75.6246705%"
"2016-11-01","B DIVISION","B","1","peak","5,288","7,684","68.8183238%"
"2016-11-01","B DIVISION","C","1","offpeak","8,811","11,592","76.0093168%"
"2016-11-01","B DIVISION","C","2","offpeak","2,422","3,052","79.3577982%"
"2016-11-01","B DIVISION","C","1","peak","5,192","7,223","71.8814897%"
"2016-11-01","B DIVISION","C","2","peak","1,427","1,767","80.7583475%"
"2016-11-01","B DIVISION","D","1","offpeak","11,385","14,212","80.1083591%"
"2016-11-01","B DIVISION","D","2","offpeak","3,223","3,942","81.7605277%"
"2016-11-01","B DIVISION","D","1","peak","6,729","9,142","73.605338%"
"2016-11-01","B DIVISION","D","2","peak","1,677","1,992","84.186747%"
"2016-11-01","B DIVISION","E","1","offpeak","11,994","16,056","74.7010463%"
"2016-11-01","B DIVISION","E","2","offpeak","2,997","3,681","81.4180929%"
"2016-11-01","B DIVISION","E","1","peak","7,234","10,780","67.1057514%"
"2016-11-01","B DIVISION","E","2","peak","1,597","1,937","82.4470831%"
"2016-11-01","B DIVISION","F","1","offpeak","19,625","27,178","72.2091397%"
"2016-11-01","B DIVISION","F","2","offpeak","3,989","4,983","80.0521774%"
"2016-11-01","B DIVISION","F","1","peak","12,154","18,472","65.7968818%"
"2016-11-01","B DIVISION","F","2","peak","2,045","2,531","80.7981035%"
"2016-11-01","B DIVISION","G","1","offpeak","9,369","11,219","83.5101168%"
"2016-11-01","B DIVISION","G","2","offpeak","2,709","3,187","85.0015689%"
"2016-11-01","B DIVISION","G","1","peak","5,509","6,960","79.1522989%"
"2016-11-01","B DIVISION","G","2","peak","1,433","1,678","85.3992849%"
"2016-11-01","B DIVISION","JZ","1","offpeak","9,213","11,267","81.7697701%"
"2016-11-01","B DIVISION","JZ","2","offpeak","2,955","3,298","89.5997574%"
"2016-11-01","B DIVISION","JZ","1","peak","5,787","8,152","70.9887144%"
"2016-11-01","B DIVISION","JZ","2","peak","1,512","1,811","83.4897846%"
"2016-11-01","B DIVISION","L","1","offpeak","16,581","20,797","79.7278454%"
"2016-11-01","B DIVISION","L","2","offpeak","5,556","7,278","76.3396538%"
"2016-11-01","B DIVISION","L","1","peak","10,321","13,733","75.1547368%"
"2016-11-01","B DIVISION","L","2","peak","3,033","3,721","81.5103467%"
"2016-11-01","B DIVISION","M","1","offpeak","12,354","15,730","78.5378258%"
"2016-11-01","B DIVISION","M","2","offpeak","1,491","1,553","96.007727%"
"2016-11-01","B DIVISION","M","1","peak","7,291","10,001","72.9027097%"
"2016-11-01","B DIVISION","M","2","peak","784","813","96.4329643%"
"2016-11-01","B DIVISION","N","1","offpeak","12,978","16,563","78.3553704%"
"2016-11-01","B DIVISION","N","2","offpeak","4,275","5,358","79.787234%"
"2016-11-01","B DIVISION","N","1","peak","7,282","10,378","70.1676624%"
"2016-11-01","B DIVISION","N","2","peak","2,166","2,693","80.4307464%"
"2016-11-01","B DIVISION","Q","1","offpeak","8,739","11,329","77.1383176%"
"2016-11-01","B DIVISION","Q","2","offpeak","2,550","3,201","79.6626054%"
"2016-11-01","B DIVISION","Q","1","peak","4,810","6,849","70.2292305%"
"2016-11-01","B DIVISION","Q","2","peak","1,322","1,657","79.7827399%"
"2016-11-01","B DIVISION","R","1","offpeak","13,468","16,893","79.72533%"
"2016-11-01","B DIVISION","R","2","offpeak","3,866","5,009","77.1810741%"
"2016-11-01","B DIVISION","R","1","peak","8,481","11,474","73.9149381%"
"2016-11-01","B DIVISION","R","2","peak","2,029","2,609","77.7692603%"
"2016-11-01","B DIVISION","S Fkln","1","offpeak","1,840","1,877","98.0287693%"
"2016-11-01","B DIVISION","S Fkln","2","offpeak","648","651","99.5391705%"
"2016-11-01","B DIVISION","S Fkln","1","peak","1,063","1,072","99.1604478%"
"2016-11-01","B DIVISION","S Fkln","2","peak","353","353","100%"
"2016-11-01","B DIVISION","S Rock","1","offpeak","1,670","1,800","92.7777778%"
"2016-11-01","B DIVISION","S Rock","2","offpeak","490","509","96.2671906%"
"2016-11-01","B DIVISION","S Rock","1","peak","834","906","92.0529801%"
"2016-11-01","B DIVISION","S Rock","2","peak","270","274","98.540146%"
"2016-11-01","B DIVISION","W","1","offpeak","5,314","7,237","73.4282161%"
"2016-11-01","B DIVISION","W","1","peak","3,035","4,366","69.5144297%"
"2016-12-01","A DIVISION","1","1","offpeak","21,031","26,010","80.8573626%"
"2016-12-01","A DIVISION","1","2","offpeak","6,759","8,111","83.3312785%"
"2016-12-01","A DIVISION","1","1","peak","12,101","16,884","71.6714049%"
"2016-12-01","A DIVISION","1","2","peak","3,453","3,999","86.3465866%"
"2016-12-01","A DIVISION","2","1","offpeak","20,950","28,329","73.9524869%"
"2016-12-01","A DIVISION","2","2","offpeak","8,066","10,639","75.8153962%"
"2016-12-01","A DIVISION","2","1","peak","10,977","18,249","60.1512412%"
"2016-12-01","A DIVISION","2","2","peak","4,065","5,641","72.0616912%"
"2016-12-01","A DIVISION","3","1","offpeak","17,966","23,420","76.7122118%"
"2016-12-01","A DIVISION","3","2","offpeak","6,153","6,938","88.6855001%"
"2016-12-01","A DIVISION","3","1","peak","10,395","15,246","68.1818182%"
"2016-12-01","A DIVISION","3","2","peak","3,055","3,475","87.9136691%"
"2016-12-01","A DIVISION","4","1","offpeak","23,337","31,683","73.6577976%"
"2016-12-01","A DIVISION","4","2","offpeak","8,591","11,653","73.7235047%"
"2016-12-01","A DIVISION","4","1","peak","14,144","23,352","60.5686879%"
"2016-12-01","A DIVISION","4","2","peak","4,693","6,354","73.8589865%"
"2016-12-01","A DIVISION","5","1","offpeak","17,319","24,930","69.4705174%"
"2016-12-01","A DIVISION","5","2","offpeak","3,794","4,488","84.5365419%"
"2016-12-01","A DIVISION","5","1","peak","11,266","19,780","56.9565217%"
"2016-12-01","A DIVISION","5","2","peak","2,040","2,407","84.7528043%"
"2016-12-01","A DIVISION","6","1","offpeak","19,869","29,691","66.9192685%"
"2016-12-01","A DIVISION","6","2","offpeak","6,330","7,802","81.1330428%"
"2016-12-01","A DIVISION","6","1","peak","12,534","21,152","59.2568079%"
"2016-12-01","A DIVISION","6","2","peak","3,377","4,051","83.3621328%"
"2016-12-01","A DIVISION","7","1","offpeak","14,874","19,290","77.1073095%"
"2016-12-01","A DIVISION","7","2","offpeak","4,562","5,712","79.8669468%"
"2016-12-01","A DIVISION","7","1","peak","10,383","15,994","64.9180943%"
"2016-12-01","A DIVISION","7","2","peak","2,862","3,733","76.6675596%"
"2016-12-01","A DIVISION","S 42nd","1","offpeak","6,284","6,572","95.6177724%"
"2016-12-01","A DIVISION","S 42nd","2","offpeak","1,900","1,926","98.6500519%"
"2016-12-01","A DIVISION","S 42nd","1","peak","5,618","6,111","91.9325806%"
"2016-12-01","A DIVISION","S 42nd","2","peak","1,118","1,132","98.7632509%"
"2016-12-01","B DIVISION","A","1","offpeak","14,652","20,334","72.0566539%"
"2016-12-01","B DIVISION","A","2","offpeak","5,393","7,314","73.7353022%"
"2016-12-01","B DIVISION","A","1","peak","9,970","14,834","67.2104625%"
"2016-12-01","B DIVISION","A","2","peak","2,773","3,880","71.4690722%"
"2016-12-01","B DIVISION","B","1","offpeak","7,597","9,849","77.1347345%"
"2016-12-01","B DIVISION","B","1","peak","5,492","7,865","69.8283535%"
"2016-12-01","B DIVISION","C","1","offpeak","9,176","12,414","73.9165458%"
"2016-12-01","B DIVISION","C","2","offpeak","4,020","4,997","80.448269%"
"2016-12-01","B DIVISION","C","1","peak","5,456","7,689","70.9585122%"
"2016-12-01","B DIVISION","C","2","peak","2,159","2,714","79.550479%"
"2016-12-01","B DIVISION","D","1","offpeak","10,897","14,114","77.2070285%"
"2016-12-01","B DIVISION","D","2","offpeak","4,447","5,397","82.3976283%"
"2016-12-01","B DIVISION","D","1","peak","6,686","9,124","73.2792635%"
"2016-12-01","B DIVISION","D","2","peak","2,197","2,762","79.5438088%"
"2016-12-01","B DIVISION","E","1","offpeak","11,809","16,146","73.1388579%"
"2016-12-01","B DIVISION","E","2","offpeak","3,874","4,688","82.6365188%"
"2016-12-01","B DIVISION","E","1","peak","7,377","10,990","67.1246588%"
"2016-12-01","B DIVISION","E","2","peak","2,065","2,443","84.5272206%"
"2016-12-01","B DIVISION","F","1","offpeak","19,922","27,266","73.0653561%"
"2016-12-01","B DIVISION","F","2","offpeak","5,210","6,656","78.2752404%"
"2016-12-01","B DIVISION","F","1","peak","12,980","19,035","68.190176%"
"2016-12-01","B DIVISION","F","2","peak","2,638","3,399","77.6110621%"
"2016-12-01","B DIVISION","G","1","offpeak","9,599","11,437","83.9293521%"
"2016-12-01","B DIVISION","G","2","offpeak","3,281","3,886","84.4312918%"
"2016-12-01","B DIVISION","G","1","peak","5,637","7,049","79.9687899%"
"2016-12-01","B DIVISION","G","2","peak","1,733","2,094","82.7602674%"
"2016-12-01","B DIVISION","JZ","1","offpeak","8,871","11,120","79.7751799%"
"2016-12-01","B DIVISION","JZ","2","offpeak","3,566","4,153","85.8656393%"
"2016-12-01","B DIVISION","JZ","1","peak","5,574","7,960","70.0251256%"
"2016-12-01","B DIVISION","JZ","2","peak","1,799","2,226","80.8176101%"
"2016-12-01","B DIVISION","L","1","offpeak","18,378","23,755","77.3647653%"
"2016-12-01","B DIVISION","L","2","offpeak","7,472","9,334","80.0514249%"
"2016-12-01","B DIVISION","L","1","peak","11,096","14,431","76.8900284%"
"2016-12-01","B DIVISION","L","2","peak","3,868","4,756","81.3288478%"
"2016-12-01","B DIVISION","M","1","offpeak","12,455","16,285","76.4814246%"
"2016-12-01","B DIVISION","M","2","offpeak","1,433","1,543","92.8710305%"
"2016-12-01","B DIVISION","M","1","peak","7,049","9,955","70.8086389%"
"2016-12-01","B DIVISION","M","2","peak","714","770","92.7272727%"
"2016-12-01","B DIVISION","N","1","offpeak","13,119","17,149","76.5000875%"
"2016-12-01","B DIVISION","N","2","offpeak","4,927","6,330","77.835703%"
"2016-12-01","B DIVISION","N","1","peak","7,624","10,981","69.4290138%"
"2016-12-01","B DIVISION","N","2","peak","2,554","3,162","80.7716635%"
"2016-12-01","B DIVISION","Q","1","offpeak","8,082","10,380","77.8612717%"
"2016-12-01","B DIVISION","Q","2","offpeak","3,097","3,962","78.1675921%"
"2016-12-01","B DIVISION","Q","1","peak","4,463","6,305","70.7850912%"
"2016-12-01","B DIVISION","Q","2","peak","1,643","2,045","80.3422983%"
"2016-12-01","B DIVISION","R","1","offpeak","13,408","17,381","77.1417065%"
"2016-12-01","B DIVISION","R","2","offpeak","4,386","5,981","73.3322187%"
"2016-12-01","B DIVISION","R","1","peak","8,156","11,904","68.5147849%"
"2016-12-01","B DIVISION","R","2","peak","2,446","3,151","77.6261504%"
"2016-12-01","B DIVISION","S Fkln","1","offpeak","1,747","1,796","97.2717149%"
"2016-12-01","B DIVISION","S Fkln","2","offpeak","888","895","99.2178771%"
"2016-12-01","B DIVISION","S Fkln","1","peak","998","1,022","97.6516634%"
"2016-12-01","B DIVISION","S Fkln","2","peak","485","491","98.7780041%"
"2016-12-01","B DIVISION","S Rock","1","offpeak","1,708","1,813","94.2084942%"
"2016-12-01","B DIVISION","S Rock","2","offpeak","652","692","94.2196532%"
"2016-12-01","B DIVISION","S Rock","1","peak","853","918","92.91939%"
"2016-12-01","B DIVISION","S Rock","2","peak","333","375","88.8%"
"2016-12-01","B DIVISION","W","1","offpeak","5,926","8,232","71.9873664%"
"2016-12-01","B DIVISION","W","1","peak","4,084","5,803","70.377391%"
"2017-01-01","A DIVISION","1","1","offpeak","21,374","26,096","81.9052728%"
"2017-01-01","A DIVISION","1","2","offpeak","4,994","5,984","83.4558824%"
"2017-01-01","A DIVISION","1","1","peak","12,520","16,777","74.625976%"
"2017-01-01","A DIVISION","1","2","peak","2,542","2,907","87.4441004%"
"2017-01-01","A DIVISION","2","1","offpeak","20,650","28,321","72.914092%"
"2017-01-01","A DIVISION","2","2","offpeak","6,166","9,048","68.1476569%"
"2017-01-01","A DIVISION","2","1","peak","10,868","18,186","59.7602551%"
"2017-01-01","A DIVISION","2","2","peak","3,259","4,670","69.7858672%"
"2017-01-01","A DIVISION","3","1","offpeak","18,057","23,652","76.3444952%"
"2017-01-01","A DIVISION","3","2","offpeak","5,026","6,226","80.7259878%"
"2017-01-01","A DIVISION","3","1","peak","10,178","15,219","66.8769302%"
"2017-01-01","A DIVISION","3","2","peak","2,575","3,107","82.8773737%"
"2017-01-01","A DIVISION","4","1","offpeak","21,950","30,932","70.9621104%"
"2017-01-01","A DIVISION","4","2","offpeak","5,600","7,649","73.2121846%"
"2017-01-01","A DIVISION","4","1","peak","13,799","23,172","59.5503194%"
"2017-01-01","A DIVISION","4","2","peak","2,986","4,044","73.8377844%"
"2017-01-01","A DIVISION","5","1","offpeak","16,457","24,449","67.3115465%"
"2017-01-01","A DIVISION","5","2","offpeak","2,476","3,247","76.2550046%"
"2017-01-01","A DIVISION","5","1","peak","10,887","19,673","55.3398058%"
"2017-01-01","A DIVISION","5","2","peak","1,336","1,672","79.9043062%"
"2017-01-01","A DIVISION","6","1","offpeak","21,093","29,739","70.9270655%"
"2017-01-01","A DIVISION","6","2","offpeak","5,856","7,073","82.7937226%"
"2017-01-01","A DIVISION","6","1","peak","12,947","21,017","61.6025123%"
"2017-01-01","A DIVISION","6","2","peak","3,148","3,685","85.4274084%"
"2017-01-01","A DIVISION","7","1","offpeak","14,799","19,118","77.4087248%"
"2017-01-01","A DIVISION","7","2","offpeak","3,851","4,694","82.0409033%"
"2017-01-01","A DIVISION","7","1","peak","10,580","15,771","67.0851563%"
"2017-01-01","A DIVISION","7","2","peak","2,110","2,493","84.6369836%"
"2017-01-01","A DIVISION","S 42nd","1","offpeak","6,254","6,570","95.1902588%"
"2017-01-01","A DIVISION","S 42nd","2","offpeak","1,669","1,700","98.1764706%"
"2017-01-01","A DIVISION","S 42nd","1","peak","5,560","6,111","90.9834724%"
"2017-01-01","A DIVISION","S 42nd","2","peak","960","992","96.7741935%"
"2017-01-01","B DIVISION","A","1","offpeak","14,765","20,352","72.5481525%"
"2017-01-01","B DIVISION","A","2","offpeak","5,691","7,507","75.8092447%"
"2017-01-01","B DIVISION","A","1","peak","9,967","14,749","67.5774629%"
"2017-01-01","B DIVISION","A","2","peak","2,974","3,982","74.6860874%"
"2017-01-01","B DIVISION","B","1","offpeak","7,609","9,857","77.1938724%"
"2017-01-01","B DIVISION","B","1","peak","5,568","7,953","70.0113165%"
"2017-01-01","B DIVISION","C","1","offpeak","9,095","12,252","74.2327783%"
"2017-01-01","B DIVISION","C","2","offpeak","1,698","2,074","81.8707811%"
"2017-01-01","B DIVISION","C","1","peak","5,291","7,613","69.4995403%"
"2017-01-01","B DIVISION","C","2","peak","998","1,159","86.1087144%"
"2017-01-01","B DIVISION","D","1","offpeak","10,981","14,109","77.8297541%"
"2017-01-01","B DIVISION","D","2","offpeak","4,389","5,440","80.6801471%"
"2017-01-01","B DIVISION","D","1","peak","6,466","8,983","71.9804074%"
"2017-01-01","B DIVISION","D","2","peak","2,216","2,814","78.7491116%"
"2017-01-01","B DIVISION","E","1","offpeak","11,796","16,454","71.6907743%"
"2017-01-01","B DIVISION","E","2","offpeak","1,915","2,315","82.7213823%"
"2017-01-01","B DIVISION","E","1","peak","7,580","11,132","68.0919871%"
"2017-01-01","B DIVISION","E","2","peak","1,004","1,155","86.9264069%"
"2017-01-01","B DIVISION","F","1","offpeak","19,325","27,126","71.2416132%"
"2017-01-01","B DIVISION","F","2","offpeak","4,037","5,169","78.1002128%"
"2017-01-01","B DIVISION","F","1","peak","12,902","18,745","68.8290211%"
"2017-01-01","B DIVISION","F","2","peak","2,017","2,555","78.9432485%"
"2017-01-01","B DIVISION","G","1","offpeak","9,485","11,433","82.9616024%"
"2017-01-01","B DIVISION","G","2","offpeak","3,589","4,205","85.3507729%"
"2017-01-01","B DIVISION","G","1","peak","5,520","7,048","78.3200908%"
"2017-01-01","B DIVISION","G","2","peak","1,779","2,161","82.3229986%"
"2017-01-01","B DIVISION","JZ","1","offpeak","9,242","11,283","81.9108393%"
"2017-01-01","B DIVISION","JZ","2","offpeak","3,471","3,971","87.4087132%"
"2017-01-01","B DIVISION","JZ","1","peak","5,761","8,116","70.983243%"
"2017-01-01","B DIVISION","JZ","2","peak","1,757","2,020","86.980198%"
"2017-01-01","B DIVISION","L","1","offpeak","18,990","23,648","80.302774%"
"2017-01-01","B DIVISION","L","2","offpeak","3,800","4,295","88.4749709%"
"2017-01-01","B DIVISION","L","1","peak","10,801","14,411","74.9496912%"
"2017-01-01","B DIVISION","L","2","peak","1,929","2,101","91.8134222%"
"2017-01-01","B DIVISION","M","1","offpeak","12,278","16,173","75.9166512%"
"2017-01-01","B DIVISION","M","2","offpeak","1,973","2,076","95.0385356%"
"2017-01-01","B DIVISION","M","1","peak","7,065","9,993","70.6994896%"
"2017-01-01","B DIVISION","M","2","peak","1,024","1,096","93.4306569%"
"2017-01-01","B DIVISION","N","1","offpeak","13,170","17,338","75.9603184%"
"2017-01-01","B DIVISION","N","2","offpeak","4,955","6,473","76.5487409%"
"2017-01-01","B DIVISION","N","1","peak","7,618","10,798","70.5501019%"
"2017-01-01","B DIVISION","N","2","peak","2,539","3,200","79.34375%"
"2017-01-01","B DIVISION","Q","1","offpeak","10,297","13,469","76.4496251%"
"2017-01-01","B DIVISION","Q","2","offpeak","4,327","5,238","82.6078656%"
"2017-01-01","B DIVISION","Q","1","peak","5,956","8,093","73.5944644%"
"2017-01-01","B DIVISION","Q","2","peak","2,219","2,741","80.9558555%"
"2017-01-01","B DIVISION","R","1","offpeak","13,406","17,585","76.2354279%"
"2017-01-01","B DIVISION","R","2","offpeak","4,477","5,992","74.7162884%"
"2017-01-01","B DIVISION","R","1","peak","8,468","11,848","71.4719784%"
"2017-01-01","B DIVISION","R","2","peak","2,286","2,998","76.2508339%"
"2017-01-01","B DIVISION","S Fkln","1","offpeak","1,916","1,927","99.4291645%"
"2017-01-01","B DIVISION","S Fkln","2","offpeak","902","909","99.229923%"
"2017-01-01","B DIVISION","S Fkln","1","peak","1,091","1,092","99.9084249%"
"2017-01-01","B DIVISION","S Fkln","2","peak","514","520","98.8461538%"
"2017-01-01","B DIVISION","S Rock","1","offpeak","1,746","1,822","95.8287596%"
"2017-01-01","B DIVISION","S Rock","2","offpeak","641","677","94.6824225%"
"2017-01-01","B DIVISION","S Rock","1","peak","871","917","94.9836423%"
"2017-01-01","B DIVISION","S Rock","2","peak","341","368","92.6630435%"
"2017-01-01","B DIVISION","W","1","offpeak","6,430","9,431","68.1794083%"
"2017-01-01","B DIVISION","W","1","peak","3,993","5,782","69.0591491%"
"2017-02-01","A DIVISION","1","1","offpeak","17,757","23,367","75.9917833%"
"2017-02-01","A DIVISION","1","2","offpeak","3,295","4,176","78.9032567%"
"2017-02-01","A DIVISION","1","1","peak","10,624","15,266","69.5925586%"
"2017-02-01","A DIVISION","1","2","peak","1,511","2,023","74.6910529%"
"2017-02-01","A DIVISION","2","1","offpeak","17,947","25,607","70.0863045%"
"2017-02-01","A DIVISION","2","2","offpeak","6,062","8,426","71.9439829%"
"2017-02-01","A DIVISION","2","1","peak","10,236","16,399","62.4184401%"
"2017-02-01","A DIVISION","2","2","peak","3,200","4,344","73.664825%"
"2017-02-01","A DIVISION","3","1","offpeak","15,969","21,290","75.0070456%"
"2017-02-01","A DIVISION","3","2","offpeak","5,297","6,670","79.4152924%"
"2017-02-01","A DIVISION","3","1","peak","9,222","13,686","67.3827269%"
"2017-02-01","A DIVISION","3","2","peak","2,702","3,373","80.1067299%"
"2017-02-01","A DIVISION","4","1","offpeak","20,642","28,397","72.6907772%"
"2017-02-01","A DIVISION","4","2","offpeak","4,992","6,630","75.2941176%"
"2017-02-01","A DIVISION","4","1","peak","13,001","21,128","61.5344566%"
"2017-02-01","A DIVISION","4","2","peak","2,683","3,563","75.301712%"
"2017-02-01","A DIVISION","5","1","offpeak","14,950","22,331","66.947293%"
"2017-02-01","A DIVISION","5","2","offpeak","2,668","3,291","81.0695837%"
"2017-02-01","A DIVISION","5","1","peak","10,209","17,898","57.0398927%"
"2017-02-01","A DIVISION","5","2","peak","1,486","1,780","83.4831461%"
"2017-02-01","A DIVISION","6","1","offpeak","18,757","26,572","70.5893422%"
"2017-02-01","A DIVISION","6","2","offpeak","5,249","6,340","82.7917981%"
"2017-02-01","A DIVISION","6","1","peak","11,786","19,033","61.9240267%"
"2017-02-01","A DIVISION","6","2","peak","2,921","3,304","88.4079903%"
"2017-02-01","A DIVISION","7","1","offpeak","13,048","17,409","74.9497386%"
"2017-02-01","A DIVISION","7","2","offpeak","3,484","4,115","84.6658566%"
"2017-02-01","A DIVISION","7","1","peak","9,084","14,252","63.7384227%"
"2017-02-01","A DIVISION","7","2","peak","1,850","2,134","86.6916589%"
"2017-02-01","A DIVISION","S 42nd","1","offpeak","5,489","5,942","92.3763043%"
"2017-02-01","A DIVISION","S 42nd","2","offpeak","1,527","1,695","90.0884956%"
"2017-02-01","A DIVISION","S 42nd","1","peak","4,908","5,529","88.7683125%"
"2017-02-01","A DIVISION","S 42nd","2","peak","911","992","91.8346774%"
"2017-02-01","B DIVISION","A","1","offpeak","12,895","18,395","70.1005708%"
"2017-02-01","B DIVISION","A","2","offpeak","4,613","5,958","77.4253105%"
"2017-02-01","B DIVISION","A","1","peak","8,894","13,494","65.9107752%"
"2017-02-01","B DIVISION","A","2","peak","2,449","3,145","77.8696343%"
"2017-02-01","B DIVISION","B","1","offpeak","6,627","8,502","77.9463656%"
"2017-02-01","B DIVISION","B","1","peak","5,303","7,245","73.1953071%"
"2017-02-01","B DIVISION","C","1","offpeak","8,098","10,946","73.9813631%"
"2017-02-01","B DIVISION","C","2","offpeak","2,982","3,659","81.497677%"
"2017-02-01","B DIVISION","C","1","peak","4,800","6,815","70.4328687%"
"2017-02-01","B DIVISION","C","2","peak","1,684","2,066","81.5101646%"
"2017-02-01","B DIVISION","D","1","offpeak","9,071","11,900","76.2268908%"
"2017-02-01","B DIVISION","D","2","offpeak","2,031","2,478","81.9612591%"
"2017-02-01","B DIVISION","D","1","peak","5,658","7,931","71.3403102%"
"2017-02-01","B DIVISION","D","2","peak","1,068","1,268","84.2271293%"
"2017-02-01","B DIVISION","E","1","offpeak","11,098","15,171","73.1527256%"
"2017-02-01","B DIVISION","E","2","offpeak","2,925","3,471","84.2696629%"
"2017-02-01","B DIVISION","E","1","peak","7,311","10,524","69.4697834%"
"2017-02-01","B DIVISION","E","2","peak","1,492","1,742","85.6486797%"
"2017-02-01","B DIVISION","F","1","offpeak","17,630","24,019","73.4002248%"
"2017-02-01","B DIVISION","F","2","offpeak","2,867","3,504","81.8207763%"
"2017-02-01","B DIVISION","F","1","peak","12,136","17,166","70.6978912%"
"2017-02-01","B DIVISION","F","2","peak","1,503","1,786","84.1545353%"
"2017-02-01","B DIVISION","G","1","offpeak","8,473","10,080","84.0575397%"
"2017-02-01","B DIVISION","G","2","offpeak","3,259","3,692","88.2719393%"
"2017-02-01","B DIVISION","G","1","peak","5,044","6,281","80.3056838%"
"2017-02-01","B DIVISION","G","2","peak","1,714","1,974","86.8287741%"
"2017-02-01","B DIVISION","JZ","1","offpeak","8,084","9,880","81.8218623%"
"2017-02-01","B DIVISION","JZ","2","offpeak","2,978","3,275","90.9312977%"
"2017-02-01","B DIVISION","JZ","1","peak","5,258","7,298","72.0471362%"
"2017-02-01","B DIVISION","JZ","2","peak","1,561","1,753","89.0473474%"
"2017-02-01","B DIVISION","L","1","offpeak","16,996","21,203","80.1584681%"
"2017-02-01","B DIVISION","L","2","offpeak","5,268","6,987","75.3971662%"
"2017-02-01","B DIVISION","L","1","peak","9,961","13,067","76.2301982%"
"2017-02-01","B DIVISION","L","2","peak","2,652","3,525","75.2340426%"
"2017-02-01","B DIVISION","M","1","offpeak","11,097","14,418","76.9662921%"
"2017-02-01","B DIVISION","M","2","offpeak","1,853","2,085","88.8729017%"
"2017-02-01","B DIVISION","M","1","peak","6,808","9,293","73.2594426%"
"2017-02-01","B DIVISION","M","2","peak","997","1,122","88.85918%"
"2017-02-01","B DIVISION","N","1","offpeak","11,475","15,071","76.1396059%"
"2017-02-01","B DIVISION","N","2","offpeak","3,973","4,785","83.030303%"
"2017-02-01","B DIVISION","N","1","peak","6,627","9,419","70.3577875%"
"2017-02-01","B DIVISION","N","2","peak","1,982","2,352","84.2687075%"
"2017-02-01","B DIVISION","Q","1","offpeak","9,490","12,378","76.6682824%"
"2017-02-01","B DIVISION","Q","2","offpeak","3,831","4,810","79.6465696%"
"2017-02-01","B DIVISION","Q","1","peak","5,733","7,443","77.025393%"
"2017-02-01","B DIVISION","Q","2","peak","2,119","2,502","84.6922462%"
"2017-02-01","B DIVISION","R","1","offpeak","12,131","15,309","79.2409694%"
"2017-02-01","B DIVISION","R","2","offpeak","4,081","5,044","80.9080095%"
"2017-02-01","B DIVISION","R","1","peak","7,560","10,299","73.405185%"
"2017-02-01","B DIVISION","R","2","peak","2,089","2,587","80.7499034%"
"2017-02-01","B DIVISION","S Fkln","1","offpeak","1,699","1,716","99.009324%"
"2017-02-01","B DIVISION","S Fkln","2","offpeak","721","727","99.1746905%"
"2017-02-01","B DIVISION","S Fkln","1","peak","992","997","99.4984955%"
"2017-02-01","B DIVISION","S Fkln","2","peak","405","406","99.7536946%"
"2017-02-01","B DIVISION","S Rock","1","offpeak","1,537","1,653","92.9824561%"
"2017-02-01","B DIVISION","S Rock","2","offpeak","557","578","96.366782%"
"2017-02-01","B DIVISION","S Rock","1","peak","764","826","92.4939467%"
"2017-02-01","B DIVISION","S Rock","2","peak","308","314","98.089172%"
"2017-02-01","B DIVISION","W","1","offpeak","5,296","7,281","72.7372614%"
"2017-02-01","B DIVISION","W","1","peak","3,516","5,127","68.5781159%"
"2017-03-01","A DIVISION","1","1","offpeak","22,435","27,284","82.2276792%"
"2017-03-01","A DIVISION","1","2","offpeak","3,184","5,308","59.9849284%"
"2017-03-01","A DIVISION","1","1","peak","12,548","17,683","70.9608098%"
"2017-03-01","A DIVISION","1","2","peak","1,602","2,551","62.7989024%"
"2017-03-01","A DIVISION","2","1","offpeak","21,306","29,639","71.8850164%"
"2017-03-01","A DIVISION","2","2","offpeak","5,064","7,347","68.9260923%"
"2017-03-01","A DIVISION","2","1","peak","11,473","18,677","61.4284949%"
"2017-03-01","A DIVISION","2","2","peak","2,540","3,660","69.3989071%"
"2017-03-01","A DIVISION","3","1","offpeak","18,486","24,392","75.7871433%"
"2017-03-01","A DIVISION","3","2","offpeak","4,534","6,009","75.4534864%"
"2017-03-01","A DIVISION","3","1","peak","10,241","15,704","65.2126847%"
"2017-03-01","A DIVISION","3","2","peak","2,289","2,961","77.3049645%"
"2017-03-01","A DIVISION","4","1","offpeak","24,392","33,176","73.5230287%"
"2017-03-01","A DIVISION","4","2","offpeak","5,697","8,171","69.7221882%"
"2017-03-01","A DIVISION","4","1","peak","14,644","24,464","59.8593852%"
"2017-03-01","A DIVISION","4","2","peak","2,943","4,425","66.5084746%"
"2017-03-01","A DIVISION","5","1","offpeak","17,650","26,051","67.7517178%"
"2017-03-01","A DIVISION","5","2","offpeak","634","781","81.177977%"
"2017-03-01","A DIVISION","5","1","peak","11,315","20,575","54.9939247%"
"2017-03-01","A DIVISION","5","2","peak","360","410","87.804878%"
"2017-03-01","A DIVISION","6","1","offpeak","21,981","31,008","70.8881579%"
"2017-03-01","A DIVISION","6","2","offpeak","5,258","6,323","83.1567294%"
"2017-03-01","A DIVISION","6","1","peak","13,692","22,171","61.7563484%"
"2017-03-01","A DIVISION","6","2","peak","2,799","3,304","84.7154964%"
"2017-03-01","A DIVISION","7","1","offpeak","14,670","19,862","73.8596315%"
"2017-03-01","A DIVISION","7","2","offpeak","2,243","2,561","87.5829754%"
"2017-03-01","A DIVISION","7","1","peak","10,528","16,423","64.1052183%"
"2017-03-01","A DIVISION","7","2","peak","1,226","1,348","90.9495549%"
"2017-03-01","A DIVISION","S 42nd","1","offpeak","6,000","7,036","85.2757248%"
"2017-03-01","A DIVISION","S 42nd","2","offpeak","1,666","1,703","97.8273635%"
"2017-03-01","A DIVISION","S 42nd","1","peak","5,234","6,631","78.9322877%"
"2017-03-01","A DIVISION","S 42nd","2","peak","972","992","97.983871%"
"2017-03-01","B DIVISION","A","1","offpeak","14,861","21,119","70.3679151%"
"2017-03-01","B DIVISION","A","2","offpeak","3,698","5,078","72.8239464%"
"2017-03-01","B DIVISION","A","1","peak","10,360","15,612","66.3592109%"
"2017-03-01","B DIVISION","A","2","peak","1,887","2,626","71.8583397%"
"2017-03-01","B DIVISION","B","1","offpeak","7,734","10,032","77.0933014%"
"2017-03-01","B DIVISION","B","1","peak","5,945","8,421","70.5973162%"
"2017-03-01","B DIVISION","C","1","offpeak","9,712","12,874","75.438869%"
"2017-03-01","B DIVISION","C","2","offpeak","1,675","2,108","79.459203%"
"2017-03-01","B DIVISION","C","1","peak","5,785","8,026","72.0782457%"
"2017-03-01","B DIVISION","C","2","peak","946","1,196","79.09699%"
"2017-03-01","B DIVISION","D","1","offpeak","11,248","14,587","77.1097553%"
"2017-03-01","B DIVISION","D","2","offpeak","3,896","5,028","77.486078%"
"2017-03-01","B DIVISION","D","1","peak","6,857","9,423","72.7687573%"
"2017-03-01","B DIVISION","D","2","peak","2,015","2,652","75.9803922%"
"2017-03-01","B DIVISION","E","1","offpeak","12,335","16,891","73.0270558%"
"2017-03-01","B DIVISION","E","2","offpeak","2,921","3,575","81.7062937%"
"2017-03-01","B DIVISION","E","1","peak","7,950","11,796","67.3957274%"
"2017-03-01","B DIVISION","E","2","peak","1,496","1,808","82.7433628%"
"2017-03-01","B DIVISION","F","1","offpeak","20,376","28,123","72.4531522%"
"2017-03-01","B DIVISION","F","2","offpeak","4,692","5,912","79.3640054%"
"2017-03-01","B DIVISION","F","1","peak","13,616","19,799","68.7711501%"
"2017-03-01","B DIVISION","F","2","peak","2,399","3,063","78.3219066%"
"2017-03-01","B DIVISION","G","1","offpeak","9,863","11,894","82.9241634%"
"2017-03-01","B DIVISION","G","2","offpeak","3,266","3,674","88.8949374%"
"2017-03-01","B DIVISION","G","1","peak","5,949","7,524","79.0669856%"
"2017-03-01","B DIVISION","G","2","peak","1,636","1,894","86.3780359%"
"2017-03-01","B DIVISION","JZ","1","offpeak","8,832","11,274","78.3395423%"
"2017-03-01","B DIVISION","JZ","2","offpeak","3,152","3,562","88.4896126%"
"2017-03-01","B DIVISION","JZ","1","peak","5,595","8,025","69.7196262%"
"2017-03-01","B DIVISION","JZ","2","peak","1,626","1,877","86.6275972%"
"2017-03-01","B DIVISION","L","1","offpeak","19,197","23,913","80.2785096%"
"2017-03-01","B DIVISION","L","2","offpeak","6,578","8,211","80.1120448%"
"2017-03-01","B DIVISION","L","1","peak","11,505","15,120","76.0912698%"
"2017-03-01","B DIVISION","L","2","peak","3,477","4,145","83.8841978%"
"2017-03-01","B DIVISION","M","1","offpeak","12,824","16,718","76.7077402%"
"2017-03-01","B DIVISION","M","2","offpeak","870","904","96.2389381%"
"2017-03-01","B DIVISION","M","1","peak","7,556","10,447","72.3269838%"
"2017-03-01","B DIVISION","M","2","peak","455","487","93.4291581%"
"2017-03-01","B DIVISION","N","1","offpeak","13,449","17,952","74.9164439%"
"2017-03-01","B DIVISION","N","2","offpeak","4,225","5,393","78.3422956%"
"2017-03-01","B DIVISION","N","1","peak","7,980","11,309","70.5632682%"
"2017-03-01","B DIVISION","N","2","peak","2,141","2,717","78.8001472%"
"2017-03-01","B DIVISION","Q","1","offpeak","10,488","14,102","74.3724294%"
"2017-03-01","B DIVISION","Q","2","offpeak","4,049","4,724","85.7112616%"
"2017-03-01","B DIVISION","Q","1","peak","6,225","8,466","73.5294118%"
"2017-03-01","B DIVISION","Q","2","peak","2,096","2,459","85.2379016%"
"2017-03-01","B DIVISION","R","1","offpeak","13,942","17,771","78.4536605%"
"2017-03-01","B DIVISION","R","2","offpeak","4,293","5,188","82.7486507%"
"2017-03-01","B DIVISION","R","1","peak","8,665","12,083","71.7123231%"
"2017-03-01","B DIVISION","R","2","peak","2,260","2,663","84.8666917%"
"2017-03-01","B DIVISION","S Fkln","1","offpeak","1,835","1,874","97.9188901%"
"2017-03-01","B DIVISION","S Fkln","2","offpeak","759","768","98.828125%"
"2017-03-01","B DIVISION","S Fkln","1","peak","1,049","1,057","99.243141%"
"2017-03-01","B DIVISION","S Fkln","2","peak","432","436","99.0825688%"
"2017-03-01","B DIVISION","S Rock","1","offpeak","1,765","1,890","93.3862434%"
"2017-03-01","B DIVISION","S Rock","2","offpeak","538","545","98.7155963%"
"2017-03-01","B DIVISION","S Rock","1","peak","913","961","95.0052029%"
"2017-03-01","B DIVISION","S Rock","2","peak","281","288","97.5694444%"
"2017-03-01","B DIVISION","W","1","offpeak","5,859","8,759","66.8911976%"
"2017-03-01","B DIVISION","W","1","peak","4,081","6,056","67.3877147%"
"2017-04-01","A DIVISION","1","1","offpeak","19,993","24,889","80.3286592%"
"2017-04-01","A DIVISION","1","2","offpeak","5,917","7,211","82.0551935%"
"2017-04-01","A DIVISION","1","1","peak","12,062","16,080","75.0124378%"
"2017-04-01","A DIVISION","1","2","peak","2,927","3,482","84.0608845%"
"2017-04-01","A DIVISION","2","1","offpeak","19,504","26,937","72.4059843%"
"2017-04-01","A DIVISION","2","2","offpeak","6,653","8,870","75.005637%"
"2017-04-01","A DIVISION","2","1","peak","10,730","17,175","62.4745269%"
"2017-04-01","A DIVISION","2","2","peak","3,550","4,492","79.0293856%"
"2017-04-01","A DIVISION","3","1","offpeak","17,103","22,270","76.7983835%"
"2017-04-01","A DIVISION","3","2","offpeak","6,229","7,219","86.2861892%"
"2017-04-01","A DIVISION","3","1","peak","9,986","14,395","69.3713095%"
"2017-04-01","A DIVISION","3","2","peak","3,098","3,603","85.9839023%"
"2017-04-01","A DIVISION","4","1","offpeak","21,805","30,055","72.5503244%"
"2017-04-01","A DIVISION","4","2","offpeak","6,123","8,219","74.4981141%"
"2017-04-01","A DIVISION","4","1","peak","13,319","22,240","59.8875899%"
"2017-04-01","A DIVISION","4","2","peak","3,154","4,441","71.0200405%"
"2017-04-01","A DIVISION","5","1","offpeak","16,241","23,796","68.2509665%"
"2017-04-01","A DIVISION","5","2","offpeak","1,855","2,349","78.9697744%"
"2017-04-01","A DIVISION","5","1","peak","10,633","18,837","56.4474173%"
"2017-04-01","A DIVISION","5","2","peak","973","1,252","77.715655%"
"2017-04-01","A DIVISION","6","1","offpeak","20,484","27,858","73.5300452%"
"2017-04-01","A DIVISION","6","2","offpeak","6,465","7,923","81.5978796%"
"2017-04-01","A DIVISION","6","1","peak","12,876","20,147","63.9102596%"
"2017-04-01","A DIVISION","6","2","peak","3,392","4,130","82.1307506%"
"2017-04-01","A DIVISION","7","1","offpeak","13,563","18,336","73.9692408%"
"2017-04-01","A DIVISION","7","2","offpeak","4,667","5,956","78.3579584%"
"2017-04-01","A DIVISION","7","1","peak","9,340","14,885","62.7477326%"
"2017-04-01","A DIVISION","7","2","peak","2,716","3,589","75.6756757%"
"2017-04-01","A DIVISION","S 42nd","1","offpeak","5,247","5,419","96.8259827%"
"2017-04-01","A DIVISION","S 42nd","2","offpeak","2,092","2,130","98.2159624%"
"2017-04-01","A DIVISION","S 42nd","1","peak","4,117","4,580","89.8908297%"
"2017-04-01","A DIVISION","S 42nd","2","peak","1,225","1,240","98.7903226%"
"2017-04-01","B DIVISION","A","1","offpeak","13,964","19,665","71.0094076%"
"2017-04-01","B DIVISION","A","2","offpeak","5,524","7,171","77.032492%"
"2017-04-01","B DIVISION","A","1","peak","9,547","14,287","66.8229859%"
"2017-04-01","B DIVISION","A","2","peak","2,975","3,740","79.5454545%"
"2017-04-01","B DIVISION","B","1","offpeak","7,100","9,151","77.5871489%"
"2017-04-01","B DIVISION","B","1","peak","5,319","7,410","71.7813765%"
"2017-04-01","B DIVISION","C","1","offpeak","8,765","11,796","74.3048491%"
"2017-04-01","B DIVISION","C","2","offpeak","3,422","4,246","80.5934998%"
"2017-04-01","B DIVISION","C","1","peak","5,245","7,237","72.4747824%"
"2017-04-01","B DIVISION","C","2","peak","1,951","2,358","82.7396098%"
"2017-04-01","B DIVISION","D","1","offpeak","9,923","13,468","73.6783487%"
"2017-04-01","B DIVISION","D","2","offpeak","3,836","4,840","79.2561983%"
"2017-04-01","B DIVISION","D","1","peak","6,163","8,603","71.6378008%"
"2017-04-01","B DIVISION","D","2","peak","1,987","2,467","80.5431698%"
"2017-04-01","B DIVISION","E","1","offpeak","11,369","15,832","71.8102577%"
"2017-04-01","B DIVISION","E","2","offpeak","2,210","2,729","80.9820447%"
"2017-04-01","B DIVISION","E","1","peak","7,481","10,908","68.5826916%"
"2017-04-01","B DIVISION","E","2","peak","1,172","1,346","87.0728083%"
"2017-04-01","B DIVISION","F","1","offpeak","18,244","25,638","71.1599969%"
"2017-04-01","B DIVISION","F","2","offpeak","5,639","7,089","79.5457751%"
"2017-04-01","B DIVISION","F","1","peak","12,328","17,823","69.1690512%"
"2017-04-01","B DIVISION","F","2","peak","2,893","3,596","80.4505006%"
"2017-04-01","B DIVISION","G","1","offpeak","9,137","10,886","83.9334926%"
"2017-04-01","B DIVISION","G","2","offpeak","3,562","4,081","87.2825288%"
"2017-04-01","B DIVISION","G","1","peak","5,361","6,812","78.6993541%"
"2017-04-01","B DIVISION","G","2","peak","1,936","2,169","89.2577225%"
"2017-04-01","B DIVISION","JZ","1","offpeak","8,488","10,814","78.4908452%"
"2017-04-01","B DIVISION","JZ","2","offpeak","4,008","4,539","88.301388%"
"2017-04-01","B DIVISION","JZ","1","peak","5,599","7,773","72.0313907%"
"2017-04-01","B DIVISION","JZ","2","peak","2,090","2,422","86.2923204%"
"2017-04-01","B DIVISION","L","1","offpeak","17,786","22,198","80.1243355%"
"2017-04-01","B DIVISION","L","2","offpeak","7,197","9,206","78.1772757%"
"2017-04-01","B DIVISION","L","1","peak","10,291","13,672","75.2706261%"
"2017-04-01","B DIVISION","L","2","peak","3,700","4,668","79.2630677%"
"2017-04-01","B DIVISION","M","1","offpeak","11,090","14,553","76.2042191%"
"2017-04-01","B DIVISION","M","2","offpeak","1,233","1,340","92.0149254%"
"2017-04-01","B DIVISION","M","1","peak","6,841","9,695","70.5621454%"
"2017-04-01","B DIVISION","M","2","peak","677","726","93.2506887%"
"2017-04-01","B DIVISION","N","1","offpeak","12,422","16,669","74.521567%"
"2017-04-01","B DIVISION","N","2","offpeak","5,535","6,965","79.4687724%"
"2017-04-01","B DIVISION","N","1","peak","7,486","10,541","71.01793%"
"2017-04-01","B DIVISION","N","2","peak","2,894","3,511","82.4266591%"
"2017-04-01","B DIVISION","Q","1","offpeak","9,838","12,731","77.2759406%"
"2017-04-01","B DIVISION","Q","2","offpeak","4,804","5,675","84.6519824%"
"2017-04-01","B DIVISION","Q","1","peak","5,842","7,712","75.7520747%"
"2017-04-01","B DIVISION","Q","2","peak","2,474","2,937","84.2356146%"
"2017-04-01","B DIVISION","R","1","offpeak","14,357","19,142","75.0026121%"
"2017-04-01","B DIVISION","R","2","offpeak","5,454","7,292","74.7942951%"
"2017-04-01","B DIVISION","R","1","peak","9,000","12,870","69.9300699%"
"2017-04-01","B DIVISION","R","2","peak","2,852","3,718","76.7079075%"
"2017-04-01","B DIVISION","S Fkln","1","offpeak","1,837","1,853","99.1365353%"
"2017-04-01","B DIVISION","S Fkln","2","offpeak","1,016","1,024","99.21875%"
"2017-04-01","B DIVISION","S Fkln","1","peak","1,033","1,036","99.7104247%"
"2017-04-01","B DIVISION","S Fkln","2","peak","571","573","99.6509599%"
"2017-04-01","B DIVISION","S Rock","1","offpeak","1,648","1,713","96.2054874%"
"2017-04-01","B DIVISION","S Rock","2","offpeak","653","659","99.0895296%"
"2017-04-01","B DIVISION","S Rock","1","peak","848","871","97.3593571%"
"2017-04-01","B DIVISION","S Rock","2","peak","330","338","97.6331361%"
"2017-04-01","B DIVISION","W","1","offpeak","5,437","7,547","72.0418709%"
"2017-04-01","B DIVISION","W","1","peak","3,659","5,472","66.8676901%"
"2017-05-01","A DIVISION","1","1","offpeak","21,802","27,371","79.653648%"
"2017-05-01","A DIVISION","1","2","offpeak","4,518","5,963","75.7672313%"
"2017-05-01","A DIVISION","1","1","peak","12,781","17,702","72.2008813%"
"2017-05-01","A DIVISION","1","2","peak","2,340","2,874","81.4196242%"
"2017-05-01","A DIVISION","2","1","offpeak","20,376","29,671","68.6731152%"
"2017-05-01","A DIVISION","2","2","offpeak","5,952","7,921","75.1420275%"
"2017-05-01","A DIVISION","2","1","peak","11,649","19,049","61.1528164%"
"2017-05-01","A DIVISION","2","2","peak","3,086","3,997","77.2079059%"
"2017-05-01","A DIVISION","3","1","offpeak","18,115","24,651","73.4858626%"
"2017-05-01","A DIVISION","3","2","offpeak","5,562","6,429","86.5142324%"
"2017-05-01","A DIVISION","3","1","peak","10,636","15,726","67.6332189%"
"2017-05-01","A DIVISION","3","2","peak","2,739","3,204","85.4868914%"
"2017-05-01","A DIVISION","4","1","offpeak","22,760","32,993","68.98433%"
"2017-05-01","A DIVISION","4","2","offpeak","4,495","5,837","77.0087374%"
"2017-05-01","A DIVISION","4","1","peak","14,702","24,464","60.0964683%"
"2017-05-01","A DIVISION","4","2","peak","2,426","3,179","76.3133061%"
"2017-05-01","A DIVISION","5","1","offpeak","16,874","26,103","64.6439107%"
"2017-05-01","A DIVISION","5","2","offpeak","1,235","1,449","85.2311939%"
"2017-05-01","A DIVISION","5","1","peak","11,181","20,715","53.9753802%"
"2017-05-01","A DIVISION","5","2","peak","711","778","91.3881748%"
"2017-05-01","A DIVISION","6","1","offpeak","22,327","30,980","72.0690768%"
"2017-05-01","A DIVISION","6","2","offpeak","5,205","6,584","79.0552855%"
"2017-05-01","A DIVISION","6","1","peak","14,070","22,164","63.4813211%"
"2017-05-01","A DIVISION","6","2","peak","2,816","3,489","80.7108054%"
"2017-05-01","A DIVISION","7","1","offpeak","15,314","20,158","75.9698383%"
"2017-05-01","A DIVISION","7","2","offpeak","3,938","5,056","77.8876582%"
"2017-05-01","A DIVISION","7","1","peak","10,774","16,491","65.3326057%"
"2017-05-01","A DIVISION","7","2","peak","2,432","3,187","76.3100094%"
"2017-05-01","A DIVISION","S 42nd","1","offpeak","5,815","5,960","97.5671141%"
"2017-05-01","A DIVISION","S 42nd","2","offpeak","1,687","1,704","99.0023474%"
"2017-05-01","A DIVISION","S 42nd","1","peak","4,597","5,038","91.2465264%"
"2017-05-01","A DIVISION","S 42nd","2","peak","985","992","99.2943548%"
"2017-05-01","B DIVISION","A","1","offpeak","15,185","21,642","70.164495%"
"2017-05-01","B DIVISION","A","2","offpeak","4,398","5,704","77.1037868%"
"2017-05-01","B DIVISION","A","1","peak","10,243","15,769","64.9565603%"
"2017-05-01","B DIVISION","A","2","peak","2,365","2,969","79.65645%"
"2017-05-01","B DIVISION","B","1","offpeak","7,732","10,128","76.342812%"
"2017-05-01","B DIVISION","B","1","peak","5,909","8,265","71.4942529%"
"2017-05-01","B DIVISION","C","1","offpeak","9,491","12,973","73.1596393%"
"2017-05-01","B DIVISION","C","2","offpeak","2,811","3,547","79.2500705%"
"2017-05-01","B DIVISION","C","1","peak","5,619","8,065","69.6714197%"
"2017-05-01","B DIVISION","C","2","peak","1,606","1,990","80.7035176%"
"2017-05-01","B DIVISION","D","1","offpeak","11,095","14,843","74.74904%"
"2017-05-01","B DIVISION","D","2","offpeak","3,008","3,667","82.0289065%"
"2017-05-01","B DIVISION","D","1","peak","6,791","9,597","70.7616964%"
"2017-05-01","B DIVISION","D","2","peak","1,545","1,885","81.9628647%"
"2017-05-01","B DIVISION","E","1","offpeak","12,159","17,688","68.7415197%"
"2017-05-01","B DIVISION","E","2","offpeak","2,892","3,650","79.2328767%"
"2017-05-01","B DIVISION","E","1","peak","7,998","12,379","64.6094192%"
"2017-05-01","B DIVISION","E","2","peak","1,508","1,863","80.9447128%"
"2017-05-01","B DIVISION","F","1","offpeak","19,640","28,298","69.4041982%"
"2017-05-01","B DIVISION","F","2","offpeak","4,504","5,712","78.8515406%"
"2017-05-01","B DIVISION","F","1","peak","13,000","19,858","65.4648001%"
"2017-05-01","B DIVISION","F","2","peak","2,385","2,898","82.2981366%"
"2017-05-01","B DIVISION","G","1","offpeak","9,556","11,585","82.4859732%"
"2017-05-01","B DIVISION","G","2","offpeak","2,561","2,937","87.1978209%"
"2017-05-01","B DIVISION","G","1","peak","5,707","7,304","78.1352683%"
"2017-05-01","B DIVISION","G","2","peak","1,359","1,549","87.7340219%"
"2017-05-01","B DIVISION","JZ","1","offpeak","9,164","11,543","79.3901066%"
"2017-05-01","B DIVISION","JZ","2","offpeak","2,918","3,491","83.5863649%"
"2017-05-01","B DIVISION","JZ","1","peak","6,175","8,471","72.895762%"
"2017-05-01","B DIVISION","JZ","2","peak","1,538","1,885","81.5915119%"
"2017-05-01","B DIVISION","L","1","offpeak","19,857","24,748","80.2367868%"
"2017-05-01","B DIVISION","L","2","offpeak","3,672","4,374","83.9506173%"
"2017-05-01","B DIVISION","L","1","peak","11,534","15,106","76.3537667%"
"2017-05-01","B DIVISION","L","2","peak","1,732","2,149","80.5956259%"
"2017-05-01","B DIVISION","M","1","offpeak","11,456","15,364","74.5639156%"
"2017-05-01","B DIVISION","M","2","offpeak","1,752","2,224","78.7769784%"
"2017-05-01","B DIVISION","M","1","peak","7,608","10,775","70.6078886%"
"2017-05-01","B DIVISION","M","2","peak","877","1,074","81.6573557%"
"2017-05-01","B DIVISION","N","1","offpeak","13,580","18,406","73.780289%"
"2017-05-01","B DIVISION","N","2","offpeak","3,728","4,690","79.4882729%"
"2017-05-01","B DIVISION","N","1","peak","8,018","11,478","69.8553755%"
"2017-05-01","B DIVISION","N","2","peak","1,993","2,387","83.4939254%"
"2017-05-01","B DIVISION","Q","1","offpeak","9,495","12,643","75.1008463%"
"2017-05-01","B DIVISION","Q","2","offpeak","2,951","3,666","80.4964539%"
"2017-05-01","B DIVISION","Q","1","peak","5,725","7,655","74.7877204%"
"2017-05-01","B DIVISION","Q","2","peak","1,612","1,945","82.8791774%"
"2017-05-01","B DIVISION","R","1","offpeak","14,861","19,535","76.0737138%"
"2017-05-01","B DIVISION","R","2","offpeak","4,067","5,605","72.5602141%"
"2017-05-01","B DIVISION","R","1","peak","9,355","13,226","70.7318917%"
"2017-05-01","B DIVISION","R","2","peak","2,131","2,911","73.2050842%"
"2017-05-01","B DIVISION","S Fkln","1","offpeak","1,890","1,922","98.3350676%"
"2017-05-01","B DIVISION","S Fkln","2","offpeak","727","731","99.4528044%"
"2017-05-01","B DIVISION","S Fkln","1","peak","1,024","1,039","98.5563041%"
"2017-05-01","B DIVISION","S Fkln","2","peak","394","396","99.4949495%"
"2017-05-01","B DIVISION","S Rock","1","offpeak","1,787","1,892","94.4503171%"
"2017-05-01","B DIVISION","S Rock","2","offpeak","542","563","96.2699822%"
"2017-05-01","B DIVISION","S Rock","1","peak","872","954","91.4046122%"
"2017-05-01","B DIVISION","S Rock","2","peak","288","293","98.2935154%"
"2017-05-01","B DIVISION","W","1","offpeak","4,857","6,650","73.037594%"
"2017-05-01","B DIVISION","W","1","peak","4,021","5,984","67.1958556%"
"2017-06-01","A DIVISION","1","1","offpeak","20,614","26,864","76.7346635%"
"2017-06-01","A DIVISION","1","2","offpeak","4,970","6,403","77.6198657%"
"2017-06-01","A DIVISION","1","1","peak","12,481","17,747","70.3273793%"
"2017-06-01","A DIVISION","1","2","peak","2,539","3,097","81.9825638%"
"2017-06-01","A DIVISION","2","1","offpeak","20,635","29,616","69.6751756%"
"2017-06-01","A DIVISION","2","2","offpeak","4,334","5,595","77.4620197%"
"2017-06-01","A DIVISION","2","1","peak","11,778","19,098","61.6713792%"
"2017-06-01","A DIVISION","2","2","peak","2,207","2,805","78.6809269%"
"2017-06-01","A DIVISION","3","1","offpeak","17,794","24,531","72.5367902%"
"2017-06-01","A DIVISION","3","2","offpeak","4,013","4,630","86.6738661%"
"2017-06-01","A DIVISION","3","1","peak","10,132","15,942","63.5553883%"
"2017-06-01","A DIVISION","3","2","peak","2,060","2,361","87.2511648%"
"2017-06-01","A DIVISION","4","1","offpeak","23,703","33,118","71.5713509%"
"2017-06-01","A DIVISION","4","2","offpeak","6,098","8,089","75.3863271%"
"2017-06-01","A DIVISION","4","1","peak","14,850","24,464","60.7014388%"
"2017-06-01","A DIVISION","4","2","peak","3,107","4,328","71.7883549%"
"2017-06-01","A DIVISION","5","1","offpeak","17,470","26,246","66.5625238%"
"2017-06-01","A DIVISION","5","2","offpeak","1,898","2,483","76.4397906%"
"2017-06-01","A DIVISION","5","1","peak","11,626","20,724","56.0992086%"
"2017-06-01","A DIVISION","5","2","peak","1,076","1,322","81.3918306%"
"2017-06-01","A DIVISION","6","1","offpeak","23,148","31,286","73.9883654%"
"2017-06-01","A DIVISION","6","2","offpeak","5,373","6,418","83.7176691%"
"2017-06-01","A DIVISION","6","1","peak","14,073","22,138","63.5694281%"
"2017-06-01","A DIVISION","6","2","peak","2,824","3,371","83.773361%"
"2017-06-01","A DIVISION","7","1","offpeak","15,232","20,349","74.8538012%"
"2017-06-01","A DIVISION","7","2","offpeak","3,917","5,090","76.9548134%"
"2017-06-01","A DIVISION","7","1","peak","10,736","16,579","64.7566198%"
"2017-06-01","A DIVISION","7","2","peak","2,361","3,247","72.7132738%"
"2017-06-01","A DIVISION","S 42nd","1","offpeak","5,629","5,960","94.4463087%"
"2017-06-01","A DIVISION","S 42nd","2","offpeak","1,610","1,728","93.1712963%"
"2017-06-01","A DIVISION","S 42nd","1","peak","4,435","5,038","88.0309647%"
"2017-06-01","A DIVISION","S 42nd","2","peak","982","1,028","95.5252918%"
"2017-06-01","B DIVISION","A","1","offpeak","14,605","21,587","67.6564599%"
"2017-06-01","B DIVISION","A","2","offpeak","4,579","6,338","72.2467655%"
"2017-06-01","B DIVISION","A","1","peak","10,099","15,966","63.253163%"
"2017-06-01","B DIVISION","A","2","peak","2,500","3,350","74.6268657%"
"2017-06-01","B DIVISION","B","1","offpeak","7,366","9,744","75.5952381%"
"2017-06-01","B DIVISION","B","1","peak","5,850","8,197","71.3675735%"
"2017-06-01","B DIVISION","C","1","offpeak","8,696","12,388","70.1969648%"
"2017-06-01","B DIVISION","C","2","offpeak","3,002","3,820","78.5863874%"
"2017-06-01","B DIVISION","C","1","peak","5,381","7,882","68.2694748%"
"2017-06-01","B DIVISION","C","2","peak","1,802","2,180","82.6605505%"
"2017-06-01","B DIVISION","D","1","offpeak","10,849","14,741","73.5974493%"
"2017-06-01","B DIVISION","D","2","offpeak","3,262","4,313","75.6318108%"
"2017-06-01","B DIVISION","D","1","peak","6,907","9,624","71.7684954%"
"2017-06-01","B DIVISION","D","2","peak","1,645","2,177","75.562701%"
"2017-06-01","B DIVISION","E","1","offpeak","12,666","18,023","70.2768684%"
"2017-06-01","B DIVISION","E","2","offpeak","2,810","3,522","79.7842135%"
"2017-06-01","B DIVISION","E","1","peak","8,438","12,999","64.9126856%"
"2017-06-01","B DIVISION","E","2","peak","1,368","1,752","78.0821918%"
"2017-06-01","B DIVISION","F","1","offpeak","18,855","26,946","69.9732799%"
"2017-06-01","B DIVISION","F","2","offpeak","3,903","4,998","78.0912365%"
"2017-06-01","B DIVISION","F","1","peak","12,811","19,089","67.1119493%"
"2017-06-01","B DIVISION","F","2","peak","1,995","2,515","79.3240557%"
"2017-06-01","B DIVISION","G","1","offpeak","10,034","12,504","80.2463212%"
"2017-06-01","B DIVISION","G","2","offpeak","2,610","3,080","84.7402597%"
"2017-06-01","B DIVISION","G","1","peak","5,997","7,673","78.1571745%"
"2017-06-01","B DIVISION","G","2","peak","1,367","1,663","82.2008419%"
"2017-06-01","B DIVISION","JZ","1","offpeak","9,414","11,822","79.6311961%"
"2017-06-01","B DIVISION","JZ","2","offpeak","2,966","3,429","86.4975211%"
"2017-06-01","B DIVISION","JZ","1","peak","6,103","8,548","71.396818%"
"2017-06-01","B DIVISION","JZ","2","peak","1,559","1,826","85.3778751%"
"2017-06-01","B DIVISION","L","1","offpeak","18,014","22,222","81.0638106%"
"2017-06-01","B DIVISION","L","2","offpeak","6,652","8,330","79.8559424%"
"2017-06-01","B DIVISION","L","1","peak","11,992","15,300","78.379085%"
"2017-06-01","B DIVISION","L","2","peak","3,412","4,191","81.4125507%"
"2017-06-01","B DIVISION","M","1","offpeak","12,193","16,552","73.6648139%"
"2017-06-01","B DIVISION","M","2","offpeak","1,051","1,142","92.0315236%"
"2017-06-01","B DIVISION","M","1","peak","7,666","11,144","68.7903805%"
"2017-06-01","B DIVISION","M","2","peak","524","596","87.9194631%"
"2017-06-01","B DIVISION","N","1","offpeak","13,554","18,381","73.7391872%"
"2017-06-01","B DIVISION","N","2","offpeak","3,820","5,097","74.9460467%"
"2017-06-01","B DIVISION","N","1","peak","8,013","11,649","68.7870203%"
"2017-06-01","B DIVISION","N","2","peak","1,908","2,501","76.2894842%"
"2017-06-01","B DIVISION","Q","1","offpeak","9,594","12,823","74.8186852%"
"2017-06-01","B DIVISION","Q","2","offpeak","3,481","4,159","83.6980043%"
"2017-06-01","B DIVISION","Q","1","peak","6,021","7,936","75.8694556%"
"2017-06-01","B DIVISION","Q","2","peak","1,821","2,208","82.4728261%"
"2017-06-01","B DIVISION","R","1","offpeak","14,643","19,704","74.3148599%"
"2017-06-01","B DIVISION","R","2","offpeak","3,733","5,633","66.2701935%"
"2017-06-01","B DIVISION","R","1","peak","9,264","13,501","68.6171395%"
"2017-06-01","B DIVISION","R","2","peak","1,947","2,818","69.0915543%"
"2017-06-01","B DIVISION","S Fkln","1","offpeak","2,004","2,016","99.4047619%"
"2017-06-01","B DIVISION","S Fkln","2","offpeak","845","853","99.0621336%"
"2017-06-01","B DIVISION","S Fkln","1","peak","1,163","1,165","99.8283262%"
"2017-06-01","B DIVISION","S Fkln","2","peak","439","456","96.2719298%"
"2017-06-01","B DIVISION","S Rock","1","offpeak","1,815","1,890","96.031746%"
"2017-06-01","B DIVISION","S Rock","2","offpeak","556","601","92.5124792%"
"2017-06-01","B DIVISION","S Rock","1","peak","896","955","93.8219895%"
"2017-06-01","B DIVISION","S Rock","2","peak","305","330","92.4242424%"
"2017-06-01","B DIVISION","W","1","offpeak","6,505","8,855","73.4613213%"
"2017-06-01","B DIVISION","W","1","peak","4,448","6,173","72.0557266%"
"2017-07-01","A DIVISION","1","1","offpeak","18,834","25,188","74.7737018%"
"2017-07-01","A DIVISION","1","2","offpeak","6,128","7,604","80.5891636%"
"2017-07-01","A DIVISION","1","1","peak","11,591","16,348","70.9016393%"
"2017-07-01","A DIVISION","1","2","peak","2,921","3,660","79.8087432%"
"2017-07-01","A DIVISION","2","1","offpeak","18,369","26,962","68.1292189%"
"2017-07-01","A DIVISION","2","2","offpeak","4,661","7,708","60.4696419%"
"2017-07-01","A DIVISION","2","1","peak","10,895","17,380","62.6869965%"
"2017-07-01","A DIVISION","2","2","peak","2,572","4,035","63.7422553%"
"2017-07-01","A DIVISION","3","1","offpeak","15,998","22,258","71.8752808%"
"2017-07-01","A DIVISION","3","2","offpeak","3,600","3,871","92.999225%"
"2017-07-01","A DIVISION","3","1","peak","9,730","14,500","67.1034483%"
"2017-07-01","A DIVISION","3","2","peak","1,878","2,035","92.2850123%"
"2017-07-01","A DIVISION","4","1","offpeak","21,268","30,161","70.5149034%"
"2017-07-01","A DIVISION","4","2","offpeak","8,263","11,603","71.2143411%"
"2017-07-01","A DIVISION","4","1","peak","13,860","22,240","62.3201439%"
"2017-07-01","A DIVISION","4","2","peak","4,449","6,238","71.3209362%"
"2017-07-01","A DIVISION","5","1","offpeak","15,500","23,866","64.9459482%"
"2017-07-01","A DIVISION","5","2","offpeak","6,031","7,950","75.8616352%"
"2017-07-01","A DIVISION","5","1","peak","10,814","18,838","57.4052447%"
"2017-07-01","A DIVISION","5","2","peak","2,910","3,968","73.3366935%"
"2017-07-01","A DIVISION","6","1","offpeak","20,973","28,446","73.7291711%"
"2017-07-01","A DIVISION","6","2","offpeak","6,118","7,665","79.8173516%"
"2017-07-01","A DIVISION","6","1","peak","13,272","20,053","66.1846108%"
"2017-07-01","A DIVISION","6","2","peak","3,257","3,992","81.5881764%"
"2017-07-01","A DIVISION","7","1","offpeak","13,469","17,998","74.8360929%"
"2017-07-01","A DIVISION","7","2","offpeak","4,802","6,381","75.2546623%"
"2017-07-01","A DIVISION","7","1","peak","9,477","14,439","65.6347392%"
"2017-07-01","A DIVISION","7","2","peak","2,853","4,049","70.4618424%"
"2017-07-01","A DIVISION","S 42nd","1","offpeak","5,335","5,460","97.7106227%"
"2017-07-01","A DIVISION","S 42nd","2","offpeak","2,058","2,130","96.6197183%"
"2017-07-01","A DIVISION","S 42nd","1","peak","4,212","4,642","90.7367514%"
"2017-07-01","A DIVISION","S 42nd","2","peak","1,189","1,240","95.8870968%"
"2017-07-01","B DIVISION","A","1","offpeak","13,816","19,677","70.2139554%"
"2017-07-01","B DIVISION","A","2","offpeak","5,513","7,600","72.5394737%"
"2017-07-01","B DIVISION","A","1","peak","9,392","14,646","64.126724%"
"2017-07-01","B DIVISION","A","2","peak","2,830","3,976","71.1770624%"
"2017-07-01","B DIVISION","B","1","offpeak","7,013","9,238","75.9147002%"
"2017-07-01","B DIVISION","B","1","peak","5,789","7,768","74.5236869%"
"2017-07-01","B DIVISION","C","1","offpeak","8,598","11,647","73.821585%"
"2017-07-01","B DIVISION","C","2","offpeak","3,437","4,388","78.3272562%"
"2017-07-01","B DIVISION","C","1","peak","5,304","7,481","70.8996124%"
"2017-07-01","B DIVISION","C","2","peak","1,927","2,460","78.3333333%"
"2017-07-01","B DIVISION","D","1","offpeak","10,279","13,478","76.2650245%"
"2017-07-01","B DIVISION","D","2","offpeak","4,314","5,257","82.0620126%"
"2017-07-01","B DIVISION","D","1","peak","6,489","8,791","73.8141281%"
"2017-07-01","B DIVISION","D","2","peak","2,223","2,663","83.4772813%"
"2017-07-01","B DIVISION","E","1","offpeak","11,110","15,930","69.742624%"
"2017-07-01","B DIVISION","E","2","offpeak","3,663","4,477","81.8181818%"
"2017-07-01","B DIVISION","E","1","peak","6,891","10,646","64.7285365%"
"2017-07-01","B DIVISION","E","2","peak","1,836","2,247","81.7089453%"
"2017-07-01","B DIVISION","F","1","offpeak","18,135","25,172","72.044335%"
"2017-07-01","B DIVISION","F","2","offpeak","5,673","7,302","77.6910435%"
"2017-07-01","B DIVISION","F","1","peak","11,574","17,316","66.8399168%"
"2017-07-01","B DIVISION","F","2","peak","2,964","3,725","79.5704698%"
"2017-07-01","B DIVISION","G","1","offpeak","9,678","11,716","82.6049846%"
"2017-07-01","B DIVISION","G","2","offpeak","2,778","3,201","86.7853796%"
"2017-07-01","B DIVISION","G","1","peak","5,688","7,090","80.22567%"
"2017-07-01","B DIVISION","G","2","peak","1,400","1,666","84.0336134%"
"2017-07-01","B DIVISION","JZ","1","offpeak","8,696","10,762","80.8028248%"
"2017-07-01","B DIVISION","JZ","2","offpeak","4,096","4,756","86.1227923%"
"2017-07-01","B DIVISION","JZ","1","peak","5,908","7,751","76.2224229%"
"2017-07-01","B DIVISION","JZ","2","peak","2,223","2,559","86.869871%"
"2017-07-01","B DIVISION","L","1","offpeak","15,764","19,512","80.7913079%"
"2017-07-01","B DIVISION","L","2","offpeak","8,301","11,234","73.8917572%"
"2017-07-01","B DIVISION","L","1","peak","9,361","12,342","75.8467023%"
"2017-07-01","B DIVISION","L","2","peak","4,468","5,743","77.7990597%"
"2017-07-01","B DIVISION","M","1","offpeak","11,627","15,861","73.3055923%"
"2017-07-01","B DIVISION","M","2","offpeak","1,771","1,938","91.3828689%"
"2017-07-01","B DIVISION","M","1","peak","6,315","9,133","69.1448593%"
"2017-07-01","B DIVISION","M","2","peak","969","1,050","92.2857143%"
"2017-07-01","B DIVISION","N","1","offpeak","12,502","16,604","75.2951096%"
"2017-07-01","B DIVISION","N","2","offpeak","5,295","6,807","77.7875716%"
"2017-07-01","B DIVISION","N","1","peak","7,464","10,314","72.3676556%"
"2017-07-01","B DIVISION","N","2","peak","2,651","3,363","78.828427%"
"2017-07-01","B DIVISION","Q","1","offpeak","8,437","11,259","74.9356071%"
"2017-07-01","B DIVISION","Q","2","offpeak","4,577","5,568","82.2018678%"
"2017-07-01","B DIVISION","Q","1","peak","5,466","7,072","77.290724%"
"2017-07-01","B DIVISION","Q","2","peak","2,386","2,888","82.6177285%"
"2017-07-01","B DIVISION","R","1","offpeak","13,262","17,630","75.2240499%"
"2017-07-01","B DIVISION","R","2","offpeak","4,180","5,513","75.8207872%"
"2017-07-01","B DIVISION","R","1","peak","8,401","12,046","69.7409929%"
"2017-07-01","B DIVISION","R","2","peak","2,123","2,766","76.7534346%"
"2017-07-01","B DIVISION","S Fkln","1","offpeak","2,081","2,100","99.0952381%"
"2017-07-01","B DIVISION","S Fkln","2","offpeak","971","979","99.1828396%"
"2017-07-01","B DIVISION","S Fkln","1","peak","1,152","1,155","99.7402597%"
"2017-07-01","B DIVISION","S Fkln","2","peak","521","527","98.8614801%"
"2017-07-01","B DIVISION","S Rock","1","offpeak","1,605","1,716","93.5314685%"
"2017-07-01","B DIVISION","S Rock","2","offpeak","705","752","93.75%"
"2017-07-01","B DIVISION","S Rock","1","peak","817","862","94.7795824%"
"2017-07-01","B DIVISION","S Rock","2","peak","361","397","90.9319899%"
"2017-07-01","B DIVISION","W","1","offpeak","5,017","6,481","77.4108934%"
"2017-07-01","B DIVISION","W","1","peak","3,885","5,269","73.7331562%"
"2017-08-01","A DIVISION","1","1","offpeak","22,881","28,963","79.0007941%"
"2017-08-01","A DIVISION","1","2","offpeak","5,507","6,350","86.7244094%"
"2017-08-01","A DIVISION","1","1","peak","13,566","18,806","72.1365522%"
"2017-08-01","A DIVISION","1","2","peak","2,702","3,074","87.8985036%"
"2017-08-01","A DIVISION","2","1","offpeak","21,227","31,021","68.4278392%"
"2017-08-01","A DIVISION","2","2","offpeak","3,996","5,566","71.7930291%"
"2017-08-01","A DIVISION","2","1","peak","12,237","19,987","61.2247961%"
"2017-08-01","A DIVISION","2","2","peak","2,059","2,906","70.8534067%"
"2017-08-01","A DIVISION","3","1","offpeak","18,401","25,598","71.8845222%"
"2017-08-01","A DIVISION","3","2","offpeak","2,945","3,100","95%"
"2017-08-01","A DIVISION","3","1","peak","10,971","16,675","65.7931034%"
"2017-08-01","A DIVISION","3","2","peak","1,556","1,628","95.5773956%"
"2017-08-01","A DIVISION","4","1","offpeak","25,335","34,677","73.0599533%"
"2017-08-01","A DIVISION","4","2","offpeak","6,758","9,496","71.1668071%"
"2017-08-01","A DIVISION","4","1","peak","15,767","25,576","61.6476384%"
"2017-08-01","A DIVISION","4","2","peak","3,498","5,118","68.3470106%"
"2017-08-01","A DIVISION","5","1","offpeak","17,991","27,453","65.5338214%"
"2017-08-01","A DIVISION","5","2","offpeak","5,510","7,259","75.9057721%"
"2017-08-01","A DIVISION","5","1","peak","12,018","21,658","55.4898883%"
"2017-08-01","A DIVISION","5","2","peak","2,706","3,615","74.8547718%"
"2017-08-01","A DIVISION","6","1","offpeak","24,332","32,822","74.1332033%"
"2017-08-01","A DIVISION","6","2","offpeak","4,492","5,379","83.5099461%"
"2017-08-01","A DIVISION","6","1","peak","15,307","23,040","66.4366319%"
"2017-08-01","A DIVISION","6","2","peak","2,338","2,762","84.6488052%"
"2017-08-01","A DIVISION","7","1","offpeak","16,146","21,756","74.2140099%"
"2017-08-01","A DIVISION","7","2","offpeak","3,923","4,681","83.8068789%"
"2017-08-01","A DIVISION","7","1","peak","11,277","17,227","65.4611946%"
"2017-08-01","A DIVISION","7","2","peak","2,258","2,781","81.1938152%"
"2017-08-01","A DIVISION","S 42nd","1","offpeak","7,062","7,171","98.4799888%"
"2017-08-01","A DIVISION","S 42nd","2","offpeak","1,698","1,704","99.6478873%"
"2017-08-01","A DIVISION","S 42nd","1","peak","6,067","6,601","91.9103166%"
"2017-08-01","A DIVISION","S 42nd","2","peak","984","992","99.1935484%"
"2017-08-01","B DIVISION","A","1","offpeak","16,448","23,097","71.2127116%"
"2017-08-01","B DIVISION","A","2","offpeak","4,638","6,389","72.5935201%"
"2017-08-01","B DIVISION","A","1","peak","11,166","16,992","65.7132768%"
"2017-08-01","B DIVISION","A","2","peak","2,415","3,352","72.0465394%"
"2017-08-01","B DIVISION","B","1","offpeak","7,899","10,376","76.1276022%"
"2017-08-01","B DIVISION","B","1","peak","6,324","8,692","72.7565578%"
"2017-08-01","B DIVISION","C","1","offpeak","10,275","13,781","74.5591757%"
"2017-08-01","B DIVISION","C","2","offpeak","3,076","3,940","78.071066%"
"2017-08-01","B DIVISION","C","1","peak","6,068","8,621","70.3862661%"
"2017-08-01","B DIVISION","C","2","peak","1,752","2,189","80.0365464%"
"2017-08-01","B DIVISION","D","1","offpeak","12,074","15,710","76.855506%"
"2017-08-01","B DIVISION","D","2","offpeak","3,272","4,142","78.9956543%"
"2017-08-01","B DIVISION","D","1","peak","7,342","10,076","72.8662168%"
"2017-08-01","B DIVISION","D","2","peak","1,695","2,115","80.141844%"
"2017-08-01","B DIVISION","E","1","offpeak","12,667","18,381","68.913552%"
"2017-08-01","B DIVISION","E","2","offpeak","2,679","3,212","83.4059776%"
"2017-08-01","B DIVISION","E","1","peak","8,035","12,896","62.3061414%"
"2017-08-01","B DIVISION","E","2","peak","1,322","1,622","81.5043157%"
"2017-08-01","B DIVISION","F","1","offpeak","19,816","27,840","71.1781609%"
"2017-08-01","B DIVISION","F","2","offpeak","4,061","5,262","77.1759787%"
"2017-08-01","B DIVISION","F","1","peak","12,468","19,042","65.4763155%"
"2017-08-01","B DIVISION","F","2","peak","2,082","2,664","78.1531532%"
"2017-08-01","B DIVISION","G","1","offpeak","11,099","13,584","81.7064193%"
"2017-08-01","B DIVISION","G","2","offpeak","2,474","2,861","86.4732611%"
"2017-08-01","B DIVISION","G","1","peak","6,444","8,203","78.5566256%"
"2017-08-01","B DIVISION","G","2","peak","1,330","1,498","88.7850467%"
"2017-08-01","B DIVISION","JZ","1","offpeak","9,713","12,336","78.7370298%"
"2017-08-01","B DIVISION","JZ","2","offpeak","3,083","3,695","83.4370771%"
"2017-08-01","B DIVISION","JZ","1","peak","6,570","8,779","74.8376808%"
"2017-08-01","B DIVISION","JZ","2","peak","1,620","1,989","81.4479638%"
"2017-08-01","B DIVISION","L","1","offpeak","18,886","24,202","78.0348732%"
"2017-08-01","B DIVISION","L","2","offpeak","7,068","9,005","78.4897279%"
"2017-08-01","B DIVISION","L","1","peak","11,036","14,539","75.9061834%"
"2017-08-01","B DIVISION","L","2","peak","3,694","4,591","80.461773%"
"2017-08-01","B DIVISION","M","1","offpeak","12,586","17,759","70.8711076%"
"2017-08-01","B DIVISION","M","2","offpeak","1,367","1,541","88.7086308%"
"2017-08-01","B DIVISION","M","1","peak","7,181","10,644","67.4652386%"
"2017-08-01","B DIVISION","M","2","peak","742","838","88.5441527%"
"2017-08-01","B DIVISION","N","1","offpeak","14,212","19,402","73.2501804%"
"2017-08-01","B DIVISION","N","2","offpeak","3,774","4,836","78.0397022%"
"2017-08-01","B DIVISION","N","1","peak","8,474","12,201","69.4533235%"
"2017-08-01","B DIVISION","N","2","peak","1,861","2,382","78.1276238%"
"2017-08-01","B DIVISION","Q","1","offpeak","9,972","13,052","76.402084%"
"2017-08-01","B DIVISION","Q","2","offpeak","3,551","4,212","84.3067426%"
"2017-08-01","B DIVISION","Q","1","peak","6,130","8,040","76.2437811%"
"2017-08-01","B DIVISION","Q","2","peak","1,839","2,192","83.8959854%"
"2017-08-01","B DIVISION","R","1","offpeak","15,334","20,789","73.7601616%"
"2017-08-01","B DIVISION","R","2","offpeak","4,039","5,398","74.8240089%"
"2017-08-01","B DIVISION","R","1","peak","9,498","13,979","67.9447743%"
"2017-08-01","B DIVISION","R","2","peak","2,107","2,665","79.0619137%"
"2017-08-01","B DIVISION","S Fkln","1","offpeak","1,975","2,010","98.2587065%"
"2017-08-01","B DIVISION","S Fkln","2","offpeak","897","899","99.7775306%"
"2017-08-01","B DIVISION","S Fkln","1","peak","1,107","1,113","99.4609164%"
"2017-08-01","B DIVISION","S Fkln","2","peak","488","488","100%"
"2017-08-01","B DIVISION","S Rock","1","offpeak","1,878","1,988","94.4668008%"
"2017-08-01","B DIVISION","S Rock","2","offpeak","568","610","93.1147541%"
"2017-08-01","B DIVISION","S Rock","1","peak","956","1,010","94.6534653%"
"2017-08-01","B DIVISION","S Rock","2","peak","309","326","94.7852761%"
"2017-08-01","B DIVISION","W","1","offpeak","5,167","6,745","76.6048925%"
"2017-08-01","B DIVISION","W","1","peak","4,306","6,213","69.3062933%"
"2017-09-01","A DIVISION","1","1","offpeak","20,228","25,190","80.301707%"
"2017-09-01","A DIVISION","1","2","offpeak","5,958","7,549","78.9243608%"
"2017-09-01","A DIVISION","1","1","peak","11,459","16,360","70.0427873%"
"2017-09-01","A DIVISION","1","2","peak","2,959","3,677","80.4732119%"
"2017-09-01","A DIVISION","2","1","offpeak","18,301","26,974","67.8468155%"
"2017-09-01","A DIVISION","2","2","offpeak","3,642","5,856","62.192623%"
"2017-09-01","A DIVISION","2","1","peak","10,353","17,378","59.5753251%"
"2017-09-01","A DIVISION","2","2","peak","1,866","3,015","61.8905473%"
"2017-09-01","A DIVISION","3","1","offpeak","16,242","22,318","72.7753383%"
"2017-09-01","A DIVISION","3","2","offpeak","3,056","3,494","87.4642244%"
"2017-09-01","A DIVISION","3","1","peak","9,121","14,500","62.9034483%"
"2017-09-01","A DIVISION","3","2","peak","1,672","1,840","90.8695652%"
"2017-09-01","A DIVISION","4","1","offpeak","21,446","30,128","71.1829527%"
"2017-09-01","A DIVISION","4","2","offpeak","7,697","10,742","71.6533234%"
"2017-09-01","A DIVISION","4","1","peak","13,124","22,200","59.1171171%"
"2017-09-01","A DIVISION","4","2","peak","4,046","5,837","69.3164297%"
"2017-09-01","A DIVISION","5","1","offpeak","14,225","22,667","62.7564301%"
"2017-09-01","A DIVISION","5","2","offpeak","5,631","8,028","70.142003%"
"2017-09-01","A DIVISION","5","1","peak","9,766","18,090","53.9856274%"
"2017-09-01","A DIVISION","5","2","peak","2,932","3,998","73.3366683%"
"2017-09-01","A DIVISION","6","1","offpeak","19,942","28,302","70.4614515%"
"2017-09-01","A DIVISION","6","2","offpeak","6,153","7,192","85.5533927%"
"2017-09-01","A DIVISION","6","1","peak","11,756","19,110","61.5175301%"
"2017-09-01","A DIVISION","6","2","peak","3,201","3,749","85.3827687%"
"2017-09-01","A DIVISION","7","1","offpeak","14,646","18,957","77.25906%"
"2017-09-01","A DIVISION","7","2","offpeak","4,664","5,828","80.0274537%"
"2017-09-01","A DIVISION","7","1","peak","10,269","15,119","67.9211588%"
"2017-09-01","A DIVISION","7","2","peak","2,831","3,723","76.0408273%"
"2017-09-01","A DIVISION","S 42nd","1","offpeak","6,135","6,258","98.0345158%"
"2017-09-01","A DIVISION","S 42nd","2","offpeak","1,913","1,928","99.2219917%"
"2017-09-01","A DIVISION","S 42nd","1","peak","5,257","5,820","90.3264605%"
"2017-09-01","A DIVISION","S 42nd","2","peak","1,125","1,132","99.3816254%"
"2017-09-01","B DIVISION","A","1","offpeak","14,366","20,061","71.6115847%"
"2017-09-01","B DIVISION","A","2","offpeak","5,098","7,198","70.8252292%"
"2017-09-01","B DIVISION","A","1","peak","9,761","14,761","66.1269562%"
"2017-09-01","B DIVISION","A","2","peak","2,741","3,799","72.1505659%"
"2017-09-01","B DIVISION","B","1","offpeak","7,289","9,276","78.5791289%"
"2017-09-01","B DIVISION","B","1","peak","5,758","7,758","74.2201598%"
"2017-09-01","B DIVISION","C","1","offpeak","8,832","11,828","74.6702739%"
"2017-09-01","B DIVISION","C","2","offpeak","3,330","4,373","76.1490967%"
"2017-09-01","B DIVISION","C","1","peak","5,294","7,425","71.2996633%"
"2017-09-01","B DIVISION","C","2","peak","1,930","2,509","76.9230769%"
"2017-09-01","B DIVISION","D","1","offpeak","10,424","13,602","76.6357889%"
"2017-09-01","B DIVISION","D","2","offpeak","3,119","3,943","79.1022064%"
"2017-09-01","B DIVISION","D","1","peak","6,457","8,765","73.6679977%"
"2017-09-01","B DIVISION","D","2","peak","1,576","2,016","78.1746032%"
"2017-09-01","B DIVISION","E","1","offpeak","11,110","16,098","69.0147844%"
"2017-09-01","B DIVISION","E","2","offpeak","2,073","2,647","78.3150737%"
"2017-09-01","B DIVISION","E","1","peak","7,634","11,643","65.5672937%"
"2017-09-01","B DIVISION","E","2","peak","1,100","1,338","82.2122571%"
"2017-09-01","B DIVISION","F","1","offpeak","18,141","25,677","70.650777%"
"2017-09-01","B DIVISION","F","2","offpeak","3,656","4,759","76.8228619%"
"2017-09-01","B DIVISION","F","1","peak","12,685","18,544","68.4048749%"
"2017-09-01","B DIVISION","F","2","peak","1,903","2,391","79.5901297%"
"2017-09-01","B DIVISION","G","1","offpeak","9,875","11,955","82.601422%"
"2017-09-01","B DIVISION","G","2","offpeak","2,621","3,210","81.6510903%"
"2017-09-01","B DIVISION","G","1","peak","5,724","7,191","79.5994994%"
"2017-09-01","B DIVISION","G","2","peak","1,455","1,693","85.9421146%"
"2017-09-01","B DIVISION","JZ","1","offpeak","8,540","10,861","78.6299604%"
"2017-09-01","B DIVISION","JZ","2","offpeak","3,479","4,029","86.34897%"
"2017-09-01","B DIVISION","JZ","1","peak","5,777","7,760","74.4458763%"
"2017-09-01","B DIVISION","JZ","2","peak","1,862","2,155","86.4037123%"
"2017-09-01","B DIVISION","L","1","offpeak","17,700","22,388","79.0602108%"
"2017-09-01","B DIVISION","L","2","offpeak","6,423","8,894","72.2172251%"
"2017-09-01","B DIVISION","L","1","peak","10,666","14,511","73.5028599%"
"2017-09-01","B DIVISION","L","2","peak","3,341","4,409","75.7768201%"
"2017-09-01","B DIVISION","M","1","offpeak","11,132","15,183","73.3188434%"
"2017-09-01","B DIVISION","M","2","offpeak","1,422","1,564","90.9207161%"
"2017-09-01","B DIVISION","M","1","peak","6,979","9,863","70.7594038%"
"2017-09-01","B DIVISION","M","2","peak","680","855","79.5321637%"
"2017-09-01","B DIVISION","N","1","offpeak","12,535","16,996","73.7526477%"
"2017-09-01","B DIVISION","N","2","offpeak","4,127","5,659","72.9280792%"
"2017-09-01","B DIVISION","N","1","peak","7,351","10,678","68.8424799%"
"2017-09-01","B DIVISION","N","2","peak","2,032","2,761","73.596523%"
"2017-09-01","B DIVISION","Q","1","offpeak","8,384","10,986","76.3153104%"
"2017-09-01","B DIVISION","Q","2","offpeak","3,947","4,816","81.9559801%"
"2017-09-01","B DIVISION","Q","1","peak","5,265","6,933","75.941151%"
"2017-09-01","B DIVISION","Q","2","peak","2,041","2,485","82.1327968%"
"2017-09-01","B DIVISION","R","1","offpeak","13,853","18,433","75.1532577%"
"2017-09-01","B DIVISION","R","2","offpeak","4,019","5,808","69.1976584%"
"2017-09-01","B DIVISION","R","1","peak","8,922","12,661","70.4683674%"
"2017-09-01","B DIVISION","R","2","peak","2,127","3,039","69.9901283%"
"2017-09-01","B DIVISION","S Fkln","1","offpeak","1,824","1,843","98.9690722%"
"2017-09-01","B DIVISION","S Fkln","2","offpeak","902","921","97.937025%"
"2017-09-01","B DIVISION","S Fkln","1","peak","1,014","1,018","99.6070727%"
"2017-09-01","B DIVISION","S Fkln","2","peak","507","510","99.4117647%"
"2017-09-01","B DIVISION","S Rock","1","offpeak","1,644","1,751","93.8892062%"
"2017-09-01","B DIVISION","S Rock","2","offpeak","592","625","94.72%"
"2017-09-01","B DIVISION","S Rock","1","peak","845","878","96.2414579%"
"2017-09-01","B DIVISION","S Rock","2","peak","322","340","94.7058824%"
"2017-09-01","B DIVISION","W","1","offpeak","5,028","6,585","76.3553531%"
"2017-09-01","B DIVISION","W","1","peak","4,001","5,607","71.357232%"
"2017-10-01","A DIVISION","1","1","offpeak","21,426","26,667","80.3464957%"
"2017-10-01","A DIVISION","1","2","offpeak","6,095","7,478","81.5057502%"
"2017-10-01","A DIVISION","1","1","peak","13,190","18,005","73.2574285%"
"2017-10-01","A DIVISION","1","2","peak","2,941","3,605","81.5811373%"
"2017-10-01","A DIVISION","2","1","offpeak","19,567","29,041","67.3771564%"
"2017-10-01","A DIVISION","2","2","offpeak","3,630","5,845","62.1043627%"
"2017-10-01","A DIVISION","2","1","peak","11,736","19,117","61.3903855%"
"2017-10-01","A DIVISION","2","2","peak","1,997","3,005","66.4559068%"
"2017-10-01","A DIVISION","3","1","offpeak","16,897","23,270","72.6128062%"
"2017-10-01","A DIVISION","3","2","offpeak","3,106","3,481","89.2272336%"
"2017-10-01","A DIVISION","3","1","peak","10,401","15,950","65.2100313%"
"2017-10-01","A DIVISION","3","2","peak","1,606","1,817","88.3874518%"
"2017-10-01","A DIVISION","4","1","offpeak","23,389","33,185","70.4806388%"
"2017-10-01","A DIVISION","4","2","offpeak","6,794","10,512","64.630898%"
"2017-10-01","A DIVISION","4","1","peak","14,801","24,376","60.7195602%"
"2017-10-01","A DIVISION","4","2","peak","3,464","5,618","61.6589534%"
"2017-10-01","A DIVISION","5","1","offpeak","16,585","26,125","63.4832536%"
"2017-10-01","A DIVISION","5","2","offpeak","5,534","8,346","66.307213%"
"2017-10-01","A DIVISION","5","1","peak","10,877","19,949","54.5240363%"
"2017-10-01","A DIVISION","5","2","peak","2,857","4,157","68.7274477%"
"2017-10-01","A DIVISION","6","1","offpeak","21,196","30,456","69.595482%"
"2017-10-01","A DIVISION","6","2","offpeak","5,286","6,920","76.3872832%"
"2017-10-01","A DIVISION","6","1","peak","12,514","19,967","62.6734111%"
"2017-10-01","A DIVISION","6","2","peak","2,775","3,604","76.9977802%"
"2017-10-01","A DIVISION","7","1","offpeak","15,898","20,795","76.45107%"
"2017-10-01","A DIVISION","7","2","offpeak","4,405","5,251","83.8887831%"
"2017-10-01","A DIVISION","7","1","peak","10,776","16,440","65.5474453%"
"2017-10-01","A DIVISION","7","2","peak","2,593","3,119","83.1356204%"
"2017-10-01","A DIVISION","S 42nd","1","offpeak","6,706","6,882","97.4426039%"
"2017-10-01","A DIVISION","S 42nd","2","offpeak","1,845","1,905","96.8503937%"
"2017-10-01","A DIVISION","S 42nd","1","peak","5,944","6,402","92.8459856%"
"2017-10-01","A DIVISION","S 42nd","2","peak","1,051","1,100","95.5454545%"
"2017-10-01","B DIVISION","A","1","offpeak","15,250","21,922","69.5648207%"
"2017-10-01","B DIVISION","A","2","offpeak","4,988","7,037","70.8824783%"
"2017-10-01","B DIVISION","A","1","peak","10,425","16,104","64.7354694%"
"2017-10-01","B DIVISION","A","2","peak","2,603","3,688","70.5802603%"
"2017-10-01","B DIVISION","B","1","offpeak","7,639","10,361","73.7284046%"
"2017-10-01","B DIVISION","B","1","peak","5,993","8,634","69.4116284%"
"2017-10-01","B DIVISION","C","1","offpeak","8,929","13,150","67.9011407%"
"2017-10-01","B DIVISION","C","2","offpeak","3,142","4,190","74.9880668%"
"2017-10-01","B DIVISION","C","1","peak","5,250","8,222","63.8530771%"
"2017-10-01","B DIVISION","C","2","peak","1,798","2,317","77.6003453%"
"2017-10-01","B DIVISION","D","1","offpeak","11,250","14,935","75.3264145%"
"2017-10-01","B DIVISION","D","2","offpeak","2,781","3,576","77.7684564%"
"2017-10-01","B DIVISION","D","1","peak","6,885","9,603","71.6963449%"
"2017-10-01","B DIVISION","D","2","peak","1,425","1,808","78.8163717%"
"2017-10-01","B DIVISION","E","1","offpeak","12,883","18,127","71.0707784%"
"2017-10-01","B DIVISION","E","2","offpeak","2,891","3,607","80.1497089%"
"2017-10-01","B DIVISION","E","1","peak","8,443","12,977","65.0612622%"
"2017-10-01","B DIVISION","E","2","peak","1,485","1,824","81.4144737%"
"2017-10-01","B DIVISION","F","1","offpeak","20,858","29,447","70.8323429%"
"2017-10-01","B DIVISION","F","2","offpeak","3,981","5,117","77.7994919%"
"2017-10-01","B DIVISION","F","1","peak","13,958","20,744","67.2869263%"
"2017-10-01","B DIVISION","F","2","peak","2,083","2,578","80.799069%"
"2017-10-01","B DIVISION","G","1","offpeak","10,993","13,178","83.4193353%"
"2017-10-01","B DIVISION","G","2","offpeak","3,367","3,895","86.4441592%"
"2017-10-01","B DIVISION","G","1","peak","6,213","7,882","78.8251713%"
"2017-10-01","B DIVISION","G","2","peak","1,745","2,023","86.2580326%"
"2017-10-01","B DIVISION","JZ","1","offpeak","9,333","12,018","77.6585122%"
"2017-10-01","B DIVISION","JZ","2","offpeak","3,451","4,015","85.9526775%"
"2017-10-01","B DIVISION","JZ","1","peak","6,206","8,580","72.3310023%"
"2017-10-01","B DIVISION","JZ","2","peak","1,821","2,154","84.54039%"
"2017-10-01","B DIVISION","L","1","offpeak","18,510","23,481","78.8296921%"
"2017-10-01","B DIVISION","L","2","offpeak","7,224","9,626","75.0467484%"
"2017-10-01","B DIVISION","L","1","peak","11,863","15,937","74.4368451%"
"2017-10-01","B DIVISION","L","2","peak","3,872","4,941","78.3647035%"
"2017-10-01","B DIVISION","M","1","offpeak","12,686","17,512","72.4417542%"
"2017-10-01","B DIVISION","M","2","offpeak","1,546","1,677","92.1884317%"
"2017-10-01","B DIVISION","M","1","peak","7,617","10,951","69.5552918%"
"2017-10-01","B DIVISION","M","2","peak","767","883","86.8629672%"
"2017-10-01","B DIVISION","N","1","offpeak","13,799","18,575","74.2880215%"
"2017-10-01","B DIVISION","N","2","offpeak","4,536","6,198","73.1848984%"
"2017-10-01","B DIVISION","N","1","peak","8,246","11,660","70.7204117%"
"2017-10-01","B DIVISION","N","2","peak","2,360","3,054","77.275704%"
"2017-10-01","B DIVISION","Q","1","offpeak","8,958","11,524","77.7334259%"
"2017-10-01","B DIVISION","Q","2","offpeak","3,856","4,699","82.0600128%"
"2017-10-01","B DIVISION","Q","1","peak","5,122","6,885","74.3936093%"
"2017-10-01","B DIVISION","Q","2","peak","2,006","2,405","83.4095634%"
"2017-10-01","B DIVISION","R","1","offpeak","15,142","20,396","74.2400471%"
"2017-10-01","B DIVISION","R","2","offpeak","4,065","6,109","66.5411688%"
"2017-10-01","B DIVISION","R","1","peak","9,369","13,703","68.3718894%"
"2017-10-01","B DIVISION","R","2","peak","2,137","3,194","66.9067001%"
"2017-10-01","B DIVISION","S Fkln","1","offpeak","2,106","2,158","97.5903614%"
"2017-10-01","B DIVISION","S Fkln","2","offpeak","844","861","98.0255517%"
"2017-10-01","B DIVISION","S Fkln","1","peak","1,176","1,200","98%"
"2017-10-01","B DIVISION","S Fkln","2","peak","462","464","99.5689655%"
"2017-10-01","B DIVISION","S Rock","1","offpeak","1,783","1,906","93.5466946%"
"2017-10-01","B DIVISION","S Rock","2","offpeak","622","647","96.1360124%"
"2017-10-01","B DIVISION","S Rock","1","peak","924","959","96.350365%"
"2017-10-01","B DIVISION","S Rock","2","peak","347","352","98.5795455%"
"2017-10-01","B DIVISION","W","1","offpeak","5,848","8,115","72.0640789%"
"2017-10-01","B DIVISION","W","1","peak","4,118","6,077","67.7636992%"
"2017-11-01","A DIVISION","1","1","offpeak","20,360","25,642","79.4009828%"
"2017-11-01","A DIVISION","1","2","offpeak","3,960","6,210","63.7681159%"
"2017-11-01","A DIVISION","1","1","peak","12,612","17,189","73.3725057%"
"2017-11-01","A DIVISION","1","2","peak","1,940","3,019","64.2596886%"
"2017-11-01","A DIVISION","2","1","offpeak","18,849","27,957","67.4213971%"
"2017-11-01","A DIVISION","2","2","offpeak","3,082","5,077","60.7051408%"
"2017-11-01","A DIVISION","2","1","peak","11,115","18,220","61.0043908%"
"2017-11-01","A DIVISION","2","2","peak","1,446","2,684","53.8748137%"
"2017-11-01","A DIVISION","3","1","offpeak","16,292","22,562","72.2099105%"
"2017-11-01","A DIVISION","3","2","offpeak","2,378","2,870","82.8571429%"
"2017-11-01","A DIVISION","3","1","peak","9,642","15,220","63.3508541%"
"2017-11-01","A DIVISION","3","2","peak","1,240","1,521","81.5253123%"
"2017-11-01","A DIVISION","4","1","offpeak","21,440","31,301","68.4962142%"
"2017-11-01","A DIVISION","4","2","offpeak","5,161","8,294","62.2257053%"
"2017-11-01","A DIVISION","4","1","peak","13,910","23,263","59.7945235%"
"2017-11-01","A DIVISION","4","2","peak","2,751","4,420","62.239819%"
"2017-11-01","A DIVISION","5","1","offpeak","14,962","24,125","62.0186528%"
"2017-11-01","A DIVISION","5","2","offpeak","4,630","6,975","66.3799283%"
"2017-11-01","A DIVISION","5","1","peak","10,636","19,103","55.6771188%"
"2017-11-01","A DIVISION","5","2","peak","2,385","3,498","68.1818182%"
"2017-11-01","A DIVISION","6","1","offpeak","19,585","28,834","67.923285%"
"2017-11-01","A DIVISION","6","2","offpeak","3,456","4,624","74.7404844%"
"2017-11-01","A DIVISION","6","1","peak","11,745","18,661","62.9387493%"
"2017-11-01","A DIVISION","6","2","peak","1,743","2,330","74.806867%"
"2017-11-01","A DIVISION","7","1","offpeak","15,091","20,166","74.8338788%"
"2017-11-01","A DIVISION","7","2","offpeak","3,104","3,501","88.6603827%"
"2017-11-01","A DIVISION","7","1","peak","10,239","15,799","64.8078992%"
"2017-11-01","A DIVISION","7","2","peak","1,646","1,868","88.1156317%"
"2017-11-01","A DIVISION","S 42nd","1","offpeak","6,356","6,461","98.3748646%"
"2017-11-01","A DIVISION","S 42nd","2","offpeak","1,532","1,559","98.2681206%"
"2017-11-01","A DIVISION","S 42nd","1","peak","5,414","5,971","90.6715793%"
"2017-11-01","A DIVISION","S 42nd","2","peak","914","924","98.9177489%"
"2017-11-01","B DIVISION","A","1","offpeak","14,528","21,029","69.0855485%"
"2017-11-01","B DIVISION","A","2","offpeak","3,974","6,270","63.3811802%"
"2017-11-01","B DIVISION","A","1","peak","9,859","15,462","63.7627733%"
"2017-11-01","B DIVISION","A","2","peak","2,050","3,281","62.4809509%"
"2017-11-01","B DIVISION","B","1","offpeak","6,483","9,170","70.697928%"
"2017-11-01","B DIVISION","B","1","peak","5,621","8,242","68.1994661%"
"2017-11-01","B DIVISION","C","1","offpeak","8,615","12,372","69.6330424%"
"2017-11-01","B DIVISION","C","2","offpeak","2,616","3,911","66.8882639%"
"2017-11-01","B DIVISION","C","1","peak","5,185","7,877","65.8245525%"
"2017-11-01","B DIVISION","C","2","peak","1,480","2,158","68.5820204%"
"2017-11-01","B DIVISION","D","1","offpeak","10,120","14,355","70.4980843%"
"2017-11-01","B DIVISION","D","2","offpeak","2,726","3,715","73.3781965%"
"2017-11-01","B DIVISION","D","1","peak","6,422","9,239","69.5096872%"
"2017-11-01","B DIVISION","D","2","peak","1,382","1,897","72.8518714%"
"2017-11-01","B DIVISION","E","1","offpeak","11,850","17,032","69.5749178%"
"2017-11-01","B DIVISION","E","2","offpeak","2,558","3,281","77.9640354%"
"2017-11-01","B DIVISION","E","1","peak","8,153","12,260","66.5008157%"
"2017-11-01","B DIVISION","E","2","peak","1,262","1,617","78.0457638%"
"2017-11-01","B DIVISION","F","1","offpeak","20,018","28,352","70.6052483%"
"2017-11-01","B DIVISION","F","2","offpeak","4,866","6,142","79.2250081%"
"2017-11-01","B DIVISION","F","1","peak","13,603","19,865","68.4772212%"
"2017-11-01","B DIVISION","F","2","peak","2,393","3,117","76.7725377%"
"2017-11-01","B DIVISION","G","1","offpeak","10,187","12,478","81.6396858%"
"2017-11-01","B DIVISION","G","2","offpeak","2,683","3,218","83.3747669%"
"2017-11-01","B DIVISION","G","1","peak","5,814","7,508","77.4374001%"
"2017-11-01","B DIVISION","G","2","peak","1,412","1,650","85.5757576%"
"2017-11-01","B DIVISION","JZ","1","offpeak","9,047","11,394","79.4014394%"
"2017-11-01","B DIVISION","JZ","2","offpeak","2,530","3,077","82.2229444%"
"2017-11-01","B DIVISION","JZ","1","peak","5,973","8,219","72.6730746%"
"2017-11-01","B DIVISION","JZ","2","peak","1,344","1,676","80.1909308%"
"2017-11-01","B DIVISION","L","1","offpeak","17,631","22,182","79.4833649%"
"2017-11-01","B DIVISION","L","2","offpeak","6,133","7,581","80.8996175%"
"2017-11-01","B DIVISION","L","1","peak","11,575","15,234","75.9813575%"
"2017-11-01","B DIVISION","L","2","peak","3,157","3,869","81.597312%"
"2017-11-01","B DIVISION","M","1","offpeak","12,751","17,113","74.510606%"
"2017-11-01","B DIVISION","M","2","offpeak","1,311","1,388","94.4524496%"
"2017-11-01","B DIVISION","M","1","peak","7,444","10,527","70.7134036%"
"2017-11-01","B DIVISION","M","2","peak","650","712","91.2921348%"
"2017-11-01","B DIVISION","N","1","offpeak","12,142","16,973","71.5371472%"
"2017-11-01","B DIVISION","N","2","offpeak","4,184","5,690","73.5325132%"
"2017-11-01","B DIVISION","N","1","peak","7,771","11,146","69.720079%"
"2017-11-01","B DIVISION","N","2","peak","2,036","2,775","73.3693694%"
"2017-11-01","B DIVISION","Q","1","offpeak","7,899","10,556","74.8294809%"
"2017-11-01","B DIVISION","Q","2","offpeak","3,211","3,973","80.8205386%"
"2017-11-01","B DIVISION","Q","1","peak","5,231","7,068","74.0096208%"
"2017-11-01","B DIVISION","Q","2","peak","1,697","2,039","83.2270721%"
"2017-11-01","B DIVISION","R","1","offpeak","13,089","17,910","73.0820771%"
"2017-11-01","B DIVISION","R","2","offpeak","3,512","5,315","66.0771402%"
"2017-11-01","B DIVISION","R","1","peak","8,623","12,687","67.9672105%"
"2017-11-01","B DIVISION","R","2","peak","1,893","2,806","67.4625802%"
"2017-11-01","B DIVISION","S Fkln","1","offpeak","1,926","1,985","97.0277078%"
"2017-11-01","B DIVISION","S Fkln","2","offpeak","811","825","98.3030303%"
"2017-11-01","B DIVISION","S Fkln","1","peak","1,216","1,239","98.1436642%"
"2017-11-01","B DIVISION","S Fkln","2","peak","446","457","97.5929978%"
"2017-11-01","B DIVISION","S Rock","1","offpeak","1,544","1,666","92.6770708%"
"2017-11-01","B DIVISION","S Rock","2","offpeak","417","439","94.9886105%"
"2017-11-01","B DIVISION","S Rock","1","peak","859","913","94.0854326%"
"2017-11-01","B DIVISION","S Rock","2","peak","241","248","97.1774194%"
"2017-11-01","B DIVISION","W","1","offpeak","4,556","6,430","70.8553655%"
"2017-11-01","B DIVISION","W","1","peak","4,075","5,997","67.950642%"
"2017-12-01","A DIVISION","1","1","offpeak","19,572","24,632","79.4576161%"
"2017-12-01","A DIVISION","1","2","offpeak","5,768","8,299","69.5023497%"
"2017-12-01","A DIVISION","1","1","peak","12,007","16,189","74.1676447%"
"2017-12-01","A DIVISION","1","2","peak","2,888","4,030","71.662531%"
"2017-12-01","A DIVISION","2","1","offpeak","18,389","26,919","68.3123444%"
"2017-12-01","A DIVISION","2","2","offpeak","4,239","7,342","57.7363116%"
"2017-12-01","A DIVISION","2","1","peak","11,100","17,150","64.7230321%"
"2017-12-01","A DIVISION","2","2","peak","2,165","3,870","55.9431525%"
"2017-12-01","A DIVISION","3","1","offpeak","16,158","22,281","72.5191868%"
"2017-12-01","A DIVISION","3","2","offpeak","3,148","3,896","80.8008214%"
"2017-12-01","A DIVISION","3","1","peak","9,323","13,904","67.0526467%"
"2017-12-01","A DIVISION","3","2","peak","1,597","2,035","78.4766585%"
"2017-12-01","A DIVISION","4","1","offpeak","20,343","29,847","68.1576038%"
"2017-12-01","A DIVISION","4","2","offpeak","7,929","11,763","67.4062739%"
"2017-12-01","A DIVISION","4","1","peak","12,835","21,818","58.8275736%"
"2017-12-01","A DIVISION","4","2","peak","4,310","6,320","68.1962025%"
"2017-12-01","A DIVISION","5","1","offpeak","15,048","22,622","66.5193175%"
"2017-12-01","A DIVISION","5","2","offpeak","6,539","9,590","68.18561%"
"2017-12-01","A DIVISION","5","1","peak","10,974","18,579","59.0666882%"
"2017-12-01","A DIVISION","5","2","peak","3,333","4,804","69.3796836%"
"2017-12-01","A DIVISION","6","1","offpeak","17,830","27,337","65.2229579%"
"2017-12-01","A DIVISION","6","2","offpeak","6,594","8,117","81.2369102%"
"2017-12-01","A DIVISION","6","1","peak","10,638","18,057","58.9134408%"
"2017-12-01","A DIVISION","6","2","peak","3,441","4,180","82.3205742%"
"2017-12-01","A DIVISION","7","1","offpeak","13,762","19,013","72.3820544%"
"2017-12-01","A DIVISION","7","2","offpeak","5,174","6,394","80.9196121%"
"2017-12-01","A DIVISION","7","1","peak","9,398","15,074","62.3457609%"
"2017-12-01","A DIVISION","7","2","peak","3,049","4,073","74.8588264%"
"2017-12-01","A DIVISION","S 42nd","1","offpeak","5,777","6,061","95.3143046%"
"2017-12-01","A DIVISION","S 42nd","2","offpeak","2,146","2,183","98.3050847%"
"2017-12-01","A DIVISION","S 42nd","1","peak","5,001","5,820","85.9278351%"
"2017-12-01","A DIVISION","S 42nd","2","peak","1,221","1,240","98.4677419%"
"2017-12-01","B DIVISION","A","1","offpeak","13,199","19,653","67.16023%"
"2017-12-01","B DIVISION","A","2","offpeak","5,918","8,278","71.4906982%"
"2017-12-01","B DIVISION","A","1","peak","9,205","14,662","62.7813395%"
"2017-12-01","B DIVISION","A","2","peak","3,045","4,320","70.4861111%"
"2017-12-01","B DIVISION","B","1","offpeak","6,413","8,909","71.9833876%"
"2017-12-01","B DIVISION","B","1","peak","5,114","7,842","65.2129559%"
"2017-12-01","B DIVISION","C","1","offpeak","7,893","11,701","67.455773%"
"2017-12-01","B DIVISION","C","2","offpeak","3,880","5,252","73.8766184%"
"2017-12-01","B DIVISION","C","1","peak","4,902","7,476","65.5698234%"
"2017-12-01","B DIVISION","C","2","peak","2,082","2,823","73.7513284%"
"2017-12-01","B DIVISION","D","1","offpeak","9,410","13,533","69.5337324%"
"2017-12-01","B DIVISION","D","2","offpeak","3,886","5,871","66.1897462%"
"2017-12-01","B DIVISION","D","1","peak","6,086","8,770","69.395667%"
"2017-12-01","B DIVISION","D","2","peak","1,959","3,021","64.8460775%"
"2017-12-01","B DIVISION","E","1","offpeak","9,993","14,575","68.5626072%"
"2017-12-01","B DIVISION","E","2","offpeak","3,523","4,856","72.5494234%"
"2017-12-01","B DIVISION","E","1","peak","6,544","10,540","62.0872865%"
"2017-12-01","B DIVISION","E","2","peak","1,867","2,464","75.7711039%"
"2017-12-01","B DIVISION","F","1","offpeak","18,545","26,936","68.8483813%"
"2017-12-01","B DIVISION","F","2","offpeak","6,630","10,095","65.6760773%"
"2017-12-01","B DIVISION","F","1","peak","12,228","18,858","64.8425072%"
"2017-12-01","B DIVISION","F","2","peak","3,505","5,162","67.9000387%"
"2017-12-01","B DIVISION","G","1","offpeak","9,210","11,594","79.4376402%"
"2017-12-01","B DIVISION","G","2","offpeak","3,146","3,605","87.2676838%"
"2017-12-01","B DIVISION","G","1","peak","5,517","7,156","77.0961431%"
"2017-12-01","B DIVISION","G","2","peak","1,627","1,876","86.7270789%"
"2017-12-01","B DIVISION","JZ","1","offpeak","8,376","10,744","77.9597915%"
"2017-12-01","B DIVISION","JZ","2","offpeak","3,700","4,199","88.1162181%"
"2017-12-01","B DIVISION","JZ","1","peak","5,539","7,789","71.1131082%"
"2017-12-01","B DIVISION","JZ","2","peak","1,919","2,250","85.2888889%"
"2017-12-01","B DIVISION","L","1","offpeak","17,946","22,988","78.0668175%"
"2017-12-01","B DIVISION","L","2","offpeak","7,859","10,396","75.5963832%"
"2017-12-01","B DIVISION","L","1","peak","10,567","14,503","72.8607874%"
"2017-12-01","B DIVISION","L","2","peak","4,087","5,139","79.5290913%"
"2017-12-01","B DIVISION","M","1","offpeak","9,438","13,586","69.4685706%"
"2017-12-01","B DIVISION","M","2","offpeak","2,001","2,254","88.7755102%"
"2017-12-01","B DIVISION","M","1","peak","5,730","8,746","65.5156643%"
"2017-12-01","B DIVISION","M","2","peak","1,016","1,185","85.7383966%"
"2017-12-01","B DIVISION","N","1","offpeak","11,767","16,418","71.6713363%"
"2017-12-01","B DIVISION","N","2","offpeak","5,378","7,661","70.1997128%"
"2017-12-01","B DIVISION","N","1","peak","7,225","10,626","67.9936006%"
"2017-12-01","B DIVISION","N","2","peak","2,601","3,779","68.8277322%"
"2017-12-01","B DIVISION","Q","1","offpeak","6,907","9,365","73.7533369%"
"2017-12-01","B DIVISION","Q","2","offpeak","3,452","4,900","70.4489796%"
"2017-12-01","B DIVISION","Q","1","peak","4,436","6,119","72.4955058%"
"2017-12-01","B DIVISION","Q","2","peak","1,746","2,515","69.4234592%"
"2017-12-01","B DIVISION","R","1","offpeak","12,689","17,683","71.7581858%"
"2017-12-01","B DIVISION","R","2","offpeak","4,872","7,413","65.7223796%"
"2017-12-01","B DIVISION","R","1","peak","8,311","12,551","66.2178312%"
"2017-12-01","B DIVISION","R","2","peak","2,569","3,807","67.4809561%"
"2017-12-01","B DIVISION","S Fkln","1","offpeak","1,939","1,964","98.7270876%"
"2017-12-01","B DIVISION","S Fkln","2","offpeak","901","915","98.4699454%"
"2017-12-01","B DIVISION","S Fkln","1","peak","1,102","1,129","97.6085031%"
"2017-12-01","B DIVISION","S Fkln","2","peak","488","491","99.389002%"
"2017-12-01","B DIVISION","S Rock","1","offpeak","874","957","91.3270637%"
"2017-12-01","B DIVISION","S Rock","2","offpeak","284","298","95.3020134%"
"2017-12-01","B DIVISION","S Rock","1","peak","763","855","89.2397661%"
"2017-12-01","B DIVISION","S Rock","2","peak","153","164","93.2926829%"
"2017-12-01","B DIVISION","W","1","offpeak","3,909","5,570","70.1795332%"
"2017-12-01","B DIVISION","W","1","peak","3,892","5,631","69.1173859%"
"2018-01-01","A DIVISION","1","1","offpeak","21,340","27,212","78.4212847%"
"2018-01-01","A DIVISION","1","2","offpeak","4,970","6,681","74.3900614%"
"2018-01-01","A DIVISION","1","1","peak","12,481","17,721","70.4305626%"
"2018-01-01","A DIVISION","1","2","peak","2,355","3,236","72.7750309%"
"2018-01-01","A DIVISION","2","1","offpeak","18,681","29,378","63.5883995%"
"2018-01-01","A DIVISION","2","2","offpeak","3,954","6,269","63.0722603%"
"2018-01-01","A DIVISION","2","1","peak","11,177","18,952","58.975306%"
"2018-01-01","A DIVISION","2","2","peak","1,929","3,253","59.2991085%"
"2018-01-01","A DIVISION","3","1","offpeak","15,746","23,324","67.5098611%"
"2018-01-01","A DIVISION","3","2","offpeak","2,622","3,103","84.4988721%"
"2018-01-01","A DIVISION","3","1","peak","9,668","15,581","62.0499326%"
"2018-01-01","A DIVISION","3","2","peak","1,383","1,625","85.1076923%"
"2018-01-01","A DIVISION","4","1","offpeak","21,764","32,794","66.3657986%"
"2018-01-01","A DIVISION","4","2","offpeak","5,754","9,079","63.3770239%"
"2018-01-01","A DIVISION","4","1","peak","13,394","23,980","55.8548791%"
"2018-01-01","A DIVISION","4","2","peak","2,961","4,865","60.8633094%"
"2018-01-01","A DIVISION","5","1","offpeak","15,423","24,434","63.1210608%"
"2018-01-01","A DIVISION","5","2","offpeak","3,586","4,679","76.6403078%"
"2018-01-01","A DIVISION","5","1","peak","10,977","20,362","53.9092427%"
"2018-01-01","A DIVISION","5","2","peak","1,777","2,338","76.0051326%"
"2018-01-01","A DIVISION","6","1","offpeak","20,379","31,152","65.4179507%"
"2018-01-01","A DIVISION","6","2","offpeak","4,375","6,324","69.1808982%"
"2018-01-01","A DIVISION","6","1","peak","11,504","19,995","57.5343836%"
"2018-01-01","A DIVISION","6","2","peak","2,362","3,306","71.445856%"
"2018-01-01","A DIVISION","7","1","offpeak","14,465","20,402","70.8999118%"
"2018-01-01","A DIVISION","7","2","offpeak","3,485","4,172","83.5330777%"
"2018-01-01","A DIVISION","7","1","peak","9,794","16,497","59.36837%"
"2018-01-01","A DIVISION","7","2","peak","1,810","2,208","81.9746377%"
"2018-01-01","A DIVISION","S 42nd","1","offpeak","6,649","6,839","97.2218161%"
"2018-01-01","A DIVISION","S 42nd","2","offpeak","1,655","1,681","98.4533016%"
"2018-01-01","A DIVISION","S 42nd","1","peak","5,850","6,402","91.3776945%"
"2018-01-01","A DIVISION","S 42nd","2","peak","965","981","98.3690112%"
"2018-01-01","B DIVISION","A","1","offpeak","13,692","21,372","64.0651319%"
"2018-01-01","B DIVISION","A","2","offpeak","4,270","6,230","68.5393258%"
"2018-01-01","B DIVISION","A","1","peak","9,524","16,065","59.2841581%"
"2018-01-01","B DIVISION","A","2","peak","2,267","3,263","69.4759424%"
"2018-01-01","B DIVISION","B","1","offpeak","6,295","9,396","66.9965943%"
"2018-01-01","B DIVISION","B","1","peak","5,276","8,511","61.9903654%"
"2018-01-01","B DIVISION","C","1","offpeak","7,244","12,409","58.3769844%"
"2018-01-01","B DIVISION","C","2","offpeak","2,540","3,965","64.0605296%"
"2018-01-01","B DIVISION","C","1","peak","5,050","8,217","61.457953%"
"2018-01-01","B DIVISION","C","2","peak","1,490","2,205","67.5736961%"
"2018-01-01","B DIVISION","D","1","offpeak","10,063","14,657","68.6566146%"
"2018-01-01","B DIVISION","D","2","offpeak","2,180","2,911","74.8883545%"
"2018-01-01","B DIVISION","D","1","peak","6,267","9,539","65.6987106%"
"2018-01-01","B DIVISION","D","2","peak","1,064","1,460","72.8767123%"
"2018-01-01","B DIVISION","E","1","offpeak","10,987","17,679","62.1471803%"
"2018-01-01","B DIVISION","E","2","offpeak","2,881","3,637","79.2136376%"
"2018-01-01","B DIVISION","E","1","peak","8,337","13,150","63.3992395%"
"2018-01-01","B DIVISION","E","2","peak","1,470","1,794","81.9397993%"
"2018-01-01","B DIVISION","F","1","offpeak","19,175","29,271","65.5085238%"
"2018-01-01","B DIVISION","F","2","offpeak","3,363","4,397","76.4839663%"
"2018-01-01","B DIVISION","F","1","peak","13,570","20,919","64.8692576%"
"2018-01-01","B DIVISION","F","2","peak","1,651","2,203","74.9432592%"
"2018-01-01","B DIVISION","G","1","offpeak","10,023","12,977","77.2366495%"
"2018-01-01","B DIVISION","G","2","offpeak","3,301","4,046","81.5867523%"
"2018-01-01","B DIVISION","G","1","peak","5,793","7,821","74.069812%"
"2018-01-01","B DIVISION","G","2","peak","1,752","2,100","83.4285714%"
"2018-01-01","B DIVISION","JZ","1","offpeak","8,889","11,819","75.2094086%"
"2018-01-01","B DIVISION","JZ","2","offpeak","2,884","3,571","80.7616914%"
"2018-01-01","B DIVISION","JZ","1","peak","5,778","8,536","67.6897844%"
"2018-01-01","B DIVISION","JZ","2","peak","1,531","1,896","80.7489451%"
"2018-01-01","B DIVISION","L","1","offpeak","19,005","26,559","71.5576641%"
"2018-01-01","B DIVISION","L","2","offpeak","6,155","8,181","75.2353013%"
"2018-01-01","B DIVISION","L","1","peak","10,787","15,968","67.5538577%"
"2018-01-01","B DIVISION","L","2","peak","3,108","4,074","76.2886598%"
"2018-01-01","B DIVISION","M","1","offpeak","11,486","16,862","68.117661%"
"2018-01-01","B DIVISION","M","2","offpeak","472","512","92.1875%"
"2018-01-01","B DIVISION","M","1","peak","7,485","11,484","65.1776385%"
"2018-01-01","B DIVISION","M","2","peak","218","236","92.3728814%"
"2018-01-01","B DIVISION","N","1","offpeak","12,856","18,324","70.1593539%"
"2018-01-01","B DIVISION","N","2","offpeak","3,866","5,483","70.5088455%"
"2018-01-01","B DIVISION","N","1","peak","7,724","11,590","66.6436583%"
"2018-01-01","B DIVISION","N","2","peak","2,007","2,693","74.5265503%"
"2018-01-01","B DIVISION","Q","1","offpeak","8,506","11,795","72.1153031%"
"2018-01-01","B DIVISION","Q","2","offpeak","3,380","4,149","81.4654134%"
"2018-01-01","B DIVISION","Q","1","peak","4,996","7,403","67.4861543%"
"2018-01-01","B DIVISION","Q","2","peak","1,651","2,126","77.6575729%"
"2018-01-01","B DIVISION","R","1","offpeak","13,876","20,547","67.5329732%"
"2018-01-01","B DIVISION","R","2","offpeak","4,102","5,866","69.928401%"
"2018-01-01","B DIVISION","R","1","peak","9,276","14,279","64.9625324%"
"2018-01-01","B DIVISION","R","2","peak","2,167","3,038","71.3298223%"
"2018-01-01","B DIVISION","S Fkln","1","offpeak","2,298","2,386","96.3118189%"
"2018-01-01","B DIVISION","S Fkln","2","offpeak","820","845","97.0414201%"
"2018-01-01","B DIVISION","S Fkln","1","peak","1,345","1,392","96.6235632%"
"2018-01-01","B DIVISION","S Fkln","2","peak","426","439","97.0387244%"
"2018-01-01","B DIVISION","S Rock","1","offpeak","1,659","1,819","91.2039582%"
"2018-01-01","B DIVISION","S Rock","2","offpeak","570","604","94.3708609%"
"2018-01-01","B DIVISION","S Rock","1","peak","800","901","88.7902331%"
"2018-01-01","B DIVISION","S Rock","2","peak","298","330","90.3030303%"
"2018-01-01","B DIVISION","W","1","offpeak","6,141","9,155","67.0780994%"
"2018-01-01","B DIVISION","W","1","peak","4,095","6,139","66.704675%"
"2018-02-01","A DIVISION","1","1","offpeak","18,196","23,281","78.1581547%"
"2018-02-01","A DIVISION","1","2","offpeak","4,538","5,914","76.7331755%"
"2018-02-01","A DIVISION","1","1","peak","11,053","15,271","72.3790191%"
"2018-02-01","A DIVISION","1","2","peak","2,263","2,865","78.9877836%"
"2018-02-01","A DIVISION","2","1","offpeak","16,663","25,549","65.2197738%"
"2018-02-01","A DIVISION","2","2","offpeak","3,320","5,557","59.7444664%"
"2018-02-01","A DIVISION","2","1","peak","10,441","16,453","63.4595514%"
"2018-02-01","A DIVISION","2","2","peak","1,688","2,916","57.8875171%"
"2018-02-01","A DIVISION","3","1","offpeak","13,706","19,687","69.6195459%"
"2018-02-01","A DIVISION","3","2","offpeak","1,266","1,551","81.6247582%"
"2018-02-01","A DIVISION","3","1","peak","8,710","13,530","64.3754619%"
"2018-02-01","A DIVISION","3","2","peak","675","810","83.3333333%"
"2018-02-01","A DIVISION","4","1","offpeak","19,619","28,613","68.5667354%"
"2018-02-01","A DIVISION","4","2","offpeak","5,207","8,973","58.0296445%"
"2018-02-01","A DIVISION","4","1","peak","12,554","20,702","60.6414839%"
"2018-02-01","A DIVISION","4","2","peak","2,820","4,752","59.3434343%"
"2018-02-01","A DIVISION","5","1","offpeak","13,616","21,329","63.8379671%"
"2018-02-01","A DIVISION","5","2","offpeak","4,259","7,021","60.6608745%"
"2018-02-01","A DIVISION","5","1","peak","10,181","17,630","57.7481566%"
"2018-02-01","A DIVISION","5","2","peak","2,447","3,556","68.8132733%"
"2018-02-01","A DIVISION","6","1","offpeak","18,005","27,138","66.346083%"
"2018-02-01","A DIVISION","6","2","offpeak","4,063","5,080","79.980315%"
"2018-02-01","A DIVISION","6","1","peak","10,622","17,358","61.1936859%"
"2018-02-01","A DIVISION","6","2","peak","2,003","2,563","78.1506048%"
"2018-02-01","A DIVISION","7","1","offpeak","12,477","18,121","68.853816%"
"2018-02-01","A DIVISION","7","2","offpeak","3,170","4,412","71.8495014%"
"2018-02-01","A DIVISION","7","1","peak","8,857","14,147","62.6069131%"
"2018-02-01","A DIVISION","7","2","peak","1,779","2,593","68.6077902%"
"2018-02-01","A DIVISION","S 42nd","1","offpeak","5,667","5,794","97.8080773%"
"2018-02-01","A DIVISION","S 42nd","2","offpeak","1,669","1,700","98.1764706%"
"2018-02-01","A DIVISION","S 42nd","1","peak","5,091","5,529","92.0781335%"
"2018-02-01","A DIVISION","S 42nd","2","peak","988","992","99.5967742%"
"2018-02-01","B DIVISION","A","1","offpeak","12,899","18,954","68.0542366%"
"2018-02-01","B DIVISION","A","2","offpeak","4,582","6,468","70.8410637%"
"2018-02-01","B DIVISION","A","1","peak","8,907","14,006","63.5941739%"
"2018-02-01","B DIVISION","A","2","peak","2,392","3,397","70.4150721%"
"2018-02-01","B DIVISION","B","1","offpeak","5,623","7,793","72.1544976%"
"2018-02-01","B DIVISION","B","1","peak","4,990","7,337","68.0114488%"
"2018-02-01","B DIVISION","C","1","offpeak","7,435","10,995","67.6216462%"
"2018-02-01","B DIVISION","C","2","offpeak","2,972","4,067","73.0759774%"
"2018-02-01","B DIVISION","C","1","peak","4,719","7,120","66.2780899%"
"2018-02-01","B DIVISION","C","2","peak","1,614","2,213","72.9326706%"
"2018-02-01","B DIVISION","D","1","offpeak","8,651","12,446","69.5082758%"
"2018-02-01","B DIVISION","D","2","offpeak","2,755","3,615","76.2102351%"
"2018-02-01","B DIVISION","D","1","peak","5,727","8,335","68.7102579%"
"2018-02-01","B DIVISION","D","2","peak","1,351","1,818","74.3124312%"
"2018-02-01","B DIVISION","E","1","offpeak","9,711","14,995","64.7615872%"
"2018-02-01","B DIVISION","E","2","offpeak","2,471","3,070","80.4885993%"
"2018-02-01","B DIVISION","E","1","peak","7,016","11,360","61.7605634%"
"2018-02-01","B DIVISION","E","2","peak","1,281","1,536","83.3984375%"
"2018-02-01","B DIVISION","F","1","offpeak","16,550","25,347","65.2937231%"
"2018-02-01","B DIVISION","F","2","offpeak","4,411","5,801","76.038614%"
"2018-02-01","B DIVISION","F","1","peak","11,468","18,096","63.3731211%"
"2018-02-01","B DIVISION","F","2","peak","2,276","2,902","78.4286699%"
"2018-02-01","B DIVISION","G","1","offpeak","8,983","11,241","79.9128191%"
"2018-02-01","B DIVISION","G","2","offpeak","2,910","3,743","77.7451242%"
"2018-02-01","B DIVISION","G","1","peak","5,385","6,807","79.10974%"
"2018-02-01","B DIVISION","G","2","peak","1,486","1,900","78.2105263%"
"2018-02-01","B DIVISION","JZ","1","offpeak","7,813","10,252","76.2095201%"
"2018-02-01","B DIVISION","JZ","2","offpeak","2,517","2,960","85.0337838%"
"2018-02-01","B DIVISION","JZ","1","peak","5,251","7,372","71.2289745%"
"2018-02-01","B DIVISION","JZ","2","peak","1,400","1,599","87.5547217%"
"2018-02-01","B DIVISION","L","1","offpeak","17,166","22,976","74.7127437%"
"2018-02-01","B DIVISION","L","2","offpeak","7,006","8,960","78.1919643%"
"2018-02-01","B DIVISION","L","1","peak","10,053","13,811","72.7898052%"
"2018-02-01","B DIVISION","L","2","peak","3,666","4,599","79.7129811%"
"2018-02-01","B DIVISION","M","1","offpeak","10,238","14,399","71.1021599%"
"2018-02-01","B DIVISION","M","2","offpeak","490","512","95.703125%"
"2018-02-01","B DIVISION","M","1","peak","6,703","9,931","67.4957205%"
"2018-02-01","B DIVISION","M","2","peak","233","236","98.7288136%"
"2018-02-01","B DIVISION","N","1","offpeak","11,309","15,883","71.201914%"
"2018-02-01","B DIVISION","N","2","offpeak","3,624","5,224","69.3721286%"
"2018-02-01","B DIVISION","N","1","peak","6,660","10,037","66.3544884%"
"2018-02-01","B DIVISION","N","2","peak","1,837","2,609","70.4101188%"
"2018-02-01","B DIVISION","Q","1","offpeak","6,475","8,786","73.6967903%"
"2018-02-01","B DIVISION","Q","2","offpeak","3,195","4,059","78.713969%"
"2018-02-01","B DIVISION","Q","1","peak","3,877","5,402","71.7697149%"
"2018-02-01","B DIVISION","Q","2","peak","1,594","2,098","75.9771211%"
"2018-02-01","B DIVISION","R","1","offpeak","11,867","17,054","69.5848481%"
"2018-02-01","B DIVISION","R","2","offpeak","4,073","5,626","72.3960185%"
"2018-02-01","B DIVISION","R","1","peak","8,007","12,400","64.5725806%"
"2018-02-01","B DIVISION","R","2","peak","2,128","2,897","73.4552986%"
"2018-02-01","B DIVISION","S Fkln","1","offpeak","1,921","1,963","97.8604177%"
"2018-02-01","B DIVISION","S Fkln","2","offpeak","809","821","98.5383678%"
"2018-02-01","B DIVISION","S Fkln","1","peak","1,076","1,107","97.1996387%"
"2018-02-01","B DIVISION","S Fkln","2","peak","436","447","97.5391499%"
"2018-02-01","B DIVISION","S Rock","1","offpeak","1,550","1,648","94.0533981%"
"2018-02-01","B DIVISION","S Rock","2","offpeak","509","529","96.2192817%"
"2018-02-01","B DIVISION","S Rock","1","peak","781","832","93.8701923%"
"2018-02-01","B DIVISION","S Rock","2","peak","266","284","93.6619718%"
"2018-02-01","B DIVISION","W","1","offpeak","5,557","7,665","72.4983692%"
"2018-02-01","B DIVISION","W","1","peak","3,578","5,290","67.637051%"
"2018-03-01","A DIVISION","1","1","offpeak","22,017","27,229","80.8586434%"
"2018-03-01","A DIVISION","1","2","offpeak","5,525","6,758","81.7549571%"
"2018-03-01","A DIVISION","1","1","peak","13,155","17,780","73.9876265%"
"2018-03-01","A DIVISION","1","2","peak","2,716","3,313","81.9800785%"
"2018-03-01","A DIVISION","2","1","offpeak","20,403","29,789","68.4917251%"
"2018-03-01","A DIVISION","2","2","offpeak","3,197","4,633","69.0049644%"
"2018-03-01","A DIVISION","2","1","peak","12,218","18,999","64.3086478%"
"2018-03-01","A DIVISION","2","2","peak","1,619","2,462","65.7595451%"
"2018-03-01","A DIVISION","3","1","offpeak","16,760","23,279","71.9962198%"
"2018-03-01","A DIVISION","3","2","offpeak","1,699","1,945","87.3521851%"
"2018-03-01","A DIVISION","3","1","peak","10,392","15,560","66.7866324%"
"2018-03-01","A DIVISION","3","2","peak","843","1,024","82.3242188%"
"2018-03-01","A DIVISION","4","1","offpeak","22,858","33,078","69.1033315%"
"2018-03-01","A DIVISION","4","2","offpeak","5,848","9,122","64.1087481%"
"2018-03-01","A DIVISION","4","1","peak","14,205","23,953","59.3036363%"
"2018-03-01","A DIVISION","4","2","peak","3,115","4,920","63.3130081%"
"2018-03-01","A DIVISION","5","1","offpeak","16,322","24,883","65.5949845%"
"2018-03-01","A DIVISION","5","2","offpeak","5,307","7,659","69.2910302%"
"2018-03-01","A DIVISION","5","1","peak","11,493","20,385","56.3796909%"
"2018-03-01","A DIVISION","5","2","peak","2,766","3,848","71.8814969%"
"2018-03-01","A DIVISION","6","1","offpeak","20,967","31,207","67.1868491%"
"2018-03-01","A DIVISION","6","2","offpeak","3,950","5,356","73.7490665%"
"2018-03-01","A DIVISION","6","1","peak","11,912","19,860","59.979859%"
"2018-03-01","A DIVISION","6","2","peak","2,131","2,729","78.0872114%"
"2018-03-01","A DIVISION","7","1","offpeak","14,292","20,805","68.6950252%"
"2018-03-01","A DIVISION","7","2","offpeak","3,276","4,180","78.3732057%"
"2018-03-01","A DIVISION","7","1","peak","9,660","16,372","59.0031762%"
"2018-03-01","A DIVISION","7","2","peak","1,963","2,704","72.5961538%"
"2018-03-01","A DIVISION","S 42nd","1","offpeak","6,616","6,829","96.8809489%"
"2018-03-01","A DIVISION","S 42nd","2","offpeak","1,702","1,727","98.552403%"
"2018-03-01","A DIVISION","S 42nd","1","peak","5,808","6,366","91.2346843%"
"2018-03-01","A DIVISION","S 42nd","2","peak","1,006","1,024","98.2421875%"
"2018-03-01","B DIVISION","A","1","offpeak","15,136","21,960","68.9253188%"
"2018-03-01","B DIVISION","A","2","offpeak","4,338","6,083","71.3134966%"
"2018-03-01","B DIVISION","A","1","peak","10,512","16,186","64.9450142%"
"2018-03-01","B DIVISION","A","2","peak","2,282","3,164","72.1238938%"
"2018-03-01","B DIVISION","B","1","offpeak","7,096","9,271","76.5397476%"
"2018-03-01","B DIVISION","B","1","peak","6,204","8,694","71.3595583%"
"2018-03-01","B DIVISION","C","1","offpeak","9,659","13,170","73.3409263%"
"2018-03-01","B DIVISION","C","2","offpeak","2,923","3,827","76.3783643%"
"2018-03-01","B DIVISION","C","1","peak","5,835","8,261","70.6330953%"
"2018-03-01","B DIVISION","C","2","peak","1,688","2,226","75.8310872%"
"2018-03-01","B DIVISION","D","1","offpeak","10,782","14,846","72.6256231%"
"2018-03-01","B DIVISION","D","2","offpeak","2,769","3,757","73.7024221%"
"2018-03-01","B DIVISION","D","1","peak","6,886","9,600","71.7291667%"
"2018-03-01","B DIVISION","D","2","peak","1,458","1,927","75.6616502%"
"2018-03-01","B DIVISION","E","1","offpeak","12,475","18,199","68.5477224%"
"2018-03-01","B DIVISION","E","2","offpeak","3,415","4,376","78.0393053%"
"2018-03-01","B DIVISION","E","1","peak","8,361","13,177","63.4514685%"
"2018-03-01","B DIVISION","E","2","peak","1,774","2,261","78.460858%"
"2018-03-01","B DIVISION","F","1","offpeak","19,832","29,127","68.0880283%"
"2018-03-01","B DIVISION","F","2","offpeak","4,361","5,481","79.5657727%"
"2018-03-01","B DIVISION","F","1","peak","13,832","20,631","67.0447385%"
"2018-03-01","B DIVISION","F","2","peak","2,237","2,787","80.2655185%"
"2018-03-01","B DIVISION","G","1","offpeak","10,539","12,923","81.5522711%"
"2018-03-01","B DIVISION","G","2","offpeak","3,453","3,971","86.9554268%"
"2018-03-01","B DIVISION","G","1","peak","6,116","7,901","77.407923%"
"2018-03-01","B DIVISION","G","2","peak","1,844","2,152","85.6877323%"
"2018-03-01","B DIVISION","JZ","1","offpeak","9,506","11,887","79.9697148%"
"2018-03-01","B DIVISION","JZ","2","offpeak","2,387","2,818","84.7054649%"
"2018-03-01","B DIVISION","JZ","1","peak","6,154","8,541","72.0524529%"
"2018-03-01","B DIVISION","JZ","2","peak","1,355","1,589","85.2737571%"
"2018-03-01","B DIVISION","L","1","offpeak","20,255","26,518","76.3820801%"
"2018-03-01","B DIVISION","L","2","offpeak","6,173","7,919","77.9517616%"
"2018-03-01","B DIVISION","L","1","peak","11,426","15,950","71.6363636%"
"2018-03-01","B DIVISION","L","2","peak","3,266","4,062","80.403742%"
"2018-03-01","B DIVISION","M","1","offpeak","13,514","17,611","76.7361308%"
"2018-03-01","B DIVISION","M","2","offpeak","904","958","94.3632568%"
"2018-03-01","B DIVISION","M","1","peak","8,306","11,551","71.9071942%"
"2018-03-01","B DIVISION","M","2","peak","472","532","88.7218045%"
"2018-03-01","B DIVISION","N","1","offpeak","13,044","18,368","71.0148084%"
"2018-03-01","B DIVISION","N","2","offpeak","2,856","3,782","75.5156002%"
"2018-03-01","B DIVISION","N","1","peak","7,990","11,651","68.5778045%"
"2018-03-01","B DIVISION","N","2","peak","1,445","1,846","78.2773564%"
"2018-03-01","B DIVISION","Q","1","offpeak","9,759","12,480","78.1971154%"
"2018-03-01","B DIVISION","Q","2","offpeak","3,234","4,224","76.5625%"
"2018-03-01","B DIVISION","Q","1","peak","5,876","7,756","75.7607014%"
"2018-03-01","B DIVISION","Q","2","peak","1,783","2,283","78.0989926%"
"2018-03-01","B DIVISION","R","1","offpeak","15,480","21,010","73.6792004%"
"2018-03-01","B DIVISION","R","2","offpeak","4,073","5,397","75.4678525%"
"2018-03-01","B DIVISION","R","1","peak","9,737","14,475","67.2677029%"
"2018-03-01","B DIVISION","R","2","peak","2,159","2,870","75.2264808%"
"2018-03-01","B DIVISION","S Fkln","1","offpeak","2,057","2,105","97.719715%"
"2018-03-01","B DIVISION","S Fkln","2","offpeak","843","855","98.5964912%"
"2018-03-01","B DIVISION","S Fkln","1","peak","1,190","1,209","98.4284533%"
"2018-03-01","B DIVISION","S Fkln","2","peak","482","486","99.1769547%"
"2018-03-01","B DIVISION","S Rock","1","offpeak","1,566","1,650","94.9090909%"
"2018-03-01","B DIVISION","S Rock","2","offpeak","491","527","93.1688805%"
"2018-03-01","B DIVISION","S Rock","1","peak","881","938","93.9232409%"
"2018-03-01","B DIVISION","S Rock","2","peak","263","282","93.2624113%"
"2018-03-01","B DIVISION","W","1","offpeak","7,089","9,679","73.2410373%"
"2018-03-01","B DIVISION","W","1","peak","4,370","6,268","69.7192087%"
"2018-04-01","A DIVISION","1","1","offpeak","20,965","26,454","79.2507749%"
"2018-04-01","A DIVISION","1","2","offpeak","6,076","7,166","84.7892827%"
"2018-04-01","A DIVISION","1","1","peak","12,588","16,989","74.0950026%"
"2018-04-01","A DIVISION","1","2","peak","2,991","3,440","86.9476744%"
"2018-04-01","A DIVISION","2","1","offpeak","19,622","28,190","69.6062433%"
"2018-04-01","A DIVISION","2","2","offpeak","4,493","6,299","71.3287823%"
"2018-04-01","A DIVISION","2","1","peak","11,627","18,186","63.9337952%"
"2018-04-01","A DIVISION","2","2","peak","2,320","3,290","70.5167173%"
"2018-04-01","A DIVISION","3","1","offpeak","16,680","22,720","73.415493%"
"2018-04-01","A DIVISION","3","2","offpeak","2,903","3,098","93.7056165%"
"2018-04-01","A DIVISION","3","1","peak","10,382","14,952","69.435527%"
"2018-04-01","A DIVISION","3","2","peak","1,548","1,628","95.0859951%"
"2018-04-01","A DIVISION","4","1","offpeak","22,884","31,690","72.2120543%"
"2018-04-01","A DIVISION","4","2","offpeak","6,979","10,370","67.2999036%"
"2018-04-01","A DIVISION","4","1","peak","14,357","22,890","62.7217125%"
"2018-04-01","A DIVISION","4","2","peak","3,734","5,492","67.9898034%"
"2018-04-01","A DIVISION","5","1","offpeak","16,087","23,755","67.7204799%"
"2018-04-01","A DIVISION","5","2","offpeak","5,650","7,706","73.3194913%"
"2018-04-01","A DIVISION","5","1","peak","11,682","19,688","59.3356359%"
"2018-04-01","A DIVISION","5","2","peak","2,870","3,788","75.7655755%"
"2018-04-01","A DIVISION","6","1","offpeak","21,114","29,671","71.1603923%"
"2018-04-01","A DIVISION","6","2","offpeak","4,526","5,650","80.1061947%"
"2018-04-01","A DIVISION","6","1","peak","12,325","19,439","63.4034673%"
"2018-04-01","A DIVISION","6","2","peak","2,356","2,846","82.7828531%"
"2018-04-01","A DIVISION","7","1","offpeak","13,276","19,642","67.5898585%"
"2018-04-01","A DIVISION","7","2","offpeak","3,272","3,901","83.8759292%"
"2018-04-01","A DIVISION","7","1","peak","9,175","15,726","58.3428717%"
"2018-04-01","A DIVISION","7","2","peak","1,798","2,237","80.3755029%"
"2018-04-01","A DIVISION","S 42nd","1","offpeak","6,419","6,568","97.7314251%"
"2018-04-01","A DIVISION","S 42nd","2","offpeak","1,892","1,906","99.2654774%"
"2018-04-01","A DIVISION","S 42nd","1","peak","5,503","6,060","90.8085809%"
"2018-04-01","A DIVISION","S 42nd","2","peak","1,079","1,100","98.0909091%"
"2018-04-01","B DIVISION","A","1","offpeak","14,327","20,530","69.7856795%"
"2018-04-01","B DIVISION","A","2","offpeak","5,027","7,020","71.6096866%"
"2018-04-01","B DIVISION","A","1","peak","9,685","14,981","64.6485548%"
"2018-04-01","B DIVISION","A","2","peak","2,681","3,652","73.4118291%"
"2018-04-01","B DIVISION","B","1","offpeak","6,786","8,738","77.6607919%"
"2018-04-01","B DIVISION","B","1","peak","5,981","8,278","72.2517516%"
"2018-04-01","B DIVISION","C","1","offpeak","9,184","12,387","74.1422459%"
"2018-04-01","B DIVISION","C","2","offpeak","2,694","3,967","67.9102596%"
"2018-04-01","B DIVISION","C","1","peak","5,360","7,784","68.8591984%"
"2018-04-01","B DIVISION","C","2","peak","1,560","2,166","72.0221607%"
"2018-04-01","B DIVISION","D","1","offpeak","10,035","13,937","72.0025831%"
"2018-04-01","B DIVISION","D","2","offpeak","2,996","4,027","74.3978148%"
"2018-04-01","B DIVISION","D","1","peak","6,673","9,163","72.8254938%"
"2018-04-01","B DIVISION","D","2","peak","1,599","2,060","77.6213592%"
"2018-04-01","B DIVISION","E","1","offpeak","11,586","17,284","67.0330942%"
"2018-04-01","B DIVISION","E","2","offpeak","3,877","4,831","80.2525357%"
"2018-04-01","B DIVISION","E","1","peak","7,773","12,510","62.1342926%"
"2018-04-01","B DIVISION","E","2","peak","2,008","2,470","81.2955466%"
"2018-04-01","B DIVISION","F","1","offpeak","19,747","27,903","70.7701681%"
"2018-04-01","B DIVISION","F","2","offpeak","4,644","5,878","79.0064648%"
"2018-04-01","B DIVISION","F","1","peak","13,253","19,722","67.199067%"
"2018-04-01","B DIVISION","F","2","peak","2,433","2,992","81.3168449%"
"2018-04-01","B DIVISION","G","1","offpeak","10,029","12,227","82.0233909%"
"2018-04-01","B DIVISION","G","2","offpeak","3,740","4,302","86.9363087%"
"2018-04-01","B DIVISION","G","1","peak","5,898","7,534","78.2851075%"
"2018-04-01","B DIVISION","G","2","peak","1,942","2,210","87.8733032%"
"2018-04-01","B DIVISION","JZ","1","offpeak","8,765","11,357","77.1770714%"
"2018-04-01","B DIVISION","JZ","2","offpeak","2,921","3,493","83.6243916%"
"2018-04-01","B DIVISION","JZ","1","peak","5,899","8,191","72.0180686%"
"2018-04-01","B DIVISION","JZ","2","peak","1,572","1,868","84.1541756%"
"2018-04-01","B DIVISION","L","1","offpeak","18,631","23,390","79.6536982%"
"2018-04-01","B DIVISION","L","2","offpeak","7,884","10,018","78.698343%"
"2018-04-01","B DIVISION","L","1","peak","11,508","15,230","75.561392%"
"2018-04-01","B DIVISION","L","2","peak","4,121","5,119","80.5040047%"
"2018-04-01","B DIVISION","M","1","offpeak","11,794","16,593","71.0781655%"
"2018-04-01","B DIVISION","M","2","offpeak","1,405","1,520","92.4342105%"
"2018-04-01","B DIVISION","M","1","peak","7,609","10,959","69.4315175%"
"2018-04-01","B DIVISION","M","2","peak","700","779","89.8587933%"
"2018-04-01","B DIVISION","N","1","offpeak","12,662","17,593","71.971807%"
"2018-04-01","B DIVISION","N","2","offpeak","4,265","5,853","72.8686144%"
"2018-04-01","B DIVISION","N","1","peak","7,747","11,152","69.4673601%"
"2018-04-01","B DIVISION","N","2","peak","2,099","2,867","73.2124172%"
"2018-04-01","B DIVISION","Q","1","offpeak","10,150","12,915","78.5907859%"
"2018-04-01","B DIVISION","Q","2","offpeak","4,166","5,157","80.7834012%"
"2018-04-01","B DIVISION","Q","1","peak","5,908","7,929","74.5112877%"
"2018-04-01","B DIVISION","Q","2","peak","2,213","2,684","82.4515648%"
"2018-04-01","B DIVISION","R","1","offpeak","14,801","19,934","74.2500251%"
"2018-04-01","B DIVISION","R","2","offpeak","5,232","6,969","75.0753336%"
"2018-04-01","B DIVISION","R","1","peak","9,433","13,741","68.64857%"
"2018-04-01","B DIVISION","R","2","peak","2,705","3,520","76.8465909%"
"2018-04-01","B DIVISION","S Fkln","1","offpeak","2,020","2,047","98.6809966%"
"2018-04-01","B DIVISION","S Fkln","2","offpeak","861","878","98.0637813%"
"2018-04-01","B DIVISION","S Fkln","1","peak","1,133","1,149","98.6074848%"
"2018-04-01","B DIVISION","S Fkln","2","peak","426","435","97.9310345%"
"2018-04-01","B DIVISION","S Rock","1","offpeak","914","948","96.4135021%"
"2018-04-01","B DIVISION","S Rock","2","offpeak","369","382","96.5968586%"
"2018-04-01","B DIVISION","S Rock","1","peak","477","491","97.1486762%"
"2018-04-01","B DIVISION","S Rock","2","peak","185","191","96.8586387%"
"2018-04-01","B DIVISION","W","1","offpeak","6,741","9,247","72.8993187%"
"2018-04-01","B DIVISION","W","1","peak","4,199","5,936","70.7378706%"
"2018-05-01","A DIVISION","1","1","offpeak","21,654","27,670","78.2580412%"
"2018-05-01","A DIVISION","1","2","offpeak","5,205","6,052","86.0046266%"
"2018-05-01","A DIVISION","1","1","peak","13,156","17,798","73.9184178%"
"2018-05-01","A DIVISION","1","2","peak","2,517","2,913","86.4057673%"
"2018-05-01","A DIVISION","2","1","offpeak","20,457","29,005","70.5292191%"
"2018-05-01","A DIVISION","2","2","offpeak","4,377","5,837","74.9871509%"
"2018-05-01","A DIVISION","2","1","peak","12,319","19,032","64.7278268%"
"2018-05-01","A DIVISION","2","2","peak","2,271","3,077","73.8056549%"
"2018-05-01","A DIVISION","3","1","offpeak","16,712","22,939","72.8540913%"
"2018-05-01","A DIVISION","3","2","offpeak","2,855","3,100","92.0967742%"
"2018-05-01","A DIVISION","3","1","peak","10,713","15,664","68.3924923%"
"2018-05-01","A DIVISION","3","2","peak","1,492","1,628","91.6461916%"
"2018-05-01","A DIVISION","4","1","offpeak","23,709","33,119","71.5873064%"
"2018-05-01","A DIVISION","4","2","offpeak","6,568","9,501","69.1295653%"
"2018-05-01","A DIVISION","4","1","peak","14,930","23,933","62.3824844%"
"2018-05-01","A DIVISION","4","2","peak","3,603","5,085","70.8554572%"
"2018-05-01","A DIVISION","5","1","offpeak","17,263","24,606","70.1576851%"
"2018-05-01","A DIVISION","5","2","offpeak","5,335","7,253","73.55577%"
"2018-05-01","A DIVISION","5","1","peak","12,280","20,633","59.5163088%"
"2018-05-01","A DIVISION","5","2","peak","2,831","3,594","78.7701725%"
"2018-05-01","A DIVISION","6","1","offpeak","22,095","30,874","71.5650709%"
"2018-05-01","A DIVISION","6","2","offpeak","3,916","4,378","89.4472362%"
"2018-05-01","A DIVISION","6","1","peak","12,989","20,452","63.5096812%"
"2018-05-01","A DIVISION","6","2","peak","1,996","2,222","89.8289829%"
"2018-05-01","A DIVISION","7","1","offpeak","14,679","20,593","71.2815034%"
"2018-05-01","A DIVISION","7","2","offpeak","3,537","4,282","82.601588%"
"2018-05-01","A DIVISION","7","1","peak","10,165","16,609","61.2017581%"
"2018-05-01","A DIVISION","7","2","peak","1,993","2,526","78.8994458%"
"2018-05-01","A DIVISION","S 42nd","1","offpeak","6,734","6,884","97.8210343%"
"2018-05-01","A DIVISION","S 42nd","2","offpeak","1,692","1,704","99.2957746%"
"2018-05-01","A DIVISION","S 42nd","1","peak","5,890","6,402","92.0024992%"
"2018-05-01","A DIVISION","S 42nd","2","peak","985","992","99.2943548%"
"2018-05-01","B DIVISION","A","1","offpeak","14,549","21,213","68.5853015%"
"2018-05-01","B DIVISION","A","2","offpeak","4,217","5,716","73.7753674%"
"2018-05-01","B DIVISION","A","1","peak","10,348","15,845","65.307668%"
"2018-05-01","B DIVISION","A","2","peak","2,211","3,005","73.577371%"
"2018-05-01","B DIVISION","B","1","offpeak","6,846","9,203","74.3887863%"
"2018-05-01","B DIVISION","B","1","peak","6,195","8,659","71.5440582%"
"2018-05-01","B DIVISION","C","1","offpeak","9,115","12,335","73.8954195%"
"2018-05-01","B DIVISION","C","2","offpeak","2,532","3,361","75.3347218%"
"2018-05-01","B DIVISION","C","1","peak","5,940","8,227","72.2012884%"
"2018-05-01","B DIVISION","C","2","peak","1,350","1,828","73.8512035%"
"2018-05-01","B DIVISION","D","1","offpeak","10,237","14,646","69.8962174%"
"2018-05-01","B DIVISION","D","2","offpeak","2,187","2,986","73.241795%"
"2018-05-01","B DIVISION","D","1","peak","6,609","9,609","68.7792694%"
"2018-05-01","B DIVISION","D","2","peak","1,145","1,525","75.0819672%"
"2018-05-01","B DIVISION","E","1","offpeak","12,592","18,226","69.0881159%"
"2018-05-01","B DIVISION","E","2","offpeak","3,059","3,670","83.3514986%"
"2018-05-01","B DIVISION","E","1","peak","8,232","13,124","62.724779%"
"2018-05-01","B DIVISION","E","2","peak","1,559","1,841","84.6822379%"
"2018-05-01","B DIVISION","F","1","offpeak","20,256","29,192","69.3888737%"
"2018-05-01","B DIVISION","F","2","offpeak","3,083","3,714","83.0102316%"
"2018-05-01","B DIVISION","F","1","peak","14,039","21,009","66.8237422%"
"2018-05-01","B DIVISION","F","2","peak","1,546","1,875","82.4533333%"
"2018-05-01","B DIVISION","G","1","offpeak","10,567","12,929","81.7309923%"
"2018-05-01","B DIVISION","G","2","offpeak","3,394","4,048","83.8438735%"
"2018-05-01","B DIVISION","G","1","peak","6,273","7,902","79.3849658%"
"2018-05-01","B DIVISION","G","2","peak","1,784","2,091","85.3180297%"
"2018-05-01","B DIVISION","JZ","1","offpeak","9,731","11,959","81.3696797%"
"2018-05-01","B DIVISION","JZ","2","offpeak","3,044","3,659","83.192129%"
"2018-05-01","B DIVISION","JZ","1","peak","6,287","8,605","73.0621732%"
"2018-05-01","B DIVISION","JZ","2","peak","1,692","1,972","85.801217%"
"2018-05-01","B DIVISION","L","1","offpeak","19,354","25,006","77.3974246%"
"2018-05-01","B DIVISION","L","2","offpeak","6,997","8,999","77.7530837%"
"2018-05-01","B DIVISION","L","1","peak","11,911","15,831","75.2384562%"
"2018-05-01","B DIVISION","L","2","peak","3,607","4,604","78.3449175%"
"2018-05-01","B DIVISION","M","1","offpeak","12,264","16,064","76.3446215%"
"2018-05-01","B DIVISION","M","2","offpeak","1,682","1,866","90.1393355%"
"2018-05-01","B DIVISION","M","1","peak","8,025","11,547","69.4985711%"
"2018-05-01","B DIVISION","M","2","peak","843","989","85.2376138%"
"2018-05-01","B DIVISION","N","1","offpeak","13,170","18,222","72.2752716%"
"2018-05-01","B DIVISION","N","2","offpeak","3,801","5,215","72.885906%"
"2018-05-01","B DIVISION","N","1","peak","7,843","11,630","67.4376612%"
"2018-05-01","B DIVISION","N","2","peak","1,808","2,571","70.3228316%"
"2018-05-01","B DIVISION","Q","1","offpeak","10,516","13,843","75.9661923%"
"2018-05-01","B DIVISION","Q","2","offpeak","3,508","4,397","79.7816693%"
"2018-05-01","B DIVISION","Q","1","peak","6,158","8,408","73.2397716%"
"2018-05-01","B DIVISION","Q","2","peak","1,854","2,338","79.2985458%"
"2018-05-01","B DIVISION","R","1","offpeak","14,842","21,081","70.4046298%"
"2018-05-01","B DIVISION","R","2","offpeak","4,074","5,720","71.2237762%"
"2018-05-01","B DIVISION","R","1","peak","9,820","14,471","67.8598576%"
"2018-05-01","B DIVISION","R","2","peak","2,095","2,903","72.1667241%"
"2018-05-01","B DIVISION","S Fkln","1","offpeak","2,153","2,207","97.5532397%"
"2018-05-01","B DIVISION","S Fkln","2","offpeak","740","747","99.0629183%"
"2018-05-01","B DIVISION","S Fkln","1","peak","1,252","1,282","97.6599064%"
"2018-05-01","B DIVISION","S Fkln","2","peak","403","408","98.7745098%"
"2018-05-01","B DIVISION","S Rock","1","offpeak","1,088","1,149","94.6910357%"
"2018-05-01","B DIVISION","S Rock","2","offpeak","337","351","96.011396%"
"2018-05-01","B DIVISION","S Rock","1","peak","561","590","95.0847458%"
"2018-05-01","B DIVISION","S Rock","2","peak","177","187","94.6524064%"
"2018-05-01","B DIVISION","W","1","offpeak","6,700","9,436","71.004663%"
"2018-05-01","B DIVISION","W","1","peak","4,392","6,206","70.7702224%"
"2018-06-01","A DIVISION","1","1","offpeak","20,035","26,452","75.7409648%"
"2018-06-01","A DIVISION","1","2","offpeak","5,950","6,930","85.8585859%"
"2018-06-01","A DIVISION","1","1","peak","12,468","16,989","73.3886633%"
"2018-06-01","A DIVISION","1","2","peak","2,934","3,347","87.6605916%"
"2018-06-01","A DIVISION","2","1","offpeak","19,222","27,683","69.436116%"
"2018-06-01","A DIVISION","2","2","offpeak","5,010","7,236","69.2371476%"
"2018-06-01","A DIVISION","2","1","peak","12,026","18,226","65.9826621%"
"2018-06-01","A DIVISION","2","2","peak","2,780","3,784","73.4672304%"
"2018-06-01","A DIVISION","3","1","offpeak","15,855","21,746","72.9099605%"
"2018-06-01","A DIVISION","3","2","offpeak","3,723","4,283","86.9250525%"
"2018-06-01","A DIVISION","3","1","peak","10,603","14,953","70.9088477%"
"2018-06-01","A DIVISION","3","2","peak","2,013","2,197","91.6249431%"
"2018-06-01","A DIVISION","4","1","offpeak","22,491","31,530","71.3320647%"
"2018-06-01","A DIVISION","4","2","offpeak","7,046","10,281","68.5341893%"
"2018-06-01","A DIVISION","4","1","peak","14,482","22,857","63.359146%"
"2018-06-01","A DIVISION","4","2","peak","3,743","5,529","67.6975945%"
"2018-06-01","A DIVISION","5","1","offpeak","16,719","23,874","70.0301583%"
"2018-06-01","A DIVISION","5","2","offpeak","5,179","7,385","70.1286391%"
"2018-06-01","A DIVISION","5","1","peak","12,254","19,698","62.2093614%"
"2018-06-01","A DIVISION","5","2","peak","2,747","3,746","73.3315537%"
"2018-06-01","A DIVISION","6","1","offpeak","21,175","30,079","70.3979521%"
"2018-06-01","A DIVISION","6","2","offpeak","4,842","6,084","79.5857988%"
"2018-06-01","A DIVISION","6","1","peak","12,691","19,554","64.9023218%"
"2018-06-01","A DIVISION","6","2","peak","2,576","3,173","81.1849984%"
"2018-06-01","A DIVISION","7","1","offpeak","13,433","19,492","68.9154525%"
"2018-06-01","A DIVISION","7","2","offpeak","4,169","5,611","74.3004812%"
"2018-06-01","A DIVISION","7","1","peak","9,316","15,508","60.0722208%"
"2018-06-01","A DIVISION","7","2","peak","2,293","3,486","65.7773953%"
"2018-06-01","A DIVISION","S 42nd","1","offpeak","6,384","6,568","97.1985384%"
"2018-06-01","A DIVISION","S 42nd","2","offpeak","1,940","1,952","99.3852459%"
"2018-06-01","A DIVISION","S 42nd","1","peak","5,631","6,095","92.3872026%"
"2018-06-01","A DIVISION","S 42nd","2","peak","1,163","1,168","99.5719178%"
"2018-06-01","B DIVISION","A","1","offpeak","14,347","20,517","69.9273773%"
"2018-06-01","B DIVISION","A","2","offpeak","5,208","7,130","73.0434783%"
"2018-06-01","B DIVISION","A","1","peak","10,133","15,433","65.6580056%"
"2018-06-01","B DIVISION","A","2","peak","2,760","3,755","73.5019973%"
"2018-06-01","B DIVISION","B","1","offpeak","6,661","8,758","76.0561772%"
"2018-06-01","B DIVISION","B","1","peak","5,907","8,272","71.4095745%"
"2018-06-01","B DIVISION","C","1","offpeak","9,357","12,440","75.2170418%"
"2018-06-01","B DIVISION","C","2","offpeak","3,259","4,303","75.7378573%"
"2018-06-01","B DIVISION","C","1","peak","5,937","7,872","75.4192073%"
"2018-06-01","B DIVISION","C","2","peak","1,833","2,390","76.6945607%"
"2018-06-01","B DIVISION","D","1","offpeak","10,337","14,263","72.474234%"
"2018-06-01","B DIVISION","D","2","offpeak","3,264","4,322","75.5205923%"
"2018-06-01","B DIVISION","D","1","peak","6,654","9,186","72.4363161%"
"2018-06-01","B DIVISION","D","2","peak","1,701","2,193","77.5649795%"
"2018-06-01","B DIVISION","E","1","offpeak","11,975","17,262","69.3720311%"
"2018-06-01","B DIVISION","E","2","offpeak","2,528","3,213","78.680361%"
"2018-06-01","B DIVISION","E","1","peak","8,505","12,600","67.5%"
"2018-06-01","B DIVISION","E","2","peak","1,231","1,599","76.985616%"
"2018-06-01","B DIVISION","F","1","offpeak","20,246","28,196","71.8045113%"
"2018-06-01","B DIVISION","F","2","offpeak","4,760","6,078","78.3152353%"
"2018-06-01","B DIVISION","F","1","peak","14,169","20,104","70.4785117%"
"2018-06-01","B DIVISION","F","2","peak","2,384","3,067","77.7306814%"
"2018-06-01","B DIVISION","G","1","offpeak","9,834","11,989","82.0251898%"
"2018-06-01","B DIVISION","G","2","offpeak","3,369","3,810","88.4251969%"
"2018-06-01","B DIVISION","G","1","peak","6,115","7,564","80.8434691%"
"2018-06-01","B DIVISION","G","2","peak","1,779","1,984","89.6673387%"
"2018-06-01","B DIVISION","JZ","1","offpeak","9,037","11,300","79.9734513%"
"2018-06-01","B DIVISION","JZ","2","offpeak","3,327","4,002","83.1334333%"
"2018-06-01","B DIVISION","JZ","1","peak","5,926","8,180","72.4449878%"
"2018-06-01","B DIVISION","JZ","2","peak","1,814","2,157","84.0982847%"
"2018-06-01","B DIVISION","L","1","offpeak","17,776","22,465","79.1275317%"
"2018-06-01","B DIVISION","L","2","offpeak","7,116","8,981","79.2339383%"
"2018-06-01","B DIVISION","L","1","peak","11,533","15,181","75.9699625%"
"2018-06-01","B DIVISION","L","2","peak","3,613","4,349","83.0765693%"
"2018-06-01","B DIVISION","M","1","offpeak","11,484","14,559","78.8790439%"
"2018-06-01","B DIVISION","M","2","offpeak","1,720","1,895","90.7651715%"
"2018-06-01","B DIVISION","M","1","peak","7,789","11,064","70.3994939%"
"2018-06-01","B DIVISION","M","2","peak","922","1,016","90.7480315%"
"2018-06-01","B DIVISION","N","1","offpeak","12,263","17,607","69.6484353%"
"2018-06-01","B DIVISION","N","2","offpeak","3,676","5,218","70.4484477%"
"2018-06-01","B DIVISION","N","1","peak","7,678","11,145","68.8918798%"
"2018-06-01","B DIVISION","N","2","peak","1,867","2,589","72.1127849%"
"2018-06-01","B DIVISION","Q","1","offpeak","10,478","13,631","76.8689018%"
"2018-06-01","B DIVISION","Q","2","offpeak","4,534","5,357","84.6369237%"
"2018-06-01","B DIVISION","Q","1","peak","5,988","8,059","74.3020226%"
"2018-06-01","B DIVISION","Q","2","peak","2,365","2,769","85.4098953%"
"2018-06-01","B DIVISION","R","1","offpeak","14,722","20,280","72.5936884%"
"2018-06-01","B DIVISION","R","2","offpeak","5,161","6,974","74.0034414%"
"2018-06-01","B DIVISION","R","1","peak","9,460","13,877","68.1703538%"
"2018-06-01","B DIVISION","R","2","peak","2,699","3,551","76.0067587%"
"2018-06-01","B DIVISION","S Fkln","1","offpeak","1,854","1,916","96.7640919%"
"2018-06-01","B DIVISION","S Fkln","2","offpeak","857","863","99.3047509%"
"2018-06-01","B DIVISION","S Fkln","1","peak","1,088","1,109","98.1064022%"
"2018-06-01","B DIVISION","S Fkln","2","peak","463","465","99.5698925%"
"2018-06-01","B DIVISION","S Rock","1","offpeak","1,718","1,819","94.4474986%"
"2018-06-01","B DIVISION","S Rock","2","offpeak","591","674","87.6854599%"
"2018-06-01","B DIVISION","S Rock","1","peak","877","922","95.1193059%"
"2018-06-01","B DIVISION","S Rock","2","peak","347","374","92.7807487%"
"2018-06-01","B DIVISION","W","1","offpeak","6,118","9,173","66.6957375%"
"2018-06-01","B DIVISION","W","1","peak","4,068","5,983","67.9926458%"
"2018-07-01","A DIVISION","1","1","offpeak","19,494","25,834","75.4586978%"
"2018-07-01","A DIVISION","1","2","offpeak","5,542","6,760","81.9822485%"
"2018-07-01","A DIVISION","1","1","peak","12,057","16,989","70.9694508%"
"2018-07-01","A DIVISION","1","2","peak","2,684","3,277","81.9041807%"
"2018-07-01","A DIVISION","2","1","offpeak","18,590","28,191","65.9430315%"
"2018-07-01","A DIVISION","2","2","offpeak","6,611","9,896","66.8047696%"
"2018-07-01","A DIVISION","2","1","peak","11,785","18,347","64.2339347%"
"2018-07-01","A DIVISION","2","2","peak","3,518","5,155","68.2444229%"
"2018-07-01","A DIVISION","3","1","offpeak","14,329","21,165","67.7013938%"
"2018-07-01","A DIVISION","3","2","offpeak","4,809","6,094","78.9136856%"
"2018-07-01","A DIVISION","3","1","peak","10,022","14,973","66.9338142%"
"2018-07-01","A DIVISION","3","2","peak","2,427","2,994","81.0621242%"
"2018-07-01","A DIVISION","4","1","offpeak","22,100","31,625","69.8814229%"
"2018-07-01","A DIVISION","4","2","offpeak","6,938","9,918","69.9536197%"
"2018-07-01","A DIVISION","4","1","peak","14,354","22,874","62.7524701%"
"2018-07-01","A DIVISION","4","2","peak","3,729","5,267","70.7993165%"
"2018-07-01","A DIVISION","5","1","offpeak","15,689","23,137","67.8091369%"
"2018-07-01","A DIVISION","5","2","offpeak","2,459","2,932","83.8676671%"
"2018-07-01","A DIVISION","5","1","peak","11,814","19,688","60.0060951%"
"2018-07-01","A DIVISION","5","2","peak","1,231","1,534","80.2477184%"
"2018-07-01","A DIVISION","6","1","offpeak","20,662","29,570","69.8748732%"
"2018-07-01","A DIVISION","6","2","offpeak","5,103","6,799","75.0551552%"
"2018-07-01","A DIVISION","6","1","peak","12,963","19,533","66.3646137%"
"2018-07-01","A DIVISION","6","2","peak","2,646","3,527","75.0212645%"
"2018-07-01","A DIVISION","7","1","offpeak","14,041","19,908","70.5294354%"
"2018-07-01","A DIVISION","7","2","offpeak","3,819","5,436","70.2538631%"
"2018-07-01","A DIVISION","7","1","peak","9,560","15,455","61.8570042%"
"2018-07-01","A DIVISION","7","2","peak","2,063","3,429","60.1633129%"
"2018-07-01","A DIVISION","S 42nd","1","offpeak","6,283","6,570","95.6316591%"
"2018-07-01","A DIVISION","S 42nd","2","offpeak","1,875","1,906","98.3735572%"
"2018-07-01","A DIVISION","S 42nd","1","peak","5,412","6,051","89.439762%"
"2018-07-01","A DIVISION","S 42nd","2","peak","1,069","1,100","97.1818182%"
"2018-07-01","B DIVISION","A","1","offpeak","14,426","20,884","69.0768052%"
"2018-07-01","B DIVISION","A","2","offpeak","5,046","7,005","72.0342612%"
"2018-07-01","B DIVISION","A","1","peak","9,668","14,675","65.8807496%"
"2018-07-01","B DIVISION","A","2","peak","2,649","3,640","72.7747253%"
"2018-07-01","B DIVISION","B","1","offpeak","6,783","8,944","75.838551%"
"2018-07-01","B DIVISION","B","1","peak","5,976","8,302","71.9826548%"
"2018-07-01","B DIVISION","C","1","offpeak","9,455","12,506","75.6037102%"
"2018-07-01","B DIVISION","C","2","offpeak","3,164","4,333","73.0210016%"
"2018-07-01","B DIVISION","C","1","peak","5,620","7,849","71.6014779%"
"2018-07-01","B DIVISION","C","2","peak","1,740","2,394","72.6817043%"
"2018-07-01","B DIVISION","D","1","offpeak","10,065","14,250","70.6315789%"
"2018-07-01","B DIVISION","D","2","offpeak","3,224","4,252","75.8231421%"
"2018-07-01","B DIVISION","D","1","peak","6,426","9,133","70.3602321%"
"2018-07-01","B DIVISION","D","2","peak","1,606","2,157","74.4552619%"
"2018-07-01","B DIVISION","E","1","offpeak","12,179","17,343","70.224298%"
"2018-07-01","B DIVISION","E","2","offpeak","2,653","3,510","75.5840456%"
"2018-07-01","B DIVISION","E","1","peak","7,895","12,552","62.8983429%"
"2018-07-01","B DIVISION","E","2","peak","1,300","1,739","74.7556067%"
"2018-07-01","B DIVISION","F","1","offpeak","19,700","28,091","70.1292229%"
"2018-07-01","B DIVISION","F","2","offpeak","4,307","5,687","75.7341305%"
"2018-07-01","B DIVISION","F","1","peak","13,613","20,078","67.8005777%"
"2018-07-01","B DIVISION","F","2","peak","2,282","2,860","79.7902098%"
"2018-07-01","B DIVISION","G","1","offpeak","10,065","12,343","81.5441951%"
"2018-07-01","B DIVISION","G","2","offpeak","3,056","3,571","85.5782694%"
"2018-07-01","B DIVISION","G","1","peak","6,131","7,750","79.1096774%"
"2018-07-01","B DIVISION","G","2","peak","1,610","1,873","85.9583556%"
"2018-07-01","B DIVISION","JZ","1","offpeak","8,976","11,346","79.1115812%"
"2018-07-01","B DIVISION","JZ","2","offpeak","2,931","3,617","81.0340061%"
"2018-07-01","B DIVISION","JZ","1","peak","5,931","8,196","72.3645681%"
"2018-07-01","B DIVISION","JZ","2","peak","1,536","1,893","81.141046%"
"2018-07-01","B DIVISION","L","1","offpeak","17,875","22,812","78.3578818%"
"2018-07-01","B DIVISION","L","2","offpeak","6,454","8,496","75.9651601%"
"2018-07-01","B DIVISION","L","1","peak","11,173","15,206","73.4775746%"
"2018-07-01","B DIVISION","L","2","peak","3,353","4,054","82.7084361%"
"2018-07-01","B DIVISION","M","1","offpeak","10,933","15,037","72.7073219%"
"2018-07-01","B DIVISION","M","2","offpeak","1,096","1,161","94.4013781%"
"2018-07-01","B DIVISION","M","1","peak","7,337","11,008","66.6515262%"
"2018-07-01","B DIVISION","M","2","peak","540","579","93.2642487%"
"2018-07-01","B DIVISION","N","1","offpeak","11,789","17,617","66.9183175%"
"2018-07-01","B DIVISION","N","2","offpeak","3,459","4,875","70.9538462%"
"2018-07-01","B DIVISION","N","1","peak","7,579","11,072","68.4519509%"
"2018-07-01","B DIVISION","N","2","peak","1,786","2,421","73.7711689%"
"2018-07-01","B DIVISION","Q","1","offpeak","10,132","13,662","74.1619089%"
"2018-07-01","B DIVISION","Q","2","offpeak","3,850","4,934","78.0299959%"
"2018-07-01","B DIVISION","Q","1","peak","6,055","8,142","74.3674773%"
"2018-07-01","B DIVISION","Q","2","peak","2,050","2,578","79.519007%"
"2018-07-01","B DIVISION","R","1","offpeak","14,324","20,180","70.9811695%"
"2018-07-01","B DIVISION","R","2","offpeak","4,666","6,441","72.4421674%"
"2018-07-01","B DIVISION","R","1","peak","9,276","13,891","66.7770499%"
"2018-07-01","B DIVISION","R","2","peak","2,557","3,404","75.1175088%"
"2018-07-01","B DIVISION","S Fkln","1","offpeak","2,274","2,295","99.0849673%"
"2018-07-01","B DIVISION","S Fkln","2","offpeak","889","904","98.340708%"
"2018-07-01","B DIVISION","S Fkln","1","peak","1,298","1,316","98.6322188%"
"2018-07-01","B DIVISION","S Fkln","2","peak","491","505","97.2277228%"
"2018-07-01","B DIVISION","S Rock","1","offpeak","877","940","93.2978723%"
"2018-07-01","B DIVISION","S Rock","2","offpeak","373","406","91.8719212%"
"2018-07-01","B DIVISION","S Rock","1","peak","437","462","94.5887446%"
"2018-07-01","B DIVISION","S Rock","2","peak","197","220","89.5454545%"
"2018-07-01","B DIVISION","W","1","offpeak","6,698","9,483","70.6316566%"
"2018-07-01","B DIVISION","W","1","peak","4,233","6,119","69.1779703%"
"2018-08-01","A DIVISION","1","1","offpeak","21,602","28,689","75.2971522%"
"2018-08-01","A DIVISION","1","2","offpeak","5,244","6,421","81.6695219%"
"2018-08-01","A DIVISION","1","1","peak","13,145","18,607","70.645456%"
"2018-08-01","A DIVISION","1","2","peak","2,449","3,043","80.4797897%"
"2018-08-01","A DIVISION","2","1","offpeak","21,006","29,491","71.2285104%"
"2018-08-01","A DIVISION","2","2","offpeak","5,395","7,259","74.3215319%"
"2018-08-01","A DIVISION","2","1","peak","12,669","18,170","69.7248211%"
"2018-08-01","A DIVISION","2","2","peak","2,808","3,700","75.8918919%"
"2018-08-01","A DIVISION","3","1","offpeak","16,198","22,536","71.8761093%"
"2018-08-01","A DIVISION","3","2","offpeak","4,800","6,105","78.6240786%"
"2018-08-01","A DIVISION","3","1","peak","11,751","16,399","71.6568083%"
"2018-08-01","A DIVISION","3","2","peak","2,449","3,053","80.2161808%"
"2018-08-01","A DIVISION","4","1","offpeak","24,325","34,334","70.8481389%"
"2018-08-01","A DIVISION","4","2","offpeak","6,531","9,504","68.7184343%"
"2018-08-01","A DIVISION","4","1","peak","16,540","25,067","65.9831651%"
"2018-08-01","A DIVISION","4","2","peak","3,382","5,096","66.3657771%"
"2018-08-01","A DIVISION","5","1","offpeak","17,121","24,404","70.1565317%"
"2018-08-01","A DIVISION","5","2","offpeak","2,157","2,730","79.010989%"
"2018-08-01","A DIVISION","5","1","peak","12,980","19,978","64.9714686%"
"2018-08-01","A DIVISION","5","2","peak","1,168","1,468","79.5640327%"
"2018-08-01","A DIVISION","6","1","offpeak","23,594","32,614","72.3431655%"
"2018-08-01","A DIVISION","6","2","offpeak","5,151","6,334","81.3230186%"
"2018-08-01","A DIVISION","6","1","peak","14,420","21,411","67.3485592%"
"2018-08-01","A DIVISION","6","2","peak","2,491","3,305","75.3706505%"
"2018-08-01","A DIVISION","7","1","offpeak","14,992","20,668","72.5372557%"
"2018-08-01","A DIVISION","7","2","offpeak","3,522","4,593","76.6819073%"
"2018-08-01","A DIVISION","7","1","peak","10,381","16,526","62.8161685%"
"2018-08-01","A DIVISION","7","2","peak","2,092","2,759","75.8245741%"
"2018-08-01","A DIVISION","S 42nd","1","offpeak","6,986","7,199","97.0412557%"
"2018-08-01","A DIVISION","S 42nd","2","offpeak","1,663","1,704","97.5938967%"
"2018-08-01","A DIVISION","S 42nd","1","peak","6,072","6,693","90.7216495%"
"2018-08-01","A DIVISION","S 42nd","2","peak","965","992","97.2782258%"
"2018-08-01","B DIVISION","A","1","offpeak","15,839","22,828","69.3840897%"
"2018-08-01","B DIVISION","A","2","offpeak","4,350","6,064","71.7348285%"
"2018-08-01","B DIVISION","A","1","peak","10,547","16,072","65.6234445%"
"2018-08-01","B DIVISION","A","2","peak","2,232","3,151","70.8346557%"
"2018-08-01","B DIVISION","B","1","offpeak","7,247","9,797","73.971624%"
"2018-08-01","B DIVISION","B","1","peak","6,496","9,064","71.6681377%"
"2018-08-01","B DIVISION","C","1","offpeak","9,887","13,393","73.8221459%"
"2018-08-01","B DIVISION","C","2","offpeak","2,849","3,680","77.4184783%"
"2018-08-01","B DIVISION","C","1","peak","6,196","8,575","72.2565598%"
"2018-08-01","B DIVISION","C","2","peak","1,485","2,037","72.9013255%"
"2018-08-01","B DIVISION","D","1","offpeak","10,891","15,370","70.8588159%"
"2018-08-01","B DIVISION","D","2","offpeak","3,068","3,825","80.2091503%"
"2018-08-01","B DIVISION","D","1","peak","7,091","9,953","71.2448508%"
"2018-08-01","B DIVISION","D","2","peak","1,565","1,952","80.1741803%"
"2018-08-01","B DIVISION","E","1","offpeak","12,776","18,696","68.3354728%"
"2018-08-01","B DIVISION","E","2","offpeak","2,509","3,063","81.913157%"
"2018-08-01","B DIVISION","E","1","peak","9,090","13,810","65.8218682%"
"2018-08-01","B DIVISION","E","2","peak","1,303","1,533","84.9967384%"
"2018-08-01","B DIVISION","F","1","offpeak","21,801","30,737","70.9275466%"
"2018-08-01","B DIVISION","F","2","offpeak","4,417","5,532","79.8445409%"
"2018-08-01","B DIVISION","F","1","peak","15,223","22,197","68.5813398%"
"2018-08-01","B DIVISION","F","2","peak","2,204","2,792","78.9398281%"
"2018-08-01","B DIVISION","G","1","offpeak","11,118","13,484","82.453278%"
"2018-08-01","B DIVISION","G","2","offpeak","2,700","3,061","88.2064685%"
"2018-08-01","B DIVISION","G","1","peak","6,677","8,441","79.1020021%"
"2018-08-01","B DIVISION","G","2","peak","1,371","1,581","86.7172676%"
"2018-08-01","B DIVISION","JZ","1","offpeak","9,572","12,497","76.5943827%"
"2018-08-01","B DIVISION","JZ","2","offpeak","2,755","3,267","84.3281298%"
"2018-08-01","B DIVISION","JZ","1","peak","6,631","9,002","73.6614086%"
"2018-08-01","B DIVISION","JZ","2","peak","1,421","1,747","81.339439%"
"2018-08-01","B DIVISION","L","1","offpeak","21,512","27,226","79.0127084%"
"2018-08-01","B DIVISION","L","2","offpeak","4,921","6,225","79.0522088%"
"2018-08-01","B DIVISION","L","1","peak","12,901","16,696","77.2700048%"
"2018-08-01","B DIVISION","L","2","peak","2,513","3,030","82.9372937%"
"2018-08-01","B DIVISION","M","1","offpeak","12,056","15,775","76.4247227%"
"2018-08-01","B DIVISION","M","2","offpeak","1,358","1,639","82.8553996%"
"2018-08-01","B DIVISION","M","1","peak","8,501","12,027","70.6826307%"
"2018-08-01","B DIVISION","M","2","peak","630","807","78.0669145%"
"2018-08-01","B DIVISION","N","1","offpeak","13,212","19,456","67.9070724%"
"2018-08-01","B DIVISION","N","2","offpeak","3,567","5,013","71.154997%"
"2018-08-01","B DIVISION","N","1","peak","8,192","12,137","67.4960863%"
"2018-08-01","B DIVISION","N","2","peak","1,864","2,520","73.968254%"
"2018-08-01","B DIVISION","Q","1","offpeak","11,096","14,921","74.3649889%"
"2018-08-01","B DIVISION","Q","2","offpeak","3,632","4,332","83.8411819%"
"2018-08-01","B DIVISION","Q","1","peak","6,488","8,800","73.7272727%"
"2018-08-01","B DIVISION","Q","2","peak","1,906","2,283","83.4866404%"
"2018-08-01","B DIVISION","R","1","offpeak","15,533","22,305","69.6390944%"
"2018-08-01","B DIVISION","R","2","offpeak","4,396","6,015","73.0839568%"
"2018-08-01","B DIVISION","R","1","peak","10,161","15,147","67.0825906%"
"2018-08-01","B DIVISION","R","2","peak","2,411","3,224","74.7828784%"
"2018-08-01","B DIVISION","S Fkln","1","offpeak","1,938","1,998","96.996997%"
"2018-08-01","B DIVISION","S Fkln","2","offpeak","761","773","98.4476067%"
"2018-08-01","B DIVISION","S Fkln","1","peak","1,107","1,146","96.5968586%"
"2018-08-01","B DIVISION","S Fkln","2","peak","420","423","99.2907801%"
"2018-08-01","B DIVISION","S Rock","1","offpeak","928","979","94.7906027%"
"2018-08-01","B DIVISION","S Rock","2","offpeak","267","279","95.6989247%"
"2018-08-01","B DIVISION","S Rock","1","peak","465","485","95.8762887%"
"2018-08-01","B DIVISION","S Rock","2","peak","145","150","96.6666667%"
"2018-08-01","B DIVISION","W","1","offpeak","7,176","10,184","70.4634721%"
"2018-08-01","B DIVISION","W","1","peak","4,690","6,675","70.2621723%"
"2018-09-01","A DIVISION","1","1","offpeak","17,917","23,869","75.0638904%"
"2018-09-01","A DIVISION","1","2","offpeak","6,599","7,724","85.4350078%"
"2018-09-01","A DIVISION","1","1","peak","10,561","15,371","68.707306%"
"2018-09-01","A DIVISION","1","2","peak","3,254","3,761","86.5195427%"
"2018-09-01","A DIVISION","2","1","offpeak","18,215","25,861","70.4342446%"
"2018-09-01","A DIVISION","2","2","offpeak","7,081","9,937","71.2589313%"
"2018-09-01","A DIVISION","2","1","peak","11,230","16,606","67.6261592%"
"2018-09-01","A DIVISION","2","2","peak","3,734","5,085","73.4316618%"
"2018-09-01","A DIVISION","3","1","offpeak","13,925","19,540","71.2640737%"
"2018-09-01","A DIVISION","3","2","offpeak","5,662","7,019","80.6667616%"
"2018-09-01","A DIVISION","3","1","peak","9,394","13,547","69.3437661%"
"2018-09-01","A DIVISION","3","2","peak","2,902","3,481","83.3668486%"
"2018-09-01","A DIVISION","4","1","offpeak","20,300","28,288","71.7618778%"
"2018-09-01","A DIVISION","4","2","offpeak","8,072","11,318","71.3200212%"
"2018-09-01","A DIVISION","4","1","peak","13,257","20,703","64.0341979%"
"2018-09-01","A DIVISION","4","2","peak","4,381","6,047","72.4491483%"
"2018-09-01","A DIVISION","5","1","offpeak","14,991","21,270","70.4795487%"
"2018-09-01","A DIVISION","5","2","offpeak","1,945","2,239","86.869138%"
"2018-09-01","A DIVISION","5","1","peak","11,137","17,822","62.4901807%"
"2018-09-01","A DIVISION","5","2","peak","1,068","1,206","88.5572139%"
"2018-09-01","A DIVISION","6","1","offpeak","20,168","27,192","74.1688732%"
"2018-09-01","A DIVISION","6","2","offpeak","6,905","8,089","85.3628384%"
"2018-09-01","A DIVISION","6","1","peak","12,075","17,883","67.5222278%"
"2018-09-01","A DIVISION","6","2","peak","3,665","4,238","86.4794714%"
"2018-09-01","A DIVISION","7","1","offpeak","13,289","17,828","74.5400494%"
"2018-09-01","A DIVISION","7","2","offpeak","4,400","5,472","80.4093567%"
"2018-09-01","A DIVISION","7","1","peak","9,254","13,883","66.6570626%"
"2018-09-01","A DIVISION","7","2","peak","2,475","3,073","80.5401887%"
"2018-09-01","A DIVISION","S 42nd","1","offpeak","5,823","5,927","98.245318%"
"2018-09-01","A DIVISION","S 42nd","2","offpeak","2,113","2,130","99.2018779%"
"2018-09-01","A DIVISION","S 42nd","1","peak","4,854","5,523","87.8870179%"
"2018-09-01","A DIVISION","S 42nd","2","peak","1,222","1,240","98.5483871%"
"2018-09-01","B DIVISION","A","1","offpeak","12,990","18,679","69.5433374%"
"2018-09-01","B DIVISION","A","2","offpeak","5,420","7,695","70.4353476%"
"2018-09-01","B DIVISION","A","1","peak","9,020","13,841","65.1687017%"
"2018-09-01","B DIVISION","A","2","peak","2,871","4,018","71.4534594%"
"2018-09-01","B DIVISION","B","1","offpeak","5,857","7,640","76.6623037%"
"2018-09-01","B DIVISION","B","1","peak","5,290","7,416","71.3322546%"
"2018-09-01","B DIVISION","C","1","offpeak","8,280","11,202","73.9153723%"
"2018-09-01","B DIVISION","C","2","offpeak","3,271","4,613","70.9083026%"
"2018-09-01","B DIVISION","C","1","peak","5,021","7,053","71.1895647%"
"2018-09-01","B DIVISION","C","2","peak","1,863","2,579","72.2373013%"
"2018-09-01","B DIVISION","D","1","offpeak","8,325","11,589","71.8353611%"
"2018-09-01","B DIVISION","D","2","offpeak","1,667","2,145","77.7156177%"
"2018-09-01","B DIVISION","D","1","peak","5,710","8,151","70.0527543%"
"2018-09-01","B DIVISION","D","2","peak","903","1,098","82.2404372%"
"2018-09-01","B DIVISION","E","1","offpeak","10,840","15,461","70.1118944%"
"2018-09-01","B DIVISION","E","2","offpeak","3,296","3,988","82.6479438%"
"2018-09-01","B DIVISION","E","1","peak","7,282","11,211","64.954063%"
"2018-09-01","B DIVISION","E","2","peak","1,626","1,978","82.2042467%"
"2018-09-01","B DIVISION","F","1","offpeak","17,022","23,630","72.035548%"
"2018-09-01","B DIVISION","F","2","offpeak","4,497","5,562","80.8522114%"
"2018-09-01","B DIVISION","F","1","peak","12,363","17,917","69.0015069%"
"2018-09-01","B DIVISION","F","2","peak","2,267","2,767","81.929888%"
"2018-09-01","B DIVISION","G","1","offpeak","9,130","11,173","81.7148483%"
"2018-09-01","B DIVISION","G","2","offpeak","3,470","3,800","91.3157895%"
"2018-09-01","B DIVISION","G","1","peak","5,353","6,840","78.2602339%"
"2018-09-01","B DIVISION","G","2","peak","1,751","1,976","88.6133603%"
"2018-09-01","B DIVISION","JZ","1","offpeak","8,040","10,238","78.5309631%"
"2018-09-01","B DIVISION","JZ","2","offpeak","3,308","3,826","86.4610559%"
"2018-09-01","B DIVISION","JZ","1","peak","5,338","7,332","72.8041462%"
"2018-09-01","B DIVISION","JZ","2","peak","1,725","2,038","84.6418057%"
"2018-09-01","B DIVISION","L","1","offpeak","16,632","21,065","78.9556136%"
"2018-09-01","B DIVISION","L","2","offpeak","8,950","11,255","79.5202132%"
"2018-09-01","B DIVISION","L","1","peak","10,603","13,779","76.9504318%"
"2018-09-01","B DIVISION","L","2","peak","4,597","5,755","79.8783666%"
"2018-09-01","B DIVISION","M","1","offpeak","10,120","13,157","76.9172304%"
"2018-09-01","B DIVISION","M","2","offpeak","1,525","1,627","93.7307929%"
"2018-09-01","B DIVISION","M","1","peak","6,614","9,433","70.1155518%"
"2018-09-01","B DIVISION","M","2","peak","782","830","94.2168675%"
"2018-09-01","B DIVISION","N","1","offpeak","11,027","15,685","70.3028371%"
"2018-09-01","B DIVISION","N","2","offpeak","4,309","6,252","68.921945%"
"2018-09-01","B DIVISION","N","1","peak","6,897","9,977","69.1289967%"
"2018-09-01","B DIVISION","N","2","peak","2,144","3,080","69.6103896%"
"2018-09-01","B DIVISION","Q","1","offpeak","9,252","12,361","74.8483132%"
"2018-09-01","B DIVISION","Q","2","offpeak","4,766","5,781","82.442484%"
"2018-09-01","B DIVISION","Q","1","peak","5,410","7,335","73.7559646%"
"2018-09-01","B DIVISION","Q","2","peak","2,399","2,976","80.6115591%"
"2018-09-01","B DIVISION","R","1","offpeak","13,239","18,377","72.0411384%"
"2018-09-01","B DIVISION","R","2","offpeak","6,036","7,707","78.3184118%"
"2018-09-01","B DIVISION","R","1","peak","8,368","12,555","66.6507368%"
"2018-09-01","B DIVISION","R","2","peak","3,272","4,085","80.0979192%"
"2018-09-01","B DIVISION","S Fkln","1","offpeak","1,556","1,580","98.4810127%"
"2018-09-01","B DIVISION","S Fkln","2","offpeak","1,023","1,035","98.8405797%"
"2018-09-01","B DIVISION","S Fkln","1","peak","937","959","97.7059437%"
"2018-09-01","B DIVISION","S Fkln","2","peak","563","571","98.5989492%"
"2018-09-01","B DIVISION","S Rock","1","offpeak","1,547","1,650","93.7575758%"
"2018-09-01","B DIVISION","S Rock","2","offpeak","650","684","95.0292398%"
"2018-09-01","B DIVISION","S Rock","1","peak","768","824","93.2038835%"
"2018-09-01","B DIVISION","S Rock","2","peak","354","374","94.6524064%"
"2018-09-01","B DIVISION","W","1","offpeak","5,883","7,929","74.1959894%"
"2018-09-01","B DIVISION","W","1","peak","3,822","5,532","69.0889371%"
"2018-10-01","A DIVISION","1","1","offpeak","22,025","28,713","76.7074148%"
"2018-10-01","A DIVISION","1","2","offpeak","5,788","6,580","87.9635258%"
"2018-10-01","A DIVISION","1","1","peak","13,277","18,607","71.3548664%"
"2018-10-01","A DIVISION","1","2","peak","2,783","3,178","87.5707992%"
"2018-10-01","A DIVISION","2","1","offpeak","22,441","31,426","71.4090244%"
"2018-10-01","A DIVISION","2","2","offpeak","6,108","8,302","73.5726331%"
"2018-10-01","A DIVISION","2","1","peak","13,696","20,102","68.1325241%"
"2018-10-01","A DIVISION","2","2","peak","3,216","4,268","75.3514527%"
"2018-10-01","A DIVISION","3","1","offpeak","18,256","24,605","74.1963016%"
"2018-10-01","A DIVISION","3","2","offpeak","5,239","6,254","83.770387%"
"2018-10-01","A DIVISION","3","1","peak","11,610","16,399","70.7969998%"
"2018-10-01","A DIVISION","3","2","peak","2,710","3,112","87.0822622%"
"2018-10-01","A DIVISION","4","1","offpeak","24,270","34,044","71.2900952%"
"2018-10-01","A DIVISION","4","2","offpeak","5,003","6,832","73.2289227%"
"2018-10-01","A DIVISION","4","1","peak","15,958","25,052","63.699505%"
"2018-10-01","A DIVISION","4","2","peak","2,736","3,662","74.7132714%"
"2018-10-01","A DIVISION","5","1","offpeak","17,346","25,334","68.4692508%"
"2018-10-01","A DIVISION","5","2","offpeak","2,582","3,022","85.4401059%"
"2018-10-01","A DIVISION","5","1","peak","13,324","21,552","61.8225687%"
"2018-10-01","A DIVISION","5","2","peak","1,410","1,632","86.3970588%"
"2018-10-01","A DIVISION","6","1","offpeak","24,287","32,199","75.4278083%"
"2018-10-01","A DIVISION","6","2","offpeak","5,211","6,334","82.2702873%"
"2018-10-01","A DIVISION","6","1","peak","14,832","21,819","67.9774508%"
"2018-10-01","A DIVISION","6","2","peak","2,812","3,304","85.1089588%"
"2018-10-01","A DIVISION","7","1","offpeak","15,783","21,623","72.9917218%"
"2018-10-01","A DIVISION","7","2","offpeak","2,410","2,769","87.0350307%"
"2018-10-01","A DIVISION","7","1","peak","10,965","16,918","64.8126256%"
"2018-10-01","A DIVISION","7","2","peak","1,266","1,438","88.038943%"
"2018-10-01","A DIVISION","S 42nd","1","offpeak","6,841","7,069","96.7746499%"
"2018-10-01","A DIVISION","S 42nd","2","offpeak","1,681","1,704","98.6502347%"
"2018-10-01","A DIVISION","S 42nd","1","peak","5,691","6,471","87.9462216%"
"2018-10-01","A DIVISION","S 42nd","2","peak","966","992","97.3790323%"
"2018-10-01","B DIVISION","A","1","offpeak","15,805","22,657","69.7576908%"
"2018-10-01","B DIVISION","A","2","offpeak","5,065","6,775","74.7601476%"
"2018-10-01","B DIVISION","A","1","peak","10,992","16,866","65.1725365%"
"2018-10-01","B DIVISION","A","2","peak","2,745","3,593","76.3985527%"
"2018-10-01","B DIVISION","B","1","offpeak","7,190","9,414","76.3756108%"
"2018-10-01","B DIVISION","B","1","peak","6,304","8,984","70.1691897%"
"2018-10-01","B DIVISION","C","1","offpeak","10,237","13,543","75.5888651%"
"2018-10-01","B DIVISION","C","2","offpeak","3,433","4,224","81.2736742%"
"2018-10-01","B DIVISION","C","1","peak","6,074","8,570","70.8751459%"
"2018-10-01","B DIVISION","C","2","peak","1,948","2,323","83.8570814%"
"2018-10-01","B DIVISION","D","1","offpeak","10,982","15,349","71.5486351%"
"2018-10-01","B DIVISION","D","2","offpeak","3,125","3,860","80.9585492%"
"2018-10-01","B DIVISION","D","1","peak","7,098","10,064","70.5286169%"
"2018-10-01","B DIVISION","D","2","peak","1,608","1,977","81.3353566%"
"2018-10-01","B DIVISION","E","1","offpeak","13,627","18,953","71.8989078%"
"2018-10-01","B DIVISION","E","2","offpeak","4,066","5,028","80.867144%"
"2018-10-01","B DIVISION","E","1","peak","9,291","13,756","67.5414365%"
"2018-10-01","B DIVISION","E","2","peak","2,147","2,643","81.2334468%"
"2018-10-01","B DIVISION","F","1","offpeak","22,329","30,839","72.4050715%"
"2018-10-01","B DIVISION","F","2","offpeak","4,812","5,871","81.962187%"
"2018-10-01","B DIVISION","F","1","peak","15,430","22,210","69.4732103%"
"2018-10-01","B DIVISION","F","2","peak","2,467","2,960","83.3445946%"
"2018-10-01","B DIVISION","G","1","offpeak","11,471","13,802","83.1111433%"
"2018-10-01","B DIVISION","G","2","offpeak","3,587","4,084","87.8305583%"
"2018-10-01","B DIVISION","G","1","peak","6,465","8,288","78.0043436%"
"2018-10-01","B DIVISION","G","2","peak","1,829","2,112","86.6003788%"
"2018-10-01","B DIVISION","JZ","1","offpeak","9,993","12,628","79.1336712%"
"2018-10-01","B DIVISION","JZ","2","offpeak","2,952","3,391","87.0539664%"
"2018-10-01","B DIVISION","JZ","1","peak","6,512","8,982","72.5005567%"
"2018-10-01","B DIVISION","JZ","2","peak","1,531","1,804","84.8669623%"
"2018-10-01","B DIVISION","L","1","offpeak","18,695","23,913","78.1792331%"
"2018-10-01","B DIVISION","L","2","offpeak","1,082","1,106","97.8300181%"
"2018-10-01","B DIVISION","L","1","peak","12,153","16,659","72.9515577%"
"2018-10-01","B DIVISION","L","2","peak","542","557","97.3070018%"
"2018-10-01","B DIVISION","M","1","offpeak","12,526","16,142","77.5988106%"
"2018-10-01","B DIVISION","M","2","offpeak","3,668","4,628","79.2566984%"
"2018-10-01","B DIVISION","M","1","peak","8,357","11,881","70.339197%"
"2018-10-01","B DIVISION","M","2","peak","1,885","2,414","78.086164%"
"2018-10-01","B DIVISION","N","1","offpeak","13,551","18,801","72.0759534%"
"2018-10-01","B DIVISION","N","2","offpeak","4,158","5,661","73.4499205%"
"2018-10-01","B DIVISION","N","1","peak","8,157","12,157","67.0971457%"
"2018-10-01","B DIVISION","N","2","peak","2,093","2,738","76.4426589%"
"2018-10-01","B DIVISION","Q","1","offpeak","10,813","14,564","74.244713%"
"2018-10-01","B DIVISION","Q","2","offpeak","539","552","97.6449275%"
"2018-10-01","B DIVISION","Q","1","peak","6,197","8,802","70.4044535%"
"2018-10-01","B DIVISION","Q","2","peak","277","284","97.5352113%"
"2018-10-01","B DIVISION","R","1","offpeak","16,119","21,869","73.7070739%"
"2018-10-01","B DIVISION","R","2","offpeak","4,664","6,021","77.4622156%"
"2018-10-01","B DIVISION","R","1","peak","10,331","15,343","67.3336375%"
"2018-10-01","B DIVISION","R","2","peak","2,524","3,195","78.9984351%"
"2018-10-01","B DIVISION","S Fkln","1","offpeak","2,507","2,533","98.9735492%"
"2018-10-01","B DIVISION","S Fkln","2","offpeak","824","840","98.0952381%"
"2018-10-01","B DIVISION","S Fkln","1","peak","1,429","1,442","99.0984743%"
"2018-10-01","B DIVISION","S Fkln","2","peak","450","465","96.7741935%"
"2018-10-01","B DIVISION","S Rock","1","offpeak","1,824","1,971","92.5418569%"
"2018-10-01","B DIVISION","S Rock","2","offpeak","589","606","97.1947195%"
"2018-10-01","B DIVISION","S Rock","1","peak","892","994","89.7384306%"
"2018-10-01","B DIVISION","S Rock","2","peak","306","332","92.1686747%"
"2018-10-01","B DIVISION","W","1","offpeak","7,064","9,519","74.2094758%"
"2018-10-01","B DIVISION","W","1","peak","4,654","6,690","69.5665172%"
"2018-11-01","A DIVISION","1","1","offpeak","19,785","25,561","77.403075%"
"2018-11-01","A DIVISION","1","2","offpeak","5,628","6,720","83.75%"
"2018-11-01","A DIVISION","1","1","peak","12,091","16,989","71.1695803%"
"2018-11-01","A DIVISION","1","2","peak","2,755","3,250","84.7692308%"
"2018-11-01","A DIVISION","2","1","offpeak","20,442","28,959","70.5894541%"
"2018-11-01","A DIVISION","2","2","offpeak","5,577","7,687","72.5510602%"
"2018-11-01","A DIVISION","2","1","peak","12,162","18,354","66.2634848%"
"2018-11-01","A DIVISION","2","2","peak","2,930","3,824","76.6213389%"
"2018-11-01","A DIVISION","3","1","offpeak","16,422","22,437","73.1916032%"
"2018-11-01","A DIVISION","3","2","offpeak","4,831","5,920","81.6047297%"
"2018-11-01","A DIVISION","3","1","peak","10,493","14,973","70.0794764%"
"2018-11-01","A DIVISION","3","2","peak","2,528","2,950","85.6949153%"
"2018-11-01","A DIVISION","4","1","offpeak","23,023","31,446","73.2143993%"
"2018-11-01","A DIVISION","4","2","offpeak","5,626","8,140","69.1154791%"
"2018-11-01","A DIVISION","4","1","peak","14,835","22,870","64.8666375%"
"2018-11-01","A DIVISION","4","2","peak","2,927","4,335","67.5201845%"
"2018-11-01","A DIVISION","5","1","offpeak","16,406","23,200","70.7155172%"
"2018-11-01","A DIVISION","5","2","offpeak","2,011","2,418","83.1679074%"
"2018-11-01","A DIVISION","5","1","peak","12,373","19,670","62.9028978%"
"2018-11-01","A DIVISION","5","2","peak","1,131","1,294","87.4034003%"
"2018-11-01","A DIVISION","6","1","offpeak","21,805","29,591","73.6879457%"
"2018-11-01","A DIVISION","6","2","offpeak","5,084","6,493","78.2997074%"
"2018-11-01","A DIVISION","6","1","peak","13,488","19,940","67.6429288%"
"2018-11-01","A DIVISION","6","2","peak","2,802","3,410","82.170088%"
"2018-11-01","A DIVISION","7","1","offpeak","12,210","16,437","74.2836284%"
"2018-11-01","A DIVISION","7","2","offpeak","2,908","3,415","85.1537335%"
"2018-11-01","A DIVISION","7","1","peak","7,938","12,596","63.0200064%"
"2018-11-01","A DIVISION","7","2","peak","1,643","2,166","75.854109%"
"2018-11-01","A DIVISION","S 42nd","1","offpeak","6,405","6,572","97.4589166%"
"2018-11-01","A DIVISION","S 42nd","2","offpeak","1,686","1,698","99.2932862%"
"2018-11-01","A DIVISION","S 42nd","1","peak","5,437","6,111","88.9707086%"
"2018-11-01","A DIVISION","S 42nd","2","peak","969","992","97.6814516%"
"2018-11-01","B DIVISION","A","1","offpeak","14,269","20,706","68.9123925%"
"2018-11-01","B DIVISION","A","2","offpeak","4,024","5,869","68.5636395%"
"2018-11-01","B DIVISION","A","1","peak","9,846","15,083","65.2787907%"
"2018-11-01","B DIVISION","A","2","peak","2,112","3,033","69.6340257%"
"2018-11-01","B DIVISION","B","1","offpeak","6,491","8,940","72.606264%"
"2018-11-01","B DIVISION","B","1","peak","5,647","8,220","68.6982968%"
"2018-11-01","B DIVISION","C","1","offpeak","9,094","12,221","74.4128958%"
"2018-11-01","B DIVISION","C","2","offpeak","2,709","3,615","74.9377593%"
"2018-11-01","B DIVISION","C","1","peak","5,416","7,709","70.2555455%"
"2018-11-01","B DIVISION","C","2","peak","1,433","2,007","71.4000997%"
"2018-11-01","B DIVISION","D","1","offpeak","10,374","14,575","71.1766724%"
"2018-11-01","B DIVISION","D","2","offpeak","3,435","4,574","75.0983822%"
"2018-11-01","B DIVISION","D","1","peak","6,496","9,360","69.4017094%"
"2018-11-01","B DIVISION","D","2","peak","1,813","2,351","77.1161208%"
"2018-11-01","B DIVISION","E","1","offpeak","12,442","17,552","70.8865087%"
"2018-11-01","B DIVISION","E","2","offpeak","2,792","3,388","82.4085006%"
"2018-11-01","B DIVISION","E","1","peak","8,337","12,553","66.4144029%"
"2018-11-01","B DIVISION","E","2","peak","1,370","1,668","82.1342926%"
"2018-11-01","B DIVISION","F","1","offpeak","20,623","29,362","70.2370411%"
"2018-11-01","B DIVISION","F","2","offpeak","4,340","5,611","77.3480663%"
"2018-11-01","B DIVISION","F","1","peak","13,711","20,333","67.432253%"
"2018-11-01","B DIVISION","F","2","peak","2,216","2,818","78.6373314%"
"2018-11-01","B DIVISION","G","1","offpeak","10,147","12,461","81.4300618%"
"2018-11-01","B DIVISION","G","2","offpeak","3,443","3,946","87.2529143%"
"2018-11-01","B DIVISION","G","1","peak","5,957","7,552","78.8797669%"
"2018-11-01","B DIVISION","G","2","peak","1,754","2,036","86.1493124%"
"2018-11-01","B DIVISION","JZ","1","offpeak","8,864","11,435","77.516397%"
"2018-11-01","B DIVISION","JZ","2","offpeak","2,816","3,257","86.4599325%"
"2018-11-01","B DIVISION","JZ","1","peak","5,624","8,188","68.6858818%"
"2018-11-01","B DIVISION","JZ","2","peak","1,503","1,752","85.7876712%"
"2018-11-01","B DIVISION","L","1","offpeak","18,114","22,907","79.0762649%"
"2018-11-01","B DIVISION","L","2","offpeak","3,949","5,055","78.1206726%"
"2018-11-01","B DIVISION","L","1","peak","11,502","15,229","75.5269552%"
"2018-11-01","B DIVISION","L","2","peak","2,093","2,574","81.3131313%"
"2018-11-01","B DIVISION","M","1","offpeak","11,475","15,414","74.4453095%"
"2018-11-01","B DIVISION","M","2","offpeak","2,275","2,797","81.3371469%"
"2018-11-01","B DIVISION","M","1","peak","7,347","10,940","67.1572212%"
"2018-11-01","B DIVISION","M","2","peak","1,169","1,477","79.1469194%"
"2018-11-01","B DIVISION","N","1","offpeak","12,360","17,040","72.5352113%"
"2018-11-01","B DIVISION","N","2","offpeak","4,376","5,836","74.982865%"
"2018-11-01","B DIVISION","N","1","peak","7,299","11,118","65.6502968%"
"2018-11-01","B DIVISION","N","2","peak","2,227","2,881","77.2995488%"
"2018-11-01","B DIVISION","Q","1","offpeak","9,394","13,164","71.3612884%"
"2018-11-01","B DIVISION","Q","2","offpeak","2,038","2,512","81.1305732%"
"2018-11-01","B DIVISION","Q","1","peak","5,444","8,143","66.8549675%"
"2018-11-01","B DIVISION","Q","2","peak","1,097","1,325","82.7924528%"
"2018-11-01","B DIVISION","R","1","offpeak","14,604","20,088","72.7001195%"
"2018-11-01","B DIVISION","R","2","offpeak","4,784","6,151","77.7759714%"
"2018-11-01","B DIVISION","R","1","peak","9,265","13,979","66.2779884%"
"2018-11-01","B DIVISION","R","2","peak","2,566","3,201","80.1624492%"
"2018-11-01","B DIVISION","S Fkln","1","offpeak","1,857","1,891","98.2020095%"
"2018-11-01","B DIVISION","S Fkln","2","offpeak","851","868","98.0414747%"
"2018-11-01","B DIVISION","S Fkln","1","peak","1,190","1,227","96.9845151%"
"2018-11-01","B DIVISION","S Fkln","2","peak","447","462","96.7532468%"
"2018-11-01","B DIVISION","S Rock","1","offpeak","1,717","1,788","96.0290828%"
"2018-11-01","B DIVISION","S Rock","2","offpeak","509","550","92.5454545%"
"2018-11-01","B DIVISION","S Rock","1","peak","855","920","92.9347826%"
"2018-11-01","B DIVISION","S Rock","2","peak","305","317","96.214511%"
"2018-11-01","B DIVISION","W","1","offpeak","3,813","5,116","74.5308835%"
"2018-11-01","B DIVISION","W","1","peak","3,990","5,806","68.7220117%"
"2018-12-01","A DIVISION","1","1","offpeak","19,941","25,242","78.9992869%"
"2018-12-01","A DIVISION","1","2","offpeak","7,100","8,049","88.2097155%"
"2018-12-01","A DIVISION","1","1","peak","11,622","16,180","71.829419%"
"2018-12-01","A DIVISION","1","2","peak","3,445","3,951","87.1931157%"
"2018-12-01","A DIVISION","2","1","offpeak","18,734","27,132","69.047619%"
"2018-12-01","A DIVISION","2","2","offpeak","7,659","10,537","72.686723%"
"2018-12-01","A DIVISION","2","1","peak","11,849","17,480","67.7860412%"
"2018-12-01","A DIVISION","2","2","peak","4,001","5,492","72.8514202%"
"2018-12-01","A DIVISION","3","1","offpeak","15,460","21,531","71.8034462%"
"2018-12-01","A DIVISION","3","2","offpeak","5,726","6,868","83.3721607%"
"2018-12-01","A DIVISION","3","1","peak","9,964","14,260","69.8737728%"
"2018-12-01","A DIVISION","3","2","peak","2,910","3,402","85.5379189%"
"2018-12-01","A DIVISION","4","1","offpeak","21,689","30,183","71.8583308%"
"2018-12-01","A DIVISION","4","2","offpeak","7,605","10,500","72.4285714%"
"2018-12-01","A DIVISION","4","1","peak","13,596","21,780","62.4242424%"
"2018-12-01","A DIVISION","4","2","peak","3,956","5,584","70.8452722%"
"2018-12-01","A DIVISION","5","1","offpeak","15,822","22,729","69.6115095%"
"2018-12-01","A DIVISION","5","2","offpeak","3,411","3,880","87.9123711%"
"2018-12-01","A DIVISION","5","1","peak","11,766","18,745","62.7687383%"
"2018-12-01","A DIVISION","5","2","peak","1,727","2,049","84.2850171%"
"2018-12-01","A DIVISION","6","1","offpeak","21,587","28,666","75.3052397%"
"2018-12-01","A DIVISION","6","2","offpeak","6,463","7,653","84.4505423%"
"2018-12-01","A DIVISION","6","1","peak","13,068","19,010","68.742767%"
"2018-12-01","A DIVISION","6","2","peak","3,211","3,990","80.4761905%"
"2018-12-01","A DIVISION","7","1","offpeak","14,485","18,991","76.2729714%"
"2018-12-01","A DIVISION","7","2","offpeak","4,801","5,909","81.2489423%"
"2018-12-01","A DIVISION","7","1","peak","10,269","14,862","69.0956803%"
"2018-12-01","A DIVISION","7","2","peak","2,804","3,711","75.5591485%"
"2018-12-01","A DIVISION","S 42nd","1","offpeak","6,149","6,258","98.2582295%"
"2018-12-01","A DIVISION","S 42nd","2","offpeak","1,987","2,123","93.5939708%"
"2018-12-01","A DIVISION","S 42nd","1","peak","5,400","5,820","92.7835052%"
"2018-12-01","A DIVISION","S 42nd","2","peak","1,180","1,217","96.9597371%"
"2018-12-01","B DIVISION","A","1","offpeak","13,825","19,424","71.1748353%"
"2018-12-01","B DIVISION","A","2","offpeak","5,673","7,729","73.3988873%"
"2018-12-01","B DIVISION","A","1","peak","9,325","14,178","65.7709127%"
"2018-12-01","B DIVISION","A","2","peak","3,068","4,061","75.5478946%"
"2018-12-01","B DIVISION","B","1","offpeak","6,689","8,714","76.7615332%"
"2018-12-01","B DIVISION","B","1","peak","5,427","7,701","70.4713674%"
"2018-12-01","B DIVISION","C","1","offpeak","8,694","11,561","75.2011072%"
"2018-12-01","B DIVISION","C","2","offpeak","3,434","4,341","79.1061967%"
"2018-12-01","B DIVISION","C","1","peak","5,078","7,182","70.7045391%"
"2018-12-01","B DIVISION","C","2","peak","1,884","2,387","78.9275241%"
"2018-12-01","B DIVISION","D","1","offpeak","10,317","13,782","74.8585111%"
"2018-12-01","B DIVISION","D","2","offpeak","4,391","5,833","75.2785873%"
"2018-12-01","B DIVISION","D","1","peak","6,410","8,898","72.0386604%"
"2018-12-01","B DIVISION","D","2","peak","2,311","2,994","77.1877088%"
"2018-12-01","B DIVISION","E","1","offpeak","10,881","15,501","70.1954713%"
"2018-12-01","B DIVISION","E","2","offpeak","3,269","3,814","85.7105401%"
"2018-12-01","B DIVISION","E","1","peak","7,060","10,962","64.4043058%"
"2018-12-01","B DIVISION","E","2","peak","1,627","1,915","84.9608355%"
"2018-12-01","B DIVISION","F","1","offpeak","19,436","28,073","69.2337834%"
"2018-12-01","B DIVISION","F","2","offpeak","4,674","5,882","79.4627678%"
"2018-12-01","B DIVISION","F","1","peak","12,489","19,250","64.8779221%"
"2018-12-01","B DIVISION","F","2","peak","2,395","2,943","81.3795447%"
"2018-12-01","B DIVISION","G","1","offpeak","9,234","11,408","80.9431978%"
"2018-12-01","B DIVISION","G","2","offpeak","3,170","3,700","85.6756757%"
"2018-12-01","B DIVISION","G","1","peak","5,642","7,167","78.7219199%"
"2018-12-01","B DIVISION","G","2","peak","1,633","1,917","85.1851852%"
"2018-12-01","B DIVISION","JZ","1","offpeak","8,419","10,724","78.5061544%"
"2018-12-01","B DIVISION","JZ","2","offpeak","3,537","3,971","89.070763%"
"2018-12-01","B DIVISION","JZ","1","peak","5,509","7,779","70.8188713%"
"2018-12-01","B DIVISION","JZ","2","peak","1,864","2,130","87.5117371%"
"2018-12-01","B DIVISION","L","1","offpeak","16,251","21,108","76.9897669%"
"2018-12-01","B DIVISION","L","2","offpeak","8,916","11,240","79.3238434%"
"2018-12-01","B DIVISION","L","1","peak","10,995","14,489","75.8851543%"
"2018-12-01","B DIVISION","L","2","peak","4,628","5,750","80.4869565%"
"2018-12-01","B DIVISION","M","1","offpeak","9,942","12,827","77.5083808%"
"2018-12-01","B DIVISION","M","1","peak","6,550","9,473","69.1438826%"
"2018-12-01","B DIVISION","N","1","offpeak","11,953","16,323","73.2279605%"
"2018-12-01","B DIVISION","N","2","offpeak","5,396","6,898","78.2255726%"
"2018-12-01","B DIVISION","N","1","peak","6,957","10,524","66.1060433%"
"2018-12-01","B DIVISION","N","2","peak","2,720","3,418","79.578701%"
"2018-12-01","B DIVISION","Q","1","offpeak","9,318","12,401","75.1391017%"
"2018-12-01","B DIVISION","Q","2","offpeak","4,705","5,815","80.9114359%"
"2018-12-01","B DIVISION","Q","1","peak","5,144","7,441","69.1304932%"
"2018-12-01","B DIVISION","Q","2","peak","2,441","2,976","82.0228495%"
"2018-12-01","B DIVISION","R","1","offpeak","14,554","19,266","75.5424063%"
"2018-12-01","B DIVISION","R","2","offpeak","5,628","7,181","78.3734856%"
"2018-12-01","B DIVISION","R","1","peak","9,058","13,363","67.7841802%"
"2018-12-01","B DIVISION","R","2","peak","3,060","3,766","81.2533192%"
"2018-12-01","B DIVISION","S Fkln","1","offpeak","1,548","1,602","96.6292135%"
"2018-12-01","B DIVISION","S Fkln","2","offpeak","792","805","98.3850932%"
"2018-12-01","B DIVISION","S Fkln","1","peak","904","924","97.8354978%"
"2018-12-01","B DIVISION","S Fkln","2","peak","380","396","95.959596%"
"2018-12-01","B DIVISION","S Rock","1","offpeak","1,633","1,712","95.385514%"
"2018-12-01","B DIVISION","S Rock","2","offpeak","717","756","94.8412698%"
"2018-12-01","B DIVISION","S Rock","1","peak","831","872","95.2981651%"
"2018-12-01","B DIVISION","S Rock","2","peak","397","405","98.0246914%"
"2018-12-01","B DIVISION","W","1","offpeak","6,023","8,001","75.2780902%"
"2018-12-01","B DIVISION","W","1","peak","3,989","5,764","69.2054129%"
"2019-01-01","A DIVISION","1","1","offpeak","22,741","27,554","82.5324817%"
"2019-01-01","A DIVISION","1","2","offpeak","6,324","7,220","87.5900277%"
"2019-01-01","A DIVISION","1","1","peak","13,700","17,798","76.974941%"
"2019-01-01","A DIVISION","1","2","peak","3,130","3,560","87.9213483%"
"2019-01-01","A DIVISION","2","1","offpeak","22,137","30,280","73.1076618%"
"2019-01-01","A DIVISION","2","2","offpeak","5,069","6,824","74.2819461%"
"2019-01-01","A DIVISION","2","1","peak","13,719","19,228","71.3490743%"
"2019-01-01","A DIVISION","2","2","peak","2,691","3,462","77.729636%"
"2019-01-01","A DIVISION","3","1","offpeak","17,495","22,962","76.1910983%"
"2019-01-01","A DIVISION","3","2","offpeak","3,889","4,604","84.4700261%"
"2019-01-01","A DIVISION","3","1","peak","11,577","15,686","73.8046666%"
"2019-01-01","A DIVISION","3","2","peak","1,975","2,290","86.2445415%"
"2019-01-01","A DIVISION","4","1","offpeak","24,407","33,185","73.5482899%"
"2019-01-01","A DIVISION","4","2","offpeak","6,307","8,096","77.902668%"
"2019-01-01","A DIVISION","4","1","peak","15,431","23,952","64.4246827%"
"2019-01-01","A DIVISION","4","2","peak","3,383","4,356","77.6629936%"
"2019-01-01","A DIVISION","5","1","offpeak","18,513","24,969","74.1439385%"
"2019-01-01","A DIVISION","5","2","offpeak","2,706","3,143","86.0960865%"
"2019-01-01","A DIVISION","5","1","peak","13,659","20,688","66.0237819%"
"2019-01-01","A DIVISION","5","2","peak","1,419","1,657","85.6366928%"
"2019-01-01","A DIVISION","6","1","offpeak","23,522","31,484","74.7109643%"
"2019-01-01","A DIVISION","6","2","offpeak","5,424","6,336","85.6060606%"
"2019-01-01","A DIVISION","6","1","peak","14,270","20,908","68.251387%"
"2019-01-01","A DIVISION","6","2","peak","2,893","3,304","87.5605327%"
"2019-01-01","A DIVISION","7","1","offpeak","15,853","20,427","77.6080678%"
"2019-01-01","A DIVISION","7","2","offpeak","2,053","2,232","91.9802867%"
"2019-01-01","A DIVISION","7","1","peak","11,553","16,517","69.9461161%"
"2019-01-01","A DIVISION","7","2","peak","1,084","1,170","92.6495726%"
"2019-01-01","A DIVISION","S 42nd","1","offpeak","6,789","6,884","98.6199884%"
"2019-01-01","A DIVISION","S 42nd","2","offpeak","1,664","1,704","97.6525822%"
"2019-01-01","A DIVISION","S 42nd","1","peak","5,787","6,402","90.393627%"
"2019-01-01","A DIVISION","S 42nd","2","peak","961","992","96.875%"
"2019-01-01","B DIVISION","A","1","offpeak","15,435","21,421","72.0554596%"
"2019-01-01","B DIVISION","A","2","offpeak","4,652","6,173","75.3604406%"
"2019-01-01","B DIVISION","A","1","peak","10,387","15,747","65.9617705%"
"2019-01-01","B DIVISION","A","2","peak","2,394","3,192","75%"
"2019-01-01","B DIVISION","B","1","offpeak","7,663","9,704","78.9674361%"
"2019-01-01","B DIVISION","B","1","peak","6,303","8,663","72.7577052%"
"2019-01-01","B DIVISION","C","1","offpeak","9,367","12,784","73.2712766%"
"2019-01-01","B DIVISION","C","2","offpeak","2,822","3,548","79.5377678%"
"2019-01-01","B DIVISION","C","1","peak","5,693","8,110","70.1972873%"
"2019-01-01","B DIVISION","C","2","peak","1,616","1,979","81.6574027%"
"2019-01-01","B DIVISION","D","1","offpeak","11,859","15,393","77.0415124%"
"2019-01-01","B DIVISION","D","2","offpeak","3,725","4,651","80.0903032%"
"2019-01-01","B DIVISION","D","1","peak","7,201","9,941","72.4373805%"
"2019-01-01","B DIVISION","D","2","peak","1,847","2,327","79.3725827%"
"2019-01-01","B DIVISION","E","1","offpeak","13,399","18,627","71.9332152%"
"2019-01-01","B DIVISION","E","2","offpeak","3,115","3,761","82.8237171%"
"2019-01-01","B DIVISION","E","1","peak","8,869","13,132","67.5373134%"
"2019-01-01","B DIVISION","E","2","peak","1,571","1,905","82.4671916%"
"2019-01-01","B DIVISION","F","1","offpeak","22,180","31,175","71.1467522%"
"2019-01-01","B DIVISION","F","2","offpeak","4,569","5,847","78.1426372%"
"2019-01-01","B DIVISION","F","1","peak","14,359","21,269","67.5114016%"
"2019-01-01","B DIVISION","F","2","peak","2,370","2,929","80.9149881%"
"2019-01-01","B DIVISION","G","1","offpeak","10,751","13,115","81.974838%"
"2019-01-01","B DIVISION","G","2","offpeak","3,064","3,425","89.459854%"
"2019-01-01","B DIVISION","G","1","peak","6,087","7,897","77.0799038%"
"2019-01-01","B DIVISION","G","2","peak","1,552","1,773","87.535251%"
"2019-01-01","B DIVISION","JZ","1","offpeak","9,160","11,454","79.9720622%"
"2019-01-01","B DIVISION","JZ","2","offpeak","2,143","2,330","91.9742489%"
"2019-01-01","B DIVISION","JZ","1","peak","6,175","8,467","72.9301996%"
"2019-01-01","B DIVISION","JZ","2","peak","1,092","1,243","87.851971%"
"2019-01-01","B DIVISION","L","1","offpeak","18,754","23,942","78.3309665%"
"2019-01-01","B DIVISION","L","2","offpeak","6,705","8,985","74.624374%"
"2019-01-01","B DIVISION","L","1","peak","11,732","15,921","73.6888386%"
"2019-01-01","B DIVISION","L","2","peak","3,832","4,598","83.3405829%"
"2019-01-01","B DIVISION","M","1","offpeak","11,657","14,897","78.2506545%"
"2019-01-01","B DIVISION","M","1","peak","8,202","11,464","71.5457083%"
"2019-01-01","B DIVISION","N","1","offpeak","13,674","17,924","76.2887748%"
"2019-01-01","B DIVISION","N","2","offpeak","4,500","5,790","77.7202073%"
"2019-01-01","B DIVISION","N","1","peak","8,242","11,581","71.1682929%"
"2019-01-01","B DIVISION","N","2","peak","2,308","2,847","81.0677907%"
"2019-01-01","B DIVISION","Q","1","offpeak","11,046","14,141","78.1132876%"
"2019-01-01","B DIVISION","Q","2","offpeak","4,129","4,756","86.8166526%"
"2019-01-01","B DIVISION","Q","1","peak","6,584","8,543","77.0689453%"
"2019-01-01","B DIVISION","Q","2","peak","2,115","2,435","86.8583162%"
"2019-01-01","B DIVISION","R","1","offpeak","16,088","21,190","75.922605%"
"2019-01-01","B DIVISION","R","2","offpeak","4,827","6,061","79.6403234%"
"2019-01-01","B DIVISION","R","1","peak","10,340","14,662","70.522439%"
"2019-01-01","B DIVISION","R","2","peak","2,589","3,197","80.9821708%"
"2019-01-01","B DIVISION","S Fkln","1","offpeak","1,980","2,025","97.7777778%"
"2019-01-01","B DIVISION","S Fkln","2","offpeak","865","877","98.631699%"
"2019-01-01","B DIVISION","S Fkln","1","peak","1,119","1,133","98.7643425%"
"2019-01-01","B DIVISION","S Fkln","2","peak","434","437","99.3135011%"
"2019-01-01","B DIVISION","S Rock","1","offpeak","1,805","1,895","95.2506596%"
"2019-01-01","B DIVISION","S Rock","2","offpeak","319","335","95.2238806%"
"2019-01-01","B DIVISION","S Rock","1","peak","916","964","95.0207469%"
"2019-01-01","B DIVISION","S Rock","2","peak","146","164","89.0243902%"
"2019-01-01","B DIVISION","W","1","offpeak","6,960","9,032","77.0593446%"
"2019-01-01","B DIVISION","W","1","peak","4,612","6,352","72.6070529%"
"2019-02-01","A DIVISION","1","1","offpeak","19,304","23,869","80.8747748%"
"2019-02-01","A DIVISION","1","2","offpeak","5,964","6,722","88.7235942%"
"2019-02-01","A DIVISION","1","1","peak","11,556","15,371","75.1805348%"
"2019-02-01","A DIVISION","1","2","peak","2,862","3,251","88.0344509%"
"2019-02-01","A DIVISION","2","1","offpeak","18,907","26,126","72.3685218%"
"2019-02-01","A DIVISION","2","2","offpeak","6,691","8,898","75.1966734%"
"2019-02-01","A DIVISION","2","1","peak","11,789","16,606","70.9924124%"
"2019-02-01","A DIVISION","2","2","peak","3,354","4,621","72.5816923%"
"2019-02-01","A DIVISION","3","1","offpeak","15,996","21,039","76.0302296%"
"2019-02-01","A DIVISION","3","2","offpeak","5,160","6,122","84.286181%"
"2019-02-01","A DIVISION","3","1","peak","10,094","13,547","74.5109618%"
"2019-02-01","A DIVISION","3","2","peak","2,472","3,050","81.0491803%"
"2019-02-01","A DIVISION","4","1","offpeak","21,090","28,742","73.3769397%"
"2019-02-01","A DIVISION","4","2","offpeak","6,797","8,978","75.7072845%"
"2019-02-01","A DIVISION","4","1","peak","13,766","20,698","66.5088414%"
"2019-02-01","A DIVISION","4","2","peak","3,650","4,808","75.9151414%"
"2019-02-01","A DIVISION","5","1","offpeak","15,218","21,470","70.8802981%"
"2019-02-01","A DIVISION","5","2","offpeak","2,580","2,933","87.9645414%"
"2019-02-01","A DIVISION","5","1","peak","11,972","17,819","67.1867108%"
"2019-02-01","A DIVISION","5","2","peak","1,358","1,563","86.8841971%"
"2019-02-01","A DIVISION","6","1","offpeak","20,376","26,621","76.5410766%"
"2019-02-01","A DIVISION","6","2","offpeak","4,863","6,334","76.7761288%"
"2019-02-01","A DIVISION","6","1","peak","12,315","18,029","68.3066171%"
"2019-02-01","A DIVISION","6","2","peak","2,553","3,305","77.2465961%"
"2019-02-01","A DIVISION","7","1","offpeak","13,694","17,931","76.3705315%"
"2019-02-01","A DIVISION","7","2","offpeak","3,521","4,052","86.8953603%"
"2019-02-01","A DIVISION","7","1","peak","10,123","14,225","71.1634446%"
"2019-02-01","A DIVISION","7","2","peak","1,825","2,103","86.7807893%"
"2019-02-01","A DIVISION","S 42nd","1","offpeak","5,847","5,945","98.3515559%"
"2019-02-01","A DIVISION","S 42nd","2","offpeak","1,670","1,703","98.0622431%"
"2019-02-01","A DIVISION","S 42nd","1","peak","5,125","5,529","92.6930729%"
"2019-02-01","A DIVISION","S 42nd","2","peak","974","992","98.1854839%"
"2019-02-01","B DIVISION","A","1","offpeak","13,465","18,931","71.1267234%"
"2019-02-01","B DIVISION","A","2","offpeak","4,968","6,562","75.7086254%"
"2019-02-01","B DIVISION","A","1","peak","9,072","13,702","66.2093125%"
"2019-02-01","B DIVISION","A","2","peak","2,580","3,409","75.6820182%"
"2019-02-01","B DIVISION","B","1","offpeak","6,384","8,208","77.7777778%"
"2019-02-01","B DIVISION","B","1","peak","5,184","7,435","69.7242771%"
"2019-02-01","B DIVISION","C","1","offpeak","8,440","11,129","75.837901%"
"2019-02-01","B DIVISION","C","2","offpeak","2,936","3,687","79.6311364%"
"2019-02-01","B DIVISION","C","1","peak","5,026","7,011","71.6873485%"
"2019-02-01","B DIVISION","C","2","peak","1,648","2,066","79.767667%"
"2019-02-01","B DIVISION","D","1","offpeak","9,581","13,216","72.49546%"
"2019-02-01","B DIVISION","D","2","offpeak","2,473","2,957","83.6320595%"
"2019-02-01","B DIVISION","D","1","peak","6,028","8,583","70.2318537%"
"2019-02-01","B DIVISION","D","2","peak","1,286","1,499","85.790527%"
"2019-02-01","B DIVISION","E","1","offpeak","11,374","16,046","70.8837093%"
"2019-02-01","B DIVISION","E","2","offpeak","2,889","3,532","81.795017%"
"2019-02-01","B DIVISION","E","1","peak","7,732","11,317","68.3219935%"
"2019-02-01","B DIVISION","E","2","peak","1,508","1,751","86.1222159%"
"2019-02-01","B DIVISION","F","1","offpeak","19,070","26,761","71.2604163%"
"2019-02-01","B DIVISION","F","2","offpeak","4,579","5,941","77.0745666%"
"2019-02-01","B DIVISION","F","1","peak","12,673","18,375","68.9687075%"
"2019-02-01","B DIVISION","F","2","peak","2,366","2,984","79.2895442%"
"2019-02-01","B DIVISION","G","1","offpeak","9,420","11,398","82.6460783%"
"2019-02-01","B DIVISION","G","2","offpeak","3,494","4,067","85.9109909%"
"2019-02-01","B DIVISION","G","1","peak","5,259","6,840","76.8859649%"
"2019-02-01","B DIVISION","G","2","peak","1,838","2,099","87.5655074%"
"2019-02-01","B DIVISION","JZ","1","offpeak","8,299","10,343","80.237842%"
"2019-02-01","B DIVISION","JZ","2","offpeak","2,977","3,500","85.0571429%"
"2019-02-01","B DIVISION","JZ","1","peak","5,581","7,441","75.0033598%"
"2019-02-01","B DIVISION","JZ","2","peak","1,568","1,879","83.4486429%"
"2019-02-01","B DIVISION","L","1","offpeak","14,973","20,276","73.8459262%"
"2019-02-01","B DIVISION","L","2","offpeak","646","664","97.2891566%"
"2019-02-01","B DIVISION","L","1","peak","9,705","13,678","70.9533558%"
"2019-02-01","B DIVISION","L","2","peak","320","342","93.5672515%"
"2019-02-01","B DIVISION","M","1","offpeak","10,492","13,474","77.8684875%"
"2019-02-01","B DIVISION","M","2","offpeak","2,990","3,975","75.2201258%"
"2019-02-01","B DIVISION","M","1","peak","7,056","9,832","71.7656631%"
"2019-02-01","B DIVISION","M","2","peak","1,519","2,040","74.4607843%"
"2019-02-01","B DIVISION","N","1","offpeak","11,531","15,230","75.7124097%"
"2019-02-01","B DIVISION","N","2","offpeak","4,390","5,306","82.7365247%"
"2019-02-01","B DIVISION","N","1","peak","6,814","10,042","67.855009%"
"2019-02-01","B DIVISION","N","2","peak","2,166","2,604","83.1797235%"
"2019-02-01","B DIVISION","Q","1","offpeak","9,254","11,936","77.5301609%"
"2019-02-01","B DIVISION","Q","2","offpeak","3,636","4,385","82.9190422%"
"2019-02-01","B DIVISION","Q","1","peak","5,325","7,228","73.6718318%"
"2019-02-01","B DIVISION","Q","2","peak","1,894","2,246","84.3276937%"
"2019-02-01","B DIVISION","R","1","offpeak","13,990","18,233","76.7290078%"
"2019-02-01","B DIVISION","R","2","offpeak","4,890","6,179","79.1390193%"
"2019-02-01","B DIVISION","R","1","peak","9,089","12,689","71.62897%"
"2019-02-01","B DIVISION","R","2","peak","2,646","3,285","80.5479452%"
"2019-02-01","B DIVISION","S Fkln","1","offpeak","1,778","1,809","98.286346%"
"2019-02-01","B DIVISION","S Fkln","2","offpeak","743","752","98.8031915%"
"2019-02-01","B DIVISION","S Fkln","1","peak","1,055","1,059","99.6222852%"
"2019-02-01","B DIVISION","S Fkln","2","peak","413","416","99.2788462%"
"2019-02-01","B DIVISION","S Rock","1","offpeak","1,565","1,636","95.6601467%"
"2019-02-01","B DIVISION","S Rock","2","offpeak","586","610","96.0655738%"
"2019-02-01","B DIVISION","S Rock","1","peak","787","832","94.5913462%"
"2019-02-01","B DIVISION","S Rock","2","peak","325","330","98.4848485%"
"2019-02-01","B DIVISION","W","1","offpeak","3,891","5,021","77.494523%"
"2019-02-01","B DIVISION","W","1","peak","3,639","5,302","68.6344776%"
"2019-03-01","A DIVISION","1","1","offpeak","21,933","26,165","83.8257214%"
"2019-03-01","A DIVISION","1","2","offpeak","7,336","8,320","88.1730769%"
"2019-03-01","A DIVISION","1","1","peak","12,865","16,692","77.0728493%"
"2019-03-01","A DIVISION","1","2","peak","3,569","3,976","89.7635815%"
"2019-03-01","A DIVISION","2","1","offpeak","20,700","28,740","72.0250522%"
"2019-03-01","A DIVISION","2","2","offpeak","7,599","9,769","77.7868769%"
"2019-03-01","A DIVISION","2","1","peak","12,639","17,955","70.3926483%"
"2019-03-01","A DIVISION","2","2","peak","3,941","4,906","80.3302079%"
"2019-03-01","A DIVISION","3","1","offpeak","17,422","22,944","75.9327057%"
"2019-03-01","A DIVISION","3","2","offpeak","6,390","7,619","83.8692742%"
"2019-03-01","A DIVISION","3","1","peak","10,647","14,669","72.5816347%"
"2019-03-01","A DIVISION","3","2","peak","3,227","3,789","85.1675904%"
"2019-03-01","A DIVISION","4","1","offpeak","23,459","31,312","74.9201584%"
"2019-03-01","A DIVISION","4","2","offpeak","9,223","11,774","78.3336164%"
"2019-03-01","A DIVISION","4","1","peak","14,868","22,423","66.306917%"
"2019-03-01","A DIVISION","4","2","peak","4,847","6,316","76.7416086%"
"2019-03-01","A DIVISION","5","1","offpeak","17,560","24,165","72.6670805%"
"2019-03-01","A DIVISION","5","2","offpeak","3,952","4,608","85.7638889%"
"2019-03-01","A DIVISION","5","1","peak","13,017","19,298","67.4525858%"
"2019-03-01","A DIVISION","5","2","peak","2,121","2,436","87.0689655%"
"2019-03-01","A DIVISION","6","1","offpeak","23,229","29,563","78.5745696%"
"2019-03-01","A DIVISION","6","2","offpeak","6,584","7,908","83.2574608%"
"2019-03-01","A DIVISION","6","1","peak","13,603","19,729","68.9492625%"
"2019-03-01","A DIVISION","6","2","peak","3,413","4,115","82.9404617%"
"2019-03-01","A DIVISION","7","1","offpeak","15,673","20,089","78.0178207%"
"2019-03-01","A DIVISION","7","2","offpeak","4,353","5,232","83.1995413%"
"2019-03-01","A DIVISION","7","1","peak","11,279","15,678","71.9415742%"
"2019-03-01","A DIVISION","7","2","peak","2,413","2,915","82.7787307%"
"2019-03-01","A DIVISION","S 42nd","1","offpeak","6,422","6,513","98.6027944%"
"2019-03-01","A DIVISION","S 42nd","2","offpeak","2,099","2,130","98.5446009%"
"2019-03-01","A DIVISION","S 42nd","1","peak","5,513","6,075","90.7489712%"
"2019-03-01","A DIVISION","S 42nd","2","peak","1,217","1,240","98.1451613%"
"2019-03-01","B DIVISION","A","1","offpeak","14,586","20,280","71.9230769%"
"2019-03-01","B DIVISION","A","2","offpeak","6,242","7,986","78.1617831%"
"2019-03-01","B DIVISION","A","1","peak","10,073","15,050","66.9302326%"
"2019-03-01","B DIVISION","A","2","peak","3,219","4,169","77.2127609%"
"2019-03-01","B DIVISION","B","1","offpeak","6,804","8,749","77.7688879%"
"2019-03-01","B DIVISION","B","1","peak","6,074","8,281","73.3486294%"
"2019-03-01","B DIVISION","C","1","offpeak","8,936","11,599","77.0411242%"
"2019-03-01","B DIVISION","C","2","offpeak","4,033","4,881","82.626511%"
"2019-03-01","B DIVISION","C","1","peak","5,458","7,617","71.6555074%"
"2019-03-01","B DIVISION","C","2","peak","2,142","2,666","80.3450863%"
"2019-03-01","B DIVISION","D","1","offpeak","11,039","14,665","75.274463%"
"2019-03-01","B DIVISION","D","2","offpeak","4,614","5,732","80.4954641%"
"2019-03-01","B DIVISION","D","1","peak","6,957","9,503","73.2084605%"
"2019-03-01","B DIVISION","D","2","peak","2,370","2,902","81.6678153%"
"2019-03-01","B DIVISION","E","1","offpeak","12,211","17,183","71.0644241%"
"2019-03-01","B DIVISION","E","2","offpeak","3,248","3,982","81.5670517%"
"2019-03-01","B DIVISION","E","1","peak","8,592","12,588","68.2554814%"
"2019-03-01","B DIVISION","E","2","peak","1,689","2,017","83.7382251%"
"2019-03-01","B DIVISION","F","1","offpeak","21,071","29,611","71.1593665%"
"2019-03-01","B DIVISION","F","2","offpeak","5,029","6,052","83.096497%"
"2019-03-01","B DIVISION","F","1","peak","14,163","20,425","69.3414933%"
"2019-03-01","B DIVISION","F","2","peak","2,517","3,001","83.8720427%"
"2019-03-01","B DIVISION","G","1","offpeak","10,196","12,268","83.1105315%"
"2019-03-01","B DIVISION","G","2","offpeak","3,828","4,323","88.5496183%"
"2019-03-01","B DIVISION","G","1","peak","5,798","7,566","76.6323024%"
"2019-03-01","B DIVISION","G","2","peak","1,908","2,251","84.7623279%"
"2019-03-01","B DIVISION","JZ","1","offpeak","9,658","11,420","84.5709282%"
"2019-03-01","B DIVISION","JZ","2","offpeak","3,620","4,020","90.0497512%"
"2019-03-01","B DIVISION","JZ","1","peak","6,360","8,263","76.9696236%"
"2019-03-01","B DIVISION","JZ","2","peak","1,928","2,129","90.5589479%"
"2019-03-01","B DIVISION","L","1","offpeak","16,244","21,085","77.0405502%"
"2019-03-01","B DIVISION","L","2","offpeak","3,278","3,927","83.4733894%"
"2019-03-01","B DIVISION","L","1","peak","11,184","15,154","73.8022964%"
"2019-03-01","B DIVISION","L","2","peak","1,610","1,946","82.7338129%"
"2019-03-01","B DIVISION","M","1","offpeak","11,730","14,778","79.3747462%"
"2019-03-01","B DIVISION","M","2","offpeak","2,782","3,429","81.1315252%"
"2019-03-01","B DIVISION","M","1","peak","8,058","11,038","73.0023555%"
"2019-03-01","B DIVISION","M","2","peak","1,451","1,767","82.1165818%"
"2019-03-01","B DIVISION","N","1","offpeak","12,828","16,852","76.1215286%"
"2019-03-01","B DIVISION","N","2","offpeak","5,176","6,430","80.4976672%"
"2019-03-01","B DIVISION","N","1","peak","7,981","11,085","71.9981958%"
"2019-03-01","B DIVISION","N","2","peak","2,519","3,191","78.9407709%"
"2019-03-01","B DIVISION","Q","1","offpeak","10,456","13,527","77.2972573%"
"2019-03-01","B DIVISION","Q","2","offpeak","4,494","5,411","83.0530401%"
"2019-03-01","B DIVISION","Q","1","peak","6,171","8,157","75.6528135%"
"2019-03-01","B DIVISION","Q","2","peak","2,316","2,765","83.761302%"
"2019-03-01","B DIVISION","R","1","offpeak","15,042","19,927","75.4855222%"
"2019-03-01","B DIVISION","R","2","offpeak","6,088","7,721","78.8498899%"
"2019-03-01","B DIVISION","R","1","peak","9,929","13,939","71.2317957%"
"2019-03-01","B DIVISION","R","2","peak","3,311","4,071","81.3313682%"
"2019-03-01","B DIVISION","S Fkln","1","offpeak","1,943","1,975","98.3797468%"
"2019-03-01","B DIVISION","S Fkln","2","offpeak","1,094","1,103","99.1840435%"
"2019-03-01","B DIVISION","S Fkln","1","peak","1,133","1,141","99.2988606%"
"2019-03-01","B DIVISION","S Fkln","2","peak","592","594","99.6632997%"
"2019-03-01","B DIVISION","S Rock","1","offpeak","1,740","1,818","95.709571%"
"2019-03-01","B DIVISION","S Rock","2","offpeak","707","728","97.1153846%"
"2019-03-01","B DIVISION","S Rock","1","peak","878","920","95.4347826%"
"2019-03-01","B DIVISION","S Rock","2","peak","370","385","96.1038961%"
"2019-03-01","B DIVISION","W","1","offpeak","3,306","4,301","76.8658452%"
"2019-03-01","B DIVISION","W","1","peak","4,364","5,865","74.4075021%"
"2019-04-01","A DIVISION","1","1","offpeak","22,364","27,463","81.433201%"
"2019-04-01","A DIVISION","1","2","offpeak","5,014","5,730","87.504363%"
"2019-04-01","A DIVISION","1","1","peak","13,426","17,798","75.4354422%"
"2019-04-01","A DIVISION","1","2","peak","2,450","2,773","88.3519654%"
"2019-04-01","A DIVISION","2","1","offpeak","22,230","30,381","73.1707317%"
"2019-04-01","A DIVISION","2","2","offpeak","6,226","8,422","73.9254334%"
"2019-04-01","A DIVISION","2","1","peak","13,778","19,228","71.6559185%"
"2019-04-01","A DIVISION","2","2","peak","3,165","4,338","72.9598893%"
"2019-04-01","A DIVISION","3","1","offpeak","18,520","23,997","77.1763137%"
"2019-04-01","A DIVISION","3","2","offpeak","5,040","6,161","81.8049018%"
"2019-04-01","A DIVISION","3","1","peak","11,898","15,688","75.8414074%"
"2019-04-01","A DIVISION","3","2","peak","2,591","3,051","84.9229761%"
"2019-04-01","A DIVISION","4","1","offpeak","24,921","33,087","75.3196119%"
"2019-04-01","A DIVISION","4","2","offpeak","6,981","8,706","80.1860786%"
"2019-04-01","A DIVISION","4","1","peak","16,432","23,964","68.5695209%"
"2019-04-01","A DIVISION","4","2","peak","3,679","4,668","78.8131962%"
"2019-04-01","A DIVISION","5","1","offpeak","18,892","25,815","73.1822584%"
"2019-04-01","A DIVISION","5","2","offpeak","3,147","3,735","84.2570281%"
"2019-04-01","A DIVISION","5","1","peak","14,026","20,631","67.985071%"
"2019-04-01","A DIVISION","5","2","peak","1,659","1,970","84.213198%"
"2019-04-01","A DIVISION","6","1","offpeak","23,888","31,202","76.5591949%"
"2019-04-01","A DIVISION","6","2","offpeak","5,146","6,299","81.6955072%"
"2019-04-01","A DIVISION","6","1","peak","14,968","20,896","71.6309342%"
"2019-04-01","A DIVISION","6","2","peak","2,765","3,279","84.3244892%"
"2019-04-01","A DIVISION","7","1","offpeak","16,079","21,115","76.1496566%"
"2019-04-01","A DIVISION","7","2","offpeak","3,667","4,354","84.2214056%"
"2019-04-01","A DIVISION","7","1","peak","11,852","16,591","71.4363209%"
"2019-04-01","A DIVISION","7","2","peak","2,141","2,608","82.0935583%"
"2019-04-01","A DIVISION","S 42nd","1","offpeak","6,801","6,882","98.8230166%"
"2019-04-01","A DIVISION","S 42nd","2","offpeak","1,684","1,704","98.8262911%"
"2019-04-01","A DIVISION","S 42nd","1","peak","5,995","6,402","93.6426117%"
"2019-04-01","A DIVISION","S 42nd","2","peak","980","992","98.7903226%"
"2019-04-01","B DIVISION","A","1","offpeak","15,981","22,014","72.5947125%"
"2019-04-01","B DIVISION","A","2","offpeak","4,759","6,357","74.8623565%"
"2019-04-01","B DIVISION","A","1","peak","10,883","15,997","68.0315059%"
"2019-04-01","B DIVISION","A","2","peak","2,455","3,309","74.1915987%"
"2019-04-01","B DIVISION","B","1","offpeak","7,701","9,767","78.8471383%"
"2019-04-01","B DIVISION","B","1","peak","6,302","8,660","72.7713626%"
"2019-04-01","B DIVISION","C","1","offpeak","9,768","12,316","79.3114648%"
"2019-04-01","B DIVISION","C","2","offpeak","3,176","4,061","78.2073381%"
"2019-04-01","B DIVISION","C","1","peak","6,185","8,135","76.0295022%"
"2019-04-01","B DIVISION","C","2","peak","1,819","2,280","79.7807018%"
"2019-04-01","B DIVISION","D","1","offpeak","11,241","14,993","74.9749883%"
"2019-04-01","B DIVISION","D","2","offpeak","3,517","4,515","77.8959025%"
"2019-04-01","B DIVISION","D","1","peak","7,180","9,899","72.532579%"
"2019-04-01","B DIVISION","D","2","peak","1,797","2,273","79.058513%"
"2019-04-01","B DIVISION","E","1","offpeak","13,406","18,589","72.1179192%"
"2019-04-01","B DIVISION","E","2","offpeak","2,108","2,507","84.0845632%"
"2019-04-01","B DIVISION","E","1","peak","9,375","13,225","70.8884688%"
"2019-04-01","B DIVISION","E","2","peak","1,019","1,266","80.4897314%"
"2019-04-01","B DIVISION","F","1","offpeak","21,486","29,552","72.705739%"
"2019-04-01","B DIVISION","F","2","offpeak","4,461","5,782","77.1532342%"
"2019-04-01","B DIVISION","F","1","peak","15,274","21,388","71.4138769%"
"2019-04-01","B DIVISION","F","2","peak","2,169","2,878","75.3648367%"
"2019-04-01","B DIVISION","G","1","offpeak","10,153","12,374","82.0510748%"
"2019-04-01","B DIVISION","G","2","offpeak","2,072","2,412","85.9038143%"
"2019-04-01","B DIVISION","G","1","peak","6,351","7,906","80.3313939%"
"2019-04-01","B DIVISION","G","2","peak","1,084","1,269","85.4215918%"
"2019-04-01","B DIVISION","JZ","1","offpeak","9,935","12,008","82.736509%"
"2019-04-01","B DIVISION","JZ","2","offpeak","2,828","3,276","86.3247863%"
"2019-04-01","B DIVISION","JZ","1","peak","6,565","8,644","75.9486349%"
"2019-04-01","B DIVISION","JZ","2","peak","1,477","1,748","84.4965675%"
"2019-04-01","B DIVISION","L","1","offpeak","16,245","20,897","77.7384314%"
"2019-04-01","B DIVISION","L","2","offpeak","4,848","5,839","83.0279157%"
"2019-04-01","B DIVISION","L","1","peak","11,924","15,910","74.9465745%"
"2019-04-01","B DIVISION","L","2","peak","2,404","2,824","85.1274788%"
"2019-04-01","B DIVISION","M","1","offpeak","12,313","15,388","80.0168963%"
"2019-04-01","B DIVISION","M","2","offpeak","1,191","1,605","74.2056075%"
"2019-04-01","B DIVISION","M","1","peak","8,612","11,570","74.4338807%"
"2019-04-01","B DIVISION","M","2","peak","578","810","71.3580247%"
"2019-04-01","B DIVISION","N","1","offpeak","13,107","17,648","74.269039%"
"2019-04-01","B DIVISION","N","2","offpeak","3,956","5,122","77.2354549%"
"2019-04-01","B DIVISION","N","1","peak","8,231","11,622","70.8225779%"
"2019-04-01","B DIVISION","N","2","peak","1,934","2,507","77.1439968%"
"2019-04-01","B DIVISION","Q","1","offpeak","11,157","14,457","77.1736875%"
"2019-04-01","B DIVISION","Q","2","offpeak","3,710","4,441","83.5397433%"
"2019-04-01","B DIVISION","Q","1","peak","6,627","8,630","76.7902665%"
"2019-04-01","B DIVISION","Q","2","peak","1,919","2,292","83.7260035%"
"2019-04-01","B DIVISION","R","1","offpeak","15,743","21,129","74.5089687%"
"2019-04-01","B DIVISION","R","2","offpeak","4,860","6,263","77.5985949%"
"2019-04-01","B DIVISION","R","1","peak","10,251","14,562","70.3955501%"
"2019-04-01","B DIVISION","R","2","peak","2,569","3,300","77.8484848%"
"2019-04-01","B DIVISION","S Fkln","1","offpeak","1,984","2,005","98.9526185%"
"2019-04-01","B DIVISION","S Fkln","2","offpeak","729","750","97.2%"
"2019-04-01","B DIVISION","S Fkln","1","peak","1,100","1,108","99.2779783%"
"2019-04-01","B DIVISION","S Fkln","2","peak","416","429","96.969697%"
"2019-04-01","B DIVISION","S Rock","1","offpeak","1,820","1,915","95.0391645%"
"2019-04-01","B DIVISION","S Rock","2","offpeak","568","577","98.440208%"
"2019-04-01","B DIVISION","S Rock","1","peak","921","965","95.4404145%"
"2019-04-01","B DIVISION","S Rock","2","peak","302","308","98.0519481%"
"2019-04-01","B DIVISION","W","1","offpeak","4,700","6,096","77.0997375%"
"2019-04-01","B DIVISION","W","1","peak","4,528","6,223","72.7623333%"
"2019-05-01","A DIVISION","1","1","offpeak","22,130","27,323","80.9940343%"
"2019-05-01","A DIVISION","1","2","offpeak","5,658","6,385","88.6139389%"
"2019-05-01","A DIVISION","1","1","peak","13,617","17,798","76.5085965%"
"2019-05-01","A DIVISION","1","2","peak","2,756","3,093","89.1044294%"
"2019-05-01","A DIVISION","2","1","offpeak","21,357","30,373","70.315741%"
"2019-05-01","A DIVISION","2","2","offpeak","5,499","7,549","72.8440853%"
"2019-05-01","A DIVISION","2","1","peak","13,458","19,228","69.9916788%"
"2019-05-01","A DIVISION","2","2","peak","2,903","3,887","74.6848469%"
"2019-05-01","A DIVISION","3","1","offpeak","18,324","24,211","75.6846062%"
"2019-05-01","A DIVISION","3","2","offpeak","3,775","4,501","83.8702511%"
"2019-05-01","A DIVISION","3","1","peak","11,465","15,686","73.0906541%"
"2019-05-01","A DIVISION","3","2","peak","1,892","2,232","84.7670251%"
"2019-05-01","A DIVISION","4","1","offpeak","24,684","32,838","75.1690115%"
"2019-05-01","A DIVISION","4","2","offpeak","7,167","9,516","75.3152585%"
"2019-05-01","A DIVISION","4","1","peak","16,375","23,958","68.348777%"
"2019-05-01","A DIVISION","4","2","peak","3,798","5,084","74.7049567%"
"2019-05-01","A DIVISION","5","1","offpeak","18,012","24,921","72.2763934%"
"2019-05-01","A DIVISION","5","2","offpeak","4,189","5,079","82.4768655%"
"2019-05-01","A DIVISION","5","1","peak","14,106","20,564","68.595604%"
"2019-05-01","A DIVISION","5","2","peak","2,299","2,704","85.0221893%"
"2019-05-01","A DIVISION","6","1","offpeak","23,588","31,032","76.0118587%"
"2019-05-01","A DIVISION","6","2","offpeak","5,071","5,958","85.1124538%"
"2019-05-01","A DIVISION","6","1","peak","14,702","20,898","70.3512298%"
"2019-05-01","A DIVISION","6","2","peak","2,728","3,099","88.0283963%"
"2019-05-01","A DIVISION","7","1","offpeak","16,708","21,427","77.9763849%"
"2019-05-01","A DIVISION","7","2","offpeak","3,788","4,522","83.7682441%"
"2019-05-01","A DIVISION","7","1","peak","12,938","17,443","74.1730207%"
"2019-05-01","A DIVISION","7","2","peak","2,196","2,705","81.1829945%"
"2019-05-01","A DIVISION","S 42nd","1","offpeak","6,690","6,868","97.4082702%"
"2019-05-01","A DIVISION","S 42nd","2","offpeak","1,704","1,704","100%"
"2019-05-01","A DIVISION","S 42nd","1","peak","5,848","6,402","91.3464542%"
"2019-05-01","A DIVISION","S 42nd","2","peak","989","992","99.6975806%"
"2019-05-01","B DIVISION","A","1","offpeak","15,630","21,789","71.7334435%"
"2019-05-01","B DIVISION","A","2","offpeak","5,177","6,473","79.9783717%"
"2019-05-01","B DIVISION","A","1","peak","10,835","15,837","68.4157353%"
"2019-05-01","B DIVISION","A","2","peak","2,651","3,403","77.9018513%"
"2019-05-01","B DIVISION","B","1","offpeak","7,336","9,532","76.9618128%"
"2019-05-01","B DIVISION","B","1","peak","6,170","8,651","71.3212345%"
"2019-05-01","B DIVISION","C","1","offpeak","10,184","13,061","77.9725902%"
"2019-05-01","B DIVISION","C","2","offpeak","3,568","4,327","82.4589785%"
"2019-05-01","B DIVISION","C","1","peak","6,204","8,151","76.1133603%"
"2019-05-01","B DIVISION","C","2","peak","1,908","2,366","80.6424345%"
"2019-05-01","B DIVISION","D","1","offpeak","11,488","15,515","74.0444731%"
"2019-05-01","B DIVISION","D","2","offpeak","3,649","4,498","81.1249444%"
"2019-05-01","B DIVISION","D","1","peak","7,197","9,927","72.4992445%"
"2019-05-01","B DIVISION","D","2","peak","1,897","2,280","83.2017544%"
"2019-05-01","B DIVISION","E","1","offpeak","13,913","18,821","73.9227459%"
"2019-05-01","B DIVISION","E","2","offpeak","3,147","3,630","86.6942149%"
"2019-05-01","B DIVISION","E","1","peak","9,269","13,199","70.225017%"
"2019-05-01","B DIVISION","E","2","peak","1,577","1,819","86.6959868%"
"2019-05-01","B DIVISION","F","1","offpeak","22,882","31,350","72.9888357%"
"2019-05-01","B DIVISION","F","2","offpeak","5,177","6,334","81.7335017%"
"2019-05-01","B DIVISION","F","1","peak","15,190","21,382","71.0410626%"
"2019-05-01","B DIVISION","F","2","peak","2,549","3,188","79.9560853%"
"2019-05-01","B DIVISION","G","1","offpeak","10,887","13,751","79.1724238%"
"2019-05-01","B DIVISION","G","2","offpeak","3,905","4,616","84.5970537%"
"2019-05-01","B DIVISION","G","1","peak","6,103","7,890","77.3510773%"
"2019-05-01","B DIVISION","G","2","peak","2,010","2,428","82.7841845%"
"2019-05-01","B DIVISION","JZ","1","offpeak","9,841","12,086","81.424789%"
"2019-05-01","B DIVISION","JZ","2","offpeak","2,748","3,037","90.4840303%"
"2019-05-01","B DIVISION","JZ","1","peak","6,536","8,649","75.56943%"
"2019-05-01","B DIVISION","JZ","2","peak","1,467","1,618","90.6674907%"
"2019-05-01","B DIVISION","L","1","offpeak","15,498","19,396","79.9030728%"
"2019-05-01","B DIVISION","L","2","offpeak","2,921","3,111","93.892639%"
"2019-05-01","B DIVISION","L","1","peak","11,677","15,943","73.2421752%"
"2019-05-01","B DIVISION","L","2","peak","1,465","1,584","92.4873737%"
"2019-05-01","B DIVISION","M","1","offpeak","13,824","17,832","77.5235532%"
"2019-05-01","B DIVISION","M","2","offpeak","3,303","4,295","76.903376%"
"2019-05-01","B DIVISION","M","1","peak","8,372","11,547","72.5036806%"
"2019-05-01","B DIVISION","M","2","peak","1,722","2,157","79.8331015%"
"2019-05-01","B DIVISION","N","1","offpeak","13,536","17,765","76.194765%"
"2019-05-01","B DIVISION","N","2","offpeak","4,388","5,487","79.9708402%"
"2019-05-01","B DIVISION","N","1","peak","8,307","11,604","71.5873837%"
"2019-05-01","B DIVISION","N","2","peak","2,101","2,672","78.6302395%"
"2019-05-01","B DIVISION","Q","1","offpeak","11,565","14,912","77.5549893%"
"2019-05-01","B DIVISION","Q","2","offpeak","3,708","4,594","80.7139747%"
"2019-05-01","B DIVISION","Q","1","peak","6,809","8,809","77.2959473%"
"2019-05-01","B DIVISION","Q","2","peak","1,925","2,356","81.7062818%"
"2019-05-01","B DIVISION","R","1","offpeak","15,850","20,959","75.623837%"
"2019-05-01","B DIVISION","R","2","offpeak","5,003","6,191","80.8108545%"
"2019-05-01","B DIVISION","R","1","peak","10,448","14,571","71.7040697%"
"2019-05-01","B DIVISION","R","2","peak","2,572","3,248","79.1871921%"
"2019-05-01","B DIVISION","S Fkln","1","offpeak","1,992","2,019","98.6627043%"
"2019-05-01","B DIVISION","S Fkln","2","offpeak","489","490","99.7959184%"
"2019-05-01","B DIVISION","S Fkln","1","peak","1,236","1,246","99.1974318%"
"2019-05-01","B DIVISION","S Fkln","2","peak","267","270","98.8888889%"
"2019-05-01","B DIVISION","S Rock","1","offpeak","1,390","1,483","93.7289278%"
"2019-05-01","B DIVISION","S Rock","2","offpeak","405","429","94.4055944%"
"2019-05-01","B DIVISION","S Rock","1","peak","862","926","93.0885529%"
"2019-05-01","B DIVISION","S Rock","2","peak","226","233","96.9957082%"
"2019-05-01","B DIVISION","W","1","offpeak","6,921","9,023","76.7039787%"
"2019-05-01","B DIVISION","W","1","peak","4,704","6,431","73.1457005%"
"2019-06-01","A DIVISION","1","1","offpeak","17,762","22,707","78.2225745%"
"2019-06-01","A DIVISION","1","2","offpeak","5,907","6,575","89.8403042%"
"2019-06-01","A DIVISION","1","1","peak","12,370","16,180","76.4524104%"
"2019-06-01","A DIVISION","1","2","peak","2,981","3,162","94.2757748%"
"2019-06-01","A DIVISION","2","1","offpeak","19,544","27,509","71.0458395%"
"2019-06-01","A DIVISION","2","2","offpeak","7,982","10,657","74.8991273%"
"2019-06-01","A DIVISION","2","1","peak","12,473","17,480","71.3558352%"
"2019-06-01","A DIVISION","2","2","peak","4,175","5,517","75.6751858%"
"2019-06-01","A DIVISION","3","1","offpeak","16,628","21,821","76.2018239%"
"2019-06-01","A DIVISION","3","2","offpeak","6,222","7,454","83.4719614%"
"2019-06-01","A DIVISION","3","1","peak","10,543","14,260","73.9340813%"
"2019-06-01","A DIVISION","3","2","peak","3,145","3,710","84.7708895%"
"2019-06-01","A DIVISION","4","1","offpeak","22,646","30,049","75.3635728%"
"2019-06-01","A DIVISION","4","2","offpeak","8,969","11,795","76.0406952%"
"2019-06-01","A DIVISION","4","1","peak","14,706","21,759","67.5858266%"
"2019-06-01","A DIVISION","4","2","peak","4,786","6,380","75.015674%"
"2019-06-01","A DIVISION","5","1","offpeak","15,651","22,186","70.5444875%"
"2019-06-01","A DIVISION","5","2","offpeak","3,409","3,950","86.3037975%"
"2019-06-01","A DIVISION","5","1","peak","12,648","18,757","67.4308258%"
"2019-06-01","A DIVISION","5","2","peak","1,836","2,105","87.2209026%"
"2019-06-01","A DIVISION","6","1","offpeak","21,552","28,050","76.8342246%"
"2019-06-01","A DIVISION","6","2","offpeak","6,543","7,893","82.8962372%"
"2019-06-01","A DIVISION","6","1","peak","13,937","18,987","73.4028546%"
"2019-06-01","A DIVISION","6","2","peak","3,544","4,110","86.2287105%"
"2019-06-01","A DIVISION","7","1","offpeak","15,409","19,576","78.7137311%"
"2019-06-01","A DIVISION","7","2","offpeak","5,333","6,205","85.9468171%"
"2019-06-01","A DIVISION","7","1","peak","11,938","15,892","75.119557%"
"2019-06-01","A DIVISION","7","2","peak","3,235","3,867","83.6565813%"
"2019-06-01","A DIVISION","S 42nd","1","offpeak","6,159","6,258","98.4180249%"
"2019-06-01","A DIVISION","S 42nd","2","offpeak","2,136","2,154","99.1643454%"
"2019-06-01","A DIVISION","S 42nd","1","peak","5,344","5,820","91.8213058%"
"2019-06-01","A DIVISION","S 42nd","2","peak","1,267","1,276","99.2946708%"
"2019-06-01","B DIVISION","A","1","offpeak","14,341","20,027","71.6083288%"
"2019-06-01","B DIVISION","A","2","offpeak","5,833","7,931","73.5468415%"
"2019-06-01","B DIVISION","A","1","peak","9,881","14,490","68.1918565%"
"2019-06-01","B DIVISION","A","2","peak","2,984","4,155","71.8170878%"
"2019-06-01","B DIVISION","B","1","offpeak","6,658","8,407","79.1959082%"
"2019-06-01","B DIVISION","B","1","peak","5,652","7,859","71.9175468%"
"2019-06-01","B DIVISION","C","1","offpeak","9,004","11,879","75.7976261%"
"2019-06-01","B DIVISION","C","2","offpeak","4,131","5,126","80.5891533%"
"2019-06-01","B DIVISION","C","1","peak","5,730","7,408","77.3488121%"
"2019-06-01","B DIVISION","C","2","peak","2,314","2,829","81.7956875%"
"2019-06-01","B DIVISION","D","1","offpeak","10,659","14,054","75.8431763%"
"2019-06-01","B DIVISION","D","2","offpeak","4,443","5,512","80.6059507%"
"2019-06-01","B DIVISION","D","1","peak","6,663","8,982","74.1816967%"
"2019-06-01","B DIVISION","D","2","peak","2,259","2,739","82.475356%"
"2019-06-01","B DIVISION","E","1","offpeak","12,672","17,151","73.8849047%"
"2019-06-01","B DIVISION","E","2","offpeak","3,640","4,330","84.0646651%"
"2019-06-01","B DIVISION","E","1","peak","8,252","11,976","68.9044756%"
"2019-06-01","B DIVISION","E","2","peak","1,755","2,147","81.7419655%"
"2019-06-01","B DIVISION","F","1","offpeak","20,670","28,505","72.5135941%"
"2019-06-01","B DIVISION","F","2","offpeak","6,076","7,872","77.1849593%"
"2019-06-01","B DIVISION","F","1","peak","13,855","19,434","71.29258%"
"2019-06-01","B DIVISION","F","2","peak","2,993","3,936","76.0416667%"
"2019-06-01","B DIVISION","G","1","offpeak","10,286","12,551","81.9536292%"
"2019-06-01","B DIVISION","G","2","offpeak","4,849","5,632","86.0973011%"
"2019-06-01","B DIVISION","G","1","peak","5,674","7,220","78.5872576%"
"2019-06-01","B DIVISION","G","2","peak","2,493","2,942","84.7382733%"
"2019-06-01","B DIVISION","JZ","1","offpeak","9,332","10,965","85.1071591%"
"2019-06-01","B DIVISION","JZ","2","offpeak","3,933","4,565","86.1555312%"
"2019-06-01","B DIVISION","JZ","1","peak","6,145","7,864","78.1408952%"
"2019-06-01","B DIVISION","JZ","2","peak","2,107","2,417","87.1741829%"
"2019-06-01","B DIVISION","L","1","offpeak","14,130","17,363","81.3799459%"
"2019-06-01","B DIVISION","L","2","offpeak","4,624","5,359","86.2847546%"
"2019-06-01","B DIVISION","L","1","peak","11,038","14,480","76.2292818%"
"2019-06-01","B DIVISION","L","2","peak","2,430","2,731","88.9783962%"
"2019-06-01","B DIVISION","M","1","offpeak","12,630","16,099","78.4520778%"
"2019-06-01","B DIVISION","M","2","offpeak","3,678","4,757","77.3176372%"
"2019-06-01","B DIVISION","M","1","peak","7,717","10,542","73.2024284%"
"2019-06-01","B DIVISION","M","2","peak","1,948","2,390","81.5062762%"
"2019-06-01","B DIVISION","N","1","offpeak","12,579","16,186","77.7153095%"
"2019-06-01","B DIVISION","N","2","offpeak","5,198","6,530","79.6018377%"
"2019-06-01","B DIVISION","N","1","peak","7,527","10,552","71.3324488%"
"2019-06-01","B DIVISION","N","2","peak","2,513","3,170","79.2744479%"
"2019-06-01","B DIVISION","Q","1","offpeak","10,603","13,613","77.8887828%"
"2019-06-01","B DIVISION","Q","2","offpeak","4,884","5,959","81.9600604%"
"2019-06-01","B DIVISION","Q","1","peak","6,105","8,049","75.8479314%"
"2019-06-01","B DIVISION","Q","2","peak","2,593","3,044","85.1839685%"
"2019-06-01","B DIVISION","R","1","offpeak","14,416","19,214","75.028625%"
"2019-06-01","B DIVISION","R","2","offpeak","5,842","7,554","77.3365105%"
"2019-06-01","B DIVISION","R","1","peak","9,170","13,351","68.6839937%"
"2019-06-01","B DIVISION","R","2","peak","3,027","3,999","75.6939235%"
"2019-06-01","B DIVISION","S Fkln","1","offpeak","2,028","2,067","98.1132075%"
"2019-06-01","B DIVISION","S Fkln","2","offpeak","661","667","99.1004498%"
"2019-06-01","B DIVISION","S Fkln","1","peak","1,133","1,143","99.1251094%"
"2019-06-01","B DIVISION","S Fkln","2","peak","356","361","98.6149584%"
"2019-06-01","B DIVISION","S Rock","1","offpeak","1,645","1,736","94.7580645%"
"2019-06-01","B DIVISION","S Rock","2","offpeak","686","728","94.2307692%"
"2019-06-01","B DIVISION","S Rock","1","peak","823","866","95.034642%"
"2019-06-01","B DIVISION","S Rock","2","peak","374","396","94.4444444%"
"2019-06-01","B DIVISION","W","1","offpeak","5,332","6,634","80.3738318%"
"2019-06-01","B DIVISION","W","1","peak","4,129","5,671","72.8090284%"
"2019-07-01","A DIVISION","1","1","offpeak","21,809","27,101","80.4730453%"
"2019-07-01","A DIVISION","1","2","offpeak","4,703","5,358","87.7752893%"
"2019-07-01","A DIVISION","1","1","peak","13,255","17,760","74.634009%"
"2019-07-01","A DIVISION","1","2","peak","2,390","2,611","91.53581%"
"2019-07-01","A DIVISION","2","1","offpeak","19,834","28,549","69.4735367%"
"2019-07-01","A DIVISION","2","2","offpeak","4,806","6,824","70.4279015%"
"2019-07-01","A DIVISION","2","1","peak","13,261","19,122","69.3494404%"
"2019-07-01","A DIVISION","2","2","peak","2,662","3,627","73.3939895%"
"2019-07-01","A DIVISION","3","1","offpeak","16,686","22,744","73.3644038%"
"2019-07-01","A DIVISION","3","2","offpeak","2,228","3,049","73.0731387%"
"2019-07-01","A DIVISION","3","1","peak","11,434","15,506","73.7391977%"
"2019-07-01","A DIVISION","3","2","peak","1,314","1,551","84.7195358%"
"2019-07-01","A DIVISION","4","1","offpeak","23,317","32,074","72.697512%"
"2019-07-01","A DIVISION","4","2","offpeak","6,738","9,301","72.4438232%"
"2019-07-01","A DIVISION","4","1","peak","15,582","23,831","65.3854223%"
"2019-07-01","A DIVISION","4","2","peak","3,703","5,079","72.9080528%"
"2019-07-01","A DIVISION","5","1","offpeak","17,070","24,481","69.7275438%"
"2019-07-01","A DIVISION","5","2","offpeak","2,420","3,374","71.7249555%"
"2019-07-01","A DIVISION","5","1","peak","13,564","20,383","66.5456508%"
"2019-07-01","A DIVISION","5","2","peak","1,373","1,869","73.4617442%"
"2019-07-01","A DIVISION","6","1","offpeak","24,784","31,394","78.9450213%"
"2019-07-01","A DIVISION","6","2","offpeak","4,861","6,081","79.9375103%"
"2019-07-01","A DIVISION","6","1","peak","15,176","20,821","72.8879497%"
"2019-07-01","A DIVISION","6","2","peak","2,702","3,189","84.7287551%"
"2019-07-01","A DIVISION","7","1","offpeak","15,384","18,937","81.2377885%"
"2019-07-01","A DIVISION","7","2","offpeak","3,479","3,930","88.524173%"
"2019-07-01","A DIVISION","7","1","peak","11,809","15,285","77.2587504%"
"2019-07-01","A DIVISION","7","2","peak","2,055","2,428","84.6375618%"
"2019-07-01","A DIVISION","S 42nd","1","offpeak","6,457","6,744","95.7443654%"
"2019-07-01","A DIVISION","S 42nd","2","offpeak","1,620","1,704","95.0704225%"
"2019-07-01","A DIVISION","S 42nd","1","peak","5,524","6,340","87.1293375%"
"2019-07-01","A DIVISION","S 42nd","2","peak","983","992","99.0927419%"
"2019-07-01","B DIVISION","A","1","offpeak","15,524","22,085","70.2920534%"
"2019-07-01","B DIVISION","A","2","offpeak","4,473","6,054","73.8850347%"
"2019-07-01","B DIVISION","A","1","peak","10,478","15,900","65.8993711%"
"2019-07-01","B DIVISION","A","2","peak","2,334","3,247","71.881737%"
"2019-07-01","B DIVISION","B","1","offpeak","7,599","9,573","79.3795049%"
"2019-07-01","B DIVISION","B","1","peak","6,178","8,574","72.0550502%"
"2019-07-01","B DIVISION","C","1","offpeak","9,513","13,003","73.16004%"
"2019-07-01","B DIVISION","C","2","offpeak","2,885","3,665","78.7175989%"
"2019-07-01","B DIVISION","C","1","peak","6,069","8,174","74.2476144%"
"2019-07-01","B DIVISION","C","2","peak","1,739","2,180","79.7706422%"
"2019-07-01","B DIVISION","D","1","offpeak","11,791","15,483","76.154492%"
"2019-07-01","B DIVISION","D","2","offpeak","3,395","4,529","74.9613601%"
"2019-07-01","B DIVISION","D","1","peak","7,252","9,891","73.3191791%"
"2019-07-01","B DIVISION","D","2","peak","1,803","2,376","75.8838384%"
"2019-07-01","B DIVISION","E","1","offpeak","13,691","18,668","73.3394043%"
"2019-07-01","B DIVISION","E","2","offpeak","2,491","2,898","85.9558316%"
"2019-07-01","B DIVISION","E","1","peak","9,357","13,136","71.2317296%"
"2019-07-01","B DIVISION","E","2","peak","1,311","1,496","87.6336898%"
"2019-07-01","B DIVISION","F","1","offpeak","22,475","31,200","72.0352564%"
"2019-07-01","B DIVISION","F","2","offpeak","4,980","6,229","79.9486274%"
"2019-07-01","B DIVISION","F","1","peak","15,162","21,365","70.9665341%"
"2019-07-01","B DIVISION","F","2","peak","2,461","3,131","78.6010859%"
"2019-07-01","B DIVISION","G","1","offpeak","11,211","13,790","81.2980421%"
"2019-07-01","B DIVISION","G","2","offpeak","3,719","4,712","78.926146%"
"2019-07-01","B DIVISION","G","1","peak","6,305","7,937","79.4380748%"
"2019-07-01","B DIVISION","G","2","peak","2,028","2,474","81.9725141%"
"2019-07-01","B DIVISION","JZ","1","offpeak","10,283","12,080","85.1241722%"
"2019-07-01","B DIVISION","JZ","2","offpeak","3,289","3,849","85.4507664%"
"2019-07-01","B DIVISION","JZ","1","peak","6,956","8,663","80.2955096%"
"2019-07-01","B DIVISION","JZ","2","peak","1,770","2,084","84.9328215%"
"2019-07-01","B DIVISION","L","1","offpeak","14,833","18,146","81.7425328%"
"2019-07-01","B DIVISION","L","2","offpeak","2,177","2,480","87.7822581%"
"2019-07-01","B DIVISION","L","1","peak","12,128","15,892","76.3151271%"
"2019-07-01","B DIVISION","L","2","peak","1,086","1,256","86.4649682%"
"2019-07-01","B DIVISION","M","1","offpeak","13,822","17,790","77.6953345%"
"2019-07-01","B DIVISION","M","2","offpeak","3,075","4,151","74.0785353%"
"2019-07-01","B DIVISION","M","1","peak","8,630","11,592","74.4478951%"
"2019-07-01","B DIVISION","M","2","peak","1,620","2,129","76.092062%"
"2019-07-01","B DIVISION","N","1","offpeak","13,613","17,712","76.8574977%"
"2019-07-01","B DIVISION","N","2","offpeak","3,764","4,900","76.8163265%"
"2019-07-01","B DIVISION","N","1","peak","8,382","11,585","72.3521795%"
"2019-07-01","B DIVISION","N","2","peak","1,809","2,396","75.5008347%"
"2019-07-01","B DIVISION","Q","1","offpeak","11,144","14,452","77.1104345%"
"2019-07-01","B DIVISION","Q","2","offpeak","3,307","4,414","74.9207068%"
"2019-07-01","B DIVISION","Q","1","peak","6,459","8,571","75.3587679%"
"2019-07-01","B DIVISION","Q","2","peak","1,773","2,316","76.5544041%"
"2019-07-01","B DIVISION","R","1","offpeak","16,047","20,970","76.5236052%"
"2019-07-01","B DIVISION","R","2","offpeak","4,609","5,792","79.5752762%"
"2019-07-01","B DIVISION","R","1","peak","10,553","14,679","71.8918182%"
"2019-07-01","B DIVISION","R","2","peak","2,456","3,094","79.3794441%"
"2019-07-01","B DIVISION","S Fkln","1","offpeak","2,454","2,515","97.5745527%"
"2019-07-01","B DIVISION","S Fkln","2","offpeak","669","690","96.9565217%"
"2019-07-01","B DIVISION","S Fkln","1","peak","1,456","1,476","98.6449864%"
"2019-07-01","B DIVISION","S Fkln","2","peak","375","378","99.2063492%"
"2019-07-01","B DIVISION","S Rock","1","offpeak","1,747","1,886","92.6299046%"
"2019-07-01","B DIVISION","S Rock","2","offpeak","497","543","91.5285451%"
"2019-07-01","B DIVISION","S Rock","1","peak","925","966","95.7556936%"
"2019-07-01","B DIVISION","S Rock","2","peak","266","287","92.6829268%"
"2019-07-01","B DIVISION","W","1","offpeak","4,854","5,961","81.4292904%"
"2019-07-01","B DIVISION","W","1","peak","4,857","6,199","78.351347%"
"2019-08-01","A DIVISION","1","1","offpeak","22,105","26,829","82.3921876%"
"2019-08-01","A DIVISION","1","2","offpeak","4,038","4,704","85.8418367%"
"2019-08-01","A DIVISION","1","1","peak","13,956","17,800","78.4044944%"
"2019-08-01","A DIVISION","1","2","peak","2,070","2,353","87.9728007%"
"2019-08-01","A DIVISION","2","1","offpeak","20,287","28,054","72.3141085%"
"2019-08-01","A DIVISION","2","2","offpeak","4,750","6,088","78.022339%"
"2019-08-01","A DIVISION","2","1","peak","13,613","19,224","70.812526%"
"2019-08-01","A DIVISION","2","2","peak","2,602","3,271","79.547539%"
"2019-08-01","A DIVISION","3","1","offpeak","16,070","21,274","75.5382157%"
"2019-08-01","A DIVISION","3","1","peak","11,377","15,686","72.5296443%"
"2019-08-01","A DIVISION","4","1","offpeak","24,394","32,516","75.0215279%"
"2019-08-01","A DIVISION","4","2","offpeak","7,994","10,533","75.8948068%"
"2019-08-01","A DIVISION","4","1","peak","16,338","23,961","68.1858019%"
"2019-08-01","A DIVISION","4","2","peak","4,317","5,796","74.4824017%"
"2019-08-01","A DIVISION","5","1","offpeak","17,954","24,971","71.8994033%"
"2019-08-01","A DIVISION","5","2","offpeak","2,794","3,259","85.7318196%"
"2019-08-01","A DIVISION","5","1","peak","14,463","20,626","70.1202366%"
"2019-08-01","A DIVISION","5","2","peak","1,487","1,686","88.1969158%"
"2019-08-01","A DIVISION","6","1","offpeak","24,854","30,946","80.3140955%"
"2019-08-01","A DIVISION","6","2","offpeak","5,918","6,849","86.4067747%"
"2019-08-01","A DIVISION","6","1","peak","16,089","20,898","76.9882285%"
"2019-08-01","A DIVISION","6","2","peak","3,167","3,584","88.3649554%"
"2019-08-01","A DIVISION","7","1","offpeak","17,412","21,500","80.9860465%"
"2019-08-01","A DIVISION","7","2","offpeak","4,571","5,370","85.1210428%"
"2019-08-01","A DIVISION","7","1","peak","13,258","17,406","76.1691371%"
"2019-08-01","A DIVISION","7","2","peak","2,844","3,425","83.0364964%"
"2019-08-01","A DIVISION","S 42nd","1","offpeak","6,582","6,781","97.0653296%"
"2019-08-01","A DIVISION","S 42nd","2","offpeak","1,884","1,930","97.6165803%"
"2019-08-01","A DIVISION","S 42nd","1","peak","5,011","5,482","91.4082452%"
"2019-08-01","A DIVISION","S 42nd","2","peak","1,109","1,132","97.9681979%"
"2019-08-01","B DIVISION","A","1","offpeak","16,159","22,253","72.6149283%"
"2019-08-01","B DIVISION","A","2","offpeak","5,490","7,465","73.5432016%"
"2019-08-01","B DIVISION","A","1","peak","11,240","16,100","69.8136646%"
"2019-08-01","B DIVISION","A","2","peak","2,934","3,908","75.0767656%"
"2019-08-01","B DIVISION","B","1","offpeak","7,954","9,958","79.875477%"
"2019-08-01","B DIVISION","B","1","peak","6,501","8,651","75.1473818%"
"2019-08-01","B DIVISION","C","1","offpeak","9,946","13,063","76.1387124%"
"2019-08-01","B DIVISION","C","2","offpeak","3,546","4,566","77.6609724%"
"2019-08-01","B DIVISION","C","1","peak","6,254","8,211","76.1661186%"
"2019-08-01","B DIVISION","C","2","peak","1,904","2,516","75.6756757%"
"2019-08-01","B DIVISION","D","1","offpeak","12,042","15,618","77.1033423%"
"2019-08-01","B DIVISION","D","2","offpeak","4,165","5,026","82.8690808%"
"2019-08-01","B DIVISION","D","1","peak","7,553","9,936","76.0165056%"
"2019-08-01","B DIVISION","D","2","peak","2,160","2,578","83.7858805%"
"2019-08-01","B DIVISION","E","1","offpeak","14,295","18,783","76.1060533%"
"2019-08-01","B DIVISION","E","2","offpeak","3,125","3,584","87.1930804%"
"2019-08-01","B DIVISION","E","1","peak","9,307","13,134","70.8618852%"
"2019-08-01","B DIVISION","E","2","peak","1,541","1,797","85.7540345%"
"2019-08-01","B DIVISION","F","1","offpeak","22,455","30,947","72.5595373%"
"2019-08-01","B DIVISION","F","2","offpeak","5,586","6,770","82.5110783%"
"2019-08-01","B DIVISION","F","1","peak","15,059","21,248","70.8725527%"
"2019-08-01","B DIVISION","F","2","peak","2,777","3,436","80.8207218%"
"2019-08-01","B DIVISION","G","1","offpeak","11,443","13,856","82.5851617%"
"2019-08-01","B DIVISION","G","2","offpeak","4,590","5,274","87.0307167%"
"2019-08-01","B DIVISION","G","1","peak","6,401","7,924","80.7799091%"
"2019-08-01","B DIVISION","G","2","peak","2,380","2,757","86.3257164%"
"2019-08-01","B DIVISION","JZ","1","offpeak","10,372","12,007","86.3829433%"
"2019-08-01","B DIVISION","JZ","2","offpeak","3,379","3,843","87.9260994%"
"2019-08-01","B DIVISION","JZ","1","peak","6,798","8,656","78.5351201%"
"2019-08-01","B DIVISION","JZ","2","peak","1,834","2,070","88.5990338%"
"2019-08-01","B DIVISION","L","1","offpeak","15,972","20,225","78.9715698%"
"2019-08-01","B DIVISION","L","2","offpeak","2,870","3,176","90.3652393%"
"2019-08-01","B DIVISION","L","1","peak","11,816","15,982","73.9331748%"
"2019-08-01","B DIVISION","L","2","peak","1,462","1,619","90.302656%"
"2019-08-01","B DIVISION","M","1","offpeak","13,925","17,785","78.2963171%"
"2019-08-01","B DIVISION","M","2","offpeak","3,690","4,828","76.4291632%"
"2019-08-01","B DIVISION","M","1","peak","8,556","11,609","73.7014385%"
"2019-08-01","B DIVISION","M","2","peak","1,826","2,449","74.5610453%"
"2019-08-01","B DIVISION","N","1","offpeak","14,087","17,774","79.2562169%"
"2019-08-01","B DIVISION","N","2","offpeak","5,369","6,642","80.8340861%"
"2019-08-01","B DIVISION","N","1","peak","8,802","11,595","75.912031%"
"2019-08-01","B DIVISION","N","2","peak","2,781","3,282","84.7349177%"
"2019-08-01","B DIVISION","Q","1","offpeak","11,586","14,806","78.25206%"
"2019-08-01","B DIVISION","Q","2","offpeak","4,406","5,212","84.5356869%"
"2019-08-01","B DIVISION","Q","1","peak","6,861","8,802","77.9481936%"
"2019-08-01","B DIVISION","Q","2","peak","2,294","2,676","85.7249626%"
"2019-08-01","B DIVISION","R","1","offpeak","15,967","20,716","77.0756903%"
"2019-08-01","B DIVISION","R","2","offpeak","5,306","6,519","81.3928517%"
"2019-08-01","B DIVISION","R","1","peak","10,422","14,407","72.3398348%"
"2019-08-01","B DIVISION","R","2","peak","2,898","3,428","84.5390898%"
"2019-08-01","B DIVISION","S Fkln","1","offpeak","2,543","2,583","98.4514131%"
"2019-08-01","B DIVISION","S Fkln","2","offpeak","886","913","97.0427163%"
"2019-08-01","B DIVISION","S Fkln","1","peak","1,456","1,468","99.1825613%"
"2019-08-01","B DIVISION","S Fkln","2","peak","497","535","92.8971963%"
"2019-08-01","B DIVISION","S Rock","1","offpeak","1,754","1,896","92.5105485%"
"2019-08-01","B DIVISION","S Rock","2","offpeak","632","691","91.4616498%"
"2019-08-01","B DIVISION","S Rock","1","peak","880","944","93.220339%"
"2019-08-01","B DIVISION","S Rock","2","peak","341","376","90.6914894%"
"2019-08-01","B DIVISION","W","1","offpeak","5,549","6,778","81.8678076%"
"2019-08-01","B DIVISION","W","1","peak","4,947","6,254","79.1013751%"
"2019-09-01","A DIVISION","1","1","offpeak","20,705","25,008","82.7935061%"
"2019-09-01","A DIVISION","1","2","offpeak","6,524","7,127","91.5392171%"
"2019-09-01","A DIVISION","1","1","peak","12,454","16,180","76.9715698%"
"2019-09-01","A DIVISION","1","2","peak","3,230","3,460","93.3526012%"
"2019-09-01","A DIVISION","2","1","offpeak","19,494","26,662","73.1152952%"
"2019-09-01","A DIVISION","2","2","offpeak","5,821","7,540","77.2015915%"
"2019-09-01","A DIVISION","2","1","peak","12,480","17,424","71.6253444%"
"2019-09-01","A DIVISION","2","2","peak","2,939","3,826","76.8165186%"
"2019-09-01","A DIVISION","3","1","offpeak","16,699","21,064","79.2774402%"
"2019-09-01","A DIVISION","3","2","offpeak","5,779","6,775","85.298893%"
"2019-09-01","A DIVISION","3","1","peak","10,784","14,260","75.6241234%"
"2019-09-01","A DIVISION","3","2","peak","2,917","3,360","86.8154762%"
"2019-09-01","A DIVISION","4","1","offpeak","22,024","29,425","74.8479184%"
"2019-09-01","A DIVISION","4","2","offpeak","7,916","10,412","76.0276604%"
"2019-09-01","A DIVISION","4","1","peak","14,770","21,783","67.8051692%"
"2019-09-01","A DIVISION","4","2","peak","4,243","5,585","75.9713518%"
"2019-09-01","A DIVISION","5","1","offpeak","16,660","23,068","72.2212589%"
"2019-09-01","A DIVISION","5","2","offpeak","2,505","3,026","82.7825512%"
"2019-09-01","A DIVISION","5","1","peak","12,519","18,686","66.996682%"
"2019-09-01","A DIVISION","5","2","peak","1,257","1,564","80.370844%"
"2019-09-01","A DIVISION","6","1","offpeak","21,972","28,443","77.2492353%"
"2019-09-01","A DIVISION","6","2","offpeak","5,619","6,899","81.4465865%"
"2019-09-01","A DIVISION","6","1","peak","13,380","19,005","70.4025257%"
"2019-09-01","A DIVISION","6","2","peak","2,852","3,603","79.1562587%"
"2019-09-01","A DIVISION","7","1","offpeak","13,144","15,764","83.3798528%"
"2019-09-01","A DIVISION","7","2","offpeak","4,343","4,956","87.6311542%"
"2019-09-01","A DIVISION","7","1","peak","10,212","12,947","78.8754152%"
"2019-09-01","A DIVISION","7","2","peak","2,757","3,257","84.6484495%"
"2019-09-01","A DIVISION","S 42nd","1","offpeak","5,870","6,042","97.1532605%"
"2019-09-01","A DIVISION","S 42nd","2","offpeak","1,892","1,904","99.3697479%"
"2019-09-01","A DIVISION","S 42nd","1","peak","3,610","3,958","91.2076806%"
"2019-09-01","A DIVISION","S 42nd","2","peak","1,087","1,100","98.8181818%"
"2019-09-01","B DIVISION","A","1","offpeak","14,412","20,133","71.5839666%"
"2019-09-01","B DIVISION","A","2","offpeak","5,135","6,822","75.2711815%"
"2019-09-01","B DIVISION","A","1","peak","9,674","14,541","66.5291245%"
"2019-09-01","B DIVISION","A","2","peak","2,857","3,588","79.6265329%"
"2019-09-01","B DIVISION","B","1","offpeak","6,951","8,785","79.123506%"
"2019-09-01","B DIVISION","B","1","peak","5,715","7,863","72.6821824%"
"2019-09-01","B DIVISION","C","1","offpeak","9,362","11,889","78.7450585%"
"2019-09-01","B DIVISION","C","2","offpeak","3,368","4,161","80.9420812%"
"2019-09-01","B DIVISION","C","1","peak","5,636","7,441","75.7425077%"
"2019-09-01","B DIVISION","C","2","peak","1,938","2,339","82.8559213%"
"2019-09-01","B DIVISION","D","1","offpeak","10,773","14,117","76.3122476%"
"2019-09-01","B DIVISION","D","2","offpeak","4,119","5,059","81.4192528%"
"2019-09-01","B DIVISION","D","1","peak","6,771","9,059","74.7433492%"
"2019-09-01","B DIVISION","D","2","peak","2,171","2,555","84.9706458%"
"2019-09-01","B DIVISION","E","1","offpeak","12,708","16,950","74.9734513%"
"2019-09-01","B DIVISION","E","2","offpeak","3,030","3,467","87.3954427%"
"2019-09-01","B DIVISION","E","1","peak","8,445","11,889","71.0320464%"
"2019-09-01","B DIVISION","E","2","peak","1,486","1,727","86.045165%"
"2019-09-01","B DIVISION","F","1","offpeak","20,537","28,109","73.0620086%"
"2019-09-01","B DIVISION","F","2","offpeak","5,486","6,786","80.8429119%"
"2019-09-01","B DIVISION","F","1","peak","13,770","19,287","71.3952403%"
"2019-09-01","B DIVISION","F","2","peak","2,794","3,413","81.8634632%"
"2019-09-01","B DIVISION","G","1","offpeak","10,196","12,354","82.5319734%"
"2019-09-01","B DIVISION","G","2","offpeak","4,314","5,033","85.7142857%"
"2019-09-01","B DIVISION","G","1","peak","5,569","7,124","78.1723751%"
"2019-09-01","B DIVISION","G","2","peak","2,282","2,656","85.9186747%"
"2019-09-01","B DIVISION","JZ","1","offpeak","9,393","10,969","85.6322363%"
"2019-09-01","B DIVISION","JZ","2","offpeak","3,408","3,803","89.6134631%"
"2019-09-01","B DIVISION","JZ","1","peak","6,104","7,872","77.5406504%"
"2019-09-01","B DIVISION","JZ","2","peak","1,823","2,031","89.7587395%"
"2019-09-01","B DIVISION","L","1","offpeak","14,661","19,304","75.9479901%"
"2019-09-01","B DIVISION","L","2","offpeak","2,359","2,555","92.3287671%"
"2019-09-01","B DIVISION","L","1","peak","11,160","14,511","76.9071739%"
"2019-09-01","B DIVISION","L","2","peak","1,191","1,310","90.9160305%"
"2019-09-01","B DIVISION","M","1","offpeak","12,915","16,244","79.5062792%"
"2019-09-01","B DIVISION","M","2","offpeak","3,776","4,799","78.683059%"
"2019-09-01","B DIVISION","M","1","peak","7,957","10,503","75.7593069%"
"2019-09-01","B DIVISION","M","2","peak","1,962","2,410","81.4107884%"
"2019-09-01","B DIVISION","N","1","offpeak","12,503","16,105","77.6342751%"
"2019-09-01","B DIVISION","N","2","offpeak","5,067","6,129","82.6725404%"
"2019-09-01","B DIVISION","N","1","peak","7,938","10,505","75.5640171%"
"2019-09-01","B DIVISION","N","2","peak","2,476","3,024","81.8783069%"
"2019-09-01","B DIVISION","Q","1","offpeak","10,391","13,135","79.1092501%"
"2019-09-01","B DIVISION","Q","2","offpeak","4,032","4,886","82.52149%"
"2019-09-01","B DIVISION","Q","1","peak","6,134","7,795","78.6914689%"
"2019-09-01","B DIVISION","Q","2","peak","2,144","2,523","84.9782006%"
"2019-09-01","B DIVISION","R","1","offpeak","14,850","19,105","77.7283434%"
"2019-09-01","B DIVISION","R","2","offpeak","5,489","6,651","82.528943%"
"2019-09-01","B DIVISION","R","1","peak","9,892","13,285","74.4599172%"
"2019-09-01","B DIVISION","R","2","peak","2,909","3,518","82.6890279%"
"2019-09-01","B DIVISION","S Fkln","1","offpeak","2,378","2,451","97.0216238%"
"2019-09-01","B DIVISION","S Fkln","2","offpeak","938","952","98.5294118%"
"2019-09-01","B DIVISION","S Fkln","1","peak","1,381","1,401","98.5724483%"
"2019-09-01","B DIVISION","S Fkln","2","peak","521","525","99.2380952%"
"2019-09-01","B DIVISION","S Rock","1","offpeak","1,244","1,319","94.3138741%"
"2019-09-01","B DIVISION","S Rock","2","offpeak","357","374","95.4545455%"
"2019-09-01","B DIVISION","S Rock","1","peak","794","848","93.6320755%"
"2019-09-01","B DIVISION","S Rock","2","peak","185","197","93.9086294%"
"2019-09-01","B DIVISION","W","1","offpeak","6,572","8,249","79.6702631%"
"2019-09-01","B DIVISION","W","1","peak","4,461","5,746","77.6366168%"
"2019-10-01","A DIVISION","1","1","offpeak","23,648","28,782","82.1624627%"
"2019-10-01","A DIVISION","1","2","offpeak","5,726","6,478","88.3914789%"
"2019-10-01","A DIVISION","1","1","peak","14,034","18,607","75.4232278%"
"2019-10-01","A DIVISION","1","2","peak","2,841","3,162","89.8481973%"
"2019-10-01","A DIVISION","2","1","offpeak","22,887","30,836","74.2216889%"
"2019-10-01","A DIVISION","2","2","offpeak","5,042","6,715","75.0856292%"
"2019-10-01","A DIVISION","2","1","peak","14,566","20,098","72.4748731%"
"2019-10-01","A DIVISION","2","2","peak","2,715","3,482","77.9724296%"
"2019-10-01","A DIVISION","3","1","offpeak","18,723","23,661","79.1302143%"
"2019-10-01","A DIVISION","3","2","offpeak","4,689","5,369","87.3346992%"
"2019-10-01","A DIVISION","3","1","peak","12,369","16,399","75.4253308%"
"2019-10-01","A DIVISION","3","2","peak","2,361","2,706","87.2505543%"
"2019-10-01","A DIVISION","4","1","offpeak","25,774","34,111","75.5592038%"
"2019-10-01","A DIVISION","4","2","offpeak","7,525","9,263","81.2371802%"
"2019-10-01","A DIVISION","4","1","peak","17,129","25,047","68.3874316%"
"2019-10-01","A DIVISION","4","2","peak","3,853","5,083","75.8016919%"
"2019-10-01","A DIVISION","5","1","offpeak","18,903","26,552","71.1923772%"
"2019-10-01","A DIVISION","5","2","offpeak","4,369","5,241","83.3619538%"
"2019-10-01","A DIVISION","5","1","peak","14,617","21,554","67.8157187%"
"2019-10-01","A DIVISION","5","2","peak","2,380","2,839","83.8323353%"
"2019-10-01","A DIVISION","6","1","offpeak","25,816","32,974","78.2919876%"
"2019-10-01","A DIVISION","6","2","offpeak","5,451","6,011","90.6837465%"
"2019-10-01","A DIVISION","6","1","peak","15,541","21,871","71.0575648%"
"2019-10-01","A DIVISION","6","2","peak","2,820","3,145","89.6661367%"
"2019-10-01","A DIVISION","7","1","offpeak","16,261","20,801","78.1741262%"
"2019-10-01","A DIVISION","7","2","offpeak","3,744","4,463","83.8897603%"
"2019-10-01","A DIVISION","7","1","peak","12,291","16,780","73.2479142%"
"2019-10-01","A DIVISION","7","2","peak","2,120","2,539","83.4974399%"
"2019-10-01","A DIVISION","S 42nd","1","offpeak","6,775","6,963","97.3000144%"
"2019-10-01","A DIVISION","S 42nd","2","offpeak","1,684","1,703","98.8843218%"
"2019-10-01","A DIVISION","S 42nd","1","peak","3,808","4,577","83.1986017%"
"2019-10-01","A DIVISION","S 42nd","2","peak","969","992","97.6814516%"
"2019-10-01","B DIVISION","A","1","offpeak","16,225","23,098","70.244177%"
"2019-10-01","B DIVISION","A","2","offpeak","4,708","6,334","74.329018%"
"2019-10-01","B DIVISION","A","1","peak","11,004","16,697","65.9040546%"
"2019-10-01","B DIVISION","A","2","peak","2,573","3,333","77.1977198%"
"2019-10-01","B DIVISION","B","1","offpeak","7,523","9,891","76.0590436%"
"2019-10-01","B DIVISION","B","1","peak","6,415","8,971","71.5081931%"
"2019-10-01","B DIVISION","C","1","offpeak","10,538","13,656","77.1675454%"
"2019-10-01","B DIVISION","C","2","offpeak","3,355","4,087","82.0895522%"
"2019-10-01","B DIVISION","C","1","peak","6,532","8,517","76.6936715%"
"2019-10-01","B DIVISION","C","2","peak","1,883","2,289","82.2629969%"
"2019-10-01","B DIVISION","D","1","offpeak","11,727","16,159","72.5725602%"
"2019-10-01","B DIVISION","D","2","offpeak","3,555","4,310","82.4825986%"
"2019-10-01","B DIVISION","D","1","peak","7,370","10,368","71.0841049%"
"2019-10-01","B DIVISION","D","2","peak","1,720","2,166","79.4090489%"
"2019-10-01","B DIVISION","E","1","offpeak","14,564","19,711","73.8876769%"
"2019-10-01","B DIVISION","E","2","offpeak","2,373","2,736","86.7324561%"
"2019-10-01","B DIVISION","E","1","peak","9,878","13,794","71.6108453%"
"2019-10-01","B DIVISION","E","2","peak","1,163","1,352","86.0207101%"
"2019-10-01","B DIVISION","F","1","offpeak","23,433","32,692","71.6780864%"
"2019-10-01","B DIVISION","F","2","offpeak","5,159","6,353","81.2057296%"
"2019-10-01","B DIVISION","F","1","peak","15,187","22,186","68.4530785%"
"2019-10-01","B DIVISION","F","2","peak","2,607","3,180","81.9811321%"
"2019-10-01","B DIVISION","G","1","offpeak","11,894","14,357","82.8446054%"
"2019-10-01","B DIVISION","G","2","offpeak","4,001","4,614","86.7143476%"
"2019-10-01","B DIVISION","G","1","peak","6,321","8,263","76.4976401%"
"2019-10-01","B DIVISION","G","2","peak","2,098","2,424","86.5511551%"
"2019-10-01","B DIVISION","JZ","1","offpeak","10,748","12,598","85.3151294%"
"2019-10-01","B DIVISION","JZ","2","offpeak","3,147","3,615","87.0539419%"
"2019-10-01","B DIVISION","JZ","1","peak","6,995","9,048","77.3099027%"
"2019-10-01","B DIVISION","JZ","2","peak","1,630","1,946","83.7615622%"
"2019-10-01","B DIVISION","L","1","offpeak","16,353","20,384","80.224686%"
"2019-10-01","B DIVISION","L","2","offpeak","2,622","2,820","92.9787234%"
"2019-10-01","B DIVISION","L","1","peak","13,059","16,667","78.352433%"
"2019-10-01","B DIVISION","L","2","peak","1,329","1,440","92.2916667%"
"2019-10-01","B DIVISION","M","1","offpeak","14,584","18,825","77.4714475%"
"2019-10-01","B DIVISION","M","2","offpeak","3,289","4,302","76.4528126%"
"2019-10-01","B DIVISION","M","1","peak","8,934","12,092","73.8835594%"
"2019-10-01","B DIVISION","M","2","peak","1,674","2,147","77.9692594%"
"2019-10-01","B DIVISION","N","1","offpeak","13,261","17,198","77.1078032%"
"2019-10-01","B DIVISION","N","2","offpeak","3,809","4,674","81.4933676%"
"2019-10-01","B DIVISION","N","1","peak","8,540","11,689","73.060142%"
"2019-10-01","B DIVISION","N","2","peak","1,887","2,282","82.6906223%"
"2019-10-01","B DIVISION","Q","1","offpeak","10,933","14,571","75.032599%"
"2019-10-01","B DIVISION","Q","2","offpeak","2,726","3,401","80.1528962%"
"2019-10-01","B DIVISION","Q","1","peak","6,489","8,969","72.3492028%"
"2019-10-01","B DIVISION","Q","2","peak","1,409","1,769","79.6495195%"
"2019-10-01","B DIVISION","R","1","offpeak","16,709","21,460","77.861137%"
"2019-10-01","B DIVISION","R","2","offpeak","4,619","5,632","82.0134943%"
"2019-10-01","B DIVISION","R","1","peak","11,235","15,336","73.2589984%"
"2019-10-01","B DIVISION","R","2","peak","2,479","2,948","84.0909091%"
"2019-10-01","B DIVISION","S Fkln","1","offpeak","2,629","2,670","98.4644195%"
"2019-10-01","B DIVISION","S Fkln","2","offpeak","892","900","99.1111111%"
"2019-10-01","B DIVISION","S Fkln","1","peak","1,491","1,511","98.6763733%"
"2019-10-01","B DIVISION","S Fkln","2","peak","483","488","98.9754098%"
"2019-10-01","B DIVISION","S Rock","1","offpeak","1,795","1,870","95.9893048%"
"2019-10-01","B DIVISION","S Rock","2","offpeak","542","557","97.3070018%"
"2019-10-01","B DIVISION","S Rock","1","peak","952","990","96.1616162%"
"2019-10-01","B DIVISION","S Rock","2","peak","285","296","96.2837838%"
"2019-10-01","B DIVISION","W","1","offpeak","7,911","9,818","80.5764922%"
"2019-10-01","B DIVISION","W","1","peak","5,026","6,645","75.6358164%"
"2019-11-01","A DIVISION","1","1","offpeak","19,800","24,498","80.8229243%"
"2019-11-01","A DIVISION","1","2","offpeak","6,305","7,509","83.9659076%"
"2019-11-01","A DIVISION","1","1","peak","12,257","16,180","75.7540173%"
"2019-11-01","A DIVISION","1","2","peak","3,274","3,694","88.6302112%"
"2019-11-01","A DIVISION","2","1","offpeak","19,797","26,711","74.1155329%"
"2019-11-01","A DIVISION","2","2","offpeak","6,275","8,216","76.3753651%"
"2019-11-01","A DIVISION","2","1","peak","12,797","17,476","73.2261387%"
"2019-11-01","A DIVISION","2","2","peak","3,383","4,416","76.6077899%"
"2019-11-01","A DIVISION","3","1","offpeak","16,967","21,333","79.5340552%"
"2019-11-01","A DIVISION","3","2","offpeak","2,931","3,704","79.1306695%"
"2019-11-01","A DIVISION","3","1","peak","11,070","14,260","77.6297335%"
"2019-11-01","A DIVISION","3","2","peak","1,545","1,878","82.2683706%"
"2019-11-01","A DIVISION","4","1","offpeak","21,964","29,565","74.2905463%"
"2019-11-01","A DIVISION","4","2","offpeak","7,894","10,478","75.3388051%"
"2019-11-01","A DIVISION","4","1","peak","14,860","21,777","68.2371309%"
"2019-11-01","A DIVISION","4","2","peak","4,457","5,777","77.1507703%"
"2019-11-01","A DIVISION","5","1","offpeak","16,239","22,714","71.4933521%"
"2019-11-01","A DIVISION","5","2","offpeak","4,016","4,813","83.4406815%"
"2019-11-01","A DIVISION","5","1","peak","12,651","18,740","67.5080043%"
"2019-11-01","A DIVISION","5","2","peak","2,194","2,609","84.0935224%"
"2019-11-01","A DIVISION","6","1","offpeak","22,907","28,678","79.8765604%"
"2019-11-01","A DIVISION","6","2","offpeak","6,242","7,116","87.717819%"
"2019-11-01","A DIVISION","6","1","peak","13,392","19,019","70.4137967%"
"2019-11-01","A DIVISION","6","2","peak","3,330","3,750","88.8%"
"2019-11-01","A DIVISION","7","1","offpeak","13,701","16,939","80.8843497%"
"2019-11-01","A DIVISION","7","2","offpeak","4,181","4,862","85.9934183%"
"2019-11-01","A DIVISION","7","1","peak","10,577","13,916","76.0060362%"
"2019-11-01","A DIVISION","7","2","peak","2,595","2,970","87.3737374%"
"2019-11-01","A DIVISION","S 42nd","1","offpeak","5,826","6,056","96.2021136%"
"2019-11-01","A DIVISION","S 42nd","2","offpeak","1,912","1,927","99.221588%"
"2019-11-01","A DIVISION","S 42nd","1","peak","3,407","3,980","85.6030151%"
"2019-11-01","A DIVISION","S 42nd","2","peak","1,119","1,132","98.8515901%"
"2019-11-01","B DIVISION","A","1","offpeak","13,746","19,518","70.4272979%"
"2019-11-01","B DIVISION","A","2","offpeak","5,364","7,210","74.3966713%"
"2019-11-01","B DIVISION","A","1","peak","9,548","14,455","66.0532688%"
"2019-11-01","B DIVISION","A","2","peak","2,848","3,761","75.7245413%"
"2019-11-01","B DIVISION","B","1","offpeak","6,205","8,306","74.7050325%"
"2019-11-01","B DIVISION","B","1","peak","5,387","7,766","69.3664692%"
"2019-11-01","B DIVISION","C","1","offpeak","8,775","11,129","78.8480546%"
"2019-11-01","B DIVISION","C","2","offpeak","3,488","4,187","83.3054693%"
"2019-11-01","B DIVISION","C","1","peak","5,609","7,430","75.4912517%"
"2019-11-01","B DIVISION","C","2","peak","1,922","2,372","81.0286678%"
"2019-11-01","B DIVISION","D","1","offpeak","10,398","13,807","75.3096256%"
"2019-11-01","B DIVISION","D","2","offpeak","3,794","4,547","83.4396305%"
"2019-11-01","B DIVISION","D","1","peak","6,391","8,996","71.0426856%"
"2019-11-01","B DIVISION","D","2","peak","1,944","2,299","84.5585037%"
"2019-11-01","B DIVISION","E","1","offpeak","12,617","17,106","73.7577458%"
"2019-11-01","B DIVISION","E","2","offpeak","2,926","3,419","85.5805791%"
"2019-11-01","B DIVISION","E","1","peak","8,409","12,011","70.0108234%"
"2019-11-01","B DIVISION","E","2","peak","1,502","1,706","88.042204%"
"2019-11-01","B DIVISION","F","1","offpeak","20,325","28,480","71.3658708%"
"2019-11-01","B DIVISION","F","2","offpeak","5,423","6,742","80.4360724%"
"2019-11-01","B DIVISION","F","1","peak","13,694","19,330","70.8432488%"
"2019-11-01","B DIVISION","F","2","peak","2,698","3,371","80.0355977%"
"2019-11-01","B DIVISION","G","1","offpeak","9,848","11,973","82.2517331%"
"2019-11-01","B DIVISION","G","2","offpeak","4,294","5,069","84.7109884%"
"2019-11-01","B DIVISION","G","1","peak","5,437","7,144","76.1058231%"
"2019-11-01","B DIVISION","G","2","peak","2,240","2,675","83.7383178%"
"2019-11-01","B DIVISION","JZ","1","offpeak","9,294","10,970","84.721969%"
"2019-11-01","B DIVISION","JZ","2","offpeak","3,904","4,367","89.3977559%"
"2019-11-01","B DIVISION","JZ","1","peak","6,057","7,864","77.0218718%"
"2019-11-01","B DIVISION","JZ","2","peak","2,065","2,356","87.6485569%"
"2019-11-01","B DIVISION","L","1","offpeak","15,326","18,956","80.8503904%"
"2019-11-01","B DIVISION","L","2","offpeak","2,678","3,058","87.5735775%"
"2019-11-01","B DIVISION","L","1","peak","11,250","14,537","77.3887322%"
"2019-11-01","B DIVISION","L","2","peak","1,347","1,561","86.2908392%"
"2019-11-01","B DIVISION","M","1","offpeak","12,363","16,100","76.7888199%"
"2019-11-01","B DIVISION","M","2","offpeak","3,862","4,927","78.3844124%"
"2019-11-01","B DIVISION","M","1","peak","7,707","10,469","73.6173465%"
"2019-11-01","B DIVISION","M","2","peak","1,939","2,450","79.1428571%"
"2019-11-01","B DIVISION","N","1","offpeak","11,100","14,806","74.9696069%"
"2019-11-01","B DIVISION","N","2","offpeak","4,692","6,454","72.6991013%"
"2019-11-01","B DIVISION","N","1","peak","6,987","9,781","71.4344137%"
"2019-11-01","B DIVISION","N","2","peak","2,403","3,197","75.1642165%"
"2019-11-01","B DIVISION","Q","1","offpeak","9,285","12,994","71.4560566%"
"2019-11-01","B DIVISION","Q","2","offpeak","2,023","2,451","82.5377397%"
"2019-11-01","B DIVISION","Q","1","peak","5,370","7,777","69.0497621%"
"2019-11-01","B DIVISION","Q","2","peak","1,035","1,262","82.0126783%"
"2019-11-01","B DIVISION","R","1","offpeak","14,508","18,953","76.5472485%"
"2019-11-01","B DIVISION","R","2","offpeak","5,054","6,763","74.7301493%"
"2019-11-01","B DIVISION","R","1","peak","9,487","13,152","72.1335158%"
"2019-11-01","B DIVISION","R","2","peak","2,833","3,569","79.377977%"
"2019-11-01","B DIVISION","S Fkln","1","offpeak","2,348","2,407","97.548816%"
"2019-11-01","B DIVISION","S Fkln","2","offpeak","892","923","96.6413868%"
"2019-11-01","B DIVISION","S Fkln","1","peak","1,325","1,365","97.0695971%"
"2019-11-01","B DIVISION","S Fkln","2","peak","482","508","94.8818898%"
"2019-11-01","B DIVISION","S Rock","1","offpeak","1,482","1,599","92.6829268%"
"2019-11-01","B DIVISION","S Rock","2","offpeak","645","662","97.4320242%"
"2019-11-01","B DIVISION","S Rock","1","peak","810","864","93.75%"
"2019-11-01","B DIVISION","S Rock","2","peak","346","353","98.0169972%"
"2019-11-01","B DIVISION","W","1","offpeak","6,685","8,518","78.4808641%"
"2019-11-01","B DIVISION","W","1","peak","4,365","5,848","74.6409029%"
"2019-12-01","A DIVISION","1","1","offpeak","21,218","26,006","81.5888641%"
"2019-12-01","A DIVISION","1","2","offpeak","6,423","7,407","86.7152693%"
"2019-12-01","A DIVISION","1","1","peak","12,762","16,990","75.1147734%"
"2019-12-01","A DIVISION","1","2","peak","3,160","3,604","87.6803552%"
"2019-12-01","A DIVISION","2","1","offpeak","20,612","28,383","72.6209351%"
"2019-12-01","A DIVISION","2","2","offpeak","7,137","9,172","77.8129089%"
"2019-12-01","A DIVISION","2","1","peak","12,878","18,354","70.1645418%"
"2019-12-01","A DIVISION","2","2","peak","3,756","4,884","76.9041769%"
"2019-12-01","A DIVISION","3","1","offpeak","17,294","22,818","75.7910422%"
"2019-12-01","A DIVISION","3","2","offpeak","3,620","4,299","84.2056292%"
"2019-12-01","A DIVISION","3","1","peak","10,813","14,973","72.2166566%"
"2019-12-01","A DIVISION","3","2","peak","1,829","2,152","84.9907063%"
"2019-12-01","A DIVISION","4","1","offpeak","23,473","30,970","75.7927026%"
"2019-12-01","A DIVISION","4","2","offpeak","8,220","10,383","79.1678706%"
"2019-12-01","A DIVISION","4","1","peak","15,819","22,869","69.1722419%"
"2019-12-01","A DIVISION","4","2","peak","4,293","5,618","76.4150943%"
"2019-12-01","A DIVISION","5","1","offpeak","17,197","24,015","71.6094108%"
"2019-12-01","A DIVISION","5","2","offpeak","3,315","4,028","82.2989076%"
"2019-12-01","A DIVISION","5","1","peak","13,164","19,675","66.9072427%"
"2019-12-01","A DIVISION","5","2","peak","1,775","2,053","86.4588407%"
"2019-12-01","A DIVISION","6","1","offpeak","22,461","28,917","77.6740326%"
"2019-12-01","A DIVISION","6","2","offpeak","6,124","6,834","89.6107697%"
"2019-12-01","A DIVISION","6","1","peak","14,474","19,928","72.6314733%"
"2019-12-01","A DIVISION","6","2","peak","3,200","3,587","89.2110399%"
"2019-12-01","A DIVISION","7","1","offpeak","15,419","19,298","79.8994714%"
"2019-12-01","A DIVISION","7","2","offpeak","4,172","4,747","87.8870866%"
"2019-12-01","A DIVISION","7","1","peak","11,447","15,485","73.9231514%"
"2019-12-01","A DIVISION","7","2","peak","2,657","3,040","87.4013158%"
"2019-12-01","A DIVISION","S 42nd","1","offpeak","6,191","6,361","97.3274642%"
"2019-12-01","A DIVISION","S 42nd","2","offpeak","1,887","1,906","99.003148%"
"2019-12-01","A DIVISION","S 42nd","1","peak","3,609","4,179","86.3603733%"
"2019-12-01","A DIVISION","S 42nd","2","peak","1,092","1,100","99.2727273%"
"2019-12-01","B DIVISION","A","1","offpeak","14,359","20,418","70.3252033%"
"2019-12-01","B DIVISION","A","2","offpeak","4,983","6,267","79.5117281%"
"2019-12-01","B DIVISION","A","1","peak","9,590","14,844","64.6052277%"
"2019-12-01","B DIVISION","A","2","peak","2,617","3,263","80.2022679%"
"2019-12-01","B DIVISION","B","1","offpeak","6,771","8,606","78.6776667%"
"2019-12-01","B DIVISION","B","1","peak","5,442","7,892","68.9559047%"
"2019-12-01","B DIVISION","C","1","offpeak","9,216","12,197","75.5595638%"
"2019-12-01","B DIVISION","C","2","offpeak","3,142","3,721","84.4396668%"
"2019-12-01","B DIVISION","C","1","peak","5,364","7,586","70.7092012%"
"2019-12-01","B DIVISION","C","2","peak","1,724","2,101","82.0561637%"
"2019-12-01","B DIVISION","D","1","offpeak","10,683","14,484","73.7572494%"
"2019-12-01","B DIVISION","D","2","offpeak","4,244","5,386","78.7968808%"
"2019-12-01","B DIVISION","D","1","peak","6,395","9,283","68.8893677%"
"2019-12-01","B DIVISION","D","2","peak","2,240","2,816","79.5454545%"
"2019-12-01","B DIVISION","E","1","offpeak","12,912","17,996","71.7492776%"
"2019-12-01","B DIVISION","E","2","offpeak","3,448","4,082","84.4683978%"
"2019-12-01","B DIVISION","E","1","peak","8,731","12,626","69.1509583%"
"2019-12-01","B DIVISION","E","2","peak","1,747","2,026","86.2290227%"
"2019-12-01","B DIVISION","F","1","offpeak","21,099","29,796","70.8115183%"
"2019-12-01","B DIVISION","F","2","offpeak","5,652","7,095","79.6617336%"
"2019-12-01","B DIVISION","F","1","peak","14,015","20,221","69.3091341%"
"2019-12-01","B DIVISION","F","2","peak","2,961","3,556","83.2677165%"
"2019-12-01","B DIVISION","G","1","offpeak","10,287","13,128","78.3592322%"
"2019-12-01","B DIVISION","G","2","offpeak","4,273","5,120","83.4570313%"
"2019-12-01","B DIVISION","G","1","peak","5,716","7,619","75.0229689%"
"2019-12-01","B DIVISION","G","2","peak","2,268","2,688","84.375%"
"2019-12-01","B DIVISION","JZ","1","offpeak","9,184","11,078","82.9030511%"
"2019-12-01","B DIVISION","JZ","2","offpeak","3,210","3,708","86.5695793%"
"2019-12-01","B DIVISION","JZ","1","peak","6,334","8,265","76.6364186%"
"2019-12-01","B DIVISION","JZ","2","peak","1,710","2,005","85.286783%"
"2019-12-01","B DIVISION","L","1","offpeak","15,725","19,318","81.4007661%"
"2019-12-01","B DIVISION","L","2","offpeak","3,229","3,493","92.4420269%"
"2019-12-01","B DIVISION","L","1","peak","11,400","15,247","74.768807%"
"2019-12-01","B DIVISION","L","2","peak","1,651","1,782","92.6487093%"
"2019-12-01","B DIVISION","M","1","offpeak","12,688","16,676","76.0853922%"
"2019-12-01","B DIVISION","M","2","offpeak","3,788","4,877","77.6706992%"
"2019-12-01","B DIVISION","M","1","peak","7,909","11,037","71.6589653%"
"2019-12-01","B DIVISION","M","2","peak","1,908","2,425","78.6804124%"
"2019-12-01","B DIVISION","N","1","offpeak","11,643","15,711","74.1073133%"
"2019-12-01","B DIVISION","N","2","offpeak","4,659","5,919","78.7126204%"
"2019-12-01","B DIVISION","N","1","peak","7,177","10,267","69.9035746%"
"2019-12-01","B DIVISION","N","2","peak","2,313","2,939","78.7002382%"
"2019-12-01","B DIVISION","Q","1","offpeak","10,341","13,724","75.3497523%"
"2019-12-01","B DIVISION","Q","2","offpeak","3,924","5,233","74.9856679%"
"2019-12-01","B DIVISION","Q","1","peak","5,862","8,129","72.1121909%"
"2019-12-01","B DIVISION","Q","2","peak","2,055","2,690","76.394052%"
"2019-12-01","B DIVISION","R","1","offpeak","14,993","20,266","73.981052%"
"2019-12-01","B DIVISION","R","2","offpeak","5,524","6,897","80.092794%"
"2019-12-01","B DIVISION","R","1","peak","9,814","13,928","70.4623779%"
"2019-12-01","B DIVISION","R","2","peak","2,889","3,587","80.5408419%"
"2019-12-01","B DIVISION","S Fkln","1","offpeak","2,468","2,496","98.8782051%"
"2019-12-01","B DIVISION","S Fkln","2","offpeak","996","1,008","98.8095238%"
"2019-12-01","B DIVISION","S Fkln","1","peak","1,454","1,475","98.5762712%"
"2019-12-01","B DIVISION","S Fkln","2","peak","527","542","97.2324723%"
"2019-12-01","B DIVISION","S Rock","1","offpeak","1,704","1,800","94.6666667%"
"2019-12-01","B DIVISION","S Rock","2","offpeak","637","686","92.8571429%"
"2019-12-01","B DIVISION","S Rock","1","peak","851","906","93.9293598%"
"2019-12-01","B DIVISION","S Rock","2","peak","356","366","97.2677596%"
"2019-12-01","B DIVISION","W","1","offpeak","6,802","9,150","74.3387978%"
"2019-12-01","B DIVISION","W","1","peak","4,498","6,152","73.1144343%"
"2020-01-01","A DIVISION","1","2","offpeak","5,718","6,134","93.2181284643%"
"2020-01-01","A DIVISION","1","1","offpeak","21,090","25,854","81.57345091669%"
"2020-01-01","A DIVISION","1","2","peak","2,773","2,991","92.71146773654%"
"2020-01-01","A DIVISION","1","1","peak","13,062","17,801","73.37790011797%"
"2020-01-01","A DIVISION","2","2","offpeak","7,243","9,170","78.98582333697%"
"2020-01-01","A DIVISION","2","1","offpeak","21,705","29,640","73.22874493927%"
"2020-01-01","A DIVISION","2","2","peak","3,872","4,927","78.587375685%"
"2020-01-01","A DIVISION","2","1","peak","13,677","19,228","71.13064281257%"
"2020-01-01","A DIVISION","3","1","offpeak","18,104","23,531","76.93680676554%"
"2020-01-01","A DIVISION","3","2","offpeak","5,671","6,285","90.230708035%"
"2020-01-01","A DIVISION","3","1","peak","11,610","15,686","74.01504526329%"
"2020-01-01","A DIVISION","3","2","peak","2,841","3,168","89.67803030303%"
"2020-01-01","A DIVISION","4","1","offpeak","24,463","32,161","76.06417710892%"
"2020-01-01","A DIVISION","4","2","offpeak","5,596","6,996","79.98856489423%"
"2020-01-01","A DIVISION","4","1","peak","16,611","23,958","69.33383420987%"
"2020-01-01","A DIVISION","4","2","peak","2,980","3,847","77.46295814921%"
"2020-01-01","A DIVISION","5","2","offpeak","3,034","3,448","87.99303944316%"
"2020-01-01","A DIVISION","5","1","offpeak","18,602","24,921","74.64387464387%"
"2020-01-01","A DIVISION","5","1","peak","14,526","20,630","70.41202132816%"
"2020-01-01","A DIVISION","5","2","peak","1,580","1,802","87.68035516093%"
"2020-01-01","A DIVISION","6","1","offpeak","24,908","30,975","80.41323648103%"
"2020-01-01","A DIVISION","6","2","offpeak","5,347","6,272","85.25191326531%"
"2020-01-01","A DIVISION","6","2","peak","2,870","3,300","86.9696969697%"
"2020-01-01","A DIVISION","6","1","peak","15,898","20,899","76.07062538877%"
"2020-01-01","A DIVISION","7","2","offpeak","3,470","3,983","87.12026110972%"
"2020-01-01","A DIVISION","7","1","offpeak","16,985","20,843","81.49018855251%"
"2020-01-01","A DIVISION","7","1","peak","12,281","16,432","74.73831548199%"
"2020-01-01","A DIVISION","7","2","peak","2,093","2,444","85.63829787234%"
"2020-01-01","A DIVISION","S 42nd","1","offpeak","6,552","6,666","98.2898289829%"
"2020-01-01","A DIVISION","S 42nd","2","offpeak","1,261","1,278","98.66979655712%"
"2020-01-01","A DIVISION","S 42nd","1","peak","3,969","4,378","90.65783462768%"
"2020-01-01","A DIVISION","S 42nd","2","peak","731","744","98.25268817204%"
"2020-01-01","B DIVISION","A","1","offpeak","16,021","22,082","72.55230504483%"
"2020-01-01","B DIVISION","A","2","offpeak","4,611","5,968","77.26206434316%"
"2020-01-01","B DIVISION","A","1","peak","10,910","16,069","67.89470408862%"
"2020-01-01","B DIVISION","A","2","peak","2,354","3,115","75.56982343499%"
"2020-01-01","B DIVISION","B","1","offpeak","7,837","9,632","81.36420265781%"
"2020-01-01","B DIVISION","B","1","peak","6,376","8,658","73.64287364287%"
"2020-01-01","B DIVISION","C","2","offpeak","3,040","3,806","79.87388334209%"
"2020-01-01","B DIVISION","C","1","offpeak","10,480","13,079","80.12845018732%"
"2020-01-01","B DIVISION","C","1","peak","6,215","8,186","75.92230637674%"
"2020-01-01","B DIVISION","C","2","peak","1,704","2,152","79.18215613383%"
"2020-01-01","B DIVISION","D","2","offpeak","3,860","4,991","77.33921057904%"
"2020-01-01","B DIVISION","D","1","offpeak","11,639","15,563","74.78635224571%"
"2020-01-01","B DIVISION","D","1","peak","7,057","9,975","70.74686716792%"
"2020-01-01","B DIVISION","D","2","peak","2,016","2,588","77.89799072643%"
"2020-01-01","B DIVISION","E","1","offpeak","12,930","17,554","73.6584254301%"
"2020-01-01","B DIVISION","E","2","offpeak","2,518","2,962","85.01012829169%"
"2020-01-01","B DIVISION","E","2","peak","1,290","1,501","85.94270486342%"
"2020-01-01","B DIVISION","E","1","peak","9,328","13,201","70.66131353685%"
"2020-01-01","B DIVISION","F","2","offpeak","4,171","5,248","79.47789634146%"
"2020-01-01","B DIVISION","F","1","offpeak","22,164","30,551","72.54754345193%"
"2020-01-01","B DIVISION","F","2","peak","2,140","2,665","80.30018761726%"
"2020-01-01","B DIVISION","F","1","peak","15,045","21,170","71.06754841757%"
"2020-01-01","B DIVISION","G","1","offpeak","11,109","13,752","80.78097731239%"
"2020-01-01","B DIVISION","G","2","offpeak","3,809","4,589","83.00283286119%"
"2020-01-01","B DIVISION","G","2","peak","1,935","2,417","80.0579230451%"
"2020-01-01","B DIVISION","G","1","peak","6,294","7,996","78.71435717859%"
"2020-01-01","B DIVISION","JZ","1","offpeak","10,128","12,008","84.34377081945%"
"2020-01-01","B DIVISION","JZ","2","offpeak","3,011","3,485","86.39885222382%"
"2020-01-01","B DIVISION","JZ","1","peak","6,572","8,639","76.0736196319%"
"2020-01-01","B DIVISION","JZ","2","peak","1,577","1,886","83.61611876988%"
"2020-01-01","B DIVISION","L","2","offpeak","2,676","2,829","94.59172852598%"
"2020-01-01","B DIVISION","L","1","offpeak","15,682","19,715","79.54349480091%"
"2020-01-01","B DIVISION","L","2","peak","1,328","1,440","92.22222222222%"
"2020-01-01","B DIVISION","L","1","peak","11,975","15,930","75.17263025738%"
"2020-01-01","B DIVISION","M","2","offpeak","3,542","4,366","81.12688960147%"
"2020-01-01","B DIVISION","M","1","offpeak","13,651","17,687","77.18098038107%"
"2020-01-01","B DIVISION","M","2","peak","1,738","2,170","80.09216589862%"
"2020-01-01","B DIVISION","M","1","peak","8,448","11,521","73.32696814513%"
"2020-01-01","B DIVISION","N","2","offpeak","4,047","5,344","75.72979041916%"
"2020-01-01","B DIVISION","N","1","offpeak","12,058","16,135","74.7319491788%"
"2020-01-01","B DIVISION","N","2","peak","1,969","2,631","74.83846446218%"
"2020-01-01","B DIVISION","N","1","peak","7,331","10,564","69.39606209769%"
"2020-01-01","B DIVISION","Q","1","offpeak","11,484","14,780","77.69959404601%"
"2020-01-01","B DIVISION","Q","2","offpeak","4,249","5,377","79.02175934536%"
"2020-01-01","B DIVISION","Q","2","peak","2,159","2,741","78.76687340387%"
"2020-01-01","B DIVISION","Q","1","peak","6,640","8,877","74.80004506027%"
"2020-01-01","B DIVISION","R","2","offpeak","5,029","6,109","82.32116549353%"
"2020-01-01","B DIVISION","R","1","offpeak","15,377","20,178","76.20675983745%"
"2020-01-01","B DIVISION","R","1","peak","10,473","14,699","71.2497448806%"
"2020-01-01","B DIVISION","R","2","peak","2,723","3,253","83.70734706425%"
"2020-01-01","B DIVISION","S Fkln","1","offpeak","2,486","2,522","98.57256145916%"
"2020-01-01","B DIVISION","S Fkln","2","offpeak","880","892","98.65470852018%"
"2020-01-01","B DIVISION","S Fkln","2","peak","482","486","99.17695473251%"
"2020-01-01","B DIVISION","S Fkln","1","peak","1,524","1,541","98.89682024659%"
"2020-01-01","B DIVISION","S Rock","2","offpeak","580","611","94.9263502455%"
"2020-01-01","B DIVISION","S Rock","1","offpeak","1,801","1,891","95.24061343205%"
"2020-01-01","B DIVISION","S Rock","2","peak","319","331","96.3746223565%"
"2020-01-01","B DIVISION","S Rock","1","peak","904","961","94.06867845994%"
"2020-01-01","B DIVISION","W","1","offpeak","6,428","8,577","74.94461933077%"
"2020-01-01","B DIVISION","W","1","peak","4,465","6,308","70.78313253012%"
"2020-02-01","A DIVISION","1","2","offpeak","6,433","6,807","94.50565594241%"
"2020-02-01","A DIVISION","1","1","offpeak","17,217","20,971","82.09908921844%"
"2020-02-01","A DIVISION","1","1","peak","11,064","14,576","75.90559824369%"
"2020-02-01","A DIVISION","1","2","peak","3,124","3,331","93.78564995497%"
"2020-02-01","A DIVISION","2","1","offpeak","17,924","24,365","73.56453929817%"
"2020-02-01","A DIVISION","2","2","offpeak","7,830","10,362","75.56456282571%"
"2020-02-01","A DIVISION","2","1","peak","11,339","15,732","72.07602339181%"
"2020-02-01","A DIVISION","2","2","peak","4,153","5,620","73.89679715302%"
"2020-02-01","A DIVISION","3","2","offpeak","6,073","6,977","87.04314175147%"
"2020-02-01","A DIVISION","3","1","offpeak","15,031","19,583","76.75534902722%"
"2020-02-01","A DIVISION","3","1","peak","9,692","12,834","75.51815490104%"
"2020-02-01","A DIVISION","3","2","peak","3,125","3,557","87.85493393309%"
"2020-02-01","A DIVISION","4","2","offpeak","7,110","9,094","78.183417638%"
"2020-02-01","A DIVISION","4","1","offpeak","19,649","26,400","74.42803030303%"
"2020-02-01","A DIVISION","4","2","peak","3,962","5,028","78.79872712808%"
"2020-02-01","A DIVISION","4","1","peak","13,326","19,602","67.98285889195%"
"2020-02-01","A DIVISION","5","1","offpeak","14,565","20,269","71.85850313286%"
"2020-02-01","A DIVISION","5","2","offpeak","3,761","4,396","85.5550500455%"
"2020-02-01","A DIVISION","5","2","peak","1,956","2,235","87.51677852349%"
"2020-02-01","A DIVISION","5","1","peak","11,508","16,883","68.16324113013%"
"2020-02-01","A DIVISION","6","1","offpeak","19,500","25,279","77.1391273389%"
"2020-02-01","A DIVISION","6","2","offpeak","6,277","7,110","88.2841068917%"
"2020-02-01","A DIVISION","6","2","peak","3,394","3,749","90.53080821552%"
"2020-02-01","A DIVISION","6","1","peak","12,355","17,088","72.30220037453%"
"2020-02-01","A DIVISION","7","1","offpeak","14,298","17,540","81.5165336374%"
"2020-02-01","A DIVISION","7","2","offpeak","3,963","4,586","86.41517662451%"
"2020-02-01","A DIVISION","7","2","peak","2,321","2,589","89.64851293936%"
"2020-02-01","A DIVISION","7","1","peak","10,911","14,084","77.470888952%"
"2020-02-01","A DIVISION","S 42nd","1","offpeak","4,943","5,002","98.82047181128%"
"2020-02-01","A DIVISION","S 42nd","2","offpeak","1,431","1,502","95.27296937417%"
"2020-02-01","A DIVISION","S 42nd","2","peak","876","884","99.09502262443%"
"2020-02-01","A DIVISION","S 42nd","1","peak","3,230","3,582","90.17308766052%"
"2020-02-01","B DIVISION","A","1","offpeak","12,857","18,015","71.36830419095%"
"2020-02-01","B DIVISION","A","2","offpeak","5,127","6,810","75.28634361233%"
"2020-02-01","B DIVISION","A","2","peak","2,723","3,579","76.08270466611%"
"2020-02-01","B DIVISION","A","1","peak","8,678","13,064","66.42682180037%"
"2020-02-01","B DIVISION","B","1","offpeak","6,147","7,879","78.01751491306%"
"2020-02-01","B DIVISION","B","1","peak","4,982","7,117","70.00140508641%"
"2020-02-01","B DIVISION","C","2","offpeak","3,325","4,292","77.4697110904%"
"2020-02-01","B DIVISION","C","1","offpeak","8,142","10,661","76.37182253072%"
"2020-02-01","B DIVISION","C","2","peak","1,909","2,431","78.52735499794%"
"2020-02-01","B DIVISION","C","1","peak","4,842","6,691","72.36586459423%"
"2020-02-01","B DIVISION","D","1","offpeak","9,296","12,675","73.34122287968%"
"2020-02-01","B DIVISION","D","2","offpeak","4,421","5,462","80.94104723544%"
"2020-02-01","B DIVISION","D","1","peak","5,670","8,145","69.61325966851%"
"2020-02-01","B DIVISION","D","2","peak","2,227","2,800","79.53571428571%"
"2020-02-01","B DIVISION","E","2","offpeak","2,627","2,983","88.06570566544%"
"2020-02-01","B DIVISION","E","1","offpeak","11,398","15,460","73.72574385511%"
"2020-02-01","B DIVISION","E","2","peak","1,308","1,482","88.25910931174%"
"2020-02-01","B DIVISION","E","1","peak","7,791","10,830","71.93905817175%"
"2020-02-01","B DIVISION","F","2","offpeak","5,375","7,030","76.45803698435%"
"2020-02-01","B DIVISION","F","1","offpeak","18,501","25,649","72.13146711373%"
"2020-02-01","B DIVISION","F","1","peak","12,542","17,432","71.94814134924%"
"2020-02-01","B DIVISION","F","2","peak","2,814","3,541","79.46907653205%"
"2020-02-01","B DIVISION","G","1","offpeak","9,112","11,277","80.80163163962%"
"2020-02-01","B DIVISION","G","2","offpeak","4,446","5,241","84.83113909559%"
"2020-02-01","B DIVISION","G","2","peak","2,342","2,754","85.03994190269%"
"2020-02-01","B DIVISION","G","1","peak","4,876","6,532","74.64788732394%"
"2020-02-01","B DIVISION","JZ","1","offpeak","8,335","9,828","84.80870980871%"
"2020-02-01","B DIVISION","JZ","2","offpeak","3,567","4,230","84.32624113475%"
"2020-02-01","B DIVISION","JZ","2","peak","1,892","2,303","82.15371254885%"
"2020-02-01","B DIVISION","JZ","1","peak","5,379","7,082","75.9531205874%"
"2020-02-01","B DIVISION","L","1","offpeak","13,177","16,612","79.32217673971%"
"2020-02-01","B DIVISION","L","2","offpeak","2,976","3,217","92.50854833696%"
"2020-02-01","B DIVISION","L","1","peak","9,379","13,054","71.84770951433%"
"2020-02-01","B DIVISION","L","2","peak","1,494","1,638","91.20879120879%"
"2020-02-01","B DIVISION","M","2","offpeak","3,924","4,920","79.75609756098%"
"2020-02-01","B DIVISION","M","1","offpeak","11,161","14,624","76.31974835886%"
"2020-02-01","B DIVISION","M","1","peak","6,839","9,481","72.13374116654%"
"2020-02-01","B DIVISION","M","2","peak","1,942","2,464","78.81493506494%"
"2020-02-01","B DIVISION","N","1","offpeak","9,961","13,394","74.36912050172%"
"2020-02-01","B DIVISION","N","2","offpeak","4,582","5,918","77.42480567759%"
"2020-02-01","B DIVISION","N","2","peak","2,246","2,939","76.42055120789%"
"2020-02-01","B DIVISION","N","1","peak","5,975","8,786","68.00591850672%"
"2020-02-01","B DIVISION","Q","2","offpeak","1,853","2,321","79.83627746661%"
"2020-02-01","B DIVISION","Q","1","offpeak","8,974","11,995","74.81450604419%"
"2020-02-01","B DIVISION","Q","2","peak","902","1,209","74.60711331679%"
"2020-02-01","B DIVISION","Q","1","peak","5,249","7,161","73.29981846111%"
"2020-02-01","B DIVISION","R","2","offpeak","5,356","6,683","80.14364806225%"
"2020-02-01","B DIVISION","R","1","offpeak","13,169","17,369","75.81898785192%"
"2020-02-01","B DIVISION","R","1","peak","8,632","12,121","71.21524626681%"
"2020-02-01","B DIVISION","R","2","peak","2,870","3,536","81.16515837104%"
"2020-02-01","B DIVISION","S Fkln","1","offpeak","2,153","2,189","98.35541343079%"
"2020-02-01","B DIVISION","S Fkln","2","offpeak","956","987","96.85916919959%"
"2020-02-01","B DIVISION","S Fkln","1","peak","1,236","1,257","98.32935560859%"
"2020-02-01","B DIVISION","S Fkln","2","peak","528","554","95.30685920578%"
"2020-02-01","B DIVISION","S Rock","2","offpeak","552","558","98.9247311828%"
"2020-02-01","B DIVISION","S Rock","1","offpeak","1,490","1,537","96.94209499024%"
"2020-02-01","B DIVISION","S Rock","2","peak","285","296","96.28378378378%"
"2020-02-01","B DIVISION","S Rock","1","peak","765","787","97.20457433291%"
"2020-02-01","B DIVISION","W","1","offpeak","5,611","7,787","72.05599075382%"
"2020-02-01","B DIVISION","W","1","peak","3,621","5,268","68.73576309795%"
"2020-03-01","A DIVISION","1","1","offpeak","15,774","18,774","84.02045381911%"
"2020-03-01","A DIVISION","1","2","offpeak","4,954","5,690","87.06502636204%"
"2020-03-01","A DIVISION","1","1","peak","9,771","12,135","80.51915945612%"
"2020-03-01","A DIVISION","1","2","peak","2,480","2,769","89.56301914048%"
"2020-03-01","A DIVISION","2","2","offpeak","4,923","6,499","75.75011540237%"
"2020-03-01","A DIVISION","2","1","offpeak","14,462","20,246","71.43139385558%"
"2020-03-01","A DIVISION","2","1","peak","9,525","13,110","72.65446224256%"
"2020-03-01","A DIVISION","2","2","peak","2,654","3,333","79.62796279628%"
"2020-03-01","A DIVISION","3","2","offpeak","4,596","5,334","86.16422947132%"
"2020-03-01","A DIVISION","3","1","offpeak","12,294","15,813","77.74615822425%"
"2020-03-01","A DIVISION","3","1","peak","8,182","10,695","76.50303880318%"
"2020-03-01","A DIVISION","3","2","peak","2,329","2,651","87.8536401358%"
"2020-03-01","A DIVISION","4","2","offpeak","6,050","8,128","74.43405511811%"
"2020-03-01","A DIVISION","4","1","offpeak","16,520","22,240","74.28057553957%"
"2020-03-01","A DIVISION","4","2","peak","3,361","4,378","76.77021470991%"
"2020-03-01","A DIVISION","4","1","peak","11,183","15,775","70.89064976228%"
"2020-03-01","A DIVISION","5","2","offpeak","1,768","2,093","84.47204968944%"
"2020-03-01","A DIVISION","5","1","offpeak","11,919","16,478","72.33280737954%"
"2020-03-01","A DIVISION","5","1","peak","9,789","13,520","72.40384615385%"
"2020-03-01","A DIVISION","5","2","peak","873","1,074","81.28491620112%"
"2020-03-01","A DIVISION","6","1","offpeak","16,803","21,527","78.05546522971%"
"2020-03-01","A DIVISION","6","2","offpeak","4,164","5,438","76.57226921662%"
"2020-03-01","A DIVISION","6","2","peak","2,245","2,840","79.04929577465%"
"2020-03-01","A DIVISION","6","1","peak","10,552","14,265","73.97125832457%"
"2020-03-01","A DIVISION","7","1","offpeak","11,456","14,553","78.71916443345%"
"2020-03-01","A DIVISION","7","2","offpeak","3,368","3,907","86.20424878423%"
"2020-03-01","A DIVISION","7","2","peak","1,942","2,244","86.54188948307%"
"2020-03-01","A DIVISION","7","1","peak","9,054","11,821","76.59250486422%"
"2020-03-01","A DIVISION","S 42nd","2","offpeak","1,419","1,480","95.87837837838%"
"2020-03-01","A DIVISION","S 42nd","1","offpeak","4,162","4,245","98.04475853946%"
"2020-03-01","A DIVISION","S 42nd","2","peak","848","852","99.53051643192%"
"2020-03-01","A DIVISION","S 42nd","1","peak","2,941","3,075","95.64227642276%"
"2020-03-01","B DIVISION","A","2","offpeak","3,553","4,859","73.12204157234%"
"2020-03-01","B DIVISION","A","1","offpeak","10,357","14,825","69.86172006745%"
"2020-03-01","B DIVISION","A","1","peak","7,125","10,713","66.50798095771%"
"2020-03-01","B DIVISION","A","2","peak","1,843","2,514","73.30946698488%"
"2020-03-01","B DIVISION","B","1","offpeak","5,375","6,564","81.88604509445%"
"2020-03-01","B DIVISION","B","1","peak","4,297","5,905","72.76883996613%"
"2020-03-01","B DIVISION","C","2","offpeak","1,377","1,864","73.87339055794%"
"2020-03-01","B DIVISION","C","1","offpeak","6,518","8,887","73.34308540565%"
"2020-03-01","B DIVISION","C","1","peak","3,932","5,529","71.11593416531%"
"2020-03-01","B DIVISION","C","2","peak","760","1,037","73.28833172613%"
"2020-03-01","B DIVISION","D","2","offpeak","3,319","4,192","79.17461832061%"
"2020-03-01","B DIVISION","D","1","offpeak","7,922","10,599","74.74290027361%"
"2020-03-01","B DIVISION","D","1","peak","4,790","6,802","70.42046456924%"
"2020-03-01","B DIVISION","D","2","peak","1,703","2,159","78.8791106994%"
"2020-03-01","B DIVISION","E","2","offpeak","2,078","2,391","86.90924299456%"
"2020-03-01","B DIVISION","E","1","offpeak","9,441","12,858","73.425104993%"
"2020-03-01","B DIVISION","E","2","peak","1,020","1,195","85.35564853556%"
"2020-03-01","B DIVISION","E","1","peak","6,238","9,004","69.28031985784%"
"2020-03-01","B DIVISION","F","1","offpeak","15,235","21,313","71.48219396612%"
"2020-03-01","B DIVISION","F","2","offpeak","4,313","5,299","81.39271560672%"
"2020-03-01","B DIVISION","F","1","peak","10,149","14,465","70.16246111303%"
"2020-03-01","B DIVISION","F","2","peak","2,120","2,646","80.12093726379%"
"2020-03-01","B DIVISION","G","2","offpeak","3,428","3,984","86.04417670683%"
"2020-03-01","B DIVISION","G","1","offpeak","7,616","9,391","81.09892450218%"
"2020-03-01","B DIVISION","G","1","peak","4,269","5,458","78.21546353976%"
"2020-03-01","B DIVISION","G","2","peak","1,806","2,101","85.9590671109%"
"2020-03-01","B DIVISION","JZ","1","offpeak","6,525","7,912","82.46966632963%"
"2020-03-01","B DIVISION","JZ","2","offpeak","2,804","3,214","87.24331051649%"
"2020-03-01","B DIVISION","JZ","1","peak","4,556","5,901","77.20725300796%"
"2020-03-01","B DIVISION","JZ","2","peak","1,437","1,734","82.87197231834%"
"2020-03-01","B DIVISION","L","1","offpeak","11,612","15,017","77.32569754278%"
"2020-03-01","B DIVISION","L","2","offpeak","2,088","2,238","93.29758713137%"
"2020-03-01","B DIVISION","L","2","peak","1,056","1,134","93.12169312169%"
"2020-03-01","B DIVISION","L","1","peak","7,838","10,904","71.88187820983%"
"2020-03-01","B DIVISION","M","2","offpeak","2,922","3,766","77.58895379713%"
"2020-03-01","B DIVISION","M","1","offpeak","9,135","11,889","76.83573050719%"
"2020-03-01","B DIVISION","M","1","peak","5,610","7,879","71.20192917883%"
"2020-03-01","B DIVISION","M","2","peak","1,400","1,890","74.07407407407%"
"2020-03-01","B DIVISION","N","2","offpeak","3,656","4,815","75.92938733126%"
"2020-03-01","B DIVISION","N","1","offpeak","8,236","11,193","73.58170285%"
"2020-03-01","B DIVISION","N","1","peak","5,097","7,361","69.24330933297%"
"2020-03-01","B DIVISION","N","2","peak","1,827","2,365","77.25158562368%"
"2020-03-01","B DIVISION","Q","1","offpeak","7,589","10,098","75.15349574173%"
"2020-03-01","B DIVISION","Q","2","offpeak","2,874","3,537","81.25530110263%"
"2020-03-01","B DIVISION","Q","2","peak","1,414","1,819","77.73501924134%"
"2020-03-01","B DIVISION","Q","1","peak","4,342","5,959","72.86457459305%"
"2020-03-01","B DIVISION","R","2","offpeak","4,457","5,391","82.67482841773%"
"2020-03-01","B DIVISION","R","1","offpeak","11,207","14,547","77.03993950643%"
"2020-03-01","B DIVISION","R","2","peak","2,427","2,843","85.36756946887%"
"2020-03-01","B DIVISION","R","1","peak","7,133","10,069","70.84119574933%"
"2020-03-01","B DIVISION","S Fkln","2","offpeak","777","780","99.61538461538%"
"2020-03-01","B DIVISION","S Fkln","1","offpeak","1,695","1,755","96.5811965812%"
"2020-03-01","B DIVISION","S Fkln","2","peak","410","420","97.61904761905%"
"2020-03-01","B DIVISION","S Fkln","1","peak","995","1,020","97.54901960784%"
"2020-03-01","B DIVISION","S Rock","2","offpeak","503","515","97.66990291262%"
"2020-03-01","B DIVISION","S Rock","1","offpeak","1,218","1,278","95.30516431925%"
"2020-03-01","B DIVISION","S Rock","1","peak","633","651","97.23502304147%"
"2020-03-01","B DIVISION","S Rock","2","peak","276","285","96.84210526316%"
"2020-03-01","B DIVISION","W","1","offpeak","4,952","6,572","75.34996956786%"
"2020-03-01","B DIVISION","W","1","peak","3,005","4,345","69.15995397008%"
"2020-04-01","A DIVISION","1","2","offpeak","1,738","3,308","52.53929866989%"
"2020-04-01","A DIVISION","1","1","offpeak","9,777","11,231","87.05369067759%"
"2020-04-01","A DIVISION","1","2","peak","959","1,628","58.90663390663%"
"2020-04-01","A DIVISION","1","1","peak","4,984","5,772","86.34788634789%"
"2020-04-01","A DIVISION","2","1","offpeak","10,509","15,921","66.00716035425%"
"2020-04-01","A DIVISION","2","2","offpeak","1,509","4,518","33.39973439575%"
"2020-04-01","A DIVISION","2","2","peak","847","2,474","34.23605497171%"
"2020-04-01","A DIVISION","2","1","peak","6,008","9,371","64.11268808025%"
"2020-04-01","A DIVISION","3","1","offpeak","8,279","10,203","81.14280113692%"
"2020-04-01","A DIVISION","3","2","offpeak","1,217","2,268","53.65961199295%"
"2020-04-01","A DIVISION","3","2","peak","570","1,155","49.35064935065%"
"2020-04-01","A DIVISION","3","1","peak","4,636","5,408","85.72485207101%"
"2020-04-01","A DIVISION","4","1","offpeak","12,891","16,815","76.66369313113%"
"2020-04-01","A DIVISION","4","2","offpeak","2,711","4,648","58.32616179002%"
"2020-04-01","A DIVISION","4","1","peak","7,507","9,944","75.49275945294%"
"2020-04-01","A DIVISION","4","2","peak","1,431","2,552","56.0736677116%"
"2020-04-01","A DIVISION","5","1","offpeak","5,912","6,815","86.74981658107%"
"2020-04-01","A DIVISION","5","2","offpeak","1,071","2,028","52.81065088757%"
"2020-04-01","A DIVISION","5","1","peak","3,635","4,232","85.89319470699%"
"2020-04-01","A DIVISION","5","2","peak","645","1,139","56.62862159789%"
"2020-04-01","A DIVISION","6","1","offpeak","9,021","11,042","81.69715631226%"
"2020-04-01","A DIVISION","6","2","offpeak","1,034","3,106","33.29040566645%"
"2020-04-01","A DIVISION","6","1","peak","4,918","5,746","85.58997563522%"
"2020-04-01","A DIVISION","6","2","peak","628","1,652","38.01452784504%"
"2020-04-01","A DIVISION","7","1","offpeak","3,971","6,749","58.83834642169%"
"2020-04-01","A DIVISION","7","2","offpeak","909","2,589","35.1100811124%"
"2020-04-01","A DIVISION","7","1","peak","2,111","4,008","52.66966067864%"
"2020-04-01","A DIVISION","7","2","peak","581","1,728","33.62268518519%"
"2020-04-01","B DIVISION","A","1","offpeak","5,524","7,222","76.48850733869%"
"2020-04-01","B DIVISION","A","1","peak","2,948","3,932","74.97456765005%"
"2020-04-01","B DIVISION","D","2","offpeak","1,130","2,470","45.74898785425%"
"2020-04-01","B DIVISION","D","1","offpeak","6,275","8,378","74.8985438052%"
"2020-04-01","B DIVISION","D","2","peak","629","1,297","48.4965304549%"
"2020-04-01","B DIVISION","D","1","peak","3,386","4,640","72.97413793103%"
"2020-04-01","B DIVISION","E","2","offpeak","733","1,589","46.12964128383%"
"2020-04-01","B DIVISION","E","1","offpeak","4,759","6,058","78.55727963024%"
"2020-04-01","B DIVISION","E","1","peak","2,529","3,036","83.30039525692%"
"2020-04-01","B DIVISION","E","2","peak","395","788","50.1269035533%"
"2020-04-01","B DIVISION","F","1","offpeak","8,208","10,661","76.99090141638%"
"2020-04-01","B DIVISION","F","2","offpeak","1,560","3,169","49.22688545282%"
"2020-04-01","B DIVISION","F","1","peak","4,432","5,341","82.98071522187%"
"2020-04-01","B DIVISION","F","2","peak","777","1,587","48.96030245747%"
"2020-04-01","B DIVISION","G","1","offpeak","3,838","7,669","50.045638284%"
"2020-04-01","B DIVISION","G","2","offpeak","1,417","2,270","62.42290748899%"
"2020-04-01","B DIVISION","G","2","peak","690","1,170","58.97435897436%"
"2020-04-01","B DIVISION","G","1","peak","2,045","3,934","51.9827147941%"
"2020-04-01","B DIVISION","JZ","1","offpeak","3,749","6,565","57.1058644326%"
"2020-04-01","B DIVISION","JZ","2","offpeak","957","1,907","50.18353434714%"
"2020-04-01","B DIVISION","JZ","2","peak","546","1,032","52.90697674419%"
"2020-04-01","B DIVISION","JZ","1","peak","1,982","3,650","54.30136986301%"
"2020-04-01","B DIVISION","L","2","offpeak","1,055","1,108","95.21660649819%"
"2020-04-01","B DIVISION","L","1","offpeak","6,243","6,835","91.33869787857%"
"2020-04-01","B DIVISION","L","2","peak","563","576","97.74305555556%"
"2020-04-01","B DIVISION","L","1","peak","3,342","3,735","89.47791164659%"
"2020-04-01","B DIVISION","M","1","offpeak","4,815","8,407","57.27370048769%"
"2020-04-01","B DIVISION","M","2","offpeak","560","2,138","26.19270346118%"
"2020-04-01","B DIVISION","M","1","peak","2,597","4,625","56.15135135135%"
"2020-04-01","B DIVISION","M","2","peak","270","1,086","24.86187845304%"
"2020-04-01","B DIVISION","N","2","offpeak","334","2,869","11.64168699895%"
"2020-04-01","B DIVISION","N","1","offpeak","5,689","9,707","58.60719068713%"
"2020-04-01","B DIVISION","N","1","peak","2,892","5,001","57.82843431314%"
"2020-04-01","B DIVISION","N","2","peak","204","1,426","14.30575035063%"
"2020-04-01","B DIVISION","Q","2","offpeak","1,272","2,331","54.56885456885%"
"2020-04-01","B DIVISION","Q","1","offpeak","5,115","6,814","75.06604050484%"
"2020-04-01","B DIVISION","Q","1","peak","2,621","3,522","74.4179443498%"
"2020-04-01","B DIVISION","Q","2","peak","604","1,210","49.9173553719%"
"2020-04-01","B DIVISION","R","1","offpeak","6,547","10,240","63.935546875%"
"2020-04-01","B DIVISION","R","2","offpeak","1,688","3,141","53.74084686406%"
"2020-04-01","B DIVISION","R","1","peak","3,335","5,369","62.11585025144%"
"2020-04-01","B DIVISION","R","2","peak","927","1,675","55.34328358209%"
"2020-04-01","B DIVISION","S Fkln","1","offpeak","1,395","1,426","97.82608695652%"
"2020-04-01","B DIVISION","S Fkln","2","offpeak","396","398","99.49748743719%"
"2020-04-01","B DIVISION","S Fkln","2","peak","206","208","99.03846153846%"
"2020-04-01","B DIVISION","S Fkln","1","peak","835","845","98.81656804734%"
"2020-04-01","B DIVISION","S Rock","2","offpeak","296","303","97.6897689769%"
"2020-04-01","B DIVISION","S Rock","1","offpeak","835","852","98.00469483568%"
"2020-04-01","B DIVISION","S Rock","1","peak","445","456","97.58771929825%"
"2020-04-01","B DIVISION","S Rock","2","peak","159","164","96.9512195122%"
"2020-05-01","A DIVISION","1","1","offpeak","15,841","17,290","91.61943319838%"
"2020-05-01","A DIVISION","1","2","offpeak","6,977","8,164","85.46055854973%"
"2020-05-01","A DIVISION","1","2","peak","3,645","3,986","91.44505770196%"
"2020-05-01","A DIVISION","1","1","peak","8,185","8,880","92.17342342342%"
"2020-05-01","A DIVISION","2","1","offpeak","19,604","26,671","73.50305575344%"
"2020-05-01","A DIVISION","2","2","offpeak","8,656","11,459","75.53887773802%"
"2020-05-01","A DIVISION","2","1","peak","12,485","17,480","71.42448512586%"
"2020-05-01","A DIVISION","2","2","peak","4,661","6,185","75.35974130962%"
"2020-05-01","A DIVISION","3","1","offpeak","16,000","20,276","78.91102781614%"
"2020-05-01","A DIVISION","3","2","offpeak","5,521","6,577","83.94404743804%"
"2020-05-01","A DIVISION","3","1","peak","10,656","13,666","77.97453534319%"
"2020-05-01","A DIVISION","3","2","peak","2,732","3,261","83.77798221404%"
"2020-05-01","A DIVISION","4","2","offpeak","9,037","11,648","77.58413461538%"
"2020-05-01","A DIVISION","4","1","offpeak","23,064","29,670","77.7350859454%"
"2020-05-01","A DIVISION","4","2","peak","5,031","6,380","78.85579937304%"
"2020-05-01","A DIVISION","4","1","peak","15,193","21,780","69.75665748393%"
"2020-05-01","A DIVISION","5","2","offpeak","2,862","3,316","86.30880579011%"
"2020-05-01","A DIVISION","5","1","offpeak","8,786","10,261","85.62518273073%"
"2020-05-01","A DIVISION","5","2","peak","1,478","1,759","84.02501421262%"
"2020-05-01","A DIVISION","5","1","peak","5,549","6,482","85.60629435359%"
"2020-05-01","A DIVISION","6","1","offpeak","15,612","17,687","88.26821959631%"
"2020-05-01","A DIVISION","6","2","offpeak","6,622","7,837","84.49661860406%"
"2020-05-01","A DIVISION","6","1","peak","8,468","9,286","91.19104027568%"
"2020-05-01","A DIVISION","6","2","peak","3,533","4,130","85.54479418886%"
"2020-05-01","A DIVISION","7","1","offpeak","9,214","10,045","91.72722747636%"
"2020-05-01","A DIVISION","7","2","offpeak","4,727","5,469","86.43262022308%"
"2020-05-01","A DIVISION","7","2","peak","2,701","3,224","83.77791563275%"
"2020-05-01","A DIVISION","7","1","peak","5,325","5,761","92.43186946711%"
"2020-05-01","B DIVISION","A","2","offpeak","5,755","7,350","78.29931972789%"
"2020-05-01","B DIVISION","A","1","offpeak","13,068","16,076","81.28887783031%"
"2020-05-01","B DIVISION","A","2","peak","3,112","3,850","80.83116883117%"
"2020-05-01","B DIVISION","A","1","peak","7,044","8,451","83.35108271211%"
"2020-05-01","B DIVISION","C","2","offpeak","3,655","4,456","82.02423698384%"
"2020-05-01","B DIVISION","C","1","offpeak","8,636","9,905","87.18828874306%"
"2020-05-01","B DIVISION","C","1","peak","5,012","5,744","87.25626740947%"
"2020-05-01","B DIVISION","C","2","peak","2,068","2,479","83.420734167%"
"2020-05-01","B DIVISION","D","2","offpeak","4,991","6,191","80.61702471329%"
"2020-05-01","B DIVISION","D","1","offpeak","10,733","13,398","80.10897148828%"
"2020-05-01","B DIVISION","D","2","peak","2,661","3,243","82.05365402405%"
"2020-05-01","B DIVISION","D","1","peak","5,994","7,393","81.07669417016%"
"2020-05-01","B DIVISION","E","1","offpeak","8,465","9,336","90.6705227078%"
"2020-05-01","B DIVISION","E","2","offpeak","3,636","4,112","88.42412451362%"
"2020-05-01","B DIVISION","E","1","peak","4,278","4,716","90.71246819338%"
"2020-05-01","B DIVISION","E","2","peak","1,859","2,034","91.39626352016%"
"2020-05-01","B DIVISION","F","2","offpeak","5,925","6,946","85.30089260006%"
"2020-05-01","B DIVISION","F","1","offpeak","13,767","16,260","84.66789667897%"
"2020-05-01","B DIVISION","F","2","peak","2,960","3,476","85.15535097814%"
"2020-05-01","B DIVISION","F","1","peak","7,391","8,240","89.69660194175%"
"2020-05-01","B DIVISION","G","1","offpeak","8,197","9,121","89.86953184958%"
"2020-05-01","B DIVISION","G","2","offpeak","4,559","5,088","89.60298742138%"
"2020-05-01","B DIVISION","G","1","peak","4,466","4,812","92.80964256027%"
"2020-05-01","B DIVISION","G","2","peak","2,297","2,638","87.07354056103%"
"2020-05-01","B DIVISION","JZ","2","offpeak","4,395","4,812","91.33416458853%"
"2020-05-01","B DIVISION","JZ","1","offpeak","9,167","10,149","90.32416986895%"
"2020-05-01","B DIVISION","JZ","2","peak","2,270","2,593","87.54338603934%"
"2020-05-01","B DIVISION","JZ","1","peak","5,144","5,617","91.57913476945%"
"2020-05-01","B DIVISION","L","2","offpeak","8,931","11,196","79.76956055734%"
"2020-05-01","B DIVISION","L","1","offpeak","10,977","11,747","93.44513492807%"
"2020-05-01","B DIVISION","L","1","peak","5,713","6,045","94.50785773366%"
"2020-05-01","B DIVISION","L","2","peak","4,550","5,755","79.06168549088%"
"2020-05-01","B DIVISION","M","2","offpeak","2,184","2,337","93.45314505777%"
"2020-05-01","B DIVISION","M","1","offpeak","10,496","11,702","89.69406938985%"
"2020-05-01","B DIVISION","M","2","peak","1,126","1,234","91.24797406807%"
"2020-05-01","B DIVISION","M","1","peak","6,601","7,176","91.98717948718%"
"2020-05-01","B DIVISION","N","1","offpeak","13,363","16,829","79.40459920376%"
"2020-05-01","B DIVISION","N","2","offpeak","4,873","6,189","78.73646792697%"
"2020-05-01","B DIVISION","N","1","peak","7,145","8,773","81.4430639462%"
"2020-05-01","B DIVISION","N","2","peak","2,528","3,068","82.39895697523%"
"2020-05-01","B DIVISION","Q","2","offpeak","4,911","6,055","81.10652353427%"
"2020-05-01","B DIVISION","Q","1","offpeak","10,863","13,500","80.46666666667%"
"2020-05-01","B DIVISION","Q","1","peak","6,369","8,011","79.50318312321%"
"2020-05-01","B DIVISION","Q","2","peak","2,550","3,133","81.39163740823%"
"2020-05-01","B DIVISION","R","2","offpeak","6,381","7,772","82.10241893978%"
"2020-05-01","B DIVISION","R","1","offpeak","13,461","15,850","84.92744479495%"
"2020-05-01","B DIVISION","R","1","peak","7,336","8,336","88.00383877159%"
"2020-05-01","B DIVISION","R","2","peak","3,550","4,140","85.74879227053%"
"2020-05-01","B DIVISION","S Fkln","1","offpeak","2,225","2,253","98.75721260542%"
"2020-05-01","B DIVISION","S Fkln","2","offpeak","1,073","1,095","97.99086757991%"
"2020-05-01","B DIVISION","S Fkln","1","peak","1,337","1,366","97.87701317716%"
"2020-05-01","B DIVISION","S Fkln","2","peak","589","591","99.66159052453%"
"2020-05-01","B DIVISION","S Rock","1","offpeak","1,288","1,322","97.42813918306%"
"2020-05-01","B DIVISION","S Rock","2","offpeak","700","709","98.73060648801%"
"2020-05-01","B DIVISION","S Rock","2","peak","369","380","97.10526315789%"
"2020-05-01","B DIVISION","S Rock","1","peak","694","707","98.1612446959%"
"2020-06-01","A DIVISION","1","1","offpeak","23,222","27,006","85.98829889654%"
"2020-06-01","A DIVISION","1","2","offpeak","5,940","6,653","89.28303021193%"
"2020-06-01","A DIVISION","1","1","peak","14,700","17,433","84.32283600069%"
"2020-06-01","A DIVISION","1","2","peak","2,879","3,256","88.42137592138%"
"2020-06-01","A DIVISION","2","1","offpeak","21,039","29,669","70.9124001483%"
"2020-06-01","A DIVISION","2","2","offpeak","7,042","9,190","76.62676822633%"
"2020-06-01","A DIVISION","2","1","peak","13,697","19,228","71.23465779072%"
"2020-06-01","A DIVISION","2","2","peak","4,011","4,927","81.40856504973%"
"2020-06-01","A DIVISION","3","1","offpeak","17,726","23,371","75.84613409781%"
"2020-06-01","A DIVISION","3","2","offpeak","3,985","4,653","85.64367075005%"
"2020-06-01","A DIVISION","3","1","peak","11,901","15,686","75.87020272855%"
"2020-06-01","A DIVISION","3","2","peak","2,011","2,304","87.28298611111%"
"2020-06-01","A DIVISION","4","1","offpeak","23,537","32,565","72.27698449255%"
"2020-06-01","A DIVISION","4","2","offpeak","7,439","9,313","79.87759046494%"
"2020-06-01","A DIVISION","4","1","peak","16,533","23,958","69.00826446281%"
"2020-06-01","A DIVISION","4","2","peak","4,089","5,099","80.19219454795%"
"2020-06-01","A DIVISION","5","2","offpeak","1,608","1,829","87.91689447786%"
"2020-06-01","A DIVISION","5","1","offpeak","15,840","21,505","73.65728900256%"
"2020-06-01","A DIVISION","5","1","peak","12,311","17,568","70.07627504554%"
"2020-06-01","A DIVISION","5","2","peak","830","930","89.24731182796%"
"2020-06-01","A DIVISION","6","2","offpeak","5,632","6,279","89.69581143494%"
"2020-06-01","A DIVISION","6","1","offpeak","24,803","30,145","82.27898490629%"
"2020-06-01","A DIVISION","6","2","peak","2,993","3,304","90.58716707022%"
"2020-06-01","A DIVISION","6","1","peak","16,778","19,821","84.64759598406%"
"2020-06-01","A DIVISION","7","2","offpeak","4,177","4,919","84.91563325879%"
"2020-06-01","A DIVISION","7","1","offpeak","16,184","20,493","78.97330795882%"
"2020-06-01","A DIVISION","7","2","peak","2,475","3,120","79.32692307692%"
"2020-06-01","A DIVISION","7","1","peak","12,600","16,094","78.29004597987%"
"2020-06-01","B DIVISION","A","1","offpeak","15,319","20,517","74.66491202418%"
"2020-06-01","B DIVISION","A","2","offpeak","4,904","6,115","80.19623875715%"
"2020-06-01","B DIVISION","A","1","peak","9,755","13,601","71.72266745092%"
"2020-06-01","B DIVISION","A","2","peak","2,587","3,227","80.16733808491%"
"2020-06-01","B DIVISION","B","1","offpeak","5,795","7,344","78.90795206972%"
"2020-06-01","B DIVISION","B","1","peak","4,879","6,682","73.01706076025%"
"2020-06-01","B DIVISION","C","2","offpeak","3,202","3,754","85.29568460309%"
"2020-06-01","B DIVISION","C","1","offpeak","8,678","10,837","80.07751222663%"
"2020-06-01","B DIVISION","C","2","peak","1,781","2,106","84.56790123457%"
"2020-06-01","B DIVISION","C","1","peak","4,895","6,248","78.34507042254%"
"2020-06-01","B DIVISION","D","1","offpeak","12,323","16,024","76.90339490764%"
"2020-06-01","B DIVISION","D","2","offpeak","4,055","5,014","80.87355404866%"
"2020-06-01","B DIVISION","D","1","peak","7,568","9,838","76.92620451311%"
"2020-06-01","B DIVISION","D","2","peak","2,107","2,594","81.22590593678%"
"2020-06-01","B DIVISION","E","2","offpeak","3,143","3,652","86.06243154436%"
"2020-06-01","B DIVISION","E","1","offpeak","13,788","17,799","77.46502612506%"
"2020-06-01","B DIVISION","E","1","peak","8,807","11,874","74.17045645949%"
"2020-06-01","B DIVISION","E","2","peak","1,584","1,818","87.12871287129%"
"2020-06-01","B DIVISION","F","2","offpeak","3,793","4,549","83.38096284898%"
"2020-06-01","B DIVISION","F","1","offpeak","20,222","26,143","77.35148988257%"
"2020-06-01","B DIVISION","F","2","peak","1,919","2,272","84.46302816901%"
"2020-06-01","B DIVISION","F","1","peak","10,665","13,436","79.37630247097%"
"2020-06-01","B DIVISION","G","1","offpeak","10,687","12,649","84.48889240256%"
"2020-06-01","B DIVISION","G","2","offpeak","3,591","4,071","88.20928518791%"
"2020-06-01","B DIVISION","G","1","peak","6,318","7,606","83.0660005259%"
"2020-06-01","B DIVISION","G","2","peak","1,915","2,097","91.32093466857%"
"2020-06-01","B DIVISION","JZ","2","offpeak","2,761","3,157","87.45644599303%"
"2020-06-01","B DIVISION","JZ","1","offpeak","10,564","11,845","89.18531025749%"
"2020-06-01","B DIVISION","JZ","1","peak","6,608","8,085","81.7316017316%"
"2020-06-01","B DIVISION","JZ","2","peak","1,493","1,653","90.3206291591%"
"2020-06-01","B DIVISION","L","1","offpeak","14,279","16,077","88.81632145301%"
"2020-06-01","B DIVISION","L","2","offpeak","6,511","8,175","79.64525993884%"
"2020-06-01","B DIVISION","L","2","peak","3,279","4,053","80.90303478905%"
"2020-06-01","B DIVISION","L","1","peak","7,777","8,423","92.33052356643%"
"2020-06-01","B DIVISION","M","2","offpeak","1,147","1,201","95.5037468776%"
"2020-06-01","B DIVISION","M","1","offpeak","12,506","15,116","82.7335273882%"
"2020-06-01","B DIVISION","M","1","peak","8,808","11,421","77.12109272393%"
"2020-06-01","B DIVISION","M","2","peak","619","638","97.02194357367%"
"2020-06-01","B DIVISION","N","1","offpeak","14,738","19,357","76.13783127551%"
"2020-06-01","B DIVISION","N","2","offpeak","4,782","6,148","77.78139232271%"
"2020-06-01","B DIVISION","N","1","peak","8,655","11,616","74.50929752066%"
"2020-06-01","B DIVISION","N","2","peak","2,443","3,037","80.44122489299%"
"2020-06-01","B DIVISION","Q","1","offpeak","11,579","14,732","78.5976106435%"
"2020-06-01","B DIVISION","Q","2","offpeak","3,770","4,856","77.63591433278%"
"2020-06-01","B DIVISION","Q","1","peak","6,746","8,725","77.31805157593%"
"2020-06-01","B DIVISION","Q","2","peak","2,140","2,508","85.32695374801%"
"2020-06-01","B DIVISION","R","2","offpeak","5,101","6,288","81.1227735369%"
"2020-06-01","B DIVISION","R","1","offpeak","16,514","21,215","77.84115012963%"
"2020-06-01","B DIVISION","R","2","peak","2,700","3,285","82.19178082192%"
"2020-06-01","B DIVISION","R","1","peak","10,579","14,539","72.76291354288%"
"2020-06-01","B DIVISION","S Fkln","1","offpeak","2,551","2,626","97.14394516375%"
"2020-06-01","B DIVISION","S Fkln","2","offpeak","815","823","99.02794653706%"
"2020-06-01","B DIVISION","S Fkln","2","peak","440","442","99.54751131222%"
"2020-06-01","B DIVISION","S Fkln","1","peak","1,558","1,570","99.23566878981%"
"2020-06-01","B DIVISION","S Rock","1","offpeak","1,652","1,716","96.2703962704%"
"2020-06-01","B DIVISION","S Rock","2","offpeak","555","562","98.75444839858%"
"2020-06-01","B DIVISION","S Rock","2","peak","303","309","98.05825242718%"
"2020-06-01","B DIVISION","S Rock","1","peak","859","895","95.97765363128%"
"2020-06-01","B DIVISION","W","1","offpeak","5,366","7,337","73.13615919313%"
"2020-06-01","B DIVISION","W","1","peak","3,520","4,943","71.21181468744%"
"2020-07-01","A DIVISION","1","1","offpeak","21,854","25,997","84.06354579375%"
"2020-07-01","A DIVISION","1","2","offpeak","5,112","5,794","88.2292026234%"
"2020-07-01","A DIVISION","1","1","peak","13,908","16,989","81.86473600565%"
"2020-07-01","A DIVISION","1","2","peak","2,552","2,813","90.72164948454%"
"2020-07-01","A DIVISION","2","2","offpeak","6,011","7,472","80.44700214133%"
"2020-07-01","A DIVISION","2","1","offpeak","19,692","28,316","69.54372086453%"
"2020-07-01","A DIVISION","2","2","peak","3,248","3,972","81.77240684794%"
"2020-07-01","A DIVISION","2","1","peak","12,556","18,354","68.41015582434%"
"2020-07-01","A DIVISION","3","1","offpeak","16,507","22,759","72.52954874995%"
"2020-07-01","A DIVISION","3","2","offpeak","3,783","4,603","82.18553117532%"
"2020-07-01","A DIVISION","3","1","peak","10,838","14,973","72.38362385627%"
"2020-07-01","A DIVISION","3","2","peak","1,873","2,259","82.91279327136%"
"2020-07-01","A DIVISION","4","2","offpeak","5,832","8,040","72.53731343284%"
"2020-07-01","A DIVISION","4","1","offpeak","22,089","31,086","71.05771086663%"
"2020-07-01","A DIVISION","4","2","peak","3,159","4,384","72.05748175182%"
"2020-07-01","A DIVISION","4","1","peak","15,351","22,869","67.12580348944%"
"2020-07-01","A DIVISION","5","2","offpeak","527","570","92.45614035088%"
"2020-07-01","A DIVISION","5","1","offpeak","16,819","23,267","72.28692998668%"
"2020-07-01","A DIVISION","5","2","peak","275","289","95.15570934256%"
"2020-07-01","A DIVISION","5","1","peak","12,842","19,307","66.51473558813%"
"2020-07-01","A DIVISION","6","1","offpeak","23,624","30,260","78.07005948447%"
"2020-07-01","A DIVISION","6","2","offpeak","4,452","5,440","81.83823529412%"
"2020-07-01","A DIVISION","6","2","peak","2,289","2,847","80.40042149631%"
"2020-07-01","A DIVISION","6","1","peak","15,857","20,103","78.87877431229%"
"2020-07-01","A DIVISION","7","2","offpeak","3,253","3,579","90.89131042191%"
"2020-07-01","A DIVISION","7","1","offpeak","16,288","20,725","78.59107358263%"
"2020-07-01","A DIVISION","7","1","peak","13,195","16,767","78.69624858353%"
"2020-07-01","A DIVISION","7","2","peak","1,667","1,871","89.09673971138%"
"2020-07-01","B DIVISION","A","2","offpeak","3,739","5,062","73.86408534176%"
"2020-07-01","B DIVISION","A","1","offpeak","15,556","22,017","70.65449425444%"
"2020-07-01","B DIVISION","A","2","peak","2,002","2,616","76.52905198777%"
"2020-07-01","B DIVISION","A","1","peak","10,728","15,958","67.22646948239%"
"2020-07-01","B DIVISION","B","1","offpeak","7,474","9,602","77.83795042699%"
"2020-07-01","B DIVISION","B","1","peak","6,078","8,616","70.54317548747%"
"2020-07-01","B DIVISION","C","1","offpeak","8,218","10,823","75.93088792387%"
"2020-07-01","B DIVISION","C","2","offpeak","2,478","3,127","79.24528301887%"
"2020-07-01","B DIVISION","C","1","peak","4,721","6,259","75.42738456622%"
"2020-07-01","B DIVISION","C","2","peak","1,425","1,769","80.55398530243%"
"2020-07-01","B DIVISION","D","1","offpeak","11,827","15,695","75.35520866518%"
"2020-07-01","B DIVISION","D","2","offpeak","3,311","4,347","76.16747181965%"
"2020-07-01","B DIVISION","D","1","peak","7,328","9,963","73.55214292884%"
"2020-07-01","B DIVISION","D","2","peak","1,668","2,241","74.43105756359%"
"2020-07-01","B DIVISION","E","1","offpeak","14,068","18,882","74.50481940472%"
"2020-07-01","B DIVISION","E","2","offpeak","2,770","3,184","86.99748743719%"
"2020-07-01","B DIVISION","E","1","peak","9,643","13,232","72.87636033857%"
"2020-07-01","B DIVISION","E","2","peak","1,391","1,581","87.98228969007%"
"2020-07-01","B DIVISION","F","1","offpeak","19,789","26,371","75.04076447613%"
"2020-07-01","B DIVISION","F","2","offpeak","3,533","4,302","82.12459321246%"
"2020-07-01","B DIVISION","F","1","peak","10,653","13,652","78.0325227073%"
"2020-07-01","B DIVISION","F","2","peak","1,806","2,171","83.18747121142%"
"2020-07-01","B DIVISION","G","2","offpeak","3,137","3,528","88.91723356009%"
"2020-07-01","B DIVISION","G","1","offpeak","10,586","13,152","80.4896593674%"
"2020-07-01","B DIVISION","G","1","peak","6,181","7,982","77.43673264846%"
"2020-07-01","B DIVISION","G","2","peak","1,673","1,818","92.02420242024%"
"2020-07-01","B DIVISION","JZ","2","offpeak","2,393","2,609","91.72096588731%"
"2020-07-01","B DIVISION","JZ","1","offpeak","10,514","12,059","87.18799237084%"
"2020-07-01","B DIVISION","JZ","2","peak","1,249","1,417","88.14396612562%"
"2020-07-01","B DIVISION","JZ","1","peak","6,818","8,659","78.73888439774%"
"2020-07-01","B DIVISION","L","1","offpeak","20,643","26,503","77.88929555145%"
"2020-07-01","B DIVISION","L","2","offpeak","6,445","7,790","82.73427471117%"
"2020-07-01","B DIVISION","L","1","peak","12,302","16,006","76.85867799575%"
"2020-07-01","B DIVISION","L","2","peak","3,373","3,984","84.66365461847%"
"2020-07-01","B DIVISION","M","2","offpeak","861","955","90.15706806283%"
"2020-07-01","B DIVISION","M","1","offpeak","12,311","15,282","80.55882737862%"
"2020-07-01","B DIVISION","M","2","peak","475","499","95.19038076152%"
"2020-07-01","B DIVISION","M","1","peak","8,552","11,588","73.80048325854%"
"2020-07-01","B DIVISION","N","2","offpeak","3,984","5,113","77.91902992372%"
"2020-07-01","B DIVISION","N","1","offpeak","13,625","18,546","73.46597649089%"
"2020-07-01","B DIVISION","N","1","peak","8,102","11,584","69.94129834254%"
"2020-07-01","B DIVISION","N","2","peak","1,951","2,482","78.60596293312%"
"2020-07-01","B DIVISION","Q","2","offpeak","2,277","2,846","80.00702740689%"
"2020-07-01","B DIVISION","Q","1","offpeak","11,130","14,601","76.22765564002%"
"2020-07-01","B DIVISION","Q","2","peak","1,184","1,484","79.78436657682%"
"2020-07-01","B DIVISION","Q","1","peak","6,502","8,691","74.81302496836%"
"2020-07-01","B DIVISION","R","2","offpeak","4,498","5,454","82.47158049138%"
"2020-07-01","B DIVISION","R","1","offpeak","16,215","21,339","75.98762828624%"
"2020-07-01","B DIVISION","R","1","peak","10,563","14,816","71.29454643629%"
"2020-07-01","B DIVISION","R","2","peak","2,416","2,883","83.80159556018%"
"2020-07-01","B DIVISION","S Fkln","1","offpeak","2,530","2,570","98.44357976654%"
"2020-07-01","B DIVISION","S Fkln","2","offpeak","752","755","99.60264900662%"
"2020-07-01","B DIVISION","S Fkln","1","peak","1,523","1,548","98.3850129199%"
"2020-07-01","B DIVISION","S Fkln","2","peak","413","414","99.75845410628%"
"2020-07-01","B DIVISION","S Rock","1","offpeak","1,744","1,843","94.62832338578%"
"2020-07-01","B DIVISION","S Rock","2","offpeak","472","508","92.91338582677%"
"2020-07-01","B DIVISION","S Rock","1","peak","905","950","95.26315789474%"
"2020-07-01","B DIVISION","S Rock","2","peak","273","285","95.78947368421%"
"2020-07-01","B DIVISION","W","1","offpeak","6,903","9,272","74.44995685936%"
"2020-07-01","B DIVISION","W","1","peak","4,478","6,402","69.94689159638%"
"2020-08-01","A DIVISION","1","2","offpeak","7,547","8,331","90.58936502221%"
"2020-08-01","A DIVISION","1","1","offpeak","21,811","26,214","83.20363164721%"
"2020-08-01","A DIVISION","1","1","peak","13,156","16,989","77.43834245688%"
"2020-08-01","A DIVISION","1","2","peak","3,752","4,070","92.18673218673%"
"2020-08-01","A DIVISION","2","1","offpeak","18,448","28,394","64.97147284638%"
"2020-08-01","A DIVISION","2","2","offpeak","8,344","10,744","77.66195085629%"
"2020-08-01","A DIVISION","2","2","peak","4,468","5,770","77.43500866551%"
"2020-08-01","A DIVISION","2","1","peak","11,714","18,354","63.82259997821%"
"2020-08-01","A DIVISION","3","2","offpeak","6,786","7,812","86.866359447%"
"2020-08-01","A DIVISION","3","1","offpeak","16,224","23,140","70.11235955056%"
"2020-08-01","A DIVISION","3","1","peak","9,749","14,973","65.11053229146%"
"2020-08-01","A DIVISION","3","2","peak","3,497","3,935","88.86912325286%"
"2020-08-01","A DIVISION","4","2","offpeak","5,902","7,989","73.87658029791%"
"2020-08-01","A DIVISION","4","1","offpeak","20,161","29,357","68.67527335899%"
"2020-08-01","A DIVISION","4","2","peak","3,160","4,184","75.5258126195%"
"2020-08-01","A DIVISION","4","1","peak","14,527","22,872","63.51434067856%"
"2020-08-01","A DIVISION","5","1","offpeak","15,347","22,923","66.95022466518%"
"2020-08-01","A DIVISION","5","1","peak","11,762","19,054","61.72982051013%"
"2020-08-01","A DIVISION","6","2","offpeak","5,213","6,317","82.52334969131%"
"2020-08-01","A DIVISION","6","1","offpeak","20,773","28,581","72.68115181414%"
"2020-08-01","A DIVISION","6","1","peak","14,798","19,840","74.58669354839%"
"2020-08-01","A DIVISION","6","2","peak","2,902","3,305","87.80635400908%"
"2020-08-01","A DIVISION","7","1","offpeak","15,067","19,618","76.8019166072%"
"2020-08-01","A DIVISION","7","2","offpeak","5,023","5,679","88.44867054059%"
"2020-08-01","A DIVISION","7","2","peak","2,945","3,330","88.43843843844%"
"2020-08-01","A DIVISION","7","1","peak","11,765","16,305","72.15578043545%"
"2020-08-01","A DIVISION","S 42nd","2","offpeak","1,232","1,278","96.40062597809%"
"2020-08-01","A DIVISION","S 42nd","1","offpeak","4,346","4,843","89.73776584762%"
"2020-08-01","A DIVISION","S 42nd","1","peak","3,047","3,184","95.6972361809%"
"2020-08-01","A DIVISION","S 42nd","2","peak","735","744","98.79032258065%"
"2020-08-01","B DIVISION","A","1","offpeak","14,474","21,019","68.86150625624%"
"2020-08-01","B DIVISION","A","2","offpeak","5,821","7,793","74.69523931734%"
"2020-08-01","B DIVISION","A","1","peak","9,986","15,120","66.04497354497%"
"2020-08-01","B DIVISION","A","2","peak","3,163","4,106","77.03360935217%"
"2020-08-01","B DIVISION","B","1","offpeak","7,080","8,940","79.19463087248%"
"2020-08-01","B DIVISION","B","1","peak","5,970","8,052","74.14307004471%"
"2020-08-01","B DIVISION","C","2","offpeak","3,594","4,776","75.25125628141%"
"2020-08-01","B DIVISION","C","1","offpeak","8,083","10,238","78.95096698574%"
"2020-08-01","B DIVISION","C","1","peak","4,679","6,022","77.69843905679%"
"2020-08-01","B DIVISION","C","2","peak","2,040","2,700","75.55555555556%"
"2020-08-01","B DIVISION","D","2","offpeak","4,877","5,996","81.33755837225%"
"2020-08-01","B DIVISION","D","1","offpeak","11,358","14,935","76.04954804151%"
"2020-08-01","B DIVISION","D","1","peak","6,938","9,535","72.76350288411%"
"2020-08-01","B DIVISION","D","2","peak","2,499","3,089","80.89996762706%"
"2020-08-01","B DIVISION","E","2","offpeak","3,968","4,577","86.69434127158%"
"2020-08-01","B DIVISION","E","1","offpeak","13,643","17,998","75.80286698522%"
"2020-08-01","B DIVISION","E","2","peak","1,994","2,271","87.80273007486%"
"2020-08-01","B DIVISION","E","1","peak","9,358","12,621","74.1462641629%"
"2020-08-01","B DIVISION","F","1","offpeak","18,865","24,701","76.37342617708%"
"2020-08-01","B DIVISION","F","2","offpeak","4,952","6,233","79.44809882881%"
"2020-08-01","B DIVISION","F","2","peak","2,592","3,128","82.86445012788%"
"2020-08-01","B DIVISION","F","1","peak","10,077","12,819","78.60987596536%"
"2020-08-01","B DIVISION","G","2","offpeak","4,142","4,648","89.11359724613%"
"2020-08-01","B DIVISION","G","1","offpeak","10,202","12,349","82.61397684023%"
"2020-08-01","B DIVISION","G","2","peak","2,147","2,396","89.60767946578%"
"2020-08-01","B DIVISION","G","1","peak","6,081","7,619","79.81362383515%"
"2020-08-01","B DIVISION","JZ","2","offpeak","3,560","4,567","77.95051456098%"
"2020-08-01","B DIVISION","JZ","1","offpeak","9,807","11,517","85.15238343319%"
"2020-08-01","B DIVISION","JZ","2","peak","1,999","2,474","80.80032336297%"
"2020-08-01","B DIVISION","JZ","1","peak","6,435","8,248","78.01891367604%"
"2020-08-01","B DIVISION","L","2","offpeak","8,823","10,535","83.74940673944%"
"2020-08-01","B DIVISION","L","1","offpeak","19,636","24,529","80.05218313017%"
"2020-08-01","B DIVISION","L","1","peak","11,974","15,260","78.46657929227%"
"2020-08-01","B DIVISION","L","2","peak","4,569","5,400","84.61111111111%"
"2020-08-01","B DIVISION","M","1","offpeak","11,631","14,540","79.99312242091%"
"2020-08-01","B DIVISION","M","2","offpeak","1,939","2,110","91.89573459716%"
"2020-08-01","B DIVISION","M","2","peak","1,056","1,118","94.45438282648%"
"2020-08-01","B DIVISION","M","1","peak","8,476","11,059","76.64345781716%"
"2020-08-01","B DIVISION","N","2","offpeak","5,929","7,721","76.79057116954%"
"2020-08-01","B DIVISION","N","1","offpeak","12,970","17,685","73.3389878428%"
"2020-08-01","B DIVISION","N","1","peak","8,019","11,012","72.82055938976%"
"2020-08-01","B DIVISION","N","2","peak","2,983","3,787","78.76947451809%"
"2020-08-01","B DIVISION","Q","2","offpeak","4,638","5,855","79.21434671221%"
"2020-08-01","B DIVISION","Q","1","offpeak","10,441","13,868","75.28843380444%"
"2020-08-01","B DIVISION","Q","1","peak","6,051","8,173","74.03646151964%"
"2020-08-01","B DIVISION","Q","2","peak","2,407","2,997","80.31364698031%"
"2020-08-01","B DIVISION","R","1","offpeak","15,749","20,539","76.67851404645%"
"2020-08-01","B DIVISION","R","2","offpeak","6,176","7,790","79.2811296534%"
"2020-08-01","B DIVISION","R","2","peak","3,319","4,092","81.10948191593%"
"2020-08-01","B DIVISION","R","1","peak","10,353","14,210","72.85714285714%"
"2020-08-01","B DIVISION","S Fkln","2","offpeak","1,097","1,099","99.81801637853%"
"2020-08-01","B DIVISION","S Fkln","1","offpeak","2,270","2,346","96.76044330776%"
"2020-08-01","B DIVISION","S Fkln","1","peak","1,372","1,406","97.58179231863%"
"2020-08-01","B DIVISION","S Fkln","2","peak","581","593","97.97639123103%"
"2020-08-01","B DIVISION","S Rock","2","offpeak","684","723","94.60580912863%"
"2020-08-01","B DIVISION","S Rock","1","offpeak","1,621","1,727","93.86218876665%"
"2020-08-01","B DIVISION","S Rock","1","peak","835","893","93.50503919373%"
"2020-08-01","B DIVISION","S Rock","2","peak","376","406","92.61083743842%"
"2020-08-01","B DIVISION","W","1","offpeak","6,696","8,745","76.56946826758%"
"2020-08-01","B DIVISION","W","1","peak","4,454","5,975","74.54393305439%"
"2020-09-01","A DIVISION","1","1","offpeak","21,433","25,735","83.28346609676%"
"2020-09-01","A DIVISION","1","2","offpeak","5,657","6,661","84.92718810989%"
"2020-09-01","A DIVISION","1","1","peak","13,112","16,989","77.17935134499%"
"2020-09-01","A DIVISION","1","2","peak","2,929","3,253","90.03996311097%"
"2020-09-01","A DIVISION","2","1","offpeak","19,565","28,319","69.08789152159%"
"2020-09-01","A DIVISION","2","2","offpeak","5,544","7,616","72.79411764706%"
"2020-09-01","A DIVISION","2","2","peak","2,913","3,960","73.56060606061%"
"2020-09-01","A DIVISION","2","1","peak","12,435","18,354","67.7508989866%"
"2020-09-01","A DIVISION","3","1","offpeak","16,681","22,812","73.12379449413%"
"2020-09-01","A DIVISION","3","2","offpeak","4,893","6,214","78.74155133569%"
"2020-09-01","A DIVISION","3","2","peak","2,746","3,141","87.42438713785%"
"2020-09-01","A DIVISION","3","1","peak","10,663","14,973","71.21485340279%"
"2020-09-01","A DIVISION","4","1","offpeak","21,949","31,029","70.73705243482%"
"2020-09-01","A DIVISION","4","2","offpeak","6,132","7,937","77.25840997858%"
"2020-09-01","A DIVISION","4","2","peak","3,356","4,318","77.72116720704%"
"2020-09-01","A DIVISION","4","1","peak","14,987","22,869","65.53412917049%"
"2020-09-01","A DIVISION","5","2","offpeak","1,546","1,712","90.30373831776%"
"2020-09-01","A DIVISION","5","1","offpeak","16,905","23,625","71.55555555556%"
"2020-09-01","A DIVISION","5","2","peak","867","928","93.42672413793%"
"2020-09-01","A DIVISION","5","1","peak","13,173","19,540","67.41555783009%"
"2020-09-01","A DIVISION","6","2","offpeak","4,882","6,009","81.24479946747%"
"2020-09-01","A DIVISION","6","1","offpeak","22,489","29,687","75.75369690437%"
"2020-09-01","A DIVISION","6","2","peak","2,619","3,149","83.16926008257%"
"2020-09-01","A DIVISION","6","1","peak","14,801","19,638","75.36918219778%"
"2020-09-01","A DIVISION","7","2","offpeak","3,691","4,151","88.91833293182%"
"2020-09-01","A DIVISION","7","1","offpeak","14,699","18,196","80.78149043746%"
"2020-09-01","A DIVISION","7","2","peak","2,192","2,533","86.53770232925%"
"2020-09-01","A DIVISION","7","1","peak","11,433","14,909","76.68522369039%"
"2020-09-01","A DIVISION","S 42nd","2","offpeak","1,516","1,704","88.96713615023%"
"2020-09-01","A DIVISION","S 42nd","1","offpeak","5,842","6,297","92.77433698587%"
"2020-09-01","A DIVISION","S 42nd","2","peak","831","992","83.77016129032%"
"2020-09-01","A DIVISION","S 42nd","1","peak","4,063","4,218","96.32527264106%"
"2020-09-01","B DIVISION","A","2","offpeak","4,294","5,999","71.57859643274%"
"2020-09-01","B DIVISION","A","1","offpeak","14,605","20,971","69.6437938105%"
"2020-09-01","B DIVISION","A","1","peak","9,728","14,793","65.76083282634%"
"2020-09-01","B DIVISION","A","2","peak","2,250","3,178","70.79924480806%"
"2020-09-01","B DIVISION","B","1","offpeak","7,005","9,074","77.19858937624%"
"2020-09-01","B DIVISION","B","1","peak","5,805","8,023","72.35448086751%"
"2020-09-01","B DIVISION","C","1","offpeak","7,931","10,191","77.8235698165%"
"2020-09-01","B DIVISION","C","2","offpeak","2,170","2,763","78.53782120883%"
"2020-09-01","B DIVISION","C","1","peak","4,559","5,802","78.57635298173%"
"2020-09-01","B DIVISION","C","2","peak","1,178","1,570","75.03184713376%"
"2020-09-01","B DIVISION","D","2","offpeak","3,077","4,049","75.99407261052%"
"2020-09-01","B DIVISION","D","1","offpeak","10,861","14,746","73.65387223654%"
"2020-09-01","B DIVISION","D","2","peak","1,605","2,065","77.72397094431%"
"2020-09-01","B DIVISION","D","1","peak","7,104","9,510","74.70031545741%"
"2020-09-01","B DIVISION","E","2","offpeak","1,425","1,712","83.23598130841%"
"2020-09-01","B DIVISION","E","1","offpeak","11,814","15,830","74.63044851548%"
"2020-09-01","B DIVISION","E","1","peak","8,287","11,349","73.01964930831%"
"2020-09-01","B DIVISION","E","2","peak","697","847","82.29043683589%"
"2020-09-01","B DIVISION","F","1","offpeak","17,872","24,161","73.97044824304%"
"2020-09-01","B DIVISION","F","2","offpeak","3,074","4,072","75.49115913556%"
"2020-09-01","B DIVISION","F","2","peak","1,538","2,019","76.17632491332%"
"2020-09-01","B DIVISION","F","1","peak","9,800","12,743","76.9049674331%"
"2020-09-01","B DIVISION","G","1","offpeak","10,312","12,534","82.27221956279%"
"2020-09-01","B DIVISION","G","2","offpeak","3,002","3,613","83.08884583449%"
"2020-09-01","B DIVISION","G","1","peak","5,992","7,596","78.88362295945%"
"2020-09-01","B DIVISION","G","2","peak","1,591","1,854","85.81445523193%"
"2020-09-01","B DIVISION","JZ","2","offpeak","3,037","3,599","84.38455126424%"
"2020-09-01","B DIVISION","JZ","1","offpeak","9,812","11,480","85.47038327526%"
"2020-09-01","B DIVISION","JZ","2","peak","1,726","1,945","88.74035989717%"
"2020-09-01","B DIVISION","JZ","1","peak","6,631","8,256","80.31734496124%"
"2020-09-01","B DIVISION","L","1","offpeak","19,401","25,365","76.4872856298%"
"2020-09-01","B DIVISION","L","2","offpeak","3,810","4,449","85.63722184761%"
"2020-09-01","B DIVISION","L","2","peak","1,834","2,076","88.3429672447%"
"2020-09-01","B DIVISION","L","1","peak","11,672","15,264","76.46750524109%"
"2020-09-01","B DIVISION","M","1","offpeak","11,543","14,439","79.94320936353%"
"2020-09-01","B DIVISION","M","2","offpeak","1,576","1,650","95.51515151515%"
"2020-09-01","B DIVISION","M","1","peak","8,341","11,016","75.71713870733%"
"2020-09-01","B DIVISION","M","2","peak","826","874","94.50800915332%"
"2020-09-01","B DIVISION","N","2","offpeak","4,787","6,124","78.16786414108%"
"2020-09-01","B DIVISION","N","1","offpeak","13,050","17,544","74.38440492476%"
"2020-09-01","B DIVISION","N","1","peak","7,755","11,010","70.43596730245%"
"2020-09-01","B DIVISION","N","2","peak","2,385","3,030","78.71287128713%"
"2020-09-01","B DIVISION","Q","2","offpeak","3,427","4,333","79.09069928456%"
"2020-09-01","B DIVISION","Q","1","offpeak","10,595","13,751","77.04894189513%"
"2020-09-01","B DIVISION","Q","2","peak","1,820","2,219","82.01892744479%"
"2020-09-01","B DIVISION","Q","1","peak","6,045","8,107","74.56519057605%"
"2020-09-01","B DIVISION","R","2","offpeak","4,609","6,105","75.4954954955%"
"2020-09-01","B DIVISION","R","1","offpeak","15,284","19,963","76.56163903221%"
"2020-09-01","B DIVISION","R","2","peak","2,444","3,156","77.43979721166%"
"2020-09-01","B DIVISION","R","1","peak","10,063","13,975","72.00715563506%"
"2020-09-01","B DIVISION","S Fkln","1","offpeak","2,495","2,523","98.89021006738%"
"2020-09-01","B DIVISION","S Fkln","2","offpeak","890","898","99.10913140312%"
"2020-09-01","B DIVISION","S Fkln","1","peak","1,483","1,507","98.40743198407%"
"2020-09-01","B DIVISION","S Fkln","2","peak","461","480","96.04166666667%"
"2020-09-01","B DIVISION","S Rock","2","offpeak","593","610","97.2131147541%"
"2020-09-01","B DIVISION","S Rock","1","offpeak","1,743","1,820","95.76923076923%"
"2020-09-01","B DIVISION","S Rock","1","peak","876","905","96.7955801105%"
"2020-09-01","B DIVISION","S Rock","2","peak","321","332","96.68674698795%"
"2020-09-01","B DIVISION","W","1","offpeak","6,604","8,987","73.48392121954%"
"2020-09-01","B DIVISION","W","1","peak","4,239","6,084","69.67455621302%"
"2020-10-01","A DIVISION","1","1","offpeak","22,271","26,891","82.819530698%"
"2020-10-01","A DIVISION","1","2","offpeak","6,562","7,505","87.43504330446%"
"2020-10-01","A DIVISION","1","1","peak","13,963","17,802","78.43500730255%"
"2020-10-01","A DIVISION","1","2","peak","3,314","3,700","89.56756756757%"
"2020-10-01","A DIVISION","2","1","offpeak","20,722","29,681","69.81570701796%"
"2020-10-01","A DIVISION","2","2","offpeak","6,146","8,102","75.85781288571%"
"2020-10-01","A DIVISION","2","1","peak","12,961","19,228","67.40690659455%"
"2020-10-01","A DIVISION","2","2","peak","3,345","4,187","79.89013613566%"
"2020-10-01","A DIVISION","3","1","offpeak","16,975","22,985","73.85251250816%"
"2020-10-01","A DIVISION","3","2","offpeak","5,509","7,019","78.48696395498%"
"2020-10-01","A DIVISION","3","1","peak","11,139","15,686","71.01236771644%"
"2020-10-01","A DIVISION","3","2","peak","3,060","3,593","85.16559977734%"
"2020-10-01","A DIVISION","4","1","offpeak","23,531","32,553","72.28519644887%"
"2020-10-01","A DIVISION","4","2","offpeak","6,536","8,970","72.86510590858%"
"2020-10-01","A DIVISION","4","1","peak","16,187","23,950","67.5866388309%"
"2020-10-01","A DIVISION","4","2","peak","3,733","4,826","77.35184417737%"
"2020-10-01","A DIVISION","5","2","offpeak","1,166","1,195","97.57322175732%"
"2020-10-01","A DIVISION","5","1","offpeak","17,505","24,514","71.40817492045%"
"2020-10-01","A DIVISION","5","2","peak","633","644","98.29192546584%"
"2020-10-01","A DIVISION","5","1","peak","13,700","20,517","66.77389481893%"
"2020-10-01","A DIVISION","6","2","offpeak","5,666","7,414","76.42298354465%"
"2020-10-01","A DIVISION","6","1","offpeak","24,743","31,569","78.37752225284%"
"2020-10-01","A DIVISION","6","1","peak","16,172","20,918","77.31140644421%"
"2020-10-01","A DIVISION","6","2","peak","3,099","3,912","79.21779141104%"
"2020-10-01","A DIVISION","7","1","offpeak","15,742","19,257","81.74689723218%"
"2020-10-01","A DIVISION","7","2","offpeak","4,283","5,060","84.6442687747%"
"2020-10-01","A DIVISION","7","2","peak","2,447","2,958","82.72481406356%"
"2020-10-01","A DIVISION","7","1","peak","12,514","15,826","79.07241248578%"
"2020-10-01","A DIVISION","S 42nd","1","offpeak","5,773","6,578","87.76223776224%"
"2020-10-01","A DIVISION","S 42nd","2","offpeak","1,394","1,928","72.30290456432%"
"2020-10-01","A DIVISION","S 42nd","1","peak","4,222","4,444","95.00450045005%"
"2020-10-01","A DIVISION","S 42nd","2","peak","632","1,132","55.83038869258%"
"2020-10-01","B DIVISION","A","2","offpeak","5,081","6,992","72.66876430206%"
"2020-10-01","B DIVISION","A","1","offpeak","15,260","22,064","69.16243654822%"
"2020-10-01","B DIVISION","A","1","peak","10,565","16,028","65.91589717994%"
"2020-10-01","B DIVISION","A","2","peak","2,747","3,668","74.89094874591%"
"2020-10-01","B DIVISION","B","1","offpeak","7,433","9,529","78.00398782663%"
"2020-10-01","B DIVISION","B","1","peak","5,895","8,553","68.92318484742%"
"2020-10-01","B DIVISION","C","2","offpeak","3,396","4,258","79.75575387506%"
"2020-10-01","B DIVISION","C","1","offpeak","8,771","10,856","80.79403095063%"
"2020-10-01","B DIVISION","C","2","peak","1,951","2,435","80.12320328542%"
"2020-10-01","B DIVISION","C","1","peak","5,020","6,312","79.53105196451%"
"2020-10-01","B DIVISION","D","1","offpeak","10,956","15,014","72.97189289996%"
"2020-10-01","B DIVISION","D","2","offpeak","2,555","3,101","82.3927765237%"
"2020-10-01","B DIVISION","D","1","peak","6,891","9,935","69.36084549572%"
"2020-10-01","B DIVISION","D","2","peak","1,300","1,616","80.44554455446%"
"2020-10-01","B DIVISION","E","2","offpeak","1,156","1,390","83.1654676259%"
"2020-10-01","B DIVISION","E","1","offpeak","11,315","15,597","72.54600243637%"
"2020-10-01","B DIVISION","E","1","peak","7,468","10,400","71.80769230769%"
"2020-10-01","B DIVISION","E","2","peak","618","701","88.15977175464%"
"2020-10-01","B DIVISION","F","1","offpeak","19,332","26,366","73.32170219222%"
"2020-10-01","B DIVISION","F","2","offpeak","4,875","5,987","81.42642391849%"
"2020-10-01","B DIVISION","F","1","peak","10,626","13,515","78.62375138735%"
"2020-10-01","B DIVISION","F","2","peak","2,474","3,010","82.1926910299%"
"2020-10-01","B DIVISION","G","1","offpeak","10,798","12,959","83.32433058106%"
"2020-10-01","B DIVISION","G","2","offpeak","4,100","4,595","89.2274211099%"
"2020-10-01","B DIVISION","G","1","peak","6,372","7,968","79.96987951807%"
"2020-10-01","B DIVISION","G","2","peak","2,111","2,392","88.2525083612%"
"2020-10-01","B DIVISION","JZ","1","offpeak","10,292","12,084","85.17047335319%"
"2020-10-01","B DIVISION","JZ","2","offpeak","3,720","4,357","85.37984851962%"
"2020-10-01","B DIVISION","JZ","1","peak","6,814","8,650","78.77456647399%"
"2020-10-01","B DIVISION","JZ","2","peak","2,054","2,360","87.03389830508%"
"2020-10-01","B DIVISION","L","2","offpeak","7,622","9,049","84.23030169079%"
"2020-10-01","B DIVISION","L","1","offpeak","20,968","26,607","78.8063291615%"
"2020-10-01","B DIVISION","L","1","peak","12,425","16,007","77.62229024802%"
"2020-10-01","B DIVISION","L","2","peak","3,885","4,590","84.64052287582%"
"2020-10-01","B DIVISION","M","1","offpeak","12,201","15,244","80.03804775649%"
"2020-10-01","B DIVISION","M","2","offpeak","1,981","2,124","93.26741996234%"
"2020-10-01","B DIVISION","M","1","peak","8,578","11,554","74.24268651549%"
"2020-10-01","B DIVISION","M","2","peak","1,054","1,133","93.02736098853%"
"2020-10-01","B DIVISION","N","1","offpeak","13,199","17,594","75.01989314539%"
"2020-10-01","B DIVISION","N","2","offpeak","3,958","5,237","75.57762077525%"
"2020-10-01","B DIVISION","N","1","peak","8,140","11,639","69.93727983504%"
"2020-10-01","B DIVISION","N","2","peak","2,103","2,607","80.66743383199%"
"2020-10-01","B DIVISION","Q","1","offpeak","11,108","14,624","75.95733041575%"
"2020-10-01","B DIVISION","Q","2","offpeak","4,212","5,313","79.27724449464%"
"2020-10-01","B DIVISION","Q","1","peak","6,451","8,815","73.18207600681%"
"2020-10-01","B DIVISION","Q","2","peak","2,204","2,718","81.08903605592%"
"2020-10-01","B DIVISION","R","1","offpeak","15,609","21,023","74.24725300861%"
"2020-10-01","B DIVISION","R","2","offpeak","4,634","5,522","83.91886997465%"
"2020-10-01","B DIVISION","R","2","peak","2,518","2,954","85.240352065%"
"2020-10-01","B DIVISION","R","1","peak","10,478","14,838","70.61598598194%"
"2020-10-01","B DIVISION","S Fkln","1","offpeak","2,521","2,545","99.05697445972%"
"2020-10-01","B DIVISION","S Fkln","2","offpeak","1,023","1,023","100%"
"2020-10-01","B DIVISION","S Fkln","1","peak","1,507","1,524","98.8845144357%"
"2020-10-01","B DIVISION","S Fkln","2","peak","552","555","99.45945945946%"
"2020-10-01","B DIVISION","S Rock","1","offpeak","1,809","1,912","94.6129707113%"
"2020-10-01","B DIVISION","S Rock","2","offpeak","668","694","96.25360230548%"
"2020-10-01","B DIVISION","S Rock","1","peak","923","960","96.14583333333%"
"2020-10-01","B DIVISION","S Rock","2","peak","372","377","98.67374005305%"
"2020-10-01","B DIVISION","W","1","offpeak","7,469","9,347","79.90799186905%"
"2020-10-01","B DIVISION","W","1","peak","4,604","6,439","71.50178599161%"
"2020-11-01","A DIVISION","1","2","offpeak","4,954","7,441","66.57707297406%"
"2020-11-01","A DIVISION","1","1","offpeak","20,956","25,029","83.72687682289%"
"2020-11-01","A DIVISION","1","1","peak","12,977","16,180","80.20395550062%"
"2020-11-01","A DIVISION","1","2","peak","2,789","3,618","77.08678828082%"
"2020-11-01","A DIVISION","2","1","offpeak","18,386","26,882","68.39520868983%"
"2020-11-01","A DIVISION","2","2","offpeak","5,441","7,706","70.60731897223%"
"2020-11-01","A DIVISION","2","1","peak","11,848","17,480","67.78032036613%"
"2020-11-01","A DIVISION","2","2","peak","2,833","3,948","71.757852077%"
"2020-11-01","A DIVISION","3","1","offpeak","15,786","21,732","72.63942573164%"
"2020-11-01","A DIVISION","3","2","offpeak","4,758","6,919","68.76716288481%"
"2020-11-01","A DIVISION","3","2","peak","2,669","3,442","77.54212667054%"
"2020-11-01","A DIVISION","3","1","peak","10,177","14,260","71.36746143058%"
"2020-11-01","A DIVISION","4","1","offpeak","22,353","29,641","75.41243547789%"
"2020-11-01","A DIVISION","4","2","offpeak","6,614","9,837","67.23594591847%"
"2020-11-01","A DIVISION","4","2","peak","3,674","5,361","68.53199030032%"
"2020-11-01","A DIVISION","4","1","peak","15,048","21,780","69.09090909091%"
"2020-11-01","A DIVISION","5","1","offpeak","16,217","22,527","71.98916855329%"
"2020-11-01","A DIVISION","5","2","offpeak","2,053","2,306","89.02862098873%"
"2020-11-01","A DIVISION","5","1","peak","12,480","18,728","66.6381888082%"
"2020-11-01","A DIVISION","5","2","peak","1,014","1,179","86.00508905852%"
"2020-11-01","A DIVISION","6","2","offpeak","4,666","7,080","65.90395480226%"
"2020-11-01","A DIVISION","6","1","offpeak","21,038","27,817","75.63001042528%"
"2020-11-01","A DIVISION","6","1","peak","14,278","18,976","75.24241146712%"
"2020-11-01","A DIVISION","6","2","peak","2,543","3,678","69.14083741164%"
"2020-11-01","A DIVISION","7","2","offpeak","3,730","4,698","79.39548744146%"
"2020-11-01","A DIVISION","7","1","offpeak","14,886","18,210","81.74629324547%"
"2020-11-01","A DIVISION","7","1","peak","11,885","15,026","79.09623319579%"
"2020-11-01","A DIVISION","7","2","peak","2,287","2,963","77.18528518394%"
"2020-11-01","A DIVISION","S 42nd","2","offpeak","1,717","1,906","90.08394543547%"
"2020-11-01","A DIVISION","S 42nd","1","offpeak","5,741","5,996","95.74716477652%"
"2020-11-01","A DIVISION","S 42nd","1","peak","3,938","4,040","97.47524752475%"
"2020-11-01","A DIVISION","S 42nd","2","peak","946","1,100","86%"
"2020-11-01","B DIVISION","A","1","offpeak","13,671","19,524","70.02151198525%"
"2020-11-01","B DIVISION","A","2","offpeak","5,110","7,141","71.55860523736%"
"2020-11-01","B DIVISION","A","1","peak","9,336","14,456","64.58218040952%"
"2020-11-01","B DIVISION","A","2","peak","2,638","3,688","71.52928416486%"
"2020-11-01","B DIVISION","B","1","offpeak","6,619","8,773","75.44739541776%"
"2020-11-01","B DIVISION","B","1","peak","5,421","7,868","68.89933909507%"
"2020-11-01","B DIVISION","C","2","offpeak","3,115","4,269","72.96790817522%"
"2020-11-01","B DIVISION","C","1","offpeak","7,570","9,162","82.62388124864%"
"2020-11-01","B DIVISION","C","1","peak","4,602","5,715","80.5249343832%"
"2020-11-01","B DIVISION","C","2","peak","1,836","2,403","76.40449438202%"
"2020-11-01","B DIVISION","D","1","offpeak","10,251","13,963","73.41545513142%"
"2020-11-01","B DIVISION","D","2","offpeak","2,657","3,640","72.99450549451%"
"2020-11-01","B DIVISION","D","2","peak","1,475","1,896","77.79535864979%"
"2020-11-01","B DIVISION","D","1","peak","6,499","9,093","71.4725613109%"
"2020-11-01","B DIVISION","E","2","offpeak","2,228","2,787","79.94259059921%"
"2020-11-01","B DIVISION","E","1","offpeak","9,936","12,693","78.27936658%"
"2020-11-01","B DIVISION","E","1","peak","7,291","10,490","69.50428979981%"
"2020-11-01","B DIVISION","E","2","peak","1,180","1,418","83.21579689704%"
"2020-11-01","B DIVISION","F","2","offpeak","3,995","5,270","75.8064516129%"
"2020-11-01","B DIVISION","F","1","offpeak","17,351","23,074","75.19719164427%"
"2020-11-01","B DIVISION","F","1","peak","9,150","11,734","77.9785239475%"
"2020-11-01","B DIVISION","F","2","peak","2,055","2,626","78.25590251333%"
"2020-11-01","B DIVISION","G","1","offpeak","9,776","11,987","81.5550179361%"
"2020-11-01","B DIVISION","G","2","offpeak","3,837","4,537","84.57130262288%"
"2020-11-01","B DIVISION","G","1","peak","5,549","7,250","76.53793103448%"
"2020-11-01","B DIVISION","G","2","peak","2,037","2,347","86.79164891351%"
"2020-11-01","B DIVISION","JZ","2","offpeak","3,326","3,954","84.11734951947%"
"2020-11-01","B DIVISION","JZ","1","offpeak","9,375","10,931","85.76525477998%"
"2020-11-01","B DIVISION","JZ","1","peak","6,300","7,852","80.23433520122%"
"2020-11-01","B DIVISION","JZ","2","peak","1,809","2,116","85.49149338374%"
"2020-11-01","B DIVISION","L","1","offpeak","18,762","23,694","79.18460369714%"
"2020-11-01","B DIVISION","L","2","offpeak","7,001","8,932","78.38110165696%"
"2020-11-01","B DIVISION","L","2","peak","3,679","4,501","81.73739169074%"
"2020-11-01","B DIVISION","L","1","peak","11,089","14,548","76.22353588122%"
"2020-11-01","B DIVISION","M","1","offpeak","10,909","13,720","79.51166180758%"
"2020-11-01","B DIVISION","M","2","offpeak","1,148","1,200","95.66666666667%"
"2020-11-01","B DIVISION","M","1","peak","7,566","10,387","72.84105131414%"
"2020-11-01","B DIVISION","M","2","peak","592","616","96.1038961039%"
"2020-11-01","B DIVISION","N","2","offpeak","4,863","6,399","75.99624941397%"
"2020-11-01","B DIVISION","N","1","offpeak","11,840","16,168","73.23107372588%"
"2020-11-01","B DIVISION","N","2","peak","2,463","3,211","76.70507630022%"
"2020-11-01","B DIVISION","N","1","peak","6,875","10,551","65.15970050232%"
"2020-11-01","B DIVISION","Q","2","offpeak","3,648","5,043","72.33789411065%"
"2020-11-01","B DIVISION","Q","1","offpeak","9,334","13,116","71.16498932601%"
"2020-11-01","B DIVISION","Q","1","peak","5,360","7,822","68.52467399642%"
"2020-11-01","B DIVISION","Q","2","peak","1,913","2,592","73.80401234568%"
"2020-11-01","B DIVISION","R","2","offpeak","5,056","6,481","78.01265236846%"
"2020-11-01","B DIVISION","R","1","offpeak","14,344","19,235","74.5723940733%"
"2020-11-01","B DIVISION","R","2","peak","2,737","3,451","79.31034482759%"
"2020-11-01","B DIVISION","R","1","peak","9,168","13,359","68.62789130923%"
"2020-11-01","B DIVISION","S Fkln","2","offpeak","993","1,007","98.60973187686%"
"2020-11-01","B DIVISION","S Fkln","1","offpeak","2,317","2,370","97.76371308017%"
"2020-11-01","B DIVISION","S Fkln","2","peak","531","542","97.9704797048%"
"2020-11-01","B DIVISION","S Fkln","1","peak","1,388","1,416","98.02259887006%"
"2020-11-01","B DIVISION","S Rock","2","offpeak","501","525","95.42857142857%"
"2020-11-01","B DIVISION","S Rock","1","offpeak","1,467","1,549","94.70626210458%"
"2020-11-01","B DIVISION","S Rock","2","peak","269","281","95.72953736655%"
"2020-11-01","B DIVISION","S Rock","1","peak","765","820","93.29268292683%"
"2020-11-01","B DIVISION","W","2","offpeak","296","569","52.02108963093%"
"2020-11-01","B DIVISION","W","1","offpeak","6,248","8,657","72.17280813215%"
"2020-11-01","B DIVISION","W","2","peak","173","362","47.79005524862%"
"2020-11-01","B DIVISION","W","1","peak","3,809","5,778","65.9224645206%"
"2020-12-01","A DIVISION","1","2","offpeak","4,937","6,624","74.53200483092%"
"2020-12-01","A DIVISION","1","1","offpeak","21,348","27,149","78.63273048731%"
"2020-12-01","A DIVISION","1","2","peak","2,605","3,253","80.07992622195%"
"2020-12-01","A DIVISION","1","1","peak","13,407","17,778","75.4134323321%"
"2020-12-01","A DIVISION","2","2","offpeak","4,785","7,301","65.53896726476%"
"2020-12-01","A DIVISION","2","1","offpeak","19,774","29,606","66.79051543606%"
"2020-12-01","A DIVISION","2","2","peak","2,617","3,889","67.29236307534%"
"2020-12-01","A DIVISION","2","1","peak","12,724","19,144","66.4646886753%"
"2020-12-01","A DIVISION","3","1","offpeak","16,371","23,802","68.77993445929%"
"2020-12-01","A DIVISION","3","2","offpeak","3,050","4,269","71.44530334973%"
"2020-12-01","A DIVISION","3","2","peak","1,541","2,138","72.07670720299%"
"2020-12-01","A DIVISION","3","1","peak","10,549","15,686","67.25105189341%"
"2020-12-01","A DIVISION","4","2","offpeak","5,911","8,587","68.8366134855%"
"2020-12-01","A DIVISION","4","1","offpeak","23,031","32,558","70.73837459303%"
"2020-12-01","A DIVISION","4","2","peak","3,341","4,712","70.90407470289%"
"2020-12-01","A DIVISION","4","1","peak","15,714","23,958","65.58978211871%"
"2020-12-01","A DIVISION","5","1","offpeak","17,379","24,781","70.13034179412%"
"2020-12-01","A DIVISION","5","2","offpeak","2,790","3,664","76.14628820961%"
"2020-12-01","A DIVISION","5","1","peak","13,299","20,573","64.64297866135%"
"2020-12-01","A DIVISION","5","2","peak","1,555","1,939","80.19597730789%"
"2020-12-01","A DIVISION","6","2","offpeak","4,625","5,984","77.28943850267%"
"2020-12-01","A DIVISION","6","1","offpeak","22,422","31,201","71.8630813115%"
"2020-12-01","A DIVISION","6","1","peak","14,861","20,880","71.17337164751%"
"2020-12-01","A DIVISION","6","2","peak","2,438","3,124","78.0409731114%"
"2020-12-01","A DIVISION","7","2","offpeak","4,003","5,209","76.84776348627%"
"2020-12-01","A DIVISION","7","1","offpeak","15,203","20,157","75.4229299995%"
"2020-12-01","A DIVISION","7","2","peak","2,608","3,434","75.94641817123%"
"2020-12-01","A DIVISION","7","1","peak","12,419","17,190","72.24549156486%"
"2020-12-01","A DIVISION","S 42nd","1","offpeak","6,275","6,583","95.32128209023%"
"2020-12-01","A DIVISION","S 42nd","2","offpeak","1,401","1,665","84.14414414414%"
"2020-12-01","A DIVISION","S 42nd","1","peak","4,171","4,444","93.85688568857%"
"2020-12-01","A DIVISION","S 42nd","2","peak","821","992","82.76209677419%"
"2020-12-01","B DIVISION","A","1","offpeak","14,941","21,728","68.76380706922%"
"2020-12-01","B DIVISION","A","2","offpeak","4,493","5,844","76.88227241615%"
"2020-12-01","B DIVISION","A","1","peak","10,213","15,677","65.14639280475%"
"2020-12-01","B DIVISION","A","2","peak","2,312","3,043","75.97765363128%"
"2020-12-01","B DIVISION","B","1","offpeak","7,314","9,360","78.14102564103%"
"2020-12-01","B DIVISION","B","1","peak","5,916","8,609","68.7187826693%"
"2020-12-01","B DIVISION","C","1","offpeak","8,640","10,828","79.79312892501%"
"2020-12-01","B DIVISION","C","2","offpeak","2,929","3,557","82.34467247681%"
"2020-12-01","B DIVISION","C","1","peak","5,097","6,288","81.05916030534%"
"2020-12-01","B DIVISION","C","2","peak","1,628","1,958","83.14606741573%"
"2020-12-01","B DIVISION","D","1","offpeak","11,457","15,519","73.82563309492%"
"2020-12-01","B DIVISION","D","2","offpeak","3,667","4,616","79.4410745234%"
"2020-12-01","B DIVISION","D","1","peak","7,080","9,954","71.12718505124%"
"2020-12-01","B DIVISION","D","2","peak","1,942","2,382","81.52812762385%"
"2020-12-01","B DIVISION","E","2","offpeak","1,892","2,185","86.59038901602%"
"2020-12-01","B DIVISION","E","1","offpeak","12,205","16,596","73.54181730537%"
"2020-12-01","B DIVISION","E","1","peak","8,447","11,697","72.21509788835%"
"2020-12-01","B DIVISION","E","2","peak","997","1,092","91.30036630037%"
"2020-12-01","B DIVISION","F","2","offpeak","4,139","4,780","86.589958159%"
"2020-12-01","B DIVISION","F","1","offpeak","19,502","26,398","73.87680884916%"
"2020-12-01","B DIVISION","F","2","peak","2,030","2,368","85.72635135135%"
"2020-12-01","B DIVISION","F","1","peak","10,455","13,614","76.79594535037%"
"2020-12-01","B DIVISION","G","2","offpeak","3,489","4,047","86.21200889548%"
"2020-12-01","B DIVISION","G","1","offpeak","10,528","12,818","82.13449836168%"
"2020-12-01","B DIVISION","G","2","peak","1,771","2,078","85.22617901829%"
"2020-12-01","B DIVISION","G","1","peak","6,462","7,922","81.57031052764%"
"2020-12-01","B DIVISION","JZ","1","offpeak","10,128","11,958","84.69643753136%"
"2020-12-01","B DIVISION","JZ","2","offpeak","3,325","3,828","86.85997910136%"
"2020-12-01","B DIVISION","JZ","2","peak","1,739","2,073","83.88808490111%"
"2020-12-01","B DIVISION","JZ","1","peak","6,732","8,633","77.97984478165%"
"2020-12-01","B DIVISION","L","2","offpeak","6,105","7,763","78.64227747005%"
"2020-12-01","B DIVISION","L","1","offpeak","20,186","26,118","77.28769431044%"
"2020-12-01","B DIVISION","L","2","peak","3,119","3,982","78.32747363134%"
"2020-12-01","B DIVISION","L","1","peak","12,358","15,984","77.31481481481%"
"2020-12-01","B DIVISION","M","2","offpeak","1,290","1,401","92.07708779443%"
"2020-12-01","B DIVISION","M","1","offpeak","10,895","13,509","80.64993707898%"
"2020-12-01","B DIVISION","M","2","peak","675","748","90.24064171123%"
"2020-12-01","B DIVISION","M","1","peak","7,782","10,070","77.27904667329%"
"2020-12-01","B DIVISION","N","2","offpeak","4,306","5,551","77.57160871915%"
"2020-12-01","B DIVISION","N","1","offpeak","12,892","17,696","72.85262206148%"
"2020-12-01","B DIVISION","N","2","peak","2,258","2,802","80.58529621699%"
"2020-12-01","B DIVISION","N","1","peak","7,769","11,509","67.50369276219%"
"2020-12-01","B DIVISION","Q","2","offpeak","3,742","4,744","78.87858347386%"
"2020-12-01","B DIVISION","Q","1","offpeak","10,491","14,390","72.90479499653%"
"2020-12-01","B DIVISION","Q","1","peak","5,877","8,481","69.29607357623%"
"2020-12-01","B DIVISION","Q","2","peak","1,970","2,460","80.08130081301%"
"2020-12-01","B DIVISION","R","1","offpeak","15,701","20,858","75.27567360245%"
"2020-12-01","B DIVISION","R","2","offpeak","4,714","5,975","78.89539748954%"
"2020-12-01","B DIVISION","R","1","peak","10,467","14,349","72.94584988501%"
"2020-12-01","B DIVISION","R","2","peak","2,576","3,111","82.80295724847%"
"2020-12-01","B DIVISION","S Fkln","1","offpeak","2,590","2,628","98.55403348554%"
"2020-12-01","B DIVISION","S Fkln","2","offpeak","867","875","99.08571428571%"
"2020-12-01","B DIVISION","S Fkln","2","peak","472","477","98.95178197065%"
"2020-12-01","B DIVISION","S Fkln","1","peak","1,500","1,530","98.03921568627%"
"2020-12-01","B DIVISION","S Rock","1","offpeak","1,467","1,560","94.03846153846%"
"2020-12-01","B DIVISION","S Rock","2","offpeak","293","302","97.01986754967%"
"2020-12-01","B DIVISION","S Rock","2","peak","160","162","98.76543209877%"
"2020-12-01","B DIVISION","S Rock","1","peak","878","921","95.33116178067%"
"2020-12-01","B DIVISION","W","1","offpeak","7,177","9,361","76.66915927785%"
"2020-12-01","B DIVISION","W","1","peak","4,565","6,322","72.20816197406%"
"2021-01-01","A DIVISION","1","2","offpeak","5,705","6,708","85.04770423375%"
"2021-01-01","A DIVISION","1","1","offpeak","19,106","23,082","82.77445628628%"
"2021-01-01","A DIVISION","1","2","peak","2,890","3,255","88.78648233487%"
"2021-01-01","A DIVISION","1","1","peak","12,954","16,180","80.06180469716%"
"2021-01-01","A DIVISION","2","2","offpeak","7,546","11,454","65.8809149642%"
"2021-01-01","A DIVISION","2","1","offpeak","18,492","26,880","68.79464285714%"
"2021-01-01","A DIVISION","2","1","peak","11,833","17,480","67.69450800915%"
"2021-01-01","A DIVISION","2","2","peak","3,974","6,185","64.25222312045%"
"2021-01-01","A DIVISION","3","2","offpeak","5,813","7,729","75.21024712123%"
"2021-01-01","A DIVISION","3","1","offpeak","15,381","21,360","72.00842696629%"
"2021-01-01","A DIVISION","3","1","peak","10,233","14,260","71.76016830295%"
"2021-01-01","A DIVISION","3","2","peak","3,106","3,900","79.64102564103%"
"2021-01-01","A DIVISION","4","1","offpeak","22,185","29,568","75.03043831169%"
"2021-01-01","A DIVISION","4","2","offpeak","6,954","10,264","67.75136399065%"
"2021-01-01","A DIVISION","4","1","peak","14,518","21,780","66.65748393021%"
"2021-01-01","A DIVISION","4","2","peak","4,037","5,596","72.14081486776%"
"2021-01-01","A DIVISION","5","1","offpeak","16,228","22,635","71.69427877181%"
"2021-01-01","A DIVISION","5","2","offpeak","4,009","5,195","77.17035611165%"
"2021-01-01","A DIVISION","5","1","peak","12,218","18,703","65.32641822168%"
"2021-01-01","A DIVISION","5","2","peak","2,278","2,820","80.78014184397%"
"2021-01-01","A DIVISION","6","1","offpeak","22,527","28,461","79.15041635923%"
"2021-01-01","A DIVISION","6","2","offpeak","5,715","7,836","72.932618683%"
"2021-01-01","A DIVISION","6","1","peak","14,882","19,011","78.2809952133%"
"2021-01-01","A DIVISION","6","2","peak","3,165","4,115","76.91373025516%"
"2021-01-01","A DIVISION","7","2","offpeak","3,622","4,034","89.78681209717%"
"2021-01-01","A DIVISION","7","1","offpeak","13,544","17,249","78.52049394168%"
"2021-01-01","A DIVISION","7","1","peak","11,548","15,508","74.46479236523%"
"2021-01-01","A DIVISION","7","2","peak","2,050","2,304","88.97569444444%"
"2021-01-01","A DIVISION","S 42nd","2","offpeak","1,859","2,035","91.35135135135%"
"2021-01-01","A DIVISION","S 42nd","2","peak","1,105","1,236","89.40129449838%"
"2021-01-01","B DIVISION","A","1","offpeak","14,649","19,926","73.51701294791%"
"2021-01-01","B DIVISION","A","2","offpeak","5,560","7,768","71.57569515963%"
"2021-01-01","B DIVISION","A","2","peak","3,041","4,040","75.27227722772%"
"2021-01-01","B DIVISION","A","1","peak","9,747","14,235","68.47207586934%"
"2021-01-01","B DIVISION","B","1","offpeak","7,084","8,756","80.90452261307%"
"2021-01-01","B DIVISION","B","1","peak","5,895","7,882","74.79066226846%"
"2021-01-01","B DIVISION","C","1","offpeak","8,437","9,844","85.70702966274%"
"2021-01-01","B DIVISION","C","2","offpeak","3,630","4,787","75.83037392939%"
"2021-01-01","B DIVISION","C","1","peak","4,894","5,670","86.3139329806%"
"2021-01-01","B DIVISION","C","2","peak","2,134","2,717","78.54251012146%"
"2021-01-01","B DIVISION","D","1","offpeak","10,983","14,155","77.59095725892%"
"2021-01-01","B DIVISION","D","2","offpeak","4,651","5,777","80.50891466159%"
"2021-01-01","B DIVISION","D","1","peak","6,737","9,094","74.08181218386%"
"2021-01-01","B DIVISION","D","2","peak","2,516","2,981","84.40120764844%"
"2021-01-01","B DIVISION","E","1","offpeak","11,470","16,021","71.5935334873%"
"2021-01-01","B DIVISION","E","2","offpeak","1,516","1,706","88.86283704572%"
"2021-01-01","B DIVISION","E","2","peak","782","865","90.40462427746%"
"2021-01-01","B DIVISION","E","1","peak","8,391","12,001","69.91917340222%"
"2021-01-01","B DIVISION","F","1","offpeak","17,300","22,933","75.43714298173%"
"2021-01-01","B DIVISION","F","2","offpeak","3,982","4,742","83.97300716997%"
"2021-01-01","B DIVISION","F","1","peak","9,733","12,220","79.64811783961%"
"2021-01-01","B DIVISION","F","2","peak","1,982","2,389","82.96358308916%"
"2021-01-01","B DIVISION","G","1","offpeak","10,095","11,905","84.79630407392%"
"2021-01-01","B DIVISION","G","2","offpeak","4,425","5,029","87.98965997216%"
"2021-01-01","B DIVISION","G","2","peak","2,399","2,629","91.25142639787%"
"2021-01-01","B DIVISION","G","1","peak","6,075","7,197","84.41017090454%"
"2021-01-01","B DIVISION","JZ","2","offpeak","4,138","4,814","85.95762359784%"
"2021-01-01","B DIVISION","JZ","1","offpeak","9,614","10,979","87.56717369524%"
"2021-01-01","B DIVISION","JZ","1","peak","6,530","7,862","83.05774612058%"
"2021-01-01","B DIVISION","JZ","2","peak","2,299","2,592","88.69598765432%"
"2021-01-01","B DIVISION","L","2","offpeak","8,104","10,018","80.89439009782%"
"2021-01-01","B DIVISION","L","1","offpeak","19,530","24,203","80.69247613932%"
"2021-01-01","B DIVISION","L","2","peak","4,149","5,130","80.87719298246%"
"2021-01-01","B DIVISION","L","1","peak","11,363","14,551","78.09085286235%"
"2021-01-01","B DIVISION","M","1","offpeak","10,702","13,691","78.16813965379%"
"2021-01-01","B DIVISION","M","2","offpeak","1,339","1,404","95.37037037037%"
"2021-01-01","B DIVISION","M","2","peak","630","650","96.92307692308%"
"2021-01-01","B DIVISION","M","1","peak","7,450","10,388","71.71736619176%"
"2021-01-01","B DIVISION","N","1","offpeak","12,049","16,098","74.84780718102%"
"2021-01-01","B DIVISION","N","2","offpeak","5,306","6,960","76.23563218391%"
"2021-01-01","B DIVISION","N","1","peak","7,787","10,468","74.38861291555%"
"2021-01-01","B DIVISION","N","2","peak","2,835","3,566","79.50084127874%"
"2021-01-01","B DIVISION","Q","1","offpeak","10,200","13,015","78.3711102574%"
"2021-01-01","B DIVISION","Q","2","offpeak","4,720","5,888","80.16304347826%"
"2021-01-01","B DIVISION","Q","2","peak","2,390","3,057","78.18122342166%"
"2021-01-01","B DIVISION","Q","1","peak","5,929","7,790","76.11039794608%"
"2021-01-01","B DIVISION","R","2","offpeak","6,177","7,633","80.9249312197%"
"2021-01-01","B DIVISION","R","1","offpeak","14,804","19,361","76.46299261402%"
"2021-01-01","B DIVISION","R","2","peak","3,361","3,979","84.46845941191%"
"2021-01-01","B DIVISION","R","1","peak","9,605","13,361","71.8883317117%"
"2021-01-01","B DIVISION","S Fkln","1","offpeak","2,453","2,469","99.35196435804%"
"2021-01-01","B DIVISION","S Fkln","2","offpeak","1,085","1,127","96.27329192547%"
"2021-01-01","B DIVISION","S Fkln","2","peak","555","608","91.28289473684%"
"2021-01-01","B DIVISION","S Fkln","1","peak","1,414","1,430","98.88111888112%"
"2021-01-01","B DIVISION","S Rock","1","offpeak","1,643","1,709","96.13809245173%"
"2021-01-01","B DIVISION","S Rock","2","offpeak","733","746","98.25737265416%"
"2021-01-01","B DIVISION","S Rock","1","peak","837","870","96.20689655172%"
"2021-01-01","B DIVISION","S Rock","2","peak","408","413","98.78934624697%"
"2021-01-01","B DIVISION","W","1","offpeak","6,659","8,560","77.79205607477%"
"2021-01-01","B DIVISION","W","2","offpeak","831","1,088","76.37867647059%"
"2021-01-01","B DIVISION","W","1","peak","4,492","5,770","77.85095320624%"
"2021-01-01","B DIVISION","W","2","peak","617","734","84.05994550409%"
"2021-02-01","A DIVISION","1","1","offpeak","15,812","21,911","72.16466614942%"
"2021-02-01","A DIVISION","1","2","offpeak","4,406","6,012","73.28675981371%"
"2021-02-01","A DIVISION","1","2","peak","2,184","2,947","74.10926365796%"
"2021-02-01","A DIVISION","1","1","peak","10,284","15,345","67.01857282502%"
"2021-02-01","A DIVISION","2","2","offpeak","5,622","8,669","64.85177067713%"
"2021-02-01","A DIVISION","2","1","offpeak","15,974","25,459","62.74401979654%"
"2021-02-01","A DIVISION","2","2","peak","2,952","4,648","63.51118760757%"
"2021-02-01","A DIVISION","2","1","peak","9,618","16,457","58.44321565291%"
"2021-02-01","A DIVISION","3","1","offpeak","13,059","20,599","63.39628137288%"
"2021-02-01","A DIVISION","3","2","offpeak","4,149","6,198","66.94094869313%"
"2021-02-01","A DIVISION","3","2","peak","2,392","3,136","76.27551020408%"
"2021-02-01","A DIVISION","3","1","peak","8,468","13,547","62.50830442164%"
"2021-02-01","A DIVISION","4","1","offpeak","18,623","28,162","66.12811590086%"
"2021-02-01","A DIVISION","4","2","offpeak","5,194","7,895","65.78847371754%"
"2021-02-01","A DIVISION","4","1","peak","12,382","20,691","59.8424435745%"
"2021-02-01","A DIVISION","4","2","peak","2,915","4,316","67.53938832252%"
"2021-02-01","A DIVISION","5","1","offpeak","13,747","21,416","64.19032499066%"
"2021-02-01","A DIVISION","5","2","offpeak","3,126","4,159","75.16229862948%"
"2021-02-01","A DIVISION","5","1","peak","10,344","17,810","58.07973048849%"
"2021-02-01","A DIVISION","5","2","peak","1,795","2,275","78.9010989011%"
"2021-02-01","A DIVISION","6","1","offpeak","19,241","27,176","70.80144244922%"
"2021-02-01","A DIVISION","6","2","offpeak","4,046","6,275","64.4780876494%"
"2021-02-01","A DIVISION","6","2","peak","2,042","3,304","61.80387409201%"
"2021-02-01","A DIVISION","6","1","peak","12,183","18,035","67.55198225672%"
"2021-02-01","A DIVISION","7","1","offpeak","11,933","16,656","71.64385206532%"
"2021-02-01","A DIVISION","7","2","offpeak","3,360","3,971","84.61344749433%"
"2021-02-01","A DIVISION","7","2","peak","2,017","2,442","82.59623259623%"
"2021-02-01","A DIVISION","7","1","peak","9,662","14,249","67.80826724682%"
"2021-02-01","A DIVISION","S 42nd","2","offpeak","1,151","1,208","95.28145695364%"
"2021-02-01","A DIVISION","S 42nd","1","offpeak","2,777","2,916","95.23319615912%"
"2021-02-01","A DIVISION","S 42nd","1","peak","1,947","2,020","96.38613861386%"
"2021-02-01","A DIVISION","S 42nd","2","peak","639","685","93.28467153285%"
"2021-02-01","B DIVISION","A","1","offpeak","11,996","18,690","64.18405564473%"
"2021-02-01","B DIVISION","A","2","offpeak","4,378","6,258","69.95845317993%"
"2021-02-01","B DIVISION","A","2","peak","2,383","3,249","73.34564481379%"
"2021-02-01","B DIVISION","A","1","peak","7,629","13,405","56.9116001492%"
"2021-02-01","B DIVISION","B","1","offpeak","5,645","7,644","73.84877027734%"
"2021-02-01","B DIVISION","B","1","peak","4,539","7,263","62.49483684428%"
"2021-02-01","B DIVISION","C","2","offpeak","2,785","3,869","71.98242439907%"
"2021-02-01","B DIVISION","C","1","offpeak","6,817","9,109","74.83807223625%"
"2021-02-01","B DIVISION","C","1","peak","3,782","5,285","71.5610217597%"
"2021-02-01","B DIVISION","C","2","peak","1,603","2,179","73.5658558972%"
"2021-02-01","B DIVISION","D","1","offpeak","9,084","13,217","68.72966633881%"
"2021-02-01","B DIVISION","D","2","offpeak","3,418","4,604","74.23979148566%"
"2021-02-01","B DIVISION","D","1","peak","5,540","8,488","65.26861451461%"
"2021-02-01","B DIVISION","D","2","peak","1,758","2,358","74.55470737913%"
"2021-02-01","B DIVISION","E","1","offpeak","10,562","15,209","69.44572292721%"
"2021-02-01","B DIVISION","E","2","offpeak","1,134","1,367","82.95537673738%"
"2021-02-01","B DIVISION","E","1","peak","7,883","11,368","69.34377199156%"
"2021-02-01","B DIVISION","E","2","peak","564","682","82.69794721408%"
"2021-02-01","B DIVISION","F","1","offpeak","15,690","22,059","71.12743098055%"
"2021-02-01","B DIVISION","F","2","offpeak","3,592","5,098","70.4590035308%"
"2021-02-01","B DIVISION","F","1","peak","8,791","11,655","75.42685542686%"
"2021-02-01","B DIVISION","F","2","peak","1,802","2,623","68.69996187571%"
"2021-02-01","B DIVISION","G","2","offpeak","2,253","2,724","82.70925110132%"
"2021-02-01","B DIVISION","G","1","offpeak","8,610","11,175","77.04697986577%"
"2021-02-01","B DIVISION","G","1","peak","5,134","6,864","74.79603729604%"
"2021-02-01","B DIVISION","G","2","peak","1,220","1,427","85.49404344779%"
"2021-02-01","B DIVISION","JZ","1","offpeak","8,126","10,343","78.56521318766%"
"2021-02-01","B DIVISION","JZ","2","offpeak","3,046","3,825","79.6339869281%"
"2021-02-01","B DIVISION","JZ","2","peak","1,572","2,072","75.86872586873%"
"2021-02-01","B DIVISION","JZ","1","peak","5,516","7,437","74.16969208014%"
"2021-02-01","B DIVISION","L","1","offpeak","16,226","22,953","70.692284233%"
"2021-02-01","B DIVISION","L","2","offpeak","4,272","5,156","82.85492629946%"
"2021-02-01","B DIVISION","L","1","peak","9,206","13,803","66.69564587409%"
"2021-02-01","B DIVISION","L","2","peak","2,271","2,628","86.41552511416%"
"2021-02-01","B DIVISION","M","2","offpeak","1,501","1,638","91.63614163614%"
"2021-02-01","B DIVISION","M","1","offpeak","9,544","12,801","74.55667525975%"
"2021-02-01","B DIVISION","M","2","peak","740","855","86.54970760234%"
"2021-02-01","B DIVISION","M","1","peak","6,758","9,754","69.28439614517%"
"2021-02-01","B DIVISION","N","2","offpeak","4,046","5,587","72.41811347772%"
"2021-02-01","B DIVISION","N","1","offpeak","10,591","15,298","69.23127206171%"
"2021-02-01","B DIVISION","N","2","peak","1,933","2,818","68.59474804826%"
"2021-02-01","B DIVISION","N","1","peak","6,083","9,942","61.1848722591%"
"2021-02-01","B DIVISION","Q","1","offpeak","8,333","12,099","68.87346061658%"
"2021-02-01","B DIVISION","Q","2","offpeak","3,068","4,165","73.66146458583%"
"2021-02-01","B DIVISION","Q","1","peak","4,580","7,235","63.30338631652%"
"2021-02-01","B DIVISION","Q","2","peak","1,615","2,164","74.6303142329%"
"2021-02-01","B DIVISION","R","1","offpeak","12,984","18,328","70.84242688782%"
"2021-02-01","B DIVISION","R","2","offpeak","4,918","6,131","80.21529929865%"
"2021-02-01","B DIVISION","R","2","peak","2,725","3,282","83.02864107252%"
"2021-02-01","B DIVISION","R","1","peak","8,584","12,671","67.74524504775%"
"2021-02-01","B DIVISION","S Fkln","2","offpeak","869","878","98.97494305239%"
"2021-02-01","B DIVISION","S Fkln","1","offpeak","2,178","2,216","98.28519855596%"
"2021-02-01","B DIVISION","S Fkln","1","peak","1,251","1,285","97.35408560311%"
"2021-02-01","B DIVISION","S Fkln","2","peak","473","476","99.36974789916%"
"2021-02-01","B DIVISION","S Rock","2","offpeak","584","605","96.52892561983%"
"2021-02-01","B DIVISION","S Rock","1","offpeak","1,337","1,402","95.3637660485%"
"2021-02-01","B DIVISION","S Rock","1","peak","736","787","93.51969504447%"
"2021-02-01","B DIVISION","S Rock","2","peak","300","328","91.46341463415%"
"2021-02-01","B DIVISION","W","1","offpeak","5,702","7,795","73.1494547787%"
"2021-02-01","B DIVISION","W","2","offpeak","382","566","67.49116607774%"
"2021-02-01","B DIVISION","W","1","peak","3,405","5,365","63.46691519105%"
"2021-02-01","B DIVISION","W","2","peak","234","355","65.91549295775%"
"2021-03-01","A DIVISION","1","2","offpeak","3,806","5,005","76.04395604396%"
"2021-03-01","A DIVISION","1","1","offpeak","20,976","27,722","75.66553639709%"
"2021-03-01","A DIVISION","1","2","peak","1,873","2,466","75.95296025953%"
"2021-03-01","A DIVISION","1","1","peak","14,144","18,607","76.0144031816%"
"2021-03-01","A DIVISION","2","1","offpeak","19,664","29,570","66.49983090971%"
"2021-03-01","A DIVISION","2","2","offpeak","4,834","7,107","68.01744758689%"
"2021-03-01","A DIVISION","2","2","peak","2,706","3,803","71.1543518275%"
"2021-03-01","A DIVISION","2","1","peak","12,898","20,090","64.20109507218%"
"2021-03-01","A DIVISION","3","2","offpeak","3,547","5,054","70.18203403245%"
"2021-03-01","A DIVISION","3","1","offpeak","15,867","22,864","69.39730580826%"
"2021-03-01","A DIVISION","3","1","peak","11,035","16,399","67.29068845661%"
"2021-03-01","A DIVISION","3","2","peak","1,864","2,554","72.98355520752%"
"2021-03-01","A DIVISION","4","2","offpeak","5,009","7,089","70.65876710396%"
"2021-03-01","A DIVISION","4","1","offpeak","24,158","34,041","70.96736288593%"
"2021-03-01","A DIVISION","4","2","peak","2,905","3,914","74.22074603986%"
"2021-03-01","A DIVISION","4","1","peak","16,036","25,047","64.02363556514%"
"2021-03-01","A DIVISION","5","2","offpeak","2,344","3,019","77.64160317986%"
"2021-03-01","A DIVISION","5","1","offpeak","18,377","25,547","71.93408227972%"
"2021-03-01","A DIVISION","5","2","peak","1,380","1,658","83.2328106152%"
"2021-03-01","A DIVISION","5","1","peak","14,013","21,567","64.97426624009%"
"2021-03-01","A DIVISION","6","2","offpeak","3,869","5,528","69.98914616498%"
"2021-03-01","A DIVISION","6","1","offpeak","24,669","32,350","76.25656877898%"
"2021-03-01","A DIVISION","6","1","peak","16,027","21,849","73.35347155476%"
"2021-03-01","A DIVISION","6","2","peak","2,087","2,918","71.52159013023%"
"2021-03-01","A DIVISION","7","1","offpeak","14,956","18,581","80.49082395996%"
"2021-03-01","A DIVISION","7","2","offpeak","3,331","3,866","86.16140713916%"
"2021-03-01","A DIVISION","7","2","peak","1,882","2,204","85.39019963702%"
"2021-03-01","A DIVISION","7","1","peak","12,040","15,783","76.28461002344%"
"2021-03-01","A DIVISION","S 42nd","1","offpeak","6,489","6,697","96.89413170076%"
"2021-03-01","A DIVISION","S 42nd","2","offpeak","1,290","1,298","99.38366718028%"
"2021-03-01","A DIVISION","S 42nd","1","peak","4,558","4,646","98.10589754628%"
"2021-03-01","A DIVISION","S 42nd","2","peak","704","707","99.5756718529%"
"2021-03-01","B DIVISION","A","2","offpeak","3,908","5,521","70.78427821047%"
"2021-03-01","B DIVISION","A","1","offpeak","16,181","23,070","70.13870827915%"
"2021-03-01","B DIVISION","A","2","peak","1,980","2,896","68.37016574586%"
"2021-03-01","B DIVISION","A","1","peak","10,611","16,594","63.94479932506%"
"2021-03-01","B DIVISION","B","1","offpeak","7,504","9,892","75.85928022645%"
"2021-03-01","B DIVISION","B","1","peak","6,019","9,095","66.17921935129%"
"2021-03-01","B DIVISION","C","1","offpeak","8,984","11,420","78.66900175131%"
"2021-03-01","B DIVISION","C","2","offpeak","2,456","3,395","72.34167893962%"
"2021-03-01","B DIVISION","C","2","peak","1,390","1,916","72.54697286013%"
"2021-03-01","B DIVISION","C","1","peak","5,096","6,585","77.38800303721%"
"2021-03-01","B DIVISION","D","1","offpeak","12,244","16,212","75.52430298544%"
"2021-03-01","B DIVISION","D","2","offpeak","2,988","4,031","74.12552716448%"
"2021-03-01","B DIVISION","D","2","peak","1,457","2,053","70.96931320019%"
"2021-03-01","B DIVISION","D","1","peak","7,420","10,411","71.27077129959%"
"2021-03-01","B DIVISION","E","1","offpeak","14,237","18,959","75.09362308139%"
"2021-03-01","B DIVISION","E","2","offpeak","1,030","1,208","85.26490066225%"
"2021-03-01","B DIVISION","E","2","peak","539","602","89.53488372093%"
"2021-03-01","B DIVISION","E","1","peak","10,038","13,824","72.61284722222%"
"2021-03-01","B DIVISION","F","2","offpeak","2,484","3,692","67.28060671723%"
"2021-03-01","B DIVISION","F","1","offpeak","19,930","26,852","74.22165946671%"
"2021-03-01","B DIVISION","F","2","peak","1,195","1,912","62.5%"
"2021-03-01","B DIVISION","F","1","peak","10,788","14,199","75.97718149165%"
"2021-03-01","B DIVISION","G","1","offpeak","11,370","13,747","82.70895468102%"
"2021-03-01","B DIVISION","G","2","offpeak","3,028","3,573","84.74671144696%"
"2021-03-01","B DIVISION","G","2","peak","1,649","1,857","88.79913839526%"
"2021-03-01","B DIVISION","G","1","peak","6,468","8,315","77.78713168972%"
"2021-03-01","B DIVISION","JZ","1","offpeak","10,682","12,529","85.25820097374%"
"2021-03-01","B DIVISION","JZ","2","offpeak","2,688","3,385","79.40915805022%"
"2021-03-01","B DIVISION","JZ","1","peak","6,983","9,021","77.40826959317%"
"2021-03-01","B DIVISION","JZ","2","peak","1,507","1,841","81.8576860402%"
"2021-03-01","B DIVISION","L","1","offpeak","22,217","27,830","79.8311174991%"
"2021-03-01","B DIVISION","L","2","offpeak","3,797","4,469","84.96307898859%"
"2021-03-01","B DIVISION","L","2","peak","1,860","2,268","82.01058201058%"
"2021-03-01","B DIVISION","L","1","peak","12,420","16,733","74.22458614713%"
"2021-03-01","B DIVISION","M","2","offpeak","1,456","1,612","90.32258064516%"
"2021-03-01","B DIVISION","M","1","offpeak","12,668","15,904","79.65291750503%"
"2021-03-01","B DIVISION","M","2","peak","806","878","91.79954441913%"
"2021-03-01","B DIVISION","M","1","peak","8,919","12,082","73.82055951001%"
"2021-03-01","B DIVISION","N","1","offpeak","14,159","18,558","76.29593706218%"
"2021-03-01","B DIVISION","N","2","offpeak","3,812","4,966","76.76198147402%"
"2021-03-01","B DIVISION","N","2","peak","2,014","2,509","80.27102431248%"
"2021-03-01","B DIVISION","N","1","peak","8,646","12,099","71.46045127697%"
"2021-03-01","B DIVISION","Q","1","offpeak","11,515","15,221","75.65205965442%"
"2021-03-01","B DIVISION","Q","2","offpeak","2,896","3,568","81.16591928251%"
"2021-03-01","B DIVISION","Q","1","peak","6,626","9,063","73.11044907867%"
"2021-03-01","B DIVISION","Q","2","peak","1,513","1,876","80.65031982942%"
"2021-03-01","B DIVISION","R","2","offpeak","4,309","5,331","80.82911273682%"
"2021-03-01","B DIVISION","R","1","offpeak","17,304","22,444","77.09855640706%"
"2021-03-01","B DIVISION","R","2","peak","2,352","2,795","84.15026833631%"
"2021-03-01","B DIVISION","R","1","peak","11,181","15,530","71.99613650998%"
"2021-03-01","B DIVISION","S Fkln","1","offpeak","2,554","2,588","98.68624420402%"
"2021-03-01","B DIVISION","S Fkln","2","offpeak","781","794","98.36272040302%"
"2021-03-01","B DIVISION","S Fkln","1","peak","1,497","1,508","99.27055702918%"
"2021-03-01","B DIVISION","S Fkln","2","peak","431","434","99.30875576037%"
"2021-03-01","B DIVISION","S Rock","1","offpeak","1,458","1,533","95.10763209393%"
"2021-03-01","B DIVISION","S Rock","1","peak","903","961","93.9646201873%"
"2021-03-01","B DIVISION","W","1","offpeak","8,045","10,046","80.08162452718%"
"2021-03-01","B DIVISION","W","1","peak","4,743","6,716","70.62239428231%"
"2021-04-01","A DIVISION","1","1","offpeak","21,064","25,876","81.40361725151%"
"2021-04-01","A DIVISION","1","2","offpeak","4,731","6,631","71.34670487106%"
"2021-04-01","A DIVISION","1","2","peak","2,384","3,250","73.35384615385%"
"2021-04-01","A DIVISION","1","1","peak","13,378","17,798","75.16574896056%"
"2021-04-01","A DIVISION","2","1","offpeak","20,537","29,615","69.3466148911%"
"2021-04-01","A DIVISION","2","2","offpeak","4,809","7,216","66.64356984479%"
"2021-04-01","A DIVISION","2","1","peak","13,219","19,228","68.74869981277%"
"2021-04-01","A DIVISION","2","2","peak","2,427","3,718","65.27703066165%"
"2021-04-01","A DIVISION","3","2","offpeak","3,946","5,768","68.41192787795%"
"2021-04-01","A DIVISION","3","1","offpeak","16,181","22,528","71.826171875%"
"2021-04-01","A DIVISION","3","2","peak","1,994","2,905","68.64027538726%"
"2021-04-01","A DIVISION","3","1","peak","10,943","15,686","69.7628458498%"
"2021-04-01","A DIVISION","4","1","offpeak","23,038","32,403","71.09835509058%"
"2021-04-01","A DIVISION","4","2","offpeak","5,753","8,442","68.14735844587%"
"2021-04-01","A DIVISION","4","1","peak","15,797","23,958","65.93622172135%"
"2021-04-01","A DIVISION","4","2","peak","3,172","4,632","68.48013816926%"
"2021-04-01","A DIVISION","5","1","offpeak","17,272","24,299","71.08111444915%"
"2021-04-01","A DIVISION","5","2","offpeak","2,762","3,373","81.88556181441%"
"2021-04-01","A DIVISION","5","2","peak","1,523","1,845","82.54742547425%"
"2021-04-01","A DIVISION","5","1","peak","13,864","20,629","67.20635997867%"
"2021-04-01","A DIVISION","6","2","offpeak","4,268","6,103","69.93281992463%"
"2021-04-01","A DIVISION","6","1","offpeak","24,359","31,512","77.30071084031%"
"2021-04-01","A DIVISION","6","1","peak","15,889","20,921","75.94761244682%"
"2021-04-01","A DIVISION","6","2","peak","2,391","3,218","74.30080795525%"
"2021-04-01","A DIVISION","7","2","offpeak","3,747","4,486","83.5265269728%"
"2021-04-01","A DIVISION","7","1","offpeak","16,268","20,533","79.22855890518%"
"2021-04-01","A DIVISION","7","1","peak","12,678","17,315","73.21975166041%"
"2021-04-01","A DIVISION","7","2","peak","2,127","2,708","78.54505169867%"
"2021-04-01","A DIVISION","S 42nd","2","offpeak","1,487","1,558","95.44287548139%"
"2021-04-01","A DIVISION","S 42nd","1","offpeak","6,148","6,325","97.20158102767%"
"2021-04-01","A DIVISION","S 42nd","2","peak","864","874","98.85583524027%"
"2021-04-01","A DIVISION","S 42nd","1","peak","4,252","4,444","95.6795679568%"
"2021-04-01","B DIVISION","A","1","offpeak","15,489","21,999","70.40774580663%"
"2021-04-01","B DIVISION","A","2","offpeak","4,184","6,243","67.01906134871%"
"2021-04-01","B DIVISION","A","2","peak","2,302","3,271","70.37603179456%"
"2021-04-01","B DIVISION","A","1","peak","10,603","16,061","66.01705995891%"
"2021-04-01","B DIVISION","B","1","offpeak","7,436","9,588","77.55527743012%"
"2021-04-01","B DIVISION","B","1","peak","6,200","8,699","71.27256006438%"
"2021-04-01","B DIVISION","C","2","offpeak","2,558","3,712","68.91163793103%"
"2021-04-01","B DIVISION","C","1","offpeak","8,806","10,849","81.16877131533%"
"2021-04-01","B DIVISION","C","2","peak","1,469","2,065","71.13801452785%"
"2021-04-01","B DIVISION","C","1","peak","5,130","6,306","81.351094196%"
"2021-04-01","B DIVISION","D","1","offpeak","11,463","15,446","74.21338857957%"
"2021-04-01","B DIVISION","D","2","offpeak","2,547","3,247","78.44163843548%"
"2021-04-01","B DIVISION","D","2","peak","1,372","1,669","82.20491312163%"
"2021-04-01","B DIVISION","D","1","peak","7,344","9,951","73.80162797709%"
"2021-04-01","B DIVISION","E","2","offpeak","3,043","3,560","85.47752808989%"
"2021-04-01","B DIVISION","E","1","offpeak","13,957","18,631","74.91277977564%"
"2021-04-01","B DIVISION","E","1","peak","9,607","13,232","72.60429262394%"
"2021-04-01","B DIVISION","E","2","peak","1,528","1,760","86.81818181818%"
"2021-04-01","B DIVISION","F","1","offpeak","20,186","26,623","75.82165796492%"
"2021-04-01","B DIVISION","F","2","offpeak","4,024","5,118","78.62446268073%"
"2021-04-01","B DIVISION","F","2","peak","2,018","2,558","78.88975762314%"
"2021-04-01","B DIVISION","F","1","peak","10,904","13,687","79.66683714474%"
"2021-04-01","B DIVISION","G","2","offpeak","3,586","4,041","88.74041078941%"
"2021-04-01","B DIVISION","G","1","offpeak","10,834","13,177","82.21901798588%"
"2021-04-01","B DIVISION","G","2","peak","1,854","2,110","87.8672985782%"
"2021-04-01","B DIVISION","G","1","peak","6,419","7,986","80.37816178312%"
"2021-04-01","B DIVISION","JZ","2","offpeak","3,182","3,813","83.45135064254%"
"2021-04-01","B DIVISION","JZ","1","offpeak","10,358","11,907","86.990845721%"
"2021-04-01","B DIVISION","JZ","1","peak","6,971","8,597","81.08642549727%"
"2021-04-01","B DIVISION","JZ","2","peak","1,707","2,067","82.58345428157%"
"2021-04-01","B DIVISION","L","2","offpeak","6,427","7,890","81.45754119138%"
"2021-04-01","B DIVISION","L","1","offpeak","21,285","26,619","79.96168150569%"
"2021-04-01","B DIVISION","L","2","peak","3,331","4,041","82.43009156149%"
"2021-04-01","B DIVISION","L","1","peak","12,353","15,999","77.21107569223%"
"2021-04-01","B DIVISION","M","1","offpeak","12,066","15,155","79.61728802375%"
"2021-04-01","B DIVISION","M","2","offpeak","1,144","1,218","93.92446633826%"
"2021-04-01","B DIVISION","M","1","peak","8,444","11,569","72.98815800847%"
"2021-04-01","B DIVISION","M","2","peak","597","637","93.72056514914%"
"2021-04-01","B DIVISION","N","1","offpeak","13,554","17,782","76.22314700259%"
"2021-04-01","B DIVISION","N","2","offpeak","3,993","5,591","71.41835092112%"
"2021-04-01","B DIVISION","N","2","peak","2,171","2,848","76.22893258427%"
"2021-04-01","B DIVISION","N","1","peak","8,318","11,640","71.46048109966%"
"2021-04-01","B DIVISION","Q","2","offpeak","3,597","4,762","75.53548929021%"
"2021-04-01","B DIVISION","Q","1","offpeak","11,113","14,675","75.72742759796%"
"2021-04-01","B DIVISION","Q","2","peak","1,902","2,474","76.87954729184%"
"2021-04-01","B DIVISION","Q","1","peak","6,366","8,691","73.24818778046%"
"2021-04-01","B DIVISION","R","1","offpeak","16,433","21,449","76.6142943727%"
"2021-04-01","B DIVISION","R","2","offpeak","4,494","5,892","76.27291242363%"
"2021-04-01","B DIVISION","R","1","peak","10,711","14,885","71.95834732953%"
"2021-04-01","B DIVISION","R","2","peak","2,484","3,114","79.76878612717%"
"2021-04-01","B DIVISION","S Fkln","2","offpeak","894","903","99.00332225914%"
"2021-04-01","B DIVISION","S Fkln","1","offpeak","2,437","2,446","99.63205233034%"
"2021-04-01","B DIVISION","S Fkln","2","peak","484","488","99.18032786885%"
"2021-04-01","B DIVISION","S Fkln","1","peak","1,386","1,400","99%"
"2021-04-01","B DIVISION","S Rock","1","offpeak","1,765","1,864","94.68884120172%"
"2021-04-01","B DIVISION","S Rock","2","offpeak","533","567","94.00352733686%"
"2021-04-01","B DIVISION","S Rock","1","peak","891","921","96.74267100977%"
"2021-04-01","B DIVISION","S Rock","2","peak","300","320","93.75%"
"2021-04-01","B DIVISION","W","1","offpeak","6,217","7,643","81.34240481486%"
"2021-04-01","B DIVISION","W","1","peak","4,472","6,200","72.12903225806%"
"2021-05-01","A DIVISION","1","1","offpeak","19,188","23,710","80.92787853226%"
"2021-05-01","A DIVISION","1","2","offpeak","4,876","8,257","59.05292479109%"
"2021-05-01","A DIVISION","1","1","peak","12,051","15,371","78.40088478303%"
"2021-05-01","A DIVISION","1","2","peak","2,601","4,070","63.90663390663%"
"2021-05-01","A DIVISION","2","2","offpeak","6,598","10,930","60.3659652333%"
"2021-05-01","A DIVISION","2","1","offpeak","17,517","25,620","68.37236533958%"
"2021-05-01","A DIVISION","2","2","peak","3,573","5,864","60.93110504775%"
"2021-05-01","A DIVISION","2","1","peak","11,016","16,606","66.33746838492%"
"2021-05-01","A DIVISION","3","2","offpeak","4,497","7,390","60.85250338295%"
"2021-05-01","A DIVISION","3","1","offpeak","14,659","20,649","70.99133129934%"
"2021-05-01","A DIVISION","3","2","peak","2,554","3,743","68.23403686882%"
"2021-05-01","A DIVISION","3","1","peak","9,372","13,547","69.18136856869%"
"2021-05-01","A DIVISION","4","2","offpeak","6,182","8,813","70.14637467378%"
"2021-05-01","A DIVISION","4","1","offpeak","20,039","28,051","71.43773840505%"
"2021-05-01","A DIVISION","4","1","peak","13,680","20,691","66.11570247934%"
"2021-05-01","A DIVISION","4","2","peak","3,540","4,812","73.56608478803%"
"2021-05-01","A DIVISION","5","1","offpeak","14,476","20,961","69.06159057297%"
"2021-05-01","A DIVISION","5","2","offpeak","2,900","4,084","71.00881488737%"
"2021-05-01","A DIVISION","5","1","peak","11,456","17,818","64.29453361769%"
"2021-05-01","A DIVISION","5","2","peak","1,590","2,193","72.50341997264%"
"2021-05-01","A DIVISION","6","2","offpeak","4,699","7,506","62.60325073275%"
"2021-05-01","A DIVISION","6","1","offpeak","21,226","26,792","79.22514183338%"
"2021-05-01","A DIVISION","6","1","peak","14,265","18,294","77.97638570023%"
"2021-05-01","A DIVISION","6","2","peak","2,630","3,943","66.7004818666%"
"2021-05-01","A DIVISION","7","1","offpeak","13,328","16,592","80.32786885246%"
"2021-05-01","A DIVISION","7","2","offpeak","3,904","5,182","75.33770744886%"
"2021-05-01","A DIVISION","7","2","peak","2,346","3,134","74.85641352904%"
"2021-05-01","A DIVISION","7","1","peak","9,781","13,221","73.98078814008%"
"2021-05-01","A DIVISION","S 42nd","2","offpeak","1,864","1,896","98.31223628692%"
"2021-05-01","A DIVISION","S 42nd","1","offpeak","5,590","5,745","97.30200174064%"
"2021-05-01","A DIVISION","S 42nd","2","peak","987","1,024","96.38671875%"
"2021-05-01","A DIVISION","S 42nd","1","peak","3,924","4,040","97.12871287129%"
"2021-05-01","B DIVISION","A","2","offpeak","4,518","7,271","62.13725759868%"
"2021-05-01","B DIVISION","A","1","offpeak","11,879","18,911","62.8152926868%"
"2021-05-01","B DIVISION","A","2","peak","2,419","3,822","63.29147043433%"
"2021-05-01","B DIVISION","A","1","peak","8,240","13,845","59.51607078368%"
"2021-05-01","B DIVISION","B","1","offpeak","5,520","7,868","70.15760040671%"
"2021-05-01","B DIVISION","B","1","peak","4,437","7,457","59.50113986858%"
"2021-05-01","B DIVISION","C","1","offpeak","6,334","9,297","68.12950414112%"
"2021-05-01","B DIVISION","C","2","offpeak","3,201","4,419","72.4372029871%"
"2021-05-01","B DIVISION","C","2","peak","1,864","2,484","75.04025764895%"
"2021-05-01","B DIVISION","C","1","peak","3,848","5,395","71.32530120482%"
"2021-05-01","B DIVISION","D","1","offpeak","8,540","12,683","67.33422691792%"
"2021-05-01","B DIVISION","D","2","offpeak","3,862","5,405","71.45235892692%"
"2021-05-01","B DIVISION","D","1","peak","5,441","8,298","65.57001687154%"
"2021-05-01","B DIVISION","D","2","peak","1,967","2,774","70.90843547224%"
"2021-05-01","B DIVISION","E","1","offpeak","11,293","16,119","70.06017743036%"
"2021-05-01","B DIVISION","E","2","offpeak","3,566","4,328","82.39371534196%"
"2021-05-01","B DIVISION","E","2","peak","1,830","2,147","85.23521192361%"
"2021-05-01","B DIVISION","E","1","peak","7,871","11,382","69.15304867334%"
"2021-05-01","B DIVISION","F","1","offpeak","15,787","25,377","62.20987508374%"
"2021-05-01","B DIVISION","F","2","offpeak","4,749","6,573","72.25011410315%"
"2021-05-01","B DIVISION","F","1","peak","11,512","18,322","62.83156860605%"
"2021-05-01","B DIVISION","F","2","peak","2,460","3,297","74.61328480437%"
"2021-05-01","B DIVISION","G","2","offpeak","4,288","5,062","84.70960094824%"
"2021-05-01","B DIVISION","G","1","offpeak","8,630","11,268","76.58856940007%"
"2021-05-01","B DIVISION","G","2","peak","2,339","2,636","88.73292867982%"
"2021-05-01","B DIVISION","G","1","peak","5,005","6,852","73.04436660829%"
"2021-05-01","B DIVISION","JZ","1","offpeak","8,460","10,410","81.26801152738%"
"2021-05-01","B DIVISION","JZ","2","offpeak","3,660","4,430","82.61851015801%"
"2021-05-01","B DIVISION","JZ","2","peak","2,067","2,401","86.08912952936%"
"2021-05-01","B DIVISION","JZ","1","peak","5,728","7,461","76.77255059643%"
"2021-05-01","B DIVISION","L","2","offpeak","8,243","10,123","81.42843030722%"
"2021-05-01","B DIVISION","L","1","offpeak","18,036","23,015","78.36628285901%"
"2021-05-01","B DIVISION","L","1","peak","10,623","13,832","76.8001735107%"
"2021-05-01","B DIVISION","L","2","peak","4,225","5,175","81.64251207729%"
"2021-05-01","B DIVISION","M","1","offpeak","9,542","12,781","74.65769501604%"
"2021-05-01","B DIVISION","M","2","offpeak","1,664","1,897","87.71744860306%"
"2021-05-01","B DIVISION","M","2","peak","918","1,007","91.16186693148%"
"2021-05-01","B DIVISION","M","1","peak","7,076","9,987","70.85210774006%"
"2021-05-01","B DIVISION","N","1","offpeak","10,978","15,224","72.1098265896%"
"2021-05-01","B DIVISION","N","2","offpeak","4,788","6,684","71.63375224417%"
"2021-05-01","B DIVISION","N","1","peak","6,557","9,998","65.58311662332%"
"2021-05-01","B DIVISION","N","2","peak","2,470","3,351","73.70934049537%"
"2021-05-01","B DIVISION","Q","1","offpeak","8,575","12,658","67.74371938695%"
"2021-05-01","B DIVISION","Q","2","offpeak","4,238","6,005","70.57452123231%"
"2021-05-01","B DIVISION","Q","1","peak","4,813","7,484","64.31052912881%"
"2021-05-01","B DIVISION","Q","2","peak","2,244","3,142","71.41947803947%"
"2021-05-01","B DIVISION","R","1","offpeak","13,115","18,436","71.13799088739%"
"2021-05-01","B DIVISION","R","2","offpeak","5,737","7,406","77.46421820146%"
"2021-05-01","B DIVISION","R","1","peak","8,597","12,790","67.21657544957%"
"2021-05-01","B DIVISION","R","2","peak","3,108","3,844","80.85327783559%"
"2021-05-01","B DIVISION","S Fkln","1","offpeak","2,051","2,086","98.32214765101%"
"2021-05-01","B DIVISION","S Fkln","2","offpeak","1,019","1,025","99.41463414634%"
"2021-05-01","B DIVISION","S Fkln","2","peak","536","542","98.89298892989%"
"2021-05-01","B DIVISION","S Fkln","1","peak","1,182","1,191","99.2443324937%"
"2021-05-01","B DIVISION","S Rock","1","offpeak","1,045","1,112","93.97482014388%"
"2021-05-01","B DIVISION","S Rock","2","offpeak","301","320","94.0625%"
"2021-05-01","B DIVISION","S Rock","1","peak","708","761","93.03547963206%"
"2021-05-01","B DIVISION","S Rock","2","peak","159","164","96.9512195122%"
"2021-05-01","B DIVISION","W","1","offpeak","3,977","5,286","75.23647370412%"
"2021-05-01","B DIVISION","W","1","peak","3,469","5,404","64.19319022946%"
"2021-06-01","A DIVISION","1","2","offpeak","3,374","6,625","50.92830188679%"
"2021-06-01","A DIVISION","1","1","offpeak","20,576","26,862","76.59891296255%"
"2021-06-01","A DIVISION","1","2","peak","1,746","3,259","53.5747161706%"
"2021-06-01","A DIVISION","1","1","peak","12,430","17,798","69.83930778739%"
"2021-06-01","A DIVISION","2","2","offpeak","3,469","6,895","50.31182015954%"
"2021-06-01","A DIVISION","2","1","offpeak","19,231","29,624","64.91695922225%"
"2021-06-01","A DIVISION","2","2","peak","1,963","3,671","53.47316807409%"
"2021-06-01","A DIVISION","2","1","peak","12,084","19,228","62.84584980237%"
"2021-06-01","A DIVISION","3","1","offpeak","15,300","23,835","64.19131529264%"
"2021-06-01","A DIVISION","3","2","offpeak","3,156","5,472","57.67543859649%"
"2021-06-01","A DIVISION","3","2","peak","1,860","2,803","66.35747413486%"
"2021-06-01","A DIVISION","3","1","peak","9,748","15,686","62.14458753028%"
"2021-06-01","A DIVISION","4","1","offpeak","21,109","32,433","65.08494434681%"
"2021-06-01","A DIVISION","4","2","offpeak","4,278","7,114","60.13494517852%"
"2021-06-01","A DIVISION","4","2","peak","2,344","3,883","60.36569662632%"
"2021-06-01","A DIVISION","4","1","peak","14,738","23,969","61.4877550169%"
"2021-06-01","A DIVISION","5","2","offpeak","1,700","2,606","65.23407521105%"
"2021-06-01","A DIVISION","5","1","offpeak","16,687","24,876","67.08072037305%"
"2021-06-01","A DIVISION","5","1","peak","12,455","20,491","60.78278268508%"
"2021-06-01","A DIVISION","5","2","peak","939","1,363","68.89214966985%"
"2021-06-01","A DIVISION","6","2","offpeak","3,017","5,917","50.98867669427%"
"2021-06-01","A DIVISION","6","1","offpeak","22,157","30,366","72.96647566357%"
"2021-06-01","A DIVISION","6","1","peak","15,306","20,872","73.33269451897%"
"2021-06-01","A DIVISION","6","2","peak","1,654","3,102","53.32043842682%"
"2021-06-01","A DIVISION","7","2","offpeak","1,489","1,890","78.78306878307%"
"2021-06-01","A DIVISION","7","1","offpeak","8,073","9,641","83.73612695778%"
"2021-06-01","A DIVISION","7","2","peak","880","1,109","79.35076645627%"
"2021-06-01","A DIVISION","7","1","peak","5,465","7,354","74.31329888496%"
"2021-06-01","A DIVISION","S 42nd","1","offpeak","5,600","6,524","85.83690987124%"
"2021-06-01","A DIVISION","S 42nd","2","offpeak","1,659","1,700","97.58823529412%"
"2021-06-01","A DIVISION","S 42nd","1","peak","4,050","4,444","91.13411341134%"
"2021-06-01","A DIVISION","S 42nd","2","peak","979","992","98.68951612903%"
"2021-06-01","B DIVISION","A","2","offpeak","3,079","5,534","55.63787495482%"
"2021-06-01","B DIVISION","A","1","offpeak","13,807","21,816","63.28841217455%"
"2021-06-01","B DIVISION","A","1","peak","9,398","15,962","58.87733366746%"
"2021-06-01","B DIVISION","A","2","peak","1,575","2,888","54.53601108033%"
"2021-06-01","B DIVISION","B","1","offpeak","5,955","9,084","65.55482166446%"
"2021-06-01","B DIVISION","B","1","peak","5,037","8,590","58.63795110594%"
"2021-06-01","B DIVISION","C","1","offpeak","7,404","10,823","68.40986787397%"
"2021-06-01","B DIVISION","C","2","offpeak","1,452","2,312","62.80276816609%"
"2021-06-01","B DIVISION","C","1","peak","4,494","6,303","71.29938124703%"
"2021-06-01","B DIVISION","C","2","peak","855","1,300","65.76923076923%"
"2021-06-01","B DIVISION","D","2","offpeak","2,987","4,490","66.52561247216%"
"2021-06-01","B DIVISION","D","1","offpeak","9,734","14,585","66.73980116558%"
"2021-06-01","B DIVISION","D","1","peak","6,225","9,857","63.15308917521%"
"2021-06-01","B DIVISION","D","2","peak","1,426","2,334","61.09682947729%"
"2021-06-01","B DIVISION","E","1","offpeak","12,139","18,715","64.86240983169%"
"2021-06-01","B DIVISION","E","2","offpeak","2,846","3,624","78.53200883002%"
"2021-06-01","B DIVISION","E","1","peak","7,657","13,151","58.22370922363%"
"2021-06-01","B DIVISION","E","2","peak","1,391","1,800","77.27777777778%"
"2021-06-01","B DIVISION","F","2","offpeak","4,268","5,998","71.15705235078%"
"2021-06-01","B DIVISION","F","1","offpeak","17,862","29,796","59.94764397906%"
"2021-06-01","B DIVISION","F","2","peak","2,040","3,026","67.41573033708%"
"2021-06-01","B DIVISION","F","1","peak","11,885","20,944","56.74656226127%"
"2021-06-01","B DIVISION","G","1","offpeak","9,870","12,922","76.38136511376%"
"2021-06-01","B DIVISION","G","2","offpeak","3,307","3,974","83.21590337192%"
"2021-06-01","B DIVISION","G","1","peak","5,770","7,915","72.89955780164%"
"2021-06-01","B DIVISION","G","2","peak","1,795","2,098","85.55767397521%"
"2021-06-01","B DIVISION","JZ","1","offpeak","9,803","11,847","82.74668692496%"
"2021-06-01","B DIVISION","JZ","2","offpeak","2,945","3,468","84.91926182238%"
"2021-06-01","B DIVISION","JZ","2","peak","1,572","1,882","83.52816153029%"
"2021-06-01","B DIVISION","JZ","1","peak","6,669","8,656","77.04482439926%"
"2021-06-01","B DIVISION","L","1","offpeak","19,338","26,070","74.17721518987%"
"2021-06-01","B DIVISION","L","2","offpeak","4,787","5,705","83.90885188431%"
"2021-06-01","B DIVISION","L","2","peak","2,401","2,888","83.13711911357%"
"2021-06-01","B DIVISION","L","1","peak","11,620","15,985","72.69314982796%"
"2021-06-01","B DIVISION","M","1","offpeak","10,184","14,772","68.94124018413%"
"2021-06-01","B DIVISION","M","2","offpeak","1,458","1,642","88.79415347138%"
"2021-06-01","B DIVISION","M","2","peak","777","878","88.49658314351%"
"2021-06-01","B DIVISION","M","1","peak","6,989","11,433","61.13006210094%"
"2021-06-01","B DIVISION","N","1","offpeak","11,920","17,178","69.39108161602%"
"2021-06-01","B DIVISION","N","2","offpeak","3,424","5,596","61.18656182988%"
"2021-06-01","B DIVISION","N","1","peak","7,191","11,541","62.30829217572%"
"2021-06-01","B DIVISION","N","2","peak","1,761","2,801","62.87040342735%"
"2021-06-01","B DIVISION","Q","1","offpeak","9,428","14,134","66.70440073581%"
"2021-06-01","B DIVISION","Q","2","offpeak","2,887","4,528","63.75883392226%"
"2021-06-01","B DIVISION","Q","1","peak","5,437","8,562","63.50151833684%"
"2021-06-01","B DIVISION","Q","2","peak","1,565","2,365","66.1733615222%"
"2021-06-01","B DIVISION","R","2","offpeak","3,500","5,461","64.09082585607%"
"2021-06-01","B DIVISION","R","1","offpeak","14,330","20,751","69.05691291986%"
"2021-06-01","B DIVISION","R","2","peak","2,007","2,960","67.80405405405%"
"2021-06-01","B DIVISION","R","1","peak","9,121","14,715","61.98436969079%"
"2021-06-01","B DIVISION","S Fkln","2","offpeak","805","815","98.77300613497%"
"2021-06-01","B DIVISION","S Fkln","1","offpeak","2,483","2,516","98.68839427663%"
"2021-06-01","B DIVISION","S Fkln","1","peak","1,384","1,389","99.6400287977%"
"2021-06-01","B DIVISION","S Fkln","2","peak","437","442","98.86877828054%"
"2021-06-01","B DIVISION","S Rock","2","offpeak","550","594","92.59259259259%"
"2021-06-01","B DIVISION","S Rock","1","offpeak","1,675","1,905","87.92650918635%"
"2021-06-01","B DIVISION","S Rock","2","peak","318","335","94.92537313433%"
"2021-06-01","B DIVISION","S Rock","1","peak","861","934","92.18415417559%"
"2021-06-01","B DIVISION","W","1","offpeak","4,115","6,514","63.17163033466%"
"2021-06-01","B DIVISION","W","1","peak","3,491","6,046","57.7406549785%"
"2021-07-01","A DIVISION","1","1","offpeak","17,086","25,108","68.05002389677%"
"2021-07-01","A DIVISION","1","2","offpeak","6,472","7,444","86.94250403009%"
"2021-07-01","A DIVISION","1","1","peak","10,935","16,981","64.3955008539%"
"2021-07-01","A DIVISION","1","2","peak","3,197","3,646","87.68513439386%"
"2021-07-01","A DIVISION","2","2","offpeak","6,489","8,639","75.11286028476%"
"2021-07-01","A DIVISION","2","1","offpeak","17,768","28,160","63.09659090909%"
"2021-07-01","A DIVISION","2","1","peak","11,342","18,350","61.80926430518%"
"2021-07-01","A DIVISION","2","2","peak","3,320","4,492","73.90917186109%"
"2021-07-01","A DIVISION","3","2","offpeak","5,748","6,975","82.40860215054%"
"2021-07-01","A DIVISION","3","1","offpeak","13,830","22,721","60.86879978874%"
"2021-07-01","A DIVISION","3","2","peak","3,110","3,545","87.72919605078%"
"2021-07-01","A DIVISION","3","1","peak","9,063","14,973","60.5289521138%"
"2021-07-01","A DIVISION","4","2","offpeak","6,820","9,122","74.76430607323%"
"2021-07-01","A DIVISION","4","1","offpeak","21,452","31,048","69.09301726359%"
"2021-07-01","A DIVISION","4","2","peak","3,847","5,016","76.69457735247%"
"2021-07-01","A DIVISION","4","1","peak","14,173","22,893","61.9097540733%"
"2021-07-01","A DIVISION","5","2","offpeak","2,634","2,831","93.0413281526%"
"2021-07-01","A DIVISION","5","1","offpeak","15,738","23,716","66.36026311351%"
"2021-07-01","A DIVISION","5","1","peak","11,645","19,337","60.22133733257%"
"2021-07-01","A DIVISION","5","2","peak","1,429","1,533","93.21591650359%"
"2021-07-01","A DIVISION","6","2","offpeak","4,703","6,013","78.21386994845%"
"2021-07-01","A DIVISION","6","1","offpeak","20,189","28,780","70.14940931202%"
"2021-07-01","A DIVISION","6","1","peak","14,612","19,909","73.39394243809%"
"2021-07-01","A DIVISION","6","2","peak","2,466","3,105","79.42028985507%"
"2021-07-01","A DIVISION","7","1","offpeak","12,772","16,189","78.89307554512%"
"2021-07-01","A DIVISION","7","2","offpeak","3,729","4,771","78.15971494446%"
"2021-07-01","A DIVISION","7","2","peak","2,335","2,977","78.43466577091%"
"2021-07-01","A DIVISION","7","1","peak","9,754","13,409","72.74218808263%"
"2021-07-01","A DIVISION","S 42nd","2","offpeak","1,109","1,420","78.0985915493%"
"2021-07-01","A DIVISION","S 42nd","1","offpeak","5,622","5,996","93.76250833889%"
"2021-07-01","A DIVISION","S 42nd","2","peak","551","782","70.46035805627%"
"2021-07-01","A DIVISION","S 42nd","1","peak","4,015","4,242","94.64875058934%"
"2021-07-01","B DIVISION","A","1","offpeak","11,909","20,106","59.23107530091%"
"2021-07-01","B DIVISION","A","2","offpeak","3,705","6,490","57.08782742681%"
"2021-07-01","B DIVISION","A","1","peak","8,103","14,777","54.83521689111%"
"2021-07-01","B DIVISION","A","2","peak","2,011","3,412","58.93903868699%"
"2021-07-01","B DIVISION","B","1","offpeak","5,378","9,046","59.4516913553%"
"2021-07-01","B DIVISION","B","1","peak","4,530","8,242","54.96238776996%"
"2021-07-01","B DIVISION","C","2","offpeak","2,604","3,913","66.54740608229%"
"2021-07-01","B DIVISION","C","1","offpeak","6,152","10,717","57.40412428851%"
"2021-07-01","B DIVISION","C","2","peak","1,559","2,231","69.87897803675%"
"2021-07-01","B DIVISION","C","1","peak","3,890","6,428","60.5164903547%"
"2021-07-01","B DIVISION","D","1","offpeak","8,130","13,531","60.08425097923%"
"2021-07-01","B DIVISION","D","2","offpeak","3,528","5,132","68.74512860483%"
"2021-07-01","B DIVISION","D","2","peak","1,790","2,613","68.50363566781%"
"2021-07-01","B DIVISION","D","1","peak","5,605","9,418","59.51369717562%"
"2021-07-01","B DIVISION","E","1","offpeak","11,178","17,845","62.63939478846%"
"2021-07-01","B DIVISION","E","2","offpeak","3,383","4,116","82.19144800777%"
"2021-07-01","B DIVISION","E","1","peak","7,644","12,507","61.11777404653%"
"2021-07-01","B DIVISION","E","2","peak","1,702","2,048","83.10546875%"
"2021-07-01","B DIVISION","F","1","offpeak","15,746","27,268","57.74534252604%"
"2021-07-01","B DIVISION","F","2","offpeak","4,372","5,974","73.18379645129%"
"2021-07-01","B DIVISION","F","2","peak","2,197","2,995","73.35559265442%"
"2021-07-01","B DIVISION","F","1","peak","11,202","20,148","55.59857057772%"
"2021-07-01","B DIVISION","G","2","offpeak","3,579","4,521","79.16390179164%"
"2021-07-01","B DIVISION","G","1","offpeak","9,174","12,429","73.811247888%"
"2021-07-01","B DIVISION","G","1","peak","5,513","7,570","72.82694848085%"
"2021-07-01","B DIVISION","G","2","peak","1,877","2,361","79.50021177467%"
"2021-07-01","B DIVISION","JZ","2","offpeak","3,097","3,808","81.32878151261%"
"2021-07-01","B DIVISION","JZ","1","offpeak","8,688","11,403","76.19047619048%"
"2021-07-01","B DIVISION","JZ","1","peak","5,804","8,221","70.59968373677%"
"2021-07-01","B DIVISION","JZ","2","peak","1,731","2,055","84.23357664234%"
"2021-07-01","B DIVISION","L","2","offpeak","7,841","10,117","77.50321241475%"
"2021-07-01","B DIVISION","L","1","offpeak","18,580","24,913","74.57953678802%"
"2021-07-01","B DIVISION","L","2","peak","4,247","5,220","81.3601532567%"
"2021-07-01","B DIVISION","L","1","peak","11,099","15,276","72.65645456926%"
"2021-07-01","B DIVISION","M","1","offpeak","9,716","14,300","67.94405594406%"
"2021-07-01","B DIVISION","M","2","offpeak","1,733","2,128","81.43796992481%"
"2021-07-01","B DIVISION","M","2","peak","901","1,135","79.38325991189%"
"2021-07-01","B DIVISION","M","1","peak","6,976","10,966","63.61480941091%"
"2021-07-01","B DIVISION","N","1","offpeak","11,060","16,786","65.88824020017%"
"2021-07-01","B DIVISION","N","2","offpeak","4,202","6,311","66.58215813659%"
"2021-07-01","B DIVISION","N","2","peak","2,180","3,205","68.01872074883%"
"2021-07-01","B DIVISION","N","1","peak","6,571","11,043","59.50375803677%"
"2021-07-01","B DIVISION","Q","1","offpeak","8,704","13,853","62.83115570635%"
"2021-07-01","B DIVISION","Q","2","offpeak","3,709","5,308","69.87565938206%"
"2021-07-01","B DIVISION","Q","2","peak","1,838","2,671","68.8131785848%"
"2021-07-01","B DIVISION","Q","1","peak","4,926","8,299","59.35654898181%"
"2021-07-01","B DIVISION","R","2","offpeak","5,241","7,066","74.17209170676%"
"2021-07-01","B DIVISION","R","1","offpeak","13,056","20,025","65.19850187266%"
"2021-07-01","B DIVISION","R","1","peak","8,613","13,971","61.64913034142%"
"2021-07-01","B DIVISION","R","2","peak","2,812","3,687","76.26796853811%"
"2021-07-01","B DIVISION","S Fkln","2","offpeak","985","1,005","98.00995024876%"
"2021-07-01","B DIVISION","S Fkln","1","offpeak","2,127","2,179","97.61358421294%"
"2021-07-01","B DIVISION","S Fkln","1","peak","1,344","1,369","98.1738495252%"
"2021-07-01","B DIVISION","S Fkln","2","peak","536","551","97.277676951%"
"2021-07-01","B DIVISION","S Rock","1","offpeak","1,667","1,817","91.74463401211%"
"2021-07-01","B DIVISION","S Rock","2","offpeak","571","661","86.38426626324%"
"2021-07-01","B DIVISION","S Rock","1","peak","841","894","94.07158836689%"
"2021-07-01","B DIVISION","S Rock","2","peak","317","370","85.67567567568%"
"2021-07-01","B DIVISION","W","1","offpeak","5,251","8,857","59.28644010387%"
"2021-07-01","B DIVISION","W","1","peak","3,234","6,085","53.14708299096%"
"2021-08-01","A DIVISION","1","2","offpeak","4,306","7,268","59.24600990644%"
"2021-08-01","A DIVISION","1","1","offpeak","17,971","26,636","67.46883916504%"
"2021-08-01","A DIVISION","1","1","peak","10,636","17,794","59.77295717658%"
"2021-08-01","A DIVISION","1","2","peak","2,315","3,585","64.57461645746%"
"2021-08-01","A DIVISION","2","1","offpeak","18,552","29,697","62.47095666229%"
"2021-08-01","A DIVISION","2","2","offpeak","5,003","7,814","64.02610698746%"
"2021-08-01","A DIVISION","2","2","peak","2,705","4,145","65.25934861279%"
"2021-08-01","A DIVISION","2","1","peak","11,767","19,228","61.19721239859%"
"2021-08-01","A DIVISION","3","2","offpeak","4,521","6,610","68.39636913767%"
"2021-08-01","A DIVISION","3","1","offpeak","12,640","23,755","53.20985055778%"
"2021-08-01","A DIVISION","3","2","peak","2,499","3,369","74.17631344613%"
"2021-08-01","A DIVISION","3","1","peak","8,528","15,686","54.36695142165%"
"2021-08-01","A DIVISION","4","2","offpeak","5,679","9,542","59.51582477468%"
"2021-08-01","A DIVISION","4","1","offpeak","21,615","32,652","66.19808893789%"
"2021-08-01","A DIVISION","4","2","peak","3,324","5,281","62.94262450294%"
"2021-08-01","A DIVISION","4","1","peak","14,711","23,979","61.34951415822%"
"2021-08-01","A DIVISION","5","2","offpeak","3,126","4,298","72.73150302466%"
"2021-08-01","A DIVISION","5","1","offpeak","16,522","24,790","66.64784187172%"
"2021-08-01","A DIVISION","5","1","peak","12,332","20,254","60.88673842204%"
"2021-08-01","A DIVISION","5","2","peak","1,672","2,374","70.42965459141%"
"2021-08-01","A DIVISION","6","1","offpeak","20,740","30,112","68.87619553666%"
"2021-08-01","A DIVISION","6","2","offpeak","3,952","6,131","64.45930517045%"
"2021-08-01","A DIVISION","6","1","peak","14,183","20,868","67.96530573126%"
"2021-08-01","A DIVISION","6","2","peak","2,166","3,248","66.68719211823%"
"2021-08-01","A DIVISION","7","1","offpeak","14,569","20,360","71.55697445972%"
"2021-08-01","A DIVISION","7","2","offpeak","4,191","5,715","73.33333333333%"
"2021-08-01","A DIVISION","7","2","peak","2,649","3,736","70.90471092077%"
"2021-08-01","A DIVISION","7","1","peak","11,057","16,838","65.66694381756%"
"2021-08-01","A DIVISION","S 42nd","2","offpeak","1,168","1,192","97.98657718121%"
"2021-08-01","A DIVISION","S 42nd","1","offpeak","4,018","4,286","93.74708352776%"
"2021-08-01","A DIVISION","S 42nd","2","peak","649","649","100%"
"2021-08-01","A DIVISION","S 42nd","1","peak","2,808","3,030","92.67326732673%"
"2021-08-01","B DIVISION","A","1","offpeak","11,837","21,879","54.10210704328%"
"2021-08-01","B DIVISION","A","2","offpeak","3,705","6,522","56.80772769089%"
"2021-08-01","B DIVISION","A","2","peak","2,153","3,457","62.27943303442%"
"2021-08-01","B DIVISION","A","1","peak","8,489","16,124","52.64822624659%"
"2021-08-01","B DIVISION","B","1","offpeak","5,777","9,459","61.07410931388%"
"2021-08-01","B DIVISION","B","1","peak","4,851","8,633","56.19135873972%"
"2021-08-01","B DIVISION","C","2","offpeak","1,818","2,977","61.06818945247%"
"2021-08-01","B DIVISION","C","1","offpeak","6,826","12,870","53.03807303807%"
"2021-08-01","B DIVISION","C","2","peak","1,083","1,664","65.08413461538%"
"2021-08-01","B DIVISION","C","1","peak","4,234","8,115","52.17498459643%"
"2021-08-01","B DIVISION","D","1","offpeak","9,076","14,912","60.86373390558%"
"2021-08-01","B DIVISION","D","2","offpeak","3,374","5,101","66.14389335424%"
"2021-08-01","B DIVISION","D","1","peak","6,106","9,941","61.42239211347%"
"2021-08-01","B DIVISION","D","2","peak","1,747","2,633","66.35017090771%"
"2021-08-01","B DIVISION","E","1","offpeak","11,731","18,533","63.29790104139%"
"2021-08-01","B DIVISION","E","2","offpeak","1,806","2,363","76.42826914939%"
"2021-08-01","B DIVISION","E","2","peak","940","1,176","79.93197278912%"
"2021-08-01","B DIVISION","E","1","peak","8,194","13,100","62.54961832061%"
"2021-08-01","B DIVISION","F","1","offpeak","16,747","29,896","56.01752742842%"
"2021-08-01","B DIVISION","F","2","offpeak","2,923","4,990","58.57715430862%"
"2021-08-01","B DIVISION","F","2","peak","1,457","2,528","57.63449367089%"
"2021-08-01","B DIVISION","F","1","peak","11,828","21,256","55.64546480994%"
"2021-08-01","B DIVISION","G","2","offpeak","2,808","4,102","68.45441248172%"
"2021-08-01","B DIVISION","G","1","offpeak","8,854","11,819","74.91327523479%"
"2021-08-01","B DIVISION","G","1","peak","5,421","7,547","71.82986617199%"
"2021-08-01","B DIVISION","G","2","peak","1,368","2,158","63.39202965709%"
"2021-08-01","B DIVISION","JZ","2","offpeak","2,470","3,515","70.27027027027%"
"2021-08-01","B DIVISION","JZ","1","offpeak","9,149","11,952","76.54785809906%"
"2021-08-01","B DIVISION","JZ","2","peak","1,313","1,918","68.456725756%"
"2021-08-01","B DIVISION","JZ","1","peak","6,300","8,626","73.03501043357%"
"2021-08-01","B DIVISION","L","1","offpeak","19,655","26,447","74.31844821719%"
"2021-08-01","B DIVISION","L","2","offpeak","5,417","7,755","69.85170857511%"
"2021-08-01","B DIVISION","L","1","peak","11,170","15,998","69.82122765346%"
"2021-08-01","B DIVISION","L","2","peak","2,851","3,971","71.79551750189%"
"2021-08-01","B DIVISION","M","1","offpeak","9,547","15,105","63.20423700761%"
"2021-08-01","B DIVISION","M","2","offpeak","904","1,066","84.80300187617%"
"2021-08-01","B DIVISION","M","1","peak","6,925","11,574","59.83238292725%"
"2021-08-01","B DIVISION","M","2","peak","432","486","88.88888888889%"
"2021-08-01","B DIVISION","N","1","offpeak","10,704","17,545","61.00883442576%"
"2021-08-01","B DIVISION","N","2","offpeak","3,801","6,074","62.5782021732%"
"2021-08-01","B DIVISION","N","1","peak","6,714","11,600","57.87931034483%"
"2021-08-01","B DIVISION","N","2","peak","1,835","3,131","58.60747365059%"
"2021-08-01","B DIVISION","Q","2","offpeak","3,024","5,118","59.08558030481%"
"2021-08-01","B DIVISION","Q","1","offpeak","7,947","14,444","55.01938521185%"
"2021-08-01","B DIVISION","Q","2","peak","1,633","2,714","60.16949152542%"
"2021-08-01","B DIVISION","Q","1","peak","4,864","8,694","55.94662985967%"
"2021-08-01","B DIVISION","R","1","offpeak","12,785","20,943","61.04665043213%"
"2021-08-01","B DIVISION","R","2","offpeak","4,329","6,592","65.67050970874%"
"2021-08-01","B DIVISION","R","1","peak","8,695","14,676","59.24638866176%"
"2021-08-01","B DIVISION","R","2","peak","2,375","3,529","67.29951827713%"
"2021-08-01","B DIVISION","S Fkln","2","offpeak","945","981","96.33027522936%"
"2021-08-01","B DIVISION","S Fkln","1","offpeak","2,717","2,742","99.0882567469%"
"2021-08-01","B DIVISION","S Fkln","1","peak","1,565","1,583","98.86291850916%"
"2021-08-01","B DIVISION","S Fkln","2","peak","505","528","95.64393939394%"
"2021-08-01","B DIVISION","S Rock","2","offpeak","544","631","86.21236133122%"
"2021-08-01","B DIVISION","S Rock","1","offpeak","1,737","1,883","92.24641529474%"
"2021-08-01","B DIVISION","S Rock","2","peak","301","352","85.51136363636%"
"2021-08-01","B DIVISION","S Rock","1","peak","856","933","91.74705251876%"
"2021-08-01","B DIVISION","W","1","offpeak","4,709","7,874","59.80441960884%"
"2021-08-01","B DIVISION","W","1","peak","3,533","6,262","56.41967422549%"
"2021-09-01","A DIVISION","1","1","offpeak","17,301","24,691","70.07006601596%"
"2021-09-01","A DIVISION","1","2","offpeak","3,874","5,814","66.63226694186%"
"2021-09-01","A DIVISION","1","2","peak","1,971","2,888","68.24792243767%"
"2021-09-01","A DIVISION","1","1","peak","10,415","16,180","64.369592089%"
"2021-09-01","A DIVISION","2","1","offpeak","18,074","26,688","67.72332134293%"
"2021-09-01","A DIVISION","2","2","offpeak","4,030","7,002","57.5549842902%"
"2021-09-01","A DIVISION","2","1","peak","11,231","17,480","64.25057208238%"
"2021-09-01","A DIVISION","2","2","peak","2,273","3,753","60.56488142819%"
"2021-09-01","A DIVISION","3","2","offpeak","3,559","5,334","66.7229096363%"
"2021-09-01","A DIVISION","3","1","offpeak","13,808","21,476","64.29502700689%"
"2021-09-01","A DIVISION","3","2","peak","2,087","2,678","77.93129200896%"
"2021-09-01","A DIVISION","3","1","peak","8,951","14,260","62.76998597475%"
"2021-09-01","A DIVISION","4","1","offpeak","19,109","29,468","64.84661327542%"
"2021-09-01","A DIVISION","4","2","offpeak","5,388","8,202","65.69129480614%"
"2021-09-01","A DIVISION","4","1","peak","13,259","21,794","60.83784527852%"
"2021-09-01","A DIVISION","4","2","peak","3,126","4,570","68.40262582057%"
"2021-09-01","A DIVISION","5","1","offpeak","14,821","22,263","66.57233975655%"
"2021-09-01","A DIVISION","5","2","offpeak","1,983","3,030","65.44554455446%"
"2021-09-01","A DIVISION","5","2","peak","1,098","1,587","69.18714555766%"
"2021-09-01","A DIVISION","5","1","peak","11,205","18,262","61.35691600044%"
"2021-09-01","A DIVISION","6","1","offpeak","19,239","26,629","72.24830072477%"
"2021-09-01","A DIVISION","6","2","offpeak","2,584","3,895","66.34146341463%"
"2021-09-01","A DIVISION","6","2","peak","1,417","2,054","68.98734177215%"
"2021-09-01","A DIVISION","6","1","peak","12,760","18,160","70.26431718062%"
"2021-09-01","A DIVISION","7","1","offpeak","13,370","18,329","72.94451415789%"
"2021-09-01","A DIVISION","7","2","offpeak","3,398","4,580","74.19213973799%"
"2021-09-01","A DIVISION","7","1","peak","10,250","15,286","67.05482140521%"
"2021-09-01","A DIVISION","7","2","peak","2,314","3,075","75.25203252033%"
"2021-09-01","A DIVISION","S 42nd","1","offpeak","2,633","2,667","98.72515935508%"
"2021-09-01","A DIVISION","S 42nd","2","offpeak","530","536","98.88059701493%"
"2021-09-01","A DIVISION","S 42nd","1","peak","1,772","1,818","97.4697469747%"
"2021-09-01","A DIVISION","S 42nd","2","peak","317","318","99.68553459119%"
"2021-09-01","B DIVISION","A","2","offpeak","2,674","5,389","49.61959547226%"
"2021-09-01","B DIVISION","A","1","offpeak","11,158","20,037","55.68697908869%"
"2021-09-01","B DIVISION","A","1","peak","7,596","14,512","52.34288864388%"
"2021-09-01","B DIVISION","A","2","peak","1,508","2,788","54.08895265423%"
"2021-09-01","B DIVISION","B","1","offpeak","4,832","8,358","57.81287389328%"
"2021-09-01","B DIVISION","B","1","peak","3,976","7,824","50.81799591002%"
"2021-09-01","B DIVISION","C","1","offpeak","4,941","11,685","42.28498074454%"
"2021-09-01","B DIVISION","C","2","offpeak","1,756","3,267","53.74961738598%"
"2021-09-01","B DIVISION","C","2","peak","862","1,863","46.26945786366%"
"2021-09-01","B DIVISION","C","1","peak","3,192","7,376","43.27548806941%"
"2021-09-01","B DIVISION","D","1","offpeak","7,287","13,242","55.02945174445%"
"2021-09-01","B DIVISION","D","2","offpeak","2,219","3,744","59.26816239316%"
"2021-09-01","B DIVISION","D","2","peak","1,201","1,911","62.84667713239%"
"2021-09-01","B DIVISION","D","1","peak","4,506","8,604","52.3709902371%"
"2021-09-01","B DIVISION","E","2","offpeak","2,018","3,136","64.34948979592%"
"2021-09-01","B DIVISION","E","1","offpeak","10,210","16,822","60.69432885507%"
"2021-09-01","B DIVISION","E","2","peak","1,002","1,586","63.17780580076%"
"2021-09-01","B DIVISION","E","1","peak","7,336","11,927","61.50750398256%"
"2021-09-01","B DIVISION","F","1","offpeak","15,515","27,851","55.70715593695%"
"2021-09-01","B DIVISION","F","2","offpeak","3,611","5,449","66.26904019086%"
"2021-09-01","B DIVISION","F","1","peak","10,284","19,167","53.65471904836%"
"2021-09-01","B DIVISION","F","2","peak","1,798","2,765","65.02712477396%"
"2021-09-01","B DIVISION","G","1","offpeak","7,785","11,444","68.02691366655%"
"2021-09-01","B DIVISION","G","2","offpeak","1,758","2,287","76.86926104066%"
"2021-09-01","B DIVISION","G","1","peak","4,127","7,057","58.48094090974%"
"2021-09-01","B DIVISION","G","2","peak","981","1,172","83.70307167235%"
"2021-09-01","B DIVISION","JZ","1","offpeak","8,177","10,759","76.00148712706%"
"2021-09-01","B DIVISION","JZ","2","offpeak","2,153","3,153","68.28417380273%"
"2021-09-01","B DIVISION","JZ","2","peak","1,094","1,717","63.71578334304%"
"2021-09-01","B DIVISION","JZ","1","peak","5,802","7,803","74.35601691657%"
"2021-09-01","B DIVISION","L","1","offpeak","17,310","23,746","72.89648782953%"
"2021-09-01","B DIVISION","L","2","offpeak","4,919","7,088","69.39898419865%"
"2021-09-01","B DIVISION","L","2","peak","2,692","3,715","72.46298788694%"
"2021-09-01","B DIVISION","L","1","peak","10,140","14,515","69.85876679297%"
"2021-09-01","B DIVISION","M","2","offpeak","1,395","1,658","84.13751507841%"
"2021-09-01","B DIVISION","M","1","offpeak","9,083","13,512","67.22172883363%"
"2021-09-01","B DIVISION","M","2","peak","784","884","88.68778280543%"
"2021-09-01","B DIVISION","M","1","peak","6,406","10,352","61.88176197836%"
"2021-09-01","B DIVISION","N","2","offpeak","2,684","4,814","55.7540506855%"
"2021-09-01","B DIVISION","N","1","offpeak","9,732","15,945","61.03480714958%"
"2021-09-01","B DIVISION","N","1","peak","6,192","10,498","58.98266336445%"
"2021-09-01","B DIVISION","N","2","peak","1,214","2,417","50.22755482002%"
"2021-09-01","B DIVISION","Q","1","offpeak","7,217","12,898","55.95441153667%"
"2021-09-01","B DIVISION","Q","2","offpeak","2,600","4,108","63.29113924051%"
"2021-09-01","B DIVISION","Q","1","peak","4,534","7,864","57.65513733469%"
"2021-09-01","B DIVISION","Q","2","peak","1,424","2,150","66.23255813953%"
"2021-09-01","B DIVISION","R","2","offpeak","791","1,417","55.82215949188%"
"2021-09-01","B DIVISION","R","1","offpeak","12,058","19,023","63.38642695684%"
"2021-09-01","B DIVISION","R","2","peak","424","762","55.64304461942%"
"2021-09-01","B DIVISION","R","1","peak","8,023","13,319","60.23725504918%"
"2021-09-01","B DIVISION","S Fkln","2","offpeak","699","743","94.07806191117%"
"2021-09-01","B DIVISION","S Fkln","1","offpeak","2,377","2,452","96.94127243067%"
"2021-09-01","B DIVISION","S Fkln","2","peak","363","397","91.43576826196%"
"2021-09-01","B DIVISION","S Fkln","1","peak","1,340","1,404","95.4415954416%"
"2021-09-01","B DIVISION","S Rock","1","offpeak","1,602","1,725","92.86956521739%"
"2021-09-01","B DIVISION","S Rock","2","offpeak","492","528","93.18181818182%"
"2021-09-01","B DIVISION","S Rock","1","peak","774","849","91.16607773852%"
"2021-09-01","B DIVISION","S Rock","2","peak","259","291","89.00343642612%"
"2021-09-01","B DIVISION","W","1","offpeak","3,381","5,822","58.07282720715%"
"2021-09-01","B DIVISION","W","1","peak","3,330","5,614","59.31599572497%"
"2021-10-01","A DIVISION","1","1","offpeak","19,056","26,156","72.85517663251%"
"2021-10-01","A DIVISION","1","2","offpeak","6,195","8,284","74.7827136649%"
"2021-10-01","A DIVISION","1","2","peak","3,153","4,069","77.48832637012%"
"2021-10-01","A DIVISION","1","1","peak","11,417","16,989","67.20230737536%"
"2021-10-01","A DIVISION","2","1","offpeak","19,245","28,338","67.91234384925%"
"2021-10-01","A DIVISION","2","2","offpeak","6,285","9,959","63.10874585802%"
"2021-10-01","A DIVISION","2","1","peak","11,924","18,354","64.96676473793%"
"2021-10-01","A DIVISION","2","2","peak","3,380","5,251","64.36869167778%"
"2021-10-01","A DIVISION","3","2","offpeak","5,958","7,703","77.34648838115%"
"2021-10-01","A DIVISION","3","1","offpeak","14,655","22,791","64.3016980387%"
"2021-10-01","A DIVISION","3","1","peak","9,602","14,973","64.12876511053%"
"2021-10-01","A DIVISION","3","2","peak","3,171","3,867","82.00155159038%"
"2021-10-01","A DIVISION","4","1","offpeak","21,403","31,106","68.80666109432%"
"2021-10-01","A DIVISION","4","2","offpeak","7,621","10,344","73.67556071152%"
"2021-10-01","A DIVISION","4","2","peak","4,117","5,681","72.46963562753%"
"2021-10-01","A DIVISION","4","1","peak","15,045","22,890","65.72739187418%"
"2021-10-01","A DIVISION","5","1","offpeak","16,086","23,640","68.04568527919%"
"2021-10-01","A DIVISION","5","2","offpeak","2,923","3,591","81.39793929268%"
"2021-10-01","A DIVISION","5","2","peak","1,592","1,898","83.87776606955%"
"2021-10-01","A DIVISION","5","1","peak","12,301","19,324","63.65659283792%"
"2021-10-01","A DIVISION","6","1","offpeak","21,013","29,033","72.37626149554%"
"2021-10-01","A DIVISION","6","2","offpeak","6,048","7,860","76.9465648855%"
"2021-10-01","A DIVISION","6","1","peak","13,746","19,931","68.9679393909%"
"2021-10-01","A DIVISION","6","2","peak","3,188","4,124","77.30358874879%"
"2021-10-01","A DIVISION","7","2","offpeak","3,648","4,456","81.8671454219%"
"2021-10-01","A DIVISION","7","1","offpeak","14,241","19,407","73.38073890864%"
"2021-10-01","A DIVISION","7","2","peak","1,992","2,417","82.41621845263%"
"2021-10-01","A DIVISION","7","1","peak","11,241","16,204","69.37176005924%"
"2021-10-01","A DIVISION","S 42nd","2","offpeak","1,036","1,064","97.36842105263%"
"2021-10-01","A DIVISION","S 42nd","1","offpeak","2,937","2,960","99.22297297297%"
"2021-10-01","A DIVISION","S 42nd","2","peak","610","620","98.38709677419%"
"2021-10-01","A DIVISION","S 42nd","1","peak","1,989","2,020","98.46534653465%"
"2021-10-01","B DIVISION","A","1","offpeak","12,240","20,963","58.38858941945%"
"2021-10-01","B DIVISION","A","2","offpeak","2,991","5,832","51.28600823045%"
"2021-10-01","B DIVISION","A","1","peak","8,403","15,014","55.96776342081%"
"2021-10-01","B DIVISION","A","2","peak","1,665","3,057","54.46516192345%"
"2021-10-01","B DIVISION","B","1","offpeak","4,467","8,575","52.09329446064%"
"2021-10-01","B DIVISION","B","1","peak","4,389","8,170","53.72093023256%"
"2021-10-01","B DIVISION","C","1","offpeak","6,484","12,284","52.78410941062%"
"2021-10-01","B DIVISION","C","2","offpeak","1,800","3,469","51.88815220525%"
"2021-10-01","B DIVISION","C","2","peak","1,028","2,005","51.27182044888%"
"2021-10-01","B DIVISION","C","1","peak","4,302","7,725","55.68932038835%"
"2021-10-01","B DIVISION","D","1","offpeak","6,730","13,166","51.11651222847%"
"2021-10-01","B DIVISION","D","2","offpeak","2,252","4,084","55.14201762977%"
"2021-10-01","B DIVISION","D","1","peak","3,982","8,465","47.04075605434%"
"2021-10-01","B DIVISION","D","2","peak","1,227","2,110","58.15165876777%"
"2021-10-01","B DIVISION","E","2","offpeak","3,343","4,535","73.71554575524%"
"2021-10-01","B DIVISION","E","1","offpeak","11,597","17,900","64.78770949721%"
"2021-10-01","B DIVISION","E","1","peak","8,211","12,532","65.52026811363%"
"2021-10-01","B DIVISION","E","2","peak","1,631","2,281","71.50372643577%"
"2021-10-01","B DIVISION","F","1","offpeak","17,080","29,406","58.08338434333%"
"2021-10-01","B DIVISION","F","2","offpeak","4,627","7,098","65.18737672584%"
"2021-10-01","B DIVISION","F","2","peak","2,241","3,558","62.98482293423%"
"2021-10-01","B DIVISION","F","1","peak","11,589","20,090","57.68541562967%"
"2021-10-01","B DIVISION","G","2","offpeak","3,599","4,958","72.58975393304%"
"2021-10-01","B DIVISION","G","1","offpeak","9,274","12,344","75.129617628%"
"2021-10-01","B DIVISION","G","2","peak","2,093","2,614","80.0688599847%"
"2021-10-01","B DIVISION","G","1","peak","5,390","7,544","71.44750795334%"
"2021-10-01","B DIVISION","JZ","1","offpeak","9,064","11,296","80.24079320113%"
"2021-10-01","B DIVISION","JZ","2","offpeak","3,069","4,134","74.23802612482%"
"2021-10-01","B DIVISION","JZ","2","peak","1,641","2,237","73.35717478766%"
"2021-10-01","B DIVISION","JZ","1","peak","6,062","8,158","74.30742829125%"
"2021-10-01","B DIVISION","L","2","offpeak","6,349","8,796","72.18053660755%"
"2021-10-01","B DIVISION","L","1","offpeak","19,261","25,388","75.86655112652%"
"2021-10-01","B DIVISION","L","1","peak","10,897","15,284","71.2967809474%"
"2021-10-01","B DIVISION","L","2","peak","3,456","4,498","76.83414851045%"
"2021-10-01","B DIVISION","M","1","offpeak","9,692","14,420","67.21220527046%"
"2021-10-01","B DIVISION","M","2","offpeak","1,598","1,930","82.79792746114%"
"2021-10-01","B DIVISION","M","2","peak","832","984","84.55284552846%"
"2021-10-01","B DIVISION","M","1","peak","6,733","10,983","61.30383319676%"
"2021-10-01","B DIVISION","N","2","offpeak","4,428","6,953","63.68474039983%"
"2021-10-01","B DIVISION","N","1","offpeak","10,890","16,709","65.17445687953%"
"2021-10-01","B DIVISION","N","1","peak","6,769","11,028","61.38012332245%"
"2021-10-01","B DIVISION","N","2","peak","2,195","3,505","62.62482168331%"
"2021-10-01","B DIVISION","Q","2","offpeak","3,363","5,316","63.2618510158%"
"2021-10-01","B DIVISION","Q","1","offpeak","7,241","13,584","53.30535924617%"
"2021-10-01","B DIVISION","Q","1","peak","4,341","8,238","52.69482884195%"
"2021-10-01","B DIVISION","Q","2","peak","1,760","2,762","63.72194062274%"
"2021-10-01","B DIVISION","R","1","offpeak","13,243","20,221","65.49132090401%"
"2021-10-01","B DIVISION","R","2","offpeak","5,145","7,428","69.26494345719%"
"2021-10-01","B DIVISION","R","2","peak","2,786","3,929","70.90862814966%"
"2021-10-01","B DIVISION","R","1","peak","8,410","13,895","60.52536883771%"
"2021-10-01","B DIVISION","S Fkln","1","offpeak","2,570","2,588","99.30448222566%"
"2021-10-01","B DIVISION","S Fkln","2","offpeak","1,054","1,071","98.4126984127%"
"2021-10-01","B DIVISION","S Fkln","2","peak","589","593","99.32546374368%"
"2021-10-01","B DIVISION","S Fkln","1","peak","1,460","1,464","99.72677595628%"
"2021-10-01","B DIVISION","S Rock","1","offpeak","1,552","1,696","91.50943396226%"
"2021-10-01","B DIVISION","S Rock","2","offpeak","690","742","92.99191374663%"
"2021-10-01","B DIVISION","S Rock","2","peak","384","420","91.42857142857%"
"2021-10-01","B DIVISION","S Rock","1","peak","808","883","91.50622876557%"
"2021-10-01","B DIVISION","W","1","offpeak","4,565","6,667","68.47157642118%"
"2021-10-01","B DIVISION","W","1","peak","3,533","5,854","60.35189613939%"
"2021-11-01","A DIVISION","1","2","offpeak","4,189","4,969","84.30267659489%"
"2021-11-01","A DIVISION","1","1","offpeak","20,481","26,048","78.62791769042%"
"2021-11-01","A DIVISION","1","2","peak","2,124","2,442","86.97788697789%"
"2021-11-01","A DIVISION","1","1","peak","12,330","16,987","72.58491787838%"
"2021-11-01","A DIVISION","2","2","offpeak","4,649","6,871","67.66118468927%"
"2021-11-01","A DIVISION","2","1","offpeak","19,992","28,343","70.53593479872%"
"2021-11-01","A DIVISION","2","1","peak","12,412","18,354","67.62558570339%"
"2021-11-01","A DIVISION","2","2","peak","2,571","3,690","69.67479674797%"
"2021-11-01","A DIVISION","3","1","offpeak","16,577","22,794","72.72527858208%"
"2021-11-01","A DIVISION","3","2","offpeak","3,737","4,567","81.82614407707%"
"2021-11-01","A DIVISION","3","2","peak","1,964","2,296","85.54006968641%"
"2021-11-01","A DIVISION","3","1","peak","10,634","14,973","71.02117144193%"
"2021-11-01","A DIVISION","4","2","offpeak","5,325","7,255","73.39765678842%"
"2021-11-01","A DIVISION","4","1","offpeak","22,272","31,062","71.70175777477%"
"2021-11-01","A DIVISION","4","1","peak","15,511","22,892","67.75729512493%"
"2021-11-01","A DIVISION","4","2","peak","2,966","3,992","74.29859719439%"
"2021-11-01","A DIVISION","5","1","offpeak","16,498","23,558","70.03141183462%"
"2021-11-01","A DIVISION","5","2","offpeak","1,101","1,351","81.49518874907%"
"2021-11-01","A DIVISION","5","1","peak","12,697","19,305","65.77052577053%"
"2021-11-01","A DIVISION","5","2","peak","579","663","87.33031674208%"
"2021-11-01","A DIVISION","6","1","offpeak","22,453","29,701","75.59678125316%"
"2021-11-01","A DIVISION","6","2","offpeak","3,904","4,936","79.09238249595%"
"2021-11-01","A DIVISION","6","1","peak","14,819","19,958","74.25092694659%"
"2021-11-01","A DIVISION","6","2","peak","2,053","2,633","77.9718951766%"
"2021-11-01","A DIVISION","7","2","offpeak","2,141","2,628","81.46879756469%"
"2021-11-01","A DIVISION","7","1","offpeak","14,887","19,247","77.34711903154%"
"2021-11-01","A DIVISION","7","1","peak","11,473","15,841","72.42598320813%"
"2021-11-01","A DIVISION","7","2","peak","1,276","1,562","81.69014084507%"
"2021-11-01","A DIVISION","S 42nd","2","offpeak","559","629","88.87122416534%"
"2021-11-01","A DIVISION","S 42nd","1","offpeak","2,986","3,050","97.90163934426%"
"2021-11-01","A DIVISION","S 42nd","2","peak","334","372","89.78494623656%"
"2021-11-01","A DIVISION","S 42nd","1","peak","2,084","2,121","98.2555398397%"
"2021-11-01","B DIVISION","A","2","offpeak","2,848","4,601","61.89958704629%"
"2021-11-01","B DIVISION","A","1","offpeak","12,041","20,972","57.41464810223%"
"2021-11-01","B DIVISION","A","2","peak","1,431","2,409","59.40224159402%"
"2021-11-01","B DIVISION","A","1","peak","8,419","14,842","56.72416116426%"
"2021-11-01","B DIVISION","B","1","offpeak","5,169","9,000","57.43333333333%"
"2021-11-01","B DIVISION","B","1","peak","4,600","8,193","56.14549005248%"
"2021-11-01","B DIVISION","C","1","offpeak","6,539","12,291","53.20152957449%"
"2021-11-01","B DIVISION","C","2","offpeak","1,615","2,888","55.92105263158%"
"2021-11-01","B DIVISION","C","2","peak","892","1,626","54.85854858549%"
"2021-11-01","B DIVISION","C","1","peak","4,195","7,724","54.31123770067%"
"2021-11-01","B DIVISION","D","1","offpeak","7,353","13,180","55.78907435508%"
"2021-11-01","B DIVISION","D","2","offpeak","1,751","3,018","58.01855533466%"
"2021-11-01","B DIVISION","D","2","peak","865","1,536","56.31510416667%"
"2021-11-01","B DIVISION","D","1","peak","4,577","8,507","53.80275067591%"
"2021-11-01","B DIVISION","E","1","offpeak","12,120","17,978","67.41573033708%"
"2021-11-01","B DIVISION","E","2","offpeak","1,892","2,741","69.02590295513%"
"2021-11-01","B DIVISION","E","2","peak","930","1,351","68.83789785344%"
"2021-11-01","B DIVISION","E","1","peak","8,049","12,570","64.03341288783%"
"2021-11-01","B DIVISION","F","1","offpeak","17,957","29,547","60.77435949504%"
"2021-11-01","B DIVISION","F","2","offpeak","2,935","3,980","73.74371859296%"
"2021-11-01","B DIVISION","F","2","peak","1,491","1,992","74.84939759036%"
"2021-11-01","B DIVISION","F","1","peak","12,030","20,137","59.74077568655%"
"2021-11-01","B DIVISION","G","2","offpeak","1,983","2,380","83.31932773109%"
"2021-11-01","B DIVISION","G","1","offpeak","9,392","11,893","78.9708231733%"
"2021-11-01","B DIVISION","G","2","peak","1,081","1,239","87.24778046812%"
"2021-11-01","B DIVISION","G","1","peak","5,566","7,556","73.66331392271%"
"2021-11-01","B DIVISION","JZ","2","offpeak","1,892","2,514","75.25855210819%"
"2021-11-01","B DIVISION","JZ","1","offpeak","9,271","11,468","80.8423439135%"
"2021-11-01","B DIVISION","JZ","1","peak","6,067","8,212","73.87968826108%"
"2021-11-01","B DIVISION","JZ","2","peak","1,019","1,367","74.54279444038%"
"2021-11-01","B DIVISION","L","1","offpeak","18,726","25,391","73.75054153046%"
"2021-11-01","B DIVISION","L","2","offpeak","5,257","6,734","78.06652806653%"
"2021-11-01","B DIVISION","L","2","peak","2,737","3,453","79.26440776137%"
"2021-11-01","B DIVISION","L","1","peak","10,875","15,277","71.18544216796%"
"2021-11-01","B DIVISION","M","1","offpeak","10,028","14,401","69.63405319075%"
"2021-11-01","B DIVISION","M","2","offpeak","967","1,175","82.29787234043%"
"2021-11-01","B DIVISION","M","2","peak","495","627","78.94736842105%"
"2021-11-01","B DIVISION","M","1","peak","7,038","11,006","63.9469380338%"
"2021-11-01","B DIVISION","N","2","offpeak","2,257","4,122","54.75497331393%"
"2021-11-01","B DIVISION","N","1","offpeak","11,235","16,873","66.58566941267%"
"2021-11-01","B DIVISION","N","2","peak","1,091","2,122","51.4137606032%"
"2021-11-01","B DIVISION","N","1","peak","6,728","11,054","60.86484530487%"
"2021-11-01","B DIVISION","Q","1","offpeak","7,449","13,736","54.22976121142%"
"2021-11-01","B DIVISION","Q","2","offpeak","2,287","3,452","66.25144843569%"
"2021-11-01","B DIVISION","Q","1","peak","4,370","8,247","52.98896568449%"
"2021-11-01","B DIVISION","Q","2","peak","1,205","1,817","66.3181067694%"
"2021-11-01","B DIVISION","R","2","offpeak","2,856","4,440","64.32432432432%"
"2021-11-01","B DIVISION","R","1","offpeak","12,827","20,147","63.66704720306%"
"2021-11-01","B DIVISION","R","1","peak","8,610","13,990","61.54395997141%"
"2021-11-01","B DIVISION","R","2","peak","1,648","2,346","70.24722932651%"
"2021-11-01","B DIVISION","S Fkln","1","offpeak","2,524","2,579","97.86739046142%"
"2021-11-01","B DIVISION","S Fkln","2","offpeak","669","671","99.70193740686%"
"2021-11-01","B DIVISION","S Fkln","1","peak","1,470","1,476","99.59349593496%"
"2021-11-01","B DIVISION","S Fkln","2","peak","359","365","98.35616438356%"
"2021-11-01","B DIVISION","S Rock","2","offpeak","416","447","93.06487695749%"
"2021-11-01","B DIVISION","S Rock","1","offpeak","1,455","1,634","89.0452876377%"
"2021-11-01","B DIVISION","S Rock","2","peak","228","245","93.0612244898%"
"2021-11-01","B DIVISION","S Rock","1","peak","785","873","89.91981672394%"
"2021-11-01","B DIVISION","W","1","offpeak","6,665","8,673","76.84768822783%"
"2021-11-01","B DIVISION","W","1","peak","3,889","5,771","67.38866747531%"
"2021-12-01","A DIVISION","1","1","offpeak","17,764","25,712","69.08836341008%"
"2021-12-01","A DIVISION","1","2","offpeak","3,189","4,983","63.99759181216%"
"2021-12-01","A DIVISION","1","2","peak","1,678","2,439","68.79868798688%"
"2021-12-01","A DIVISION","1","1","peak","11,074","17,017","65.07610037022%"
"2021-12-01","A DIVISION","2","2","offpeak","3,205","5,793","55.32539271535%"
"2021-12-01","A DIVISION","2","1","offpeak","17,614","27,897","63.13940567086%"
"2021-12-01","A DIVISION","2","1","peak","11,408","18,354","62.15538847118%"
"2021-12-01","A DIVISION","2","2","peak","1,697","2,976","57.02284946237%"
"2021-12-01","A DIVISION","3","2","offpeak","2,871","4,508","63.68677905945%"
"2021-12-01","A DIVISION","3","1","offpeak","13,037","20,344","64.08277624853%"
"2021-12-01","A DIVISION","3","1","peak","8,672","13,785","62.90895901342%"
"2021-12-01","A DIVISION","3","2","peak","1,514","2,258","67.05048715678%"
"2021-12-01","A DIVISION","4","2","offpeak","4,650","6,953","66.87760678844%"
"2021-12-01","A DIVISION","4","1","offpeak","19,840","31,061","63.874311838%"
"2021-12-01","A DIVISION","4","2","peak","2,695","3,829","70.38391224863%"
"2021-12-01","A DIVISION","4","1","peak","13,946","22,869","60.98211552757%"
"2021-12-01","A DIVISION","5","1","offpeak","15,633","23,518","66.47248915724%"
"2021-12-01","A DIVISION","5","2","offpeak","2,026","3,120","64.9358974359%"
"2021-12-01","A DIVISION","5","2","peak","1,127","1,667","67.60647870426%"
"2021-12-01","A DIVISION","5","1","peak","12,190","19,637","62.07669195906%"
"2021-12-01","A DIVISION","6","2","offpeak","3,111","4,547","68.41873762921%"
"2021-12-01","A DIVISION","6","1","offpeak","20,375","29,774","68.43218915833%"
"2021-12-01","A DIVISION","6","1","peak","13,266","19,974","66.41634124362%"
"2021-12-01","A DIVISION","6","2","peak","1,632","2,391","68.25595984944%"
"2021-12-01","A DIVISION","7","1","offpeak","13,444","19,524","68.85884040156%"
"2021-12-01","A DIVISION","7","2","offpeak","2,742","3,856","71.10995850622%"
"2021-12-01","A DIVISION","7","2","peak","1,808","2,561","70.59742288169%"
"2021-12-01","A DIVISION","7","1","peak","10,911","16,035","68.04490177736%"
"2021-12-01","A DIVISION","S 42nd","1","offpeak","2,928","3,019","96.98575687314%"
"2021-12-01","A DIVISION","S 42nd","2","offpeak","625","637","98.11616954474%"
"2021-12-01","A DIVISION","S 42nd","1","peak","2,019","2,121","95.1909476662%"
"2021-12-01","A DIVISION","S 42nd","2","peak","359","372","96.50537634409%"
"2021-12-01","B DIVISION","A","1","offpeak","11,418","20,488","55.73018352206%"
"2021-12-01","B DIVISION","A","2","offpeak","2,351","4,672","50.32106164384%"
"2021-12-01","B DIVISION","A","1","peak","7,692","14,346","53.61773316604%"
"2021-12-01","B DIVISION","A","2","peak","1,282","2,427","52.8224145035%"
"2021-12-01","B DIVISION","B","1","offpeak","4,633","8,631","53.67860039393%"
"2021-12-01","B DIVISION","B","1","peak","4,067","7,780","52.27506426735%"
"2021-12-01","B DIVISION","C","2","offpeak","1,560","2,882","54.12907702984%"
"2021-12-01","B DIVISION","C","1","offpeak","5,973","12,315","48.50182704019%"
"2021-12-01","B DIVISION","C","2","peak","904","1,626","55.59655596556%"
"2021-12-01","B DIVISION","C","1","peak","3,743","7,715","48.51587815943%"
"2021-12-01","B DIVISION","D","1","offpeak","6,939","13,200","52.56818181818%"
"2021-12-01","B DIVISION","D","2","offpeak","1,708","2,933","58.2338902148%"
"2021-12-01","B DIVISION","D","1","peak","4,227","8,502","49.71771347918%"
"2021-12-01","B DIVISION","D","2","peak","869","1,518","57.24637681159%"
"2021-12-01","B DIVISION","E","2","offpeak","1,159","1,815","63.85674931129%"
"2021-12-01","B DIVISION","E","1","offpeak","11,141","17,839","62.45305230114%"
"2021-12-01","B DIVISION","E","2","peak","599","910","65.82417582418%"
"2021-12-01","B DIVISION","E","1","peak","7,870","12,538","62.76918168767%"
"2021-12-01","B DIVISION","F","1","offpeak","15,128","28,735","52.64659822516%"
"2021-12-01","B DIVISION","F","2","offpeak","2,425","3,924","61.79918450561%"
"2021-12-01","B DIVISION","F","2","peak","1,212","1,962","61.77370030581%"
"2021-12-01","B DIVISION","F","1","peak","10,386","18,761","55.35952241352%"
"2021-12-01","B DIVISION","G","1","offpeak","8,092","11,401","70.97623015525%"
"2021-12-01","B DIVISION","G","2","offpeak","1,386","1,561","88.78923766816%"
"2021-12-01","B DIVISION","G","2","peak","682","786","86.76844783715%"
"2021-12-01","B DIVISION","G","1","peak","5,183","7,496","69.14354322305%"
"2021-12-01","B DIVISION","JZ","1","offpeak","8,459","11,342","74.58120260977%"
"2021-12-01","B DIVISION","JZ","2","offpeak","2,031","2,867","70.84059993024%"
"2021-12-01","B DIVISION","JZ","2","peak","1,056","1,547","68.26115061409%"
"2021-12-01","B DIVISION","JZ","1","peak","5,513","7,798","70.69761477302%"
"2021-12-01","B DIVISION","L","2","offpeak","4,224","6,070","69.5881383855%"
"2021-12-01","B DIVISION","L","1","offpeak","17,541","25,391","69.0835335355%"
"2021-12-01","B DIVISION","L","2","peak","2,143","3,105","69.01771336554%"
"2021-12-01","B DIVISION","L","1","peak","9,957","15,259","65.25329313848%"
"2021-12-01","B DIVISION","M","1","offpeak","9,148","13,933","65.65707313572%"
"2021-12-01","B DIVISION","M","2","offpeak","976","1,390","70.21582733813%"
"2021-12-01","B DIVISION","M","2","peak","560","738","75.88075880759%"
"2021-12-01","B DIVISION","M","1","peak","6,344","10,293","61.63412027592%"
"2021-12-01","B DIVISION","N","2","offpeak","1,981","4,183","47.35835524743%"
"2021-12-01","B DIVISION","N","1","offpeak","9,715","16,682","58.23642249131%"
"2021-12-01","B DIVISION","N","1","peak","6,430","11,055","58.16372682044%"
"2021-12-01","B DIVISION","N","2","peak","972","2,118","45.89235127479%"
"2021-12-01","B DIVISION","Q","1","offpeak","6,728","13,753","48.92023558496%"
"2021-12-01","B DIVISION","Q","2","offpeak","1,898","3,224","58.87096774194%"
"2021-12-01","B DIVISION","Q","1","peak","3,935","8,324","47.27294569918%"
"2021-12-01","B DIVISION","Q","2","peak","1,008","1,683","59.89304812834%"
"2021-12-01","B DIVISION","R","2","offpeak","2,597","4,349","59.71487698321%"
"2021-12-01","B DIVISION","R","1","offpeak","12,024","20,086","59.8625908593%"
"2021-12-01","B DIVISION","R","1","peak","8,196","14,040","58.37606837607%"
"2021-12-01","B DIVISION","R","2","peak","1,366","2,282","59.85977212971%"
"2021-12-01","B DIVISION","S Fkln","1","offpeak","2,366","2,506","94.41340782123%"
"2021-12-01","B DIVISION","S Fkln","2","offpeak","656","661","99.24357034796%"
"2021-12-01","B DIVISION","S Fkln","1","peak","1,438","1,473","97.62389680923%"
"2021-12-01","B DIVISION","S Fkln","2","peak","362","366","98.90710382514%"
"2021-12-01","B DIVISION","S Rock","1","offpeak","1,608","1,811","88.79072335726%"
"2021-12-01","B DIVISION","S Rock","2","offpeak","419","447","93.73601789709%"
"2021-12-01","B DIVISION","S Rock","1","peak","763","884","86.31221719457%"
"2021-12-01","B DIVISION","S Rock","2","peak","227","242","93.80165289256%"
"2021-12-01","B DIVISION","W","1","offpeak","5,010","8,091","61.92065257694%"
"2021-12-01","B DIVISION","W","1","peak","3,330","5,445","61.15702479339%"
"2022-01-01","A DIVISION","1","1","offpeak","17,719","23,726","74.68178369721%"
"2022-01-01","A DIVISION","1","2","offpeak","3,992","5,518","72.34505255527%"
"2022-01-01","A DIVISION","1","1","peak","11,217","15,462","72.54559565386%"
"2022-01-01","A DIVISION","1","2","peak","1,697","2,702","62.80532938564%"
"2022-01-01","A DIVISION","2","2","offpeak","3,198","6,041","52.93825525575%"
"2022-01-01","A DIVISION","2","1","offpeak","18,733","28,193","66.44557159579%"
"2022-01-01","A DIVISION","2","2","peak","1,713","3,214","53.29807093964%"
"2022-01-01","A DIVISION","2","1","peak","11,861","18,354","64.62351531001%"
"2022-01-01","A DIVISION","3","1","offpeak","13,239","18,578","71.26170739584%"
"2022-01-01","A DIVISION","3","2","offpeak","2,924","4,547","64.30613591379%"
"2022-01-01","A DIVISION","3","2","peak","1,535","2,275","67.47252747253%"
"2022-01-01","A DIVISION","3","1","peak","7,750","10,815","71.65973185391%"
"2022-01-01","A DIVISION","4","1","offpeak","20,868","31,183","66.92107879293%"
"2022-01-01","A DIVISION","4","2","offpeak","5,538","8,132","68.10132808657%"
"2022-01-01","A DIVISION","4","2","peak","3,052","4,389","69.5374800638%"
"2022-01-01","A DIVISION","4","1","peak","14,069","22,869","61.51996151996%"
"2022-01-01","A DIVISION","5","1","offpeak","16,414","23,801","68.96348892904%"
"2022-01-01","A DIVISION","5","2","offpeak","1,755","2,416","72.64072847682%"
"2022-01-01","A DIVISION","5","1","peak","12,366","19,689","62.80664330337%"
"2022-01-01","A DIVISION","5","2","peak","1,022","1,286","79.47122861586%"
"2022-01-01","A DIVISION","6","1","offpeak","18,519","27,249","67.96212705053%"
"2022-01-01","A DIVISION","6","2","offpeak","3,743","5,418","69.08453303802%"
"2022-01-01","A DIVISION","6","1","peak","11,790","17,876","65.95435220407%"
"2022-01-01","A DIVISION","6","2","peak","1,873","2,855","65.60420315236%"
"2022-01-01","A DIVISION","7","2","offpeak","2,968","4,445","66.77165354331%"
"2022-01-01","A DIVISION","7","1","offpeak","13,644","17,804","76.63446416536%"
"2022-01-01","A DIVISION","7","2","peak","1,845","2,898","63.66459627329%"
"2022-01-01","A DIVISION","7","1","peak","9,828","14,167","69.37248535329%"
"2022-01-01","B DIVISION","A","2","offpeak","2,636","5,312","49.6234939759%"
"2022-01-01","B DIVISION","A","1","offpeak","12,315","21,006","58.62610682662%"
"2022-01-01","B DIVISION","A","2","peak","1,334","2,742","48.65061998541%"
"2022-01-01","B DIVISION","A","1","peak","7,690","15,109","50.89681646701%"
"2022-01-01","B DIVISION","B","1","offpeak","2,615","3,935","66.45489199492%"
"2022-01-01","B DIVISION","B","1","peak","2,291","3,515","65.17780938834%"
"2022-01-01","B DIVISION","C","2","offpeak","1,835","3,251","56.4441710243%"
"2022-01-01","B DIVISION","C","1","offpeak","7,014","12,141","57.77118853472%"
"2022-01-01","B DIVISION","C","2","peak","982","1,828","53.71991247265%"
"2022-01-01","B DIVISION","C","1","peak","4,174","7,710","54.13748378729%"
"2022-01-01","B DIVISION","D","2","offpeak","2,063","3,663","56.31995631996%"
"2022-01-01","B DIVISION","D","1","offpeak","9,407","13,654","68.89556174015%"
"2022-01-01","B DIVISION","D","1","peak","5,580","8,782","63.53905716238%"
"2022-01-01","B DIVISION","D","2","peak","1,003","1,887","53.15315315315%"
"2022-01-01","B DIVISION","E","2","offpeak","2,168","3,171","68.36959949543%"
"2022-01-01","B DIVISION","E","1","offpeak","11,354","17,701","64.14326874188%"
"2022-01-01","B DIVISION","E","2","peak","1,102","1,577","69.87951807229%"
"2022-01-01","B DIVISION","E","1","peak","8,199","12,471","65.74452730334%"
"2022-01-01","B DIVISION","F","2","offpeak","2,925","5,091","57.45433117266%"
"2022-01-01","B DIVISION","F","1","offpeak","17,235","25,563","67.42166412393%"
"2022-01-01","B DIVISION","F","1","peak","8,757","13,006","67.33046286329%"
"2022-01-01","B DIVISION","F","2","peak","1,389","2,520","55.11904761905%"
"2022-01-01","B DIVISION","G","1","offpeak","10,268","12,469","82.34822359451%"
"2022-01-01","B DIVISION","G","2","offpeak","2,772","3,515","78.86201991465%"
"2022-01-01","B DIVISION","G","1","peak","6,071","7,595","79.93416721527%"
"2022-01-01","B DIVISION","G","2","peak","1,441","1,797","80.18920422927%"
"2022-01-01","B DIVISION","JZ","1","offpeak","8,246","10,711","76.98627579124%"
"2022-01-01","B DIVISION","JZ","2","offpeak","1,989","3,206","62.03992514036%"
"2022-01-01","B DIVISION","JZ","1","peak","5,185","6,905","75.0905141202%"
"2022-01-01","B DIVISION","JZ","2","peak","1,052","1,780","59.10112359551%"
"2022-01-01","B DIVISION","L","2","offpeak","3,369","4,997","67.42045227136%"
"2022-01-01","B DIVISION","L","1","offpeak","14,003","17,609","79.52183542507%"
"2022-01-01","B DIVISION","L","2","peak","1,724","2,555","67.47553816047%"
"2022-01-01","B DIVISION","L","1","peak","9,060","12,084","74.97517378352%"
"2022-01-01","B DIVISION","M","1","offpeak","9,046","12,059","75.01451198275%"
"2022-01-01","B DIVISION","M","2","offpeak","937","1,143","81.97725284339%"
"2022-01-01","B DIVISION","M","1","peak","5,439","7,505","72.47168554297%"
"2022-01-01","B DIVISION","M","2","peak","511","607","84.18451400329%"
"2022-01-01","B DIVISION","N","1","offpeak","12,262","16,877","72.65509272975%"
"2022-01-01","B DIVISION","N","2","offpeak","2,370","4,778","49.60234407702%"
"2022-01-01","B DIVISION","N","2","peak","1,063","2,463","43.15874949249%"
"2022-01-01","B DIVISION","N","1","peak","7,055","10,919","64.61214396923%"
"2022-01-01","B DIVISION","Q","1","offpeak","9,254","13,927","66.44647088389%"
"2022-01-01","B DIVISION","Q","2","offpeak","2,062","4,098","50.31722791606%"
"2022-01-01","B DIVISION","Q","2","peak","984","2,109","46.65718349929%"
"2022-01-01","B DIVISION","Q","1","peak","5,389","8,368","64.40009560229%"
"2022-01-01","B DIVISION","R","1","offpeak","12,073","17,645","68.42164919241%"
"2022-01-01","B DIVISION","R","2","offpeak","3,366","5,274","63.82252559727%"
"2022-01-01","B DIVISION","R","2","peak","1,818","2,837","64.0817765245%"
"2022-01-01","B DIVISION","R","1","peak","7,572","11,667","64.90100282849%"
"2022-01-01","B DIVISION","S Fkln","1","offpeak","2,450","2,551","96.04076832615%"
"2022-01-01","B DIVISION","S Fkln","2","offpeak","625","660","94.69696969697%"
"2022-01-01","B DIVISION","S Fkln","1","peak","1,412","1,493","94.57468184863%"
"2022-01-01","B DIVISION","S Fkln","2","peak","344","349","98.56733524355%"
"2022-01-01","B DIVISION","S Rock","2","offpeak","375","420","89.28571428571%"
"2022-01-01","B DIVISION","S Rock","1","offpeak","1,553","1,808","85.89601769912%"
"2022-01-01","B DIVISION","S Rock","2","peak","197","225","87.55555555556%"
"2022-01-01","B DIVISION","S Rock","1","peak","771","882","87.41496598639%"
"2022-01-01","B DIVISION","W","1","offpeak","1,645","2,567","64.08258667705%"
"2022-01-01","B DIVISION","W","1","peak","1,031","1,742","59.18484500574%"
"2022-02-01","A DIVISION","1","2","offpeak","4,325","5,534","78.15323455005%"
"2022-02-01","A DIVISION","1","1","offpeak","18,526","23,615","78.45013762439%"
"2022-02-01","A DIVISION","1","1","peak","11,786","15,447","76.29960510131%"
"2022-02-01","A DIVISION","1","2","peak","2,125","2,756","77.10449927431%"
"2022-02-01","A DIVISION","2","2","offpeak","4,497","7,095","63.38266384778%"
"2022-02-01","A DIVISION","2","1","offpeak","17,694","25,541","69.2768489879%"
"2022-02-01","A DIVISION","2","2","peak","2,348","3,804","61.72450052576%"
"2022-02-01","A DIVISION","2","1","peak","10,980","16,606","66.12067927255%"
"2022-02-01","A DIVISION","3","2","offpeak","2,831","3,815","74.20707732634%"
"2022-02-01","A DIVISION","3","1","offpeak","14,982","20,603","72.7175654031%"
"2022-02-01","A DIVISION","3","1","peak","9,394","13,547","69.34376614749%"
"2022-02-01","A DIVISION","3","2","peak","1,500","1,938","77.39938080495%"
"2022-02-01","A DIVISION","4","1","offpeak","19,742","28,042","70.40154054632%"
"2022-02-01","A DIVISION","4","2","offpeak","5,603","7,802","71.81491925147%"
"2022-02-01","A DIVISION","4","2","peak","3,135","4,267","73.47082259199%"
"2022-02-01","A DIVISION","4","1","peak","13,868","20,699","66.99840572008%"
"2022-02-01","A DIVISION","5","2","offpeak","1,788","2,219","80.5768364128%"
"2022-02-01","A DIVISION","5","1","offpeak","15,384","21,584","71.27501853225%"
"2022-02-01","A DIVISION","5","2","peak","990","1,197","82.70676691729%"
"2022-02-01","A DIVISION","5","1","peak","11,995","17,672","67.87573562698%"
"2022-02-01","A DIVISION","6","1","offpeak","19,776","26,641","74.23144776848%"
"2022-02-01","A DIVISION","6","2","offpeak","4,228","5,768","73.30097087379%"
"2022-02-01","A DIVISION","6","2","peak","2,316","3,064","75.58746736292%"
"2022-02-01","A DIVISION","6","1","peak","12,615","18,080","69.7732300885%"
"2022-02-01","A DIVISION","7","2","offpeak","3,557","4,501","79.02688291491%"
"2022-02-01","A DIVISION","7","1","offpeak","13,814","17,666","78.19540360014%"
"2022-02-01","A DIVISION","7","1","peak","10,413","14,677","70.94774136404%"
"2022-02-01","A DIVISION","7","2","peak","2,192","2,874","76.27000695894%"
"2022-02-01","B DIVISION","A","2","offpeak","2,923","4,999","58.47169433887%"
"2022-02-01","B DIVISION","A","1","offpeak","11,450","18,463","62.01592373937%"
"2022-02-01","B DIVISION","A","2","peak","1,464","2,612","56.04900459418%"
"2022-02-01","B DIVISION","A","1","peak","7,989","13,814","57.83263356016%"
"2022-02-01","B DIVISION","B","1","offpeak","5,809","8,282","70.14006278677%"
"2022-02-01","B DIVISION","B","1","peak","4,930","7,430","66.35262449529%"
"2022-02-01","B DIVISION","C","2","offpeak","1,810","2,984","60.65683646113%"
"2022-02-01","B DIVISION","C","1","offpeak","6,496","10,351","62.75722152449%"
"2022-02-01","B DIVISION","C","1","peak","4,118","6,945","59.29445644348%"
"2022-02-01","B DIVISION","C","2","peak","973","1,692","57.50591016548%"
"2022-02-01","B DIVISION","D","2","offpeak","2,752","4,027","68.33871368264%"
"2022-02-01","B DIVISION","D","1","offpeak","8,868","13,184","67.26334951456%"
"2022-02-01","B DIVISION","D","2","peak","1,337","2,079","64.30976430976%"
"2022-02-01","B DIVISION","D","1","peak","5,513","8,566","64.35909409293%"
"2022-02-01","B DIVISION","E","1","offpeak","10,190","15,482","65.81836971967%"
"2022-02-01","B DIVISION","E","2","offpeak","939","1,413","66.45435244161%"
"2022-02-01","B DIVISION","E","1","peak","7,257","11,285","64.30660168365%"
"2022-02-01","B DIVISION","E","2","peak","444","714","62.18487394958%"
"2022-02-01","B DIVISION","F","1","offpeak","15,807","24,234","65.22654122308%"
"2022-02-01","B DIVISION","F","2","offpeak","2,961","4,733","62.56074371435%"
"2022-02-01","B DIVISION","F","1","peak","8,918","13,775","64.74047186933%"
"2022-02-01","B DIVISION","F","2","peak","1,501","2,407","62.35978396344%"
"2022-02-01","B DIVISION","G","2","offpeak","2,828","3,511","80.5468527485%"
"2022-02-01","B DIVISION","G","1","offpeak","9,093","11,203","81.16575917165%"
"2022-02-01","B DIVISION","G","1","peak","5,400","6,871","78.5911803231%"
"2022-02-01","B DIVISION","G","2","peak","1,413","1,840","76.79347826087%"
"2022-02-01","B DIVISION","JZ","2","offpeak","1,777","2,565","69.27875243665%"
"2022-02-01","B DIVISION","JZ","1","offpeak","7,987","10,362","77.07971434086%"
"2022-02-01","B DIVISION","JZ","2","peak","882","1,390","63.45323741007%"
"2022-02-01","B DIVISION","JZ","1","peak","5,484","7,447","73.6403921042%"
"2022-02-01","B DIVISION","L","1","offpeak","12,746","16,115","79.09401179026%"
"2022-02-01","B DIVISION","L","2","offpeak","5,003","6,945","72.03743700504%"
"2022-02-01","B DIVISION","L","1","peak","8,382","11,030","75.99274705349%"
"2022-02-01","B DIVISION","L","2","peak","2,485","3,577","69.47162426614%"
"2022-02-01","B DIVISION","M","2","offpeak","1,376","1,764","78.00453514739%"
"2022-02-01","B DIVISION","M","1","offpeak","8,557","11,583","73.87550720884%"
"2022-02-01","B DIVISION","M","1","peak","5,555","7,598","73.11134509081%"
"2022-02-01","B DIVISION","M","2","peak","698","929","75.1345532831%"
"2022-02-01","B DIVISION","N","2","offpeak","3,524","4,929","71.49523229864%"
"2022-02-01","B DIVISION","N","1","offpeak","10,582","15,131","69.93589319939%"
"2022-02-01","B DIVISION","N","1","peak","6,377","9,958","64.03896364732%"
"2022-02-01","B DIVISION","N","2","peak","1,545","2,480","62.29838709677%"
"2022-02-01","B DIVISION","Q","1","offpeak","8,229","12,417","66.27204638802%"
"2022-02-01","B DIVISION","Q","2","offpeak","2,394","3,843","62.29508196721%"
"2022-02-01","B DIVISION","Q","2","peak","1,175","1,971","59.61440892948%"
"2022-02-01","B DIVISION","Q","1","peak","5,007","7,500","66.76%"
"2022-02-01","B DIVISION","R","1","offpeak","11,960","17,092","69.97425696232%"
"2022-02-01","B DIVISION","R","2","offpeak","3,422","4,979","68.72866037357%"
"2022-02-01","B DIVISION","R","1","peak","7,991","11,772","67.88141352362%"
"2022-02-01","B DIVISION","R","2","peak","1,740","2,668","65.21739130435%"
"2022-02-01","B DIVISION","S Fkln","2","offpeak","764","778","98.20051413882%"
"2022-02-01","B DIVISION","S Fkln","1","offpeak","2,104","2,192","95.98540145985%"
"2022-02-01","B DIVISION","S Fkln","2","peak","412","417","98.80095923261%"
"2022-02-01","B DIVISION","S Fkln","1","peak","1,250","1,305","95.78544061303%"
"2022-02-01","B DIVISION","S Rock","2","offpeak","486","523","92.92543021033%"
"2022-02-01","B DIVISION","S Rock","1","offpeak","1,496","1,643","91.05295191722%"
"2022-02-01","B DIVISION","S Rock","1","peak","741","815","90.92024539877%"
"2022-02-01","B DIVISION","S Rock","2","peak","261","295","88.47457627119%"
"2022-02-01","B DIVISION","W","1","offpeak","5,450","7,195","75.74704656011%"
"2022-02-01","B DIVISION","W","1","peak","3,759","5,430","69.22651933702%"
"2022-03-01","A DIVISION","1","1","offpeak","23,105","28,267","81.73842289596%"
"2022-03-01","A DIVISION","1","2","offpeak","5,039","6,325","79.66798418972%"
"2022-03-01","A DIVISION","1","1","peak","14,352","18,699","76.75276752768%"
"2022-03-01","A DIVISION","1","2","peak","2,543","3,073","82.75301008786%"
"2022-03-01","A DIVISION","2","1","offpeak","21,453","30,697","69.88630810828%"
"2022-03-01","A DIVISION","2","2","offpeak","4,248","5,894","72.07329487615%"
"2022-03-01","A DIVISION","2","2","peak","2,184","3,101","70.42889390519%"
"2022-03-01","A DIVISION","2","1","peak","13,809","20,102","68.69465724804%"
"2022-03-01","A DIVISION","3","1","offpeak","18,174","24,304","74.77781435155%"
"2022-03-01","A DIVISION","3","2","offpeak","4,455","5,372","82.93000744602%"
"2022-03-01","A DIVISION","3","1","peak","12,123","16,399","73.92523934386%"
"2022-03-01","A DIVISION","3","2","peak","2,076","2,700","76.88888888889%"
"2022-03-01","A DIVISION","4","1","offpeak","24,631","33,676","73.14110939542%"
"2022-03-01","A DIVISION","4","2","offpeak","5,810","8,460","68.67612293144%"
"2022-03-01","A DIVISION","4","2","peak","3,205","4,627","69.26734385131%"
"2022-03-01","A DIVISION","4","1","peak","17,106","25,047","68.29560426398%"
"2022-03-01","A DIVISION","5","2","offpeak","2,071","2,444","84.73813420622%"
"2022-03-01","A DIVISION","5","1","offpeak","18,365","25,710","71.43134966939%"
"2022-03-01","A DIVISION","5","2","peak","1,121","1,333","84.096024006%"
"2022-03-01","A DIVISION","5","1","peak","14,791","21,572","68.56573335806%"
"2022-03-01","A DIVISION","6","1","offpeak","23,154","31,817","72.77241726121%"
"2022-03-01","A DIVISION","6","2","offpeak","4,774","6,260","76.26198083067%"
"2022-03-01","A DIVISION","6","1","peak","15,219","21,850","69.65217391304%"
"2022-03-01","A DIVISION","6","2","peak","2,610","3,279","79.59743824337%"
"2022-03-01","A DIVISION","7","2","offpeak","2,351","2,855","82.34676007005%"
"2022-03-01","A DIVISION","7","1","offpeak","15,809","20,967","75.39943721086%"
"2022-03-01","A DIVISION","7","2","peak","1,257","1,649","76.22801697999%"
"2022-03-01","A DIVISION","7","1","peak","12,198","17,440","69.94266055046%"
"2022-03-01","A DIVISION","S 42nd","1","offpeak","3,272","3,422","95.61659848042%"
"2022-03-01","A DIVISION","S 42nd","2","offpeak","593","604","98.17880794702%"
"2022-03-01","A DIVISION","S 42nd","1","peak","2,230","2,323","95.99655617736%"
"2022-03-01","A DIVISION","S 42nd","2","peak","363","369","98.37398373984%"
"2022-03-01","B DIVISION","A","1","offpeak","15,041","23,071","65.19439989597%"
"2022-03-01","B DIVISION","A","2","offpeak","3,686","6,471","56.96182970175%"
"2022-03-01","B DIVISION","A","1","peak","10,438","16,728","62.39837398374%"
"2022-03-01","B DIVISION","A","2","peak","1,819","3,587","50.71090047393%"
"2022-03-01","B DIVISION","B","1","offpeak","6,900","9,964","69.2492974709%"
"2022-03-01","B DIVISION","B","1","peak","5,965","8,982","66.41059897573%"
"2022-03-01","B DIVISION","C","1","offpeak","8,301","12,686","65.43433706448%"
"2022-03-01","B DIVISION","C","2","offpeak","2,533","3,749","67.56468391571%"
"2022-03-01","B DIVISION","C","1","peak","5,509","8,468","65.05668398677%"
"2022-03-01","B DIVISION","C","2","peak","1,485","2,106","70.51282051282%"
"2022-03-01","B DIVISION","D","2","offpeak","2,940","4,552","64.58699472759%"
"2022-03-01","B DIVISION","D","1","offpeak","10,739","15,961","67.28275170729%"
"2022-03-01","B DIVISION","D","1","peak","6,730","10,288","65.41601866252%"
"2022-03-01","B DIVISION","D","2","peak","1,367","2,327","58.74516544908%"
"2022-03-01","B DIVISION","E","1","offpeak","12,890","19,531","65.99764476985%"
"2022-03-01","B DIVISION","E","2","offpeak","2,657","3,643","72.93439472962%"
"2022-03-01","B DIVISION","E","2","peak","1,257","1,816","69.21806167401%"
"2022-03-01","B DIVISION","E","1","peak","8,519","13,687","62.24154307007%"
"2022-03-01","B DIVISION","F","1","offpeak","20,302","32,056","63.33291739456%"
"2022-03-01","B DIVISION","F","2","offpeak","2,337","3,415","68.43338213763%"
"2022-03-01","B DIVISION","F","2","peak","1,089","1,706","63.83352872216%"
"2022-03-01","B DIVISION","F","1","peak","13,547","21,972","61.65574367377%"
"2022-03-01","B DIVISION","G","1","offpeak","10,390","13,038","79.69013652401%"
"2022-03-01","B DIVISION","G","2","offpeak","3,215","4,008","80.21457085828%"
"2022-03-01","B DIVISION","G","1","peak","6,474","8,266","78.32083232519%"
"2022-03-01","B DIVISION","G","2","peak","1,631","2,074","78.64030858245%"
"2022-03-01","B DIVISION","JZ","1","offpeak","10,076","12,466","80.82785175678%"
"2022-03-01","B DIVISION","JZ","2","offpeak","2,509","3,565","70.37868162693%"
"2022-03-01","B DIVISION","JZ","1","peak","6,770","9,034","74.93911888422%"
"2022-03-01","B DIVISION","JZ","2","peak","1,396","1,945","71.77377892031%"
"2022-03-01","B DIVISION","L","1","offpeak","17,373","22,970","75.63343491511%"
"2022-03-01","B DIVISION","L","2","offpeak","3,365","4,341","77.51670122092%"
"2022-03-01","B DIVISION","L","1","peak","11,804","16,580","71.19420989144%"
"2022-03-01","B DIVISION","L","2","peak","1,684","2,158","78.03521779425%"
"2022-03-01","B DIVISION","M","2","offpeak","1,612","1,860","86.66666666667%"
"2022-03-01","B DIVISION","M","1","offpeak","11,421","15,702","72.7359572029%"
"2022-03-01","B DIVISION","M","1","peak","8,108","12,055","67.25839900456%"
"2022-03-01","B DIVISION","M","2","peak","884","988","89.47368421053%"
"2022-03-01","B DIVISION","N","2","offpeak","3,166","5,630","56.23445825933%"
"2022-03-01","B DIVISION","N","1","offpeak","12,865","18,347","70.12045566033%"
"2022-03-01","B DIVISION","N","2","peak","1,538","2,812","54.69416785206%"
"2022-03-01","B DIVISION","N","1","peak","7,647","12,102","63.18790282598%"
"2022-03-01","B DIVISION","Q","2","offpeak","3,121","4,816","64.80481727575%"
"2022-03-01","B DIVISION","Q","1","offpeak","10,439","15,227","68.55585473173%"
"2022-03-01","B DIVISION","Q","1","peak","6,161","9,139","67.41437794069%"
"2022-03-01","B DIVISION","Q","2","peak","1,699","2,510","67.68924302789%"
"2022-03-01","B DIVISION","R","2","offpeak","4,302","6,181","69.60038828669%"
"2022-03-01","B DIVISION","R","1","offpeak","14,881","22,019","67.58254234979%"
"2022-03-01","B DIVISION","R","2","peak","2,315","3,283","70.51477307341%"
"2022-03-01","B DIVISION","R","1","peak","9,793","15,332","63.87294547352%"
"2022-03-01","B DIVISION","S Fkln","2","offpeak","844","867","97.34717416378%"
"2022-03-01","B DIVISION","S Fkln","1","offpeak","2,593","2,634","98.44343204252%"
"2022-03-01","B DIVISION","S Fkln","2","peak","466","471","98.93842887473%"
"2022-03-01","B DIVISION","S Fkln","1","peak","1,565","1,597","97.99624295554%"
"2022-03-01","B DIVISION","S Rock","1","offpeak","1,773","1,985","89.31989924433%"
"2022-03-01","B DIVISION","S Rock","2","offpeak","290","303","95.7095709571%"
"2022-03-01","B DIVISION","S Rock","2","peak","157","166","94.57831325301%"
"2022-03-01","B DIVISION","S Rock","1","peak","902","979","92.13483146067%"
"2022-03-01","B DIVISION","W","1","offpeak","5,691","7,649","74.40188259903%"
"2022-03-01","B DIVISION","W","1","peak","4,462","6,548","68.14294441051%"
"2022-04-01","A DIVISION","1","2","offpeak","4,546","6,130","74.15986949429%"
"2022-04-01","A DIVISION","1","1","offpeak","19,761","25,708","76.86712307453%"
"2022-04-01","A DIVISION","1","1","peak","12,065","17,073","70.66713524278%"
"2022-04-01","A DIVISION","1","2","peak","2,344","2,998","78.18545697131%"
"2022-04-01","A DIVISION","2","1","offpeak","18,328","28,191","65.01365684084%"
"2022-04-01","A DIVISION","2","2","offpeak","4,662","8,108","57.49876665022%"
"2022-04-01","A DIVISION","2","1","peak","11,641","18,354","63.42486651411%"
"2022-04-01","A DIVISION","2","2","peak","2,697","4,343","62.09993092332%"
"2022-04-01","A DIVISION","3","1","offpeak","15,246","22,513","67.72087238484%"
"2022-04-01","A DIVISION","3","2","offpeak","3,208","4,555","70.42810098793%"
"2022-04-01","A DIVISION","3","1","peak","9,668","14,973","64.5695585387%"
"2022-04-01","A DIVISION","3","2","peak","1,710","2,291","74.63989524225%"
"2022-04-01","A DIVISION","4","2","offpeak","6,127","9,629","63.63069893031%"
"2022-04-01","A DIVISION","4","1","offpeak","21,927","31,073","70.56608631288%"
"2022-04-01","A DIVISION","4","1","peak","14,791","22,869","64.67707376798%"
"2022-04-01","A DIVISION","4","2","peak","3,471","5,233","66.32906554558%"
"2022-04-01","A DIVISION","5","2","offpeak","1,849","2,222","83.21332133213%"
"2022-04-01","A DIVISION","5","1","offpeak","16,329","23,486","69.52652644128%"
"2022-04-01","A DIVISION","5","2","peak","1,014","1,222","82.97872340426%"
"2022-04-01","A DIVISION","5","1","peak","12,655","19,603","64.55644544202%"
"2022-04-01","A DIVISION","6","2","offpeak","4,278","6,376","67.09535759097%"
"2022-04-01","A DIVISION","6","1","offpeak","21,090","29,347","71.86424506764%"
"2022-04-01","A DIVISION","6","1","peak","13,672","19,981","68.42500375357%"
"2022-04-01","A DIVISION","6","2","peak","2,343","3,330","70.36036036036%"
"2022-04-01","A DIVISION","7","1","offpeak","14,447","19,432","74.34643886373%"
"2022-04-01","A DIVISION","7","2","offpeak","3,546","4,867","72.85802342305%"
"2022-04-01","A DIVISION","7","2","peak","2,190","3,022","72.46856386499%"
"2022-04-01","A DIVISION","7","1","peak","11,002","16,228","67.79640128174%"
"2022-04-01","A DIVISION","S 42nd","2","offpeak","825","833","99.03961584634%"
"2022-04-01","A DIVISION","S 42nd","1","offpeak","3,061","3,114","98.29800899165%"
"2022-04-01","A DIVISION","S 42nd","1","peak","2,062","2,121","97.2182932579%"
"2022-04-01","A DIVISION","S 42nd","2","peak","486","486","100%"
"2022-04-01","B DIVISION","A","2","offpeak","3,552","5,791","61.33655672595%"
"2022-04-01","B DIVISION","A","1","offpeak","13,716","21,222","64.631043257%"
"2022-04-01","B DIVISION","A","2","peak","1,907","3,053","62.46315099902%"
"2022-04-01","B DIVISION","A","1","peak","9,364","15,309","61.16663400614%"
"2022-04-01","B DIVISION","B","1","offpeak","5,856","8,732","67.06367384333%"
"2022-04-01","B DIVISION","B","1","peak","5,043","7,823","64.46376070561%"
"2022-04-01","B DIVISION","C","2","offpeak","1,901","3,039","62.55347153669%"
"2022-04-01","B DIVISION","C","1","offpeak","8,065","12,376","65.16645119586%"
"2022-04-01","B DIVISION","C","1","peak","4,900","7,741","63.29931533394%"
"2022-04-01","B DIVISION","C","2","peak","1,078","1,651","65.29376135675%"
"2022-04-01","B DIVISION","D","2","offpeak","2,768","4,160","66.53846153846%"
"2022-04-01","B DIVISION","D","1","offpeak","9,341","13,975","66.84078711986%"
"2022-04-01","B DIVISION","D","2","peak","1,360","2,102","64.70028544244%"
"2022-04-01","B DIVISION","D","1","peak","5,834","9,010","64.75027746948%"
"2022-04-01","B DIVISION","E","2","offpeak","2,432","3,599","67.57432620172%"
"2022-04-01","B DIVISION","E","1","offpeak","11,755","17,589","66.8315424413%"
"2022-04-01","B DIVISION","E","1","peak","7,942","12,399","64.05355270586%"
"2022-04-01","B DIVISION","E","2","peak","1,223","1,768","69.1742081448%"
"2022-04-01","B DIVISION","F","2","offpeak","3,913","6,070","64.46457990115%"
"2022-04-01","B DIVISION","F","1","offpeak","18,683","29,757","62.78522700541%"
"2022-04-01","B DIVISION","F","1","peak","12,003","20,131","59.62445978839%"
"2022-04-01","B DIVISION","F","2","peak","1,970","3,022","65.18861681006%"
"2022-04-01","B DIVISION","G","2","offpeak","2,798","3,623","77.22881589843%"
"2022-04-01","B DIVISION","G","1","offpeak","9,901","12,417","79.73745671257%"
"2022-04-01","B DIVISION","G","1","peak","5,561","7,554","73.61662695261%"
"2022-04-01","B DIVISION","G","2","peak","1,362","1,881","72.40829346093%"
"2022-04-01","B DIVISION","JZ","2","offpeak","2,863","3,840","74.55729166667%"
"2022-04-01","B DIVISION","JZ","1","offpeak","9,362","11,431","81.90009622955%"
"2022-04-01","B DIVISION","JZ","2","peak","1,489","2,053","72.52800779347%"
"2022-04-01","B DIVISION","JZ","1","peak","6,269","8,268","75.82244799226%"
"2022-04-01","B DIVISION","L","1","offpeak","17,857","23,436","76.19474313023%"
"2022-04-01","B DIVISION","L","2","offpeak","4,628","6,267","73.84713579065%"
"2022-04-01","B DIVISION","L","1","peak","10,780","14,528","74.20154185022%"
"2022-04-01","B DIVISION","L","2","peak","2,403","3,192","75.28195488722%"
"2022-04-01","B DIVISION","M","1","offpeak","10,321","14,382","71.76331525518%"
"2022-04-01","B DIVISION","M","2","offpeak","1,590","2,061","77.14701601164%"
"2022-04-01","B DIVISION","M","1","peak","7,200","11,032","65.26468455402%"
"2022-04-01","B DIVISION","M","2","peak","791","1,051","75.26165556613%"
"2022-04-01","B DIVISION","N","2","offpeak","3,414","5,419","63.00055360768%"
"2022-04-01","B DIVISION","N","1","offpeak","11,431","16,066","71.15025519731%"
"2022-04-01","B DIVISION","N","2","peak","1,596","2,702","59.06735751295%"
"2022-04-01","B DIVISION","N","1","peak","6,667","10,548","63.20629503223%"
"2022-04-01","B DIVISION","Q","1","offpeak","9,383","14,093","66.57915277088%"
"2022-04-01","B DIVISION","Q","2","offpeak","3,237","4,709","68.7407092801%"
"2022-04-01","B DIVISION","Q","2","peak","1,667","2,399","69.48728636932%"
"2022-04-01","B DIVISION","Q","1","peak","5,344","8,374","63.81657511345%"
"2022-04-01","B DIVISION","R","1","offpeak","13,019","19,161","67.9453055686%"
"2022-04-01","B DIVISION","R","2","offpeak","3,593","5,762","62.35682054842%"
"2022-04-01","B DIVISION","R","1","peak","8,379","13,390","62.57654966393%"
"2022-04-01","B DIVISION","R","2","peak","1,875","3,097","60.54246044559%"
"2022-04-01","B DIVISION","S Fkln","1","offpeak","2,261","2,299","98.34710743802%"
"2022-04-01","B DIVISION","S Fkln","2","offpeak","847","884","95.81447963801%"
"2022-04-01","B DIVISION","S Fkln","2","peak","444","485","91.54639175258%"
"2022-04-01","B DIVISION","S Fkln","1","peak","1,398","1,414","98.8684582744%"
"2022-04-01","B DIVISION","S Rock","2","offpeak","345","369","93.49593495935%"
"2022-04-01","B DIVISION","S Rock","1","offpeak","1,652","1,816","90.96916299559%"
"2022-04-01","B DIVISION","S Rock","2","peak","194","200","97%"
"2022-04-01","B DIVISION","S Rock","1","peak","843","898","93.87527839644%"
"2022-04-01","B DIVISION","W","1","offpeak","4,368","5,701","76.61813716892%"
"2022-04-01","B DIVISION","W","1","peak","3,695","5,585","66.15935541629%"
"2022-05-01","A DIVISION","1","2","offpeak","4,390","6,385","68.75489428348%"
"2022-05-01","A DIVISION","1","1","offpeak","19,978","25,784","77.48215947875%"
"2022-05-01","A DIVISION","1","1","peak","12,214","17,073","71.53985825573%"
"2022-05-01","A DIVISION","1","2","peak","2,176","3,150","69.07936507937%"
"2022-05-01","A DIVISION","2","1","offpeak","18,721","28,046","66.7510518434%"
"2022-05-01","A DIVISION","2","2","offpeak","4,286","7,718","55.5325213786%"
"2022-05-01","A DIVISION","2","1","peak","11,959","18,354","65.15745886455%"
"2022-05-01","A DIVISION","2","2","peak","2,431","4,122","58.97622513343%"
"2022-05-01","A DIVISION","3","2","offpeak","3,976","6,091","65.27663766212%"
"2022-05-01","A DIVISION","3","1","offpeak","14,783","22,039","67.07654612278%"
"2022-05-01","A DIVISION","3","1","peak","10,033","14,973","67.00727977025%"
"2022-05-01","A DIVISION","3","2","peak","2,032","3,049","66.64480157429%"
"2022-05-01","A DIVISION","4","2","offpeak","6,021","9,819","61.31989000917%"
"2022-05-01","A DIVISION","4","1","offpeak","21,345","31,114","68.60255833387%"
"2022-05-01","A DIVISION","4","1","peak","14,834","22,875","64.84808743169%"
"2022-05-01","A DIVISION","4","2","peak","3,417","5,310","64.35028248588%"
"2022-05-01","A DIVISION","5","2","offpeak","1,696","2,209","76.77682209144%"
"2022-05-01","A DIVISION","5","1","offpeak","16,468","23,394","70.39411814995%"
"2022-05-01","A DIVISION","5","1","peak","12,842","19,588","65.56054727384%"
"2022-05-01","A DIVISION","5","2","peak","965","1,163","82.97506448839%"
"2022-05-01","A DIVISION","6","2","offpeak","4,418","6,498","67.99015081564%"
"2022-05-01","A DIVISION","6","1","offpeak","22,173","29,991","73.9321796539%"
"2022-05-01","A DIVISION","6","2","peak","2,241","3,424","65.44976635514%"
"2022-05-01","A DIVISION","6","1","peak","13,833","20,013","69.12007195323%"
"2022-05-01","A DIVISION","7","1","offpeak","14,255","19,404","73.46423417852%"
"2022-05-01","A DIVISION","7","2","offpeak","3,507","4,868","72.04190632703%"
"2022-05-01","A DIVISION","7","1","peak","10,799","16,248","66.46356474643%"
"2022-05-01","A DIVISION","7","2","peak","2,096","3,063","68.42964413973%"
"2022-05-01","A DIVISION","S 42nd","1","offpeak","3,088","3,256","94.84029484029%"
"2022-05-01","A DIVISION","S 42nd","2","offpeak","826","851","97.06227967098%"
"2022-05-01","A DIVISION","S 42nd","1","peak","2,084","2,222","93.78937893789%"
"2022-05-01","A DIVISION","S 42nd","2","peak","466","496","93.95161290323%"
"2022-05-01","B DIVISION","A","2","offpeak","3,196","5,430","58.85819521179%"
"2022-05-01","B DIVISION","A","1","offpeak","13,007","21,070","61.73232083531%"
"2022-05-01","B DIVISION","A","1","peak","8,963","15,411","58.15975601843%"
"2022-05-01","B DIVISION","A","2","peak","1,707","2,844","60.02109704641%"
"2022-05-01","B DIVISION","B","1","offpeak","5,869","9,075","64.67217630854%"
"2022-05-01","B DIVISION","B","1","peak","4,769","8,175","58.33639143731%"
"2022-05-01","B DIVISION","C","1","offpeak","7,051","12,353","57.07925200356%"
"2022-05-01","B DIVISION","C","2","offpeak","2,211","3,357","65.86237712243%"
"2022-05-01","B DIVISION","C","2","peak","1,255","1,887","66.50768415474%"
"2022-05-01","B DIVISION","C","1","peak","4,445","7,750","57.35483870968%"
"2022-05-01","B DIVISION","D","1","offpeak","9,120","14,738","61.88085221875%"
"2022-05-01","B DIVISION","D","2","offpeak","2,798","4,487","62.35792288834%"
"2022-05-01","B DIVISION","D","1","peak","5,747","9,477","60.64155323415%"
"2022-05-01","B DIVISION","D","2","peak","1,426","2,279","62.57130320316%"
"2022-05-01","B DIVISION","E","1","offpeak","10,934","17,059","64.09519901518%"
"2022-05-01","B DIVISION","E","2","offpeak","1,222","2,200","55.54545454545%"
"2022-05-01","B DIVISION","E","1","peak","7,837","12,430","63.04907481899%"
"2022-05-01","B DIVISION","E","2","peak","571","1,103","51.7679057117%"
"2022-05-01","B DIVISION","F","2","offpeak","2,894","4,966","58.27627869513%"
"2022-05-01","B DIVISION","F","1","offpeak","17,799","29,438","60.46266730077%"
"2022-05-01","B DIVISION","F","2","peak","1,536","2,503","61.36636036756%"
"2022-05-01","B DIVISION","F","1","peak","11,887","20,026","59.35783481474%"
"2022-05-01","B DIVISION","G","1","offpeak","9,739","12,158","80.10363546636%"
"2022-05-01","B DIVISION","G","2","offpeak","3,219","3,829","84.06894750588%"
"2022-05-01","B DIVISION","G","1","peak","5,609","7,577","74.02665962782%"
"2022-05-01","B DIVISION","G","2","peak","1,721","1,990","86.4824120603%"
"2022-05-01","B DIVISION","JZ","2","offpeak","2,471","3,235","76.38330757342%"
"2022-05-01","B DIVISION","JZ","1","offpeak","9,012","11,372","79.24727400633%"
"2022-05-01","B DIVISION","JZ","2","peak","1,312","1,753","74.84312606959%"
"2022-05-01","B DIVISION","JZ","1","peak","5,836","8,221","70.98893078701%"
"2022-05-01","B DIVISION","L","1","offpeak","17,486","23,692","73.80550396758%"
"2022-05-01","B DIVISION","L","2","offpeak","5,067","6,947","72.93795883115%"
"2022-05-01","B DIVISION","L","2","peak","2,625","3,561","73.7152485257%"
"2022-05-01","B DIVISION","L","1","peak","10,651","15,203","70.05854107742%"
"2022-05-01","B DIVISION","M","2","offpeak","1,107","1,284","86.21495327103%"
"2022-05-01","B DIVISION","M","1","offpeak","10,223","14,316","71.40961162336%"
"2022-05-01","B DIVISION","M","2","peak","583","672","86.75595238095%"
"2022-05-01","B DIVISION","M","1","peak","7,047","10,989","64.12776412776%"
"2022-05-01","B DIVISION","N","2","offpeak","3,681","5,646","65.19659936238%"
"2022-05-01","B DIVISION","N","1","offpeak","11,361","16,769","67.75001490846%"
"2022-05-01","B DIVISION","N","1","peak","6,722","11,079","60.67334596985%"
"2022-05-01","B DIVISION","N","2","peak","1,685","2,815","59.85790408526%"
"2022-05-01","B DIVISION","Q","2","offpeak","3,214","4,749","67.67740576964%"
"2022-05-01","B DIVISION","Q","1","offpeak","9,160","14,011","65.37720362572%"
"2022-05-01","B DIVISION","Q","1","peak","5,431","8,396","64.68556455455%"
"2022-05-01","B DIVISION","Q","2","peak","1,690","2,451","68.95144838841%"
"2022-05-01","B DIVISION","R","2","offpeak","3,084","5,703","54.07680168332%"
"2022-05-01","B DIVISION","R","1","offpeak","13,471","19,995","67.37184296074%"
"2022-05-01","B DIVISION","R","2","peak","1,704","3,087","55.19922254616%"
"2022-05-01","B DIVISION","R","1","peak","8,525","13,940","61.15494978479%"
"2022-05-01","B DIVISION","S Fkln","1","offpeak","2,284","2,347","97.31572219855%"
"2022-05-01","B DIVISION","S Fkln","2","offpeak","868","877","98.97377423033%"
"2022-05-01","B DIVISION","S Fkln","1","peak","1,405","1,444","97.29916897507%"
"2022-05-01","B DIVISION","S Fkln","2","peak","476","477","99.79035639413%"
"2022-05-01","B DIVISION","S Rock","1","offpeak","1,625","1,817","89.4331315355%"
"2022-05-01","B DIVISION","S Rock","2","offpeak","265","293","90.44368600683%"
"2022-05-01","B DIVISION","S Rock","2","peak","141","159","88.67924528302%"
"2022-05-01","B DIVISION","S Rock","1","peak","809","891","90.79685746352%"
"2022-05-01","B DIVISION","W","1","offpeak","4,237","5,853","72.3902272339%"
"2022-05-01","B DIVISION","W","1","peak","3,783","5,929","63.80502614269%"
"2022-06-01","A DIVISION","1","1","offpeak","20,143","26,506","75.9941145401%"
"2022-06-01","A DIVISION","1","2","offpeak","4,053","5,781","70.10897768552%"
"2022-06-01","A DIVISION","1","2","peak","2,056","2,836","72.49647390691%"
"2022-06-01","A DIVISION","1","1","peak","12,880","17,886","72.0116292072%"
"2022-06-01","A DIVISION","2","2","offpeak","4,453","7,939","56.09018768107%"
"2022-06-01","A DIVISION","2","1","offpeak","19,801","29,401","67.34804938608%"
"2022-06-01","A DIVISION","2","2","peak","2,331","4,209","55.38132573058%"
"2022-06-01","A DIVISION","2","1","peak","12,259","19,244","63.70297235502%"
"2022-06-01","A DIVISION","3","1","offpeak","15,263","22,813","66.90483496252%"
"2022-06-01","A DIVISION","3","2","offpeak","4,006","5,819","68.8434438907%"
"2022-06-01","A DIVISION","3","2","peak","2,047","2,920","70.10273972603%"
"2022-06-01","A DIVISION","3","1","peak","10,085","15,690","64.27660930529%"
"2022-06-01","A DIVISION","4","1","offpeak","22,121","32,457","68.15478941369%"
"2022-06-01","A DIVISION","4","2","offpeak","5,656","8,467","66.80051966458%"
"2022-06-01","A DIVISION","4","2","peak","2,994","4,626","64.72114137484%"
"2022-06-01","A DIVISION","4","1","peak","15,469","24,004","64.44342609565%"
"2022-06-01","A DIVISION","5","1","offpeak","17,352","24,805","69.95363837936%"
"2022-06-01","A DIVISION","5","2","offpeak","2,499","3,181","78.56020119459%"
"2022-06-01","A DIVISION","5","1","peak","12,835","20,132","63.75422213392%"
"2022-06-01","A DIVISION","5","2","peak","1,337","1,712","78.09579439252%"
"2022-06-01","A DIVISION","6","1","offpeak","23,224","31,442","73.86298581515%"
"2022-06-01","A DIVISION","6","2","offpeak","4,502","6,355","70.84185680566%"
"2022-06-01","A DIVISION","6","1","peak","14,737","20,963","70.30005247341%"
"2022-06-01","A DIVISION","6","2","peak","2,478","3,376","73.40047393365%"
"2022-06-01","A DIVISION","7","2","offpeak","3,638","4,924","73.88302193339%"
"2022-06-01","A DIVISION","7","1","offpeak","15,248","20,307","75.08740828286%"
"2022-06-01","A DIVISION","7","1","peak","11,499","16,978","67.72882553893%"
"2022-06-01","A DIVISION","7","2","peak","2,193","3,119","70.31099711446%"
"2022-06-01","A DIVISION","S 42nd","2","offpeak","853","861","99.07084785134%"
"2022-06-01","A DIVISION","S 42nd","1","offpeak","3,133","3,252","96.34071340713%"
"2022-06-01","A DIVISION","S 42nd","1","peak","2,149","2,222","96.71467146715%"
"2022-06-01","A DIVISION","S 42nd","2","peak","501","514","97.47081712062%"
"2022-06-01","B DIVISION","A","2","offpeak","3,032","5,777","52.48398822918%"
"2022-06-01","B DIVISION","A","1","offpeak","13,704","22,074","62.08208752378%"
"2022-06-01","B DIVISION","A","1","peak","9,821","16,166","60.75095880242%"
"2022-06-01","B DIVISION","A","2","peak","1,763","3,084","57.16601815824%"
"2022-06-01","B DIVISION","B","1","offpeak","6,046","9,557","63.26253008266%"
"2022-06-01","B DIVISION","B","1","peak","5,025","8,530","58.90973036342%"
"2022-06-01","B DIVISION","C","1","offpeak","7,417","12,843","57.75130421241%"
"2022-06-01","B DIVISION","C","2","offpeak","1,746","3,477","50.21570319241%"
"2022-06-01","B DIVISION","C","1","peak","4,753","8,118","58.54890367085%"
"2022-06-01","B DIVISION","C","2","peak","905","1,966","46.03255340793%"
"2022-06-01","B DIVISION","D","2","offpeak","2,323","4,232","54.89130434783%"
"2022-06-01","B DIVISION","D","1","offpeak","9,296","15,270","60.87753765553%"
"2022-06-01","B DIVISION","D","2","peak","1,285","2,234","57.52014324082%"
"2022-06-01","B DIVISION","D","1","peak","5,840","9,852","59.27730410069%"
"2022-06-01","B DIVISION","E","2","offpeak","1,888","3,178","59.40843297671%"
"2022-06-01","B DIVISION","E","1","offpeak","11,645","18,459","63.08575762501%"
"2022-06-01","B DIVISION","E","2","peak","1,048","1,593","65.78782172003%"
"2022-06-01","B DIVISION","E","1","peak","8,216","13,110","62.66971777269%"
"2022-06-01","B DIVISION","F","1","offpeak","18,434","31,252","58.9850249584%"
"2022-06-01","B DIVISION","F","2","offpeak","2,976","5,653","52.64461347957%"
"2022-06-01","B DIVISION","F","2","peak","1,545","2,835","54.49735449735%"
"2022-06-01","B DIVISION","F","1","peak","12,612","21,129","59.69047280988%"
"2022-06-01","B DIVISION","G","2","offpeak","2,461","3,086","79.74724562541%"
"2022-06-01","B DIVISION","G","1","offpeak","9,136","11,860","77.03204047218%"
"2022-06-01","B DIVISION","G","1","peak","5,879","7,935","74.08947700063%"
"2022-06-01","B DIVISION","G","2","peak","1,423","1,603","88.77105427324%"
"2022-06-01","B DIVISION","JZ","2","offpeak","1,796","2,792","64.32664756447%"
"2022-06-01","B DIVISION","JZ","1","offpeak","9,184","12,063","76.13363176656%"
"2022-06-01","B DIVISION","JZ","1","peak","6,067","8,610","70.46457607433%"
"2022-06-01","B DIVISION","JZ","2","peak","933","1,474","63.29715061058%"
"2022-06-01","B DIVISION","L","2","offpeak","6,094","8,950","68.08938547486%"
"2022-06-01","B DIVISION","L","1","offpeak","19,485","26,595","73.26565143824%"
"2022-06-01","B DIVISION","L","1","peak","11,166","15,994","69.81368013005%"
"2022-06-01","B DIVISION","L","2","peak","3,172","4,601","68.94153444903%"
"2022-06-01","B DIVISION","M","1","offpeak","9,460","15,082","62.72377668744%"
"2022-06-01","B DIVISION","M","1","peak","6,656","11,411","58.3296818859%"
"2022-06-01","B DIVISION","N","1","offpeak","11,537","17,582","65.61824593334%"
"2022-06-01","B DIVISION","N","2","offpeak","2,769","5,442","50.88202866593%"
"2022-06-01","B DIVISION","N","1","peak","7,127","11,555","61.67892687148%"
"2022-06-01","B DIVISION","N","2","peak","1,616","2,773","58.27623512441%"
"2022-06-01","B DIVISION","Q","1","offpeak","9,442","14,692","64.26626735638%"
"2022-06-01","B DIVISION","Q","2","offpeak","2,350","3,540","66.38418079096%"
"2022-06-01","B DIVISION","Q","2","peak","1,236","1,765","70.0283286119%"
"2022-06-01","B DIVISION","Q","1","peak","5,727","8,783","65.20551064557%"
"2022-06-01","B DIVISION","R","2","offpeak","3,342","6,028","55.44127405441%"
"2022-06-01","B DIVISION","R","1","offpeak","13,745","21,191","64.86244160257%"
"2022-06-01","B DIVISION","R","2","peak","1,865","3,172","58.79571248424%"
"2022-06-01","B DIVISION","R","1","peak","8,916","14,777","60.33701021858%"
"2022-06-01","B DIVISION","S Fkln","1","offpeak","2,512","2,535","99.09270216963%"
"2022-06-01","B DIVISION","S Fkln","2","offpeak","801","813","98.52398523985%"
"2022-06-01","B DIVISION","S Fkln","2","peak","431","434","99.30875576037%"
"2022-06-01","B DIVISION","S Fkln","1","peak","1,511","1,526","99.01703800786%"
"2022-06-01","B DIVISION","S Rock","1","offpeak","1,661","1,904","87.23739495798%"
"2022-06-01","B DIVISION","S Rock","2","offpeak","491","574","85.54006968641%"
"2022-06-01","B DIVISION","S Rock","2","peak","274","317","86.43533123028%"
"2022-06-01","B DIVISION","S Rock","1","peak","824","925","89.08108108108%"
"2022-06-01","B DIVISION","W","1","offpeak","5,408","7,635","70.83169613621%"
"2022-06-01","B DIVISION","W","1","peak","4,219","6,276","67.22434671765%"
"2022-07-01","A DIVISION","1","1","offpeak","18,428","24,251","75.98861902602%"
"2022-07-01","A DIVISION","1","2","offpeak","6,391","8,271","77.26997944626%"
"2022-07-01","A DIVISION","1","1","peak","11,947","16,260","73.47478474785%"
"2022-07-01","A DIVISION","1","2","peak","3,234","4,049","79.87157322796%"
"2022-07-01","A DIVISION","2","1","offpeak","18,407","26,749","68.81378743131%"
"2022-07-01","A DIVISION","2","2","offpeak","5,373","7,802","68.86695719046%"
"2022-07-01","A DIVISION","2","1","peak","11,493","17,540","65.52451539339%"
"2022-07-01","A DIVISION","2","2","peak","2,671","4,098","65.17813567594%"
"2022-07-01","A DIVISION","3","2","offpeak","4,250","5,334","79.67754030746%"
"2022-07-01","A DIVISION","3","1","offpeak","14,766","20,989","70.3511363095%"
"2022-07-01","A DIVISION","3","2","peak","1,997","2,683","74.43160641073%"
"2022-07-01","A DIVISION","3","1","peak","9,339","13,980","66.8025751073%"
"2022-07-01","A DIVISION","4","1","offpeak","20,938","29,458","71.0774662231%"
"2022-07-01","A DIVISION","4","2","offpeak","8,386","11,679","71.80409281617%"
"2022-07-01","A DIVISION","4","2","peak","4,564","6,371","71.63710563491%"
"2022-07-01","A DIVISION","4","1","peak","14,293","21,940","65.14585232452%"
"2022-07-01","A DIVISION","5","1","offpeak","15,547","22,375","69.48379888268%"
"2022-07-01","A DIVISION","5","2","offpeak","2,862","3,501","81.74807197943%"
"2022-07-01","A DIVISION","5","2","peak","1,530","1,875","81.6%"
"2022-07-01","A DIVISION","5","1","peak","11,453","18,286","62.63261511539%"
"2022-07-01","A DIVISION","6","1","offpeak","21,441","28,624","74.90567356065%"
"2022-07-01","A DIVISION","6","2","offpeak","6,481","7,837","82.69746076305%"
"2022-07-01","A DIVISION","6","1","peak","13,433","19,059","70.48113752033%"
"2022-07-01","A DIVISION","6","2","peak","3,389","4,132","82.01839303001%"
"2022-07-01","A DIVISION","7","1","offpeak","14,879","18,721","79.47759200897%"
"2022-07-01","A DIVISION","7","2","offpeak","4,802","6,166","77.87868958806%"
"2022-07-01","A DIVISION","7","2","peak","3,128","3,939","79.41101802488%"
"2022-07-01","A DIVISION","7","1","peak","10,956","15,442","70.94935889134%"
"2022-07-01","A DIVISION","S 42nd","1","offpeak","2,921","2,999","97.39913304435%"
"2022-07-01","A DIVISION","S 42nd","2","offpeak","996","1,062","93.78531073446%"
"2022-07-01","A DIVISION","S 42nd","1","peak","1,956","2,020","96.83168316832%"
"2022-07-01","A DIVISION","S 42nd","2","peak","591","620","95.32258064516%"
"2022-07-01","B DIVISION","A","1","offpeak","12,113","19,815","61.1304567247%"
"2022-07-01","B DIVISION","A","2","offpeak","3,826","6,010","63.66056572379%"
"2022-07-01","B DIVISION","A","1","peak","8,507","14,520","58.58815426997%"
"2022-07-01","B DIVISION","A","2","peak","1,887","3,128","60.32608695652%"
"2022-07-01","B DIVISION","B","1","offpeak","5,540","8,567","64.66674448465%"
"2022-07-01","B DIVISION","B","1","peak","4,339","7,647","56.74120570158%"
"2022-07-01","B DIVISION","C","1","offpeak","6,118","11,768","51.98844323589%"
"2022-07-01","B DIVISION","C","2","offpeak","2,272","3,569","63.65928831605%"
"2022-07-01","B DIVISION","C","1","peak","3,862","7,430","51.97846567968%"
"2022-07-01","B DIVISION","C","2","peak","1,187","1,988","59.70824949698%"
"2022-07-01","B DIVISION","D","1","offpeak","7,729","13,888","55.65236175115%"
"2022-07-01","B DIVISION","D","2","offpeak","3,016","4,798","62.859524802%"
"2022-07-01","B DIVISION","D","1","peak","4,695","8,871","52.92526208996%"
"2022-07-01","B DIVISION","D","2","peak","1,518","2,475","61.33333333333%"
"2022-07-01","B DIVISION","E","1","offpeak","10,323","16,813","61.39891750431%"
"2022-07-01","B DIVISION","E","2","offpeak","3,143","4,544","69.16813380282%"
"2022-07-01","B DIVISION","E","1","peak","7,018","11,916","58.89560255119%"
"2022-07-01","B DIVISION","E","2","peak","1,588","2,267","70.04852227614%"
"2022-07-01","B DIVISION","F","2","offpeak","4,210","6,467","65.09973712695%"
"2022-07-01","B DIVISION","F","1","offpeak","15,671","27,841","56.2874896735%"
"2022-07-01","B DIVISION","F","1","peak","10,400","18,835","55.21635253517%"
"2022-07-01","B DIVISION","F","2","peak","2,108","3,247","64.92146596859%"
"2022-07-01","B DIVISION","G","2","offpeak","3,120","3,717","83.93866020985%"
"2022-07-01","B DIVISION","G","1","offpeak","7,435","11,318","65.69181834246%"
"2022-07-01","B DIVISION","G","2","peak","1,622","1,915","84.69973890339%"
"2022-07-01","B DIVISION","G","1","peak","4,423","7,215","61.30284130284%"
"2022-07-01","B DIVISION","JZ","2","offpeak","2,991","4,192","71.35019083969%"
"2022-07-01","B DIVISION","JZ","1","offpeak","6,144","9,634","63.77413327797%"
"2022-07-01","B DIVISION","JZ","2","peak","1,532","2,273","67.39991201056%"
"2022-07-01","B DIVISION","JZ","1","peak","3,974","7,065","56.2491153574%"
"2022-07-01","B DIVISION","L","1","offpeak","17,558","23,898","73.47058331241%"
"2022-07-01","B DIVISION","L","2","offpeak","8,115","11,313","71.73163617078%"
"2022-07-01","B DIVISION","L","1","peak","9,597","14,543","65.99051089871%"
"2022-07-01","B DIVISION","L","2","peak","4,228","5,832","72.49657064472%"
"2022-07-01","B DIVISION","M","2","offpeak","2,045","2,337","87.5053487377%"
"2022-07-01","B DIVISION","M","1","offpeak","8,454","13,704","61.69001751313%"
"2022-07-01","B DIVISION","M","2","peak","1,075","1,237","86.90379951496%"
"2022-07-01","B DIVISION","M","1","peak","5,801","10,471","55.40063031229%"
"2022-07-01","B DIVISION","N","1","offpeak","10,401","16,173","64.3108885179%"
"2022-07-01","B DIVISION","N","2","offpeak","4,207","6,891","61.05064576984%"
"2022-07-01","B DIVISION","N","2","peak","1,843","3,494","52.74756725816%"
"2022-07-01","B DIVISION","N","1","peak","6,130","10,460","58.60420650096%"
"2022-07-01","B DIVISION","Q","2","offpeak","3,552","5,516","64.39448875997%"
"2022-07-01","B DIVISION","Q","1","offpeak","8,419","13,496","62.38144635448%"
"2022-07-01","B DIVISION","Q","2","peak","1,867","2,840","65.73943661972%"
"2022-07-01","B DIVISION","Q","1","peak","5,077","7,873","64.48621872222%"
"2022-07-01","B DIVISION","R","1","offpeak","12,037","19,270","62.46497145823%"
"2022-07-01","B DIVISION","R","2","offpeak","5,337","7,792","68.49332648871%"
"2022-07-01","B DIVISION","R","1","peak","7,449","13,288","56.05809753161%"
"2022-07-01","B DIVISION","R","2","peak","2,871","4,105","69.93909866017%"
"2022-07-01","B DIVISION","S Fkln","1","offpeak","2,345","2,408","97.38372093023%"
"2022-07-01","B DIVISION","S Fkln","2","offpeak","990","1,010","98.0198019802%"
"2022-07-01","B DIVISION","S Fkln","2","peak","522","542","96.30996309963%"
"2022-07-01","B DIVISION","S Fkln","1","peak","1,421","1,431","99.30118798043%"
"2022-07-01","B DIVISION","S Rock","2","offpeak","595","705","84.39716312057%"
"2022-07-01","B DIVISION","S Rock","1","offpeak","1,554","1,723","90.19152640743%"
"2022-07-01","B DIVISION","S Rock","2","peak","336","392","85.71428571429%"
"2022-07-01","B DIVISION","S Rock","1","peak","721","826","87.28813559322%"
"2022-07-01","B DIVISION","W","1","offpeak","5,594","7,774","71.95780807821%"
"2022-07-01","B DIVISION","W","1","peak","3,571","5,783","61.74995676984%"
"2022-08-01","A DIVISION","1","1","offpeak","21,640","27,975","77.35478105451%"
"2022-08-01","A DIVISION","1","2","offpeak","5,033","6,310","79.76228209192%"
"2022-08-01","A DIVISION","1","2","peak","2,617","3,078","85.02274204029%"
"2022-08-01","A DIVISION","1","1","peak","14,128","18,699","75.55484250495%"
"2022-08-01","A DIVISION","2","1","offpeak","21,194","30,546","69.38388004976%"
"2022-08-01","A DIVISION","2","2","offpeak","4,998","7,160","69.80446927374%"
"2022-08-01","A DIVISION","2","2","peak","2,803","3,731","75.12731171268%"
"2022-08-01","A DIVISION","2","1","peak","13,456","20,148","66.7857851896%"
"2022-08-01","A DIVISION","3","1","offpeak","17,299","23,796","72.69709194823%"
"2022-08-01","A DIVISION","3","2","offpeak","4,398","6,109","71.99214274022%"
"2022-08-01","A DIVISION","3","2","peak","2,360","3,043","77.55504436411%"
"2022-08-01","A DIVISION","3","1","peak","10,890","15,792","68.95896656535%"
"2022-08-01","A DIVISION","4","1","offpeak","24,807","33,873","73.2353201665%"
"2022-08-01","A DIVISION","4","2","offpeak","6,606","9,321","70.8722240103%"
"2022-08-01","A DIVISION","4","1","peak","17,122","25,217","67.89863980648%"
"2022-08-01","A DIVISION","4","2","peak","3,797","5,102","74.42179537436%"
"2022-08-01","A DIVISION","5","2","offpeak","2,973","3,635","81.78817056396%"
"2022-08-01","A DIVISION","5","1","offpeak","18,219","25,682","70.94073670275%"
"2022-08-01","A DIVISION","5","1","peak","13,608","20,243","67.2232376624%"
"2022-08-01","A DIVISION","5","2","peak","1,677","2,000","83.85%"
"2022-08-01","A DIVISION","6","1","offpeak","24,391","32,695","74.60162104297%"
"2022-08-01","A DIVISION","6","2","offpeak","4,788","6,121","78.22251266133%"
"2022-08-01","A DIVISION","6","1","peak","16,364","21,906","74.70099516114%"
"2022-08-01","A DIVISION","6","2","peak","2,586","3,211","80.53565867331%"
"2022-08-01","A DIVISION","7","2","offpeak","4,024","4,847","83.02042500516%"
"2022-08-01","A DIVISION","7","1","offpeak","16,189","20,654","78.38191149414%"
"2022-08-01","A DIVISION","7","1","peak","12,029","16,951","70.96336499322%"
"2022-08-01","A DIVISION","7","2","peak","2,587","3,202","80.79325421611%"
"2022-08-01","A DIVISION","S 42nd","2","offpeak","842","852","98.82629107981%"
"2022-08-01","A DIVISION","S 42nd","1","offpeak","3,232","3,437","94.03549607216%"
"2022-08-01","A DIVISION","S 42nd","2","peak","496","496","100%"
"2022-08-01","A DIVISION","S 42nd","1","peak","2,167","2,323","93.28454584589%"
"2022-08-01","B DIVISION","A","1","offpeak","15,081","23,115","65.24334847502%"
"2022-08-01","B DIVISION","A","2","offpeak","3,503","6,219","56.32738382377%"
"2022-08-01","B DIVISION","A","2","peak","1,950","3,222","60.52141527002%"
"2022-08-01","B DIVISION","A","1","peak","10,325","17,064","60.50750117206%"
"2022-08-01","B DIVISION","B","1","offpeak","7,092","10,006","70.87747351589%"
"2022-08-01","B DIVISION","B","1","peak","5,568","8,772","63.47469220246%"
"2022-08-01","B DIVISION","C","2","offpeak","2,222","3,608","61.58536585366%"
"2022-08-01","B DIVISION","C","1","offpeak","8,552","13,602","62.87310689604%"
"2022-08-01","B DIVISION","C","1","peak","5,309","8,544","62.13717228464%"
"2022-08-01","B DIVISION","C","2","peak","1,348","2,066","65.24685382381%"
"2022-08-01","B DIVISION","D","2","offpeak","2,303","4,346","52.99125632766%"
"2022-08-01","B DIVISION","D","1","offpeak","10,396","15,961","65.13376354865%"
"2022-08-01","B DIVISION","D","2","peak","1,139","2,188","52.05667276051%"
"2022-08-01","B DIVISION","D","1","peak","6,303","10,196","61.81836014123%"
"2022-08-01","B DIVISION","E","1","offpeak","11,711","19,134","61.20518448835%"
"2022-08-01","B DIVISION","E","2","offpeak","1,716","2,709","63.34440753045%"
"2022-08-01","B DIVISION","E","1","peak","7,732","13,450","57.48698884758%"
"2022-08-01","B DIVISION","E","2","peak","864","1,356","63.71681415929%"
"2022-08-01","B DIVISION","F","2","offpeak","3,663","6,058","60.46550016507%"
"2022-08-01","B DIVISION","F","1","offpeak","19,052","32,776","58.12789846229%"
"2022-08-01","B DIVISION","F","1","peak","12,817","21,660","59.17359187442%"
"2022-08-01","B DIVISION","F","2","peak","1,863","3,070","60.68403908795%"
"2022-08-01","B DIVISION","G","1","offpeak","10,604","13,552","78.24675324675%"
"2022-08-01","B DIVISION","G","2","offpeak","2,964","3,531","83.9422259983%"
"2022-08-01","B DIVISION","G","2","peak","1,517","1,821","83.30587589237%"
"2022-08-01","B DIVISION","G","1","peak","5,994","8,281","72.38256249245%"
"2022-08-01","B DIVISION","JZ","1","offpeak","8,168","11,027","74.07273057042%"
"2022-08-01","B DIVISION","JZ","2","offpeak","2,537","3,369","75.30424458296%"
"2022-08-01","B DIVISION","JZ","2","peak","1,264","1,822","69.37431394072%"
"2022-08-01","B DIVISION","JZ","1","peak","5,574","8,067","69.09631833395%"
"2022-08-01","B DIVISION","L","2","offpeak","4,626","6,343","72.93078984708%"
"2022-08-01","B DIVISION","L","1","offpeak","20,595","27,211","75.68630333321%"
"2022-08-01","B DIVISION","L","1","peak","11,553","16,697","69.19207043181%"
"2022-08-01","B DIVISION","L","2","peak","2,311","3,255","70.99846390169%"
"2022-08-01","B DIVISION","M","2","offpeak","1,540","1,867","82.48527048741%"
"2022-08-01","B DIVISION","M","1","offpeak","10,458","15,787","66.24437828593%"
"2022-08-01","B DIVISION","M","1","peak","7,327","11,978","61.17047921189%"
"2022-08-01","B DIVISION","M","2","peak","823","996","82.63052208835%"
"2022-08-01","B DIVISION","N","1","offpeak","12,799","18,607","68.78594077498%"
"2022-08-01","B DIVISION","N","2","offpeak","3,016","5,591","53.94383831157%"
"2022-08-01","B DIVISION","N","1","peak","7,691","12,079","63.67248944449%"
"2022-08-01","B DIVISION","N","2","peak","1,455","2,767","52.58402602096%"
"2022-08-01","B DIVISION","Q","2","offpeak","2,916","4,493","64.90095704429%"
"2022-08-01","B DIVISION","Q","1","offpeak","10,174","15,554","65.41082679697%"
"2022-08-01","B DIVISION","Q","2","peak","1,513","2,304","65.66840277778%"
"2022-08-01","B DIVISION","Q","1","peak","6,102","9,173","66.52131254769%"
"2022-08-01","B DIVISION","R","1","offpeak","14,631","22,172","65.98863431355%"
"2022-08-01","B DIVISION","R","2","offpeak","4,117","6,164","66.79104477612%"
"2022-08-01","B DIVISION","R","2","peak","2,265","3,279","69.07593778591%"
"2022-08-01","B DIVISION","R","1","peak","9,286","15,401","60.29478605285%"
"2022-08-01","B DIVISION","S Fkln","2","offpeak","881","901","97.78024417314%"
"2022-08-01","B DIVISION","S Fkln","1","offpeak","2,570","2,610","98.46743295019%"
"2022-08-01","B DIVISION","S Fkln","2","peak","475","486","97.7366255144%"
"2022-08-01","B DIVISION","S Fkln","1","peak","1,544","1,584","97.47474747475%"
"2022-08-01","B DIVISION","S Rock","1","offpeak","1,799","1,988","90.49295774648%"
"2022-08-01","B DIVISION","S Rock","2","offpeak","476","570","83.50877192982%"
"2022-08-01","B DIVISION","S Rock","2","peak","269","312","86.21794871795%"
"2022-08-01","B DIVISION","S Rock","1","peak","878","981","89.500509684%"
"2022-08-01","B DIVISION","W","1","offpeak","6,955","9,131","76.16909429416%"
"2022-08-01","B DIVISION","W","1","peak","4,282","6,619","64.69255174498%"
"2022-09-01","A DIVISION","1","2","offpeak","5,574","6,324","88.14041745731%"
"2022-09-01","A DIVISION","1","1","offpeak","19,935","25,916","76.9215928384%"
"2022-09-01","A DIVISION","1","1","peak","12,484","17,073","73.1213026416%"
"2022-09-01","A DIVISION","1","2","peak","2,711","3,081","87.99091204154%"
"2022-09-01","A DIVISION","2","1","offpeak","19,034","28,282","67.30075666502%"
"2022-09-01","A DIVISION","2","2","offpeak","5,427","7,280","74.5467032967%"
"2022-09-01","A DIVISION","2","1","peak","11,721","18,412","63.65956984575%"
"2022-09-01","A DIVISION","2","2","peak","2,928","3,780","77.46031746032%"
"2022-09-01","A DIVISION","3","1","offpeak","15,915","22,766","69.90687867873%"
"2022-09-01","A DIVISION","3","2","offpeak","3,550","4,476","79.31188561215%"
"2022-09-01","A DIVISION","3","2","peak","1,893","2,239","84.54667262171%"
"2022-09-01","A DIVISION","3","1","peak","9,983","14,994","66.57996531946%"
"2022-09-01","A DIVISION","4","1","offpeak","22,564","30,765","73.34308467414%"
"2022-09-01","A DIVISION","4","2","offpeak","6,681","9,260","72.14902807775%"
"2022-09-01","A DIVISION","4","2","peak","3,691","5,100","72.37254901961%"
"2022-09-01","A DIVISION","4","1","peak","15,656","23,029","67.98384645447%"
"2022-09-01","A DIVISION","5","1","offpeak","16,278","23,412","69.52844695028%"
"2022-09-01","A DIVISION","5","2","offpeak","1,823","1,922","94.84911550468%"
"2022-09-01","A DIVISION","5","2","peak","1,029","1,054","97.62808349146%"
"2022-09-01","A DIVISION","5","1","peak","12,016","18,873","63.66767339586%"
"2022-09-01","A DIVISION","6","1","offpeak","23,379","30,087","77.70465649616%"
"2022-09-01","A DIVISION","6","2","offpeak","5,026","6,257","80.32603484098%"
"2022-09-01","A DIVISION","6","1","peak","14,426","20,013","72.08314595513%"
"2022-09-01","A DIVISION","6","2","peak","2,678","3,301","81.12693123296%"
"2022-09-01","A DIVISION","7","1","offpeak","14,570","18,227","79.93635815%"
"2022-09-01","A DIVISION","7","2","offpeak","3,988","4,666","85.46935276468%"
"2022-09-01","A DIVISION","7","2","peak","2,533","3,059","82.80483818241%"
"2022-09-01","A DIVISION","7","1","peak","11,131","15,154","73.45255378118%"
"2022-09-01","A DIVISION","S 42nd","2","offpeak","844","851","99.17743830787%"
"2022-09-01","A DIVISION","S 42nd","1","offpeak","3,118","3,148","99.04701397713%"
"2022-09-01","A DIVISION","S 42nd","2","peak","489","496","98.58870967742%"
"2022-09-01","A DIVISION","S 42nd","1","peak","2,096","2,121","98.8213107025%"
"2022-09-01","B DIVISION","A","2","offpeak","3,725","5,870","63.45826235094%"
"2022-09-01","B DIVISION","A","1","offpeak","13,590","21,038","64.59739518966%"
"2022-09-01","B DIVISION","A","2","peak","2,025","3,082","65.70408825438%"
"2022-09-01","B DIVISION","A","1","peak","9,355","15,369","60.86928232156%"
"2022-09-01","B DIVISION","B","1","offpeak","6,341","8,777","72.24564201891%"
"2022-09-01","B DIVISION","B","1","peak","5,242","7,934","66.07007814469%"
"2022-09-01","B DIVISION","C","2","offpeak","2,117","3,274","64.66096518021%"
"2022-09-01","B DIVISION","C","1","offpeak","8,046","12,379","64.99717263107%"
"2022-09-01","B DIVISION","C","2","peak","1,228","1,847","66.48619382783%"
"2022-09-01","B DIVISION","C","1","peak","4,794","7,791","61.53253754332%"
"2022-09-01","B DIVISION","D","1","offpeak","8,765","13,750","63.74545454545%"
"2022-09-01","B DIVISION","D","2","offpeak","2,790","4,266","65.40084388186%"
"2022-09-01","B DIVISION","D","2","peak","1,481","2,182","67.87351054079%"
"2022-09-01","B DIVISION","D","1","peak","5,755","9,309","61.82189279192%"
"2022-09-01","B DIVISION","E","2","offpeak","2,219","3,192","69.51754385965%"
"2022-09-01","B DIVISION","E","1","offpeak","11,521","17,681","65.16034160964%"
"2022-09-01","B DIVISION","E","1","peak","7,459","12,465","59.83955074208%"
"2022-09-01","B DIVISION","E","2","peak","1,138","1,582","71.93426042984%"
"2022-09-01","B DIVISION","F","1","offpeak","18,531","28,394","65.26378812425%"
"2022-09-01","B DIVISION","F","2","offpeak","4,017","5,869","68.44436871699%"
"2022-09-01","B DIVISION","F","1","peak","12,354","20,113","61.42296027445%"
"2022-09-01","B DIVISION","F","2","peak","1,901","2,960","64.22297297297%"
"2022-09-01","B DIVISION","G","2","offpeak","2,765","3,108","88.96396396396%"
"2022-09-01","B DIVISION","G","1","offpeak","9,861","12,300","80.17073170732%"
"2022-09-01","B DIVISION","G","1","peak","5,843","7,523","77.66848331783%"
"2022-09-01","B DIVISION","G","2","peak","1,429","1,608","88.86815920398%"
"2022-09-01","B DIVISION","JZ","1","offpeak","8,376","10,732","78.04696235557%"
"2022-09-01","B DIVISION","JZ","2","offpeak","2,432","3,279","74.16895394937%"
"2022-09-01","B DIVISION","JZ","1","peak","5,762","7,809","73.78665642208%"
"2022-09-01","B DIVISION","JZ","2","peak","1,190","1,786","66.62933930571%"
"2022-09-01","B DIVISION","L","2","offpeak","6,946","8,988","77.2808188696%"
"2022-09-01","B DIVISION","L","1","offpeak","18,894","24,988","75.61229390107%"
"2022-09-01","B DIVISION","L","2","peak","3,689","4,602","80.16079965233%"
"2022-09-01","B DIVISION","L","1","peak","11,336","15,266","74.25651775187%"
"2022-09-01","B DIVISION","M","2","offpeak","1,609","1,887","85.26762056174%"
"2022-09-01","B DIVISION","M","1","offpeak","10,117","14,155","71.47297774638%"
"2022-09-01","B DIVISION","M","2","peak","825","1,005","82.08955223881%"
"2022-09-01","B DIVISION","M","1","peak","6,952","11,019","63.09102459388%"
"2022-09-01","B DIVISION","N","2","offpeak","3,364","5,606","60.00713521227%"
"2022-09-01","B DIVISION","N","1","offpeak","11,423","16,571","68.93367931929%"
"2022-09-01","B DIVISION","N","2","peak","1,736","2,853","60.8482299334%"
"2022-09-01","B DIVISION","N","1","peak","7,176","10,913","65.75643727664%"
"2022-09-01","B DIVISION","Q","1","offpeak","9,490","14,028","67.6504134588%"
"2022-09-01","B DIVISION","Q","2","offpeak","2,842","4,132","68.78025169409%"
"2022-09-01","B DIVISION","Q","2","peak","1,568","2,141","73.2368052312%"
"2022-09-01","B DIVISION","Q","1","peak","5,632","8,347","67.47334371631%"
"2022-09-01","B DIVISION","R","2","offpeak","4,508","6,216","72.52252252252%"
"2022-09-01","B DIVISION","R","1","offpeak","14,041","20,114","69.80709953266%"
"2022-09-01","B DIVISION","R","1","peak","8,801","14,055","62.61828530772%"
"2022-09-01","B DIVISION","R","2","peak","2,401","3,302","72.71350696548%"
"2022-09-01","B DIVISION","S Fkln","2","offpeak","875","887","98.64712514092%"
"2022-09-01","B DIVISION","S Fkln","1","offpeak","2,344","2,372","98.81956155143%"
"2022-09-01","B DIVISION","S Fkln","1","peak","1,429","1,457","98.078242965%"
"2022-09-01","B DIVISION","S Fkln","2","peak","488","488","100%"
"2022-09-01","B DIVISION","S Rock","1","offpeak","1,588","1,827","86.91844553914%"
"2022-09-01","B DIVISION","S Rock","2","offpeak","259","303","85.47854785479%"
"2022-09-01","B DIVISION","S Rock","1","peak","767","871","88.05970149254%"
"2022-09-01","B DIVISION","S Rock","2","peak","139","164","84.75609756098%"
"2022-09-01","B DIVISION","W","1","offpeak","6,314","8,406","75.11301451344%"
"2022-09-01","B DIVISION","W","1","peak","4,234","6,056","69.9141347424%"
"2022-10-01","A DIVISION","1","2","offpeak","6,430","8,319","77.29294386345%"
"2022-10-01","A DIVISION","1","1","offpeak","20,332","26,113","77.86160150117%"
"2022-10-01","A DIVISION","1","2","peak","3,131","4,061","77.09923664122%"
"2022-10-01","A DIVISION","1","1","peak","12,153","17,073","71.18256896855%"
"2022-10-01","A DIVISION","2","2","offpeak","5,857","8,593","68.16013033865%"
"2022-10-01","A DIVISION","2","1","offpeak","19,615","28,086","69.8390657267%"
"2022-10-01","A DIVISION","2","1","peak","11,732","18,415","63.70893293511%"
"2022-10-01","A DIVISION","2","2","peak","2,988","4,509","66.26746506986%"
"2022-10-01","A DIVISION","3","2","offpeak","4,515","5,353","84.34522697553%"
"2022-10-01","A DIVISION","3","1","offpeak","15,246","20,987","72.64497069615%"
"2022-10-01","A DIVISION","3","2","peak","2,332","2,696","86.49851632047%"
"2022-10-01","A DIVISION","3","1","peak","10,251","14,994","68.36734693878%"
"2022-10-01","A DIVISION","4","1","offpeak","23,199","31,090","74.61884850434%"
"2022-10-01","A DIVISION","4","2","offpeak","8,574","11,772","72.83384301733%"
"2022-10-01","A DIVISION","4","2","peak","4,474","6,376","70.16938519448%"
"2022-10-01","A DIVISION","4","1","peak","15,468","23,037","67.14415939575%"
"2022-10-01","A DIVISION","5","1","offpeak","15,992","23,105","69.21445574551%"
"2022-10-01","A DIVISION","5","2","offpeak","3,755","4,809","78.08276148888%"
"2022-10-01","A DIVISION","5","2","peak","2,129","2,607","81.66474875336%"
"2022-10-01","A DIVISION","5","1","peak","12,334","19,039","64.78281422344%"
"2022-10-01","A DIVISION","6","1","offpeak","22,278","29,755","74.87145017644%"
"2022-10-01","A DIVISION","6","2","offpeak","6,210","7,863","78.97748950782%"
"2022-10-01","A DIVISION","6","2","peak","3,316","4,131","80.271120794%"
"2022-10-01","A DIVISION","6","1","peak","14,116","19,992","70.60824329732%"
"2022-10-01","A DIVISION","7","2","offpeak","4,635","6,183","74.96360989811%"
"2022-10-01","A DIVISION","7","1","offpeak","15,208","19,362","78.54560479289%"
"2022-10-01","A DIVISION","7","1","peak","11,618","16,201","71.71162273934%"
"2022-10-01","A DIVISION","7","2","peak","2,754","3,990","69.02255639098%"
"2022-10-01","A DIVISION","S 42nd","2","offpeak","1,043","1,063","98.11853245532%"
"2022-10-01","A DIVISION","S 42nd","1","offpeak","3,079","3,142","97.9949077021%"
"2022-10-01","A DIVISION","S 42nd","1","peak","2,062","2,121","97.2182932579%"
"2022-10-01","A DIVISION","S 42nd","2","peak","615","620","99.1935483871%"
"2022-10-01","B DIVISION","A","2","offpeak","4,722","7,473","63.18747490967%"
"2022-10-01","B DIVISION","A","1","offpeak","13,531","21,174","63.90384433739%"
"2022-10-01","B DIVISION","A","2","peak","2,310","3,883","59.49008498584%"
"2022-10-01","B DIVISION","A","1","peak","9,556","15,535","61.51271322819%"
"2022-10-01","B DIVISION","B","1","offpeak","5,981","8,916","67.08165096456%"
"2022-10-01","B DIVISION","B","1","peak","5,032","8,038","62.60263747201%"
"2022-10-01","B DIVISION","C","1","offpeak","8,274","12,402","66.71504596033%"
"2022-10-01","B DIVISION","C","2","offpeak","2,361","4,202","56.18752974774%"
"2022-10-01","B DIVISION","C","1","peak","4,922","7,808","63.03790983607%"
"2022-10-01","B DIVISION","C","2","peak","1,297","2,348","55.23850085179%"
"2022-10-01","B DIVISION","D","2","offpeak","3,500","5,610","62.38859180036%"
"2022-10-01","B DIVISION","D","1","offpeak","9,781","14,364","68.09384572542%"
"2022-10-01","B DIVISION","D","1","peak","5,924","9,312","63.61683848797%"
"2022-10-01","B DIVISION","D","2","peak","1,759","2,850","61.71929824561%"
"2022-10-01","B DIVISION","E","1","offpeak","12,385","17,799","69.58256081802%"
"2022-10-01","B DIVISION","E","2","offpeak","3,022","4,029","75.00620501365%"
"2022-10-01","B DIVISION","E","1","peak","8,144","12,542","64.93382235688%"
"2022-10-01","B DIVISION","E","2","peak","1,414","1,955","72.3273657289%"
"2022-10-01","B DIVISION","F","1","offpeak","18,607","28,949","64.27510449411%"
"2022-10-01","B DIVISION","F","2","offpeak","4,505","6,830","65.95900439239%"
"2022-10-01","B DIVISION","F","1","peak","12,684","20,108","63.07937139447%"
"2022-10-01","B DIVISION","F","2","peak","2,084","3,360","62.02380952381%"
"2022-10-01","B DIVISION","G","2","offpeak","3,724","4,625","80.51891891892%"
"2022-10-01","B DIVISION","G","1","offpeak","10,485","12,497","83.90013603265%"
"2022-10-01","B DIVISION","G","2","peak","1,956","2,394","81.70426065163%"
"2022-10-01","B DIVISION","G","1","peak","6,128","7,580","80.84432717678%"
"2022-10-01","B DIVISION","JZ","2","offpeak","3,613","4,429","81.5759765184%"
"2022-10-01","B DIVISION","JZ","1","offpeak","9,369","11,478","81.62571876634%"
"2022-10-01","B DIVISION","JZ","1","peak","6,278","8,262","75.9864439603%"
"2022-10-01","B DIVISION","JZ","2","peak","1,836","2,391","76.78795483061%"
"2022-10-01","B DIVISION","L","2","offpeak","7,473","9,680","77.20041322314%"
"2022-10-01","B DIVISION","L","1","offpeak","19,622","25,070","78.26884722776%"
"2022-10-01","B DIVISION","L","2","peak","3,990","4,964","80.3787268332%"
"2022-10-01","B DIVISION","L","1","peak","11,552","15,260","75.70117955439%"
"2022-10-01","B DIVISION","M","2","offpeak","1,746","2,144","81.43656716418%"
"2022-10-01","B DIVISION","M","1","offpeak","10,194","14,188","71.84945023964%"
"2022-10-01","B DIVISION","M","1","peak","7,178","10,946","65.57646628906%"
"2022-10-01","B DIVISION","M","2","peak","850","1,147","74.10636442895%"
"2022-10-01","B DIVISION","N","2","offpeak","3,474","5,904","58.84146341463%"
"2022-10-01","B DIVISION","N","1","offpeak","11,781","16,848","69.92521367521%"
"2022-10-01","B DIVISION","N","1","peak","7,286","11,018","66.12815392993%"
"2022-10-01","B DIVISION","N","2","peak","1,908","2,939","64.92004083021%"
"2022-10-01","B DIVISION","Q","2","offpeak","3,394","5,165","65.71151984511%"
"2022-10-01","B DIVISION","Q","1","offpeak","8,973","13,849","64.79168170987%"
"2022-10-01","B DIVISION","Q","2","peak","1,696","2,629","64.51122099658%"
"2022-10-01","B DIVISION","Q","1","peak","5,419","8,316","65.16354016354%"
"2022-10-01","B DIVISION","R","2","offpeak","3,569","5,405","66.03145235893%"
"2022-10-01","B DIVISION","R","1","offpeak","13,968","20,257","68.95394184726%"
"2022-10-01","B DIVISION","R","1","peak","9,088","14,026","64.79395408527%"
"2022-10-01","B DIVISION","R","2","peak","1,809","2,742","65.97374179431%"
"2022-10-01","B DIVISION","S Fkln","2","offpeak","1,065","1,101","96.73024523161%"
"2022-10-01","B DIVISION","S Fkln","1","offpeak","2,345","2,400","97.70833333333%"
"2022-10-01","B DIVISION","S Fkln","2","peak","601","608","98.84868421053%"
"2022-10-01","B DIVISION","S Fkln","1","peak","1,440","1,449","99.37888198758%"
"2022-10-01","B DIVISION","S Rock","1","offpeak","1,520","1,751","86.8075385494%"
"2022-10-01","B DIVISION","S Rock","2","offpeak","518","593","87.35244519393%"
"2022-10-01","B DIVISION","S Rock","1","peak","744","868","85.71428571429%"
"2022-10-01","B DIVISION","S Rock","2","peak","295","327","90.21406727829%"
"2022-10-01","B DIVISION","W","1","offpeak","5,355","7,628","70.20188778186%"
"2022-10-01","B DIVISION","W","1","peak","4,167","6,025","69.16182572614%"
"2022-11-01","A DIVISION","1","2","offpeak","4,722","5,936","79.54851752022%"
"2022-11-01","A DIVISION","1","1","offpeak","20,315","26,321","77.18171801983%"
"2022-11-01","A DIVISION","1","2","peak","2,363","2,891","81.73642338291%"
"2022-11-01","A DIVISION","1","1","peak","12,593","17,073","73.75973759738%"
"2022-11-01","A DIVISION","2","2","offpeak","4,807","7,043","68.25216527048%"
"2022-11-01","A DIVISION","2","1","offpeak","20,276","28,961","70.01139463416%"
"2022-11-01","A DIVISION","2","2","peak","2,396","3,583","66.87133686855%"
"2022-11-01","A DIVISION","2","1","peak","12,560","18,438","68.12018657121%"
"2022-11-01","A DIVISION","3","2","offpeak","4,049","5,272","76.80197268589%"
"2022-11-01","A DIVISION","3","1","offpeak","17,163","22,729","75.51146112895%"
"2022-11-01","A DIVISION","3","1","peak","10,783","14,994","71.9154328398%"
"2022-11-01","A DIVISION","3","2","peak","2,082","2,661","78.2412626832%"
"2022-11-01","A DIVISION","4","1","offpeak","24,464","31,526","77.59944173064%"
"2022-11-01","A DIVISION","4","2","offpeak","5,901","8,374","70.46811559589%"
"2022-11-01","A DIVISION","4","1","peak","15,261","23,037","66.24560489647%"
"2022-11-01","A DIVISION","4","2","peak","3,392","4,535","74.796030871%"
"2022-11-01","A DIVISION","5","2","offpeak","2,580","3,426","75.30647985989%"
"2022-11-01","A DIVISION","5","1","offpeak","17,124","23,715","72.20746363061%"
"2022-11-01","A DIVISION","5","1","peak","12,887","19,634","65.63614138739%"
"2022-11-01","A DIVISION","5","2","peak","1,494","1,845","80.9756097561%"
"2022-11-01","A DIVISION","6","1","offpeak","23,935","30,186","79.29172464056%"
"2022-11-01","A DIVISION","6","2","offpeak","4,837","5,607","86.26716604245%"
"2022-11-01","A DIVISION","6","2","peak","2,505","2,922","85.72895277207%"
"2022-11-01","A DIVISION","6","1","peak","14,380","20,012","71.85688586848%"
"2022-11-01","A DIVISION","7","2","offpeak","2,943","3,326","88.48466626578%"
"2022-11-01","A DIVISION","7","1","offpeak","15,799","19,564","80.7554692292%"
"2022-11-01","A DIVISION","7","2","peak","1,687","2,022","83.43224530168%"
"2022-11-01","A DIVISION","7","1","peak","11,941","16,027","74.50552193174%"
"2022-11-01","A DIVISION","S 42nd","1","offpeak","3,098","3,140","98.66242038217%"
"2022-11-01","A DIVISION","S 42nd","2","offpeak","674","749","89.98664886515%"
"2022-11-01","A DIVISION","S 42nd","1","peak","2,075","2,121","97.8312116926%"
"2022-11-01","A DIVISION","S 42nd","2","peak","421","442","95.24886877828%"
"2022-11-01","B DIVISION","A","2","offpeak","3,216","4,857","66.213712168%"
"2022-11-01","B DIVISION","A","1","offpeak","13,312","20,306","65.55697823303%"
"2022-11-01","B DIVISION","A","1","peak","9,114","14,923","61.0735106882%"
"2022-11-01","B DIVISION","A","2","peak","1,715","2,530","67.78656126482%"
"2022-11-01","B DIVISION","B","1","offpeak","5,967","8,761","68.10866339459%"
"2022-11-01","B DIVISION","B","1","peak","4,967","7,926","62.66717133485%"
"2022-11-01","B DIVISION","C","2","offpeak","2,090","3,003","69.59706959707%"
"2022-11-01","B DIVISION","C","1","offpeak","8,213","11,880","69.132996633%"
"2022-11-01","B DIVISION","C","1","peak","4,950","7,492","66.07047517352%"
"2022-11-01","B DIVISION","C","2","peak","1,071","1,723","62.15902495647%"
"2022-11-01","B DIVISION","D","2","offpeak","2,386","3,668","65.04907306434%"
"2022-11-01","B DIVISION","D","1","offpeak","9,644","14,551","66.27723180537%"
"2022-11-01","B DIVISION","D","2","peak","1,298","1,883","68.93255443441%"
"2022-11-01","B DIVISION","D","1","peak","5,811","9,237","62.91003572589%"
"2022-11-01","B DIVISION","E","2","offpeak","2,265","3,094","73.20620555915%"
"2022-11-01","B DIVISION","E","1","offpeak","12,261","17,748","69.08384043272%"
"2022-11-01","B DIVISION","E","1","peak","8,029","12,472","64.37620269403%"
"2022-11-01","B DIVISION","E","2","peak","1,174","1,529","76.78221059516%"
"2022-11-01","B DIVISION","F","1","offpeak","20,107","29,916","67.21152560503%"
"2022-11-01","B DIVISION","F","2","offpeak","3,628","5,066","71.61468614291%"
"2022-11-01","B DIVISION","F","2","peak","1,707","2,503","68.19816220535%"
"2022-11-01","B DIVISION","F","1","peak","13,260","20,320","65.25590551181%"
"2022-11-01","B DIVISION","G","2","offpeak","3,109","3,521","88.29877875604%"
"2022-11-01","B DIVISION","G","1","offpeak","10,624","12,444","85.37447765992%"
"2022-11-01","B DIVISION","G","1","peak","6,169","7,587","81.31013575853%"
"2022-11-01","B DIVISION","G","2","peak","1,659","1,846","89.86998916576%"
"2022-11-01","B DIVISION","JZ","1","offpeak","9,278","11,500","80.67826086957%"
"2022-11-01","B DIVISION","JZ","2","offpeak","2,465","3,025","81.48760330579%"
"2022-11-01","B DIVISION","JZ","2","peak","1,291","1,645","78.48024316109%"
"2022-11-01","B DIVISION","JZ","1","peak","6,268","8,253","75.94814007028%"
"2022-11-01","B DIVISION","L","1","offpeak","18,008","22,826","78.89249101901%"
"2022-11-01","B DIVISION","L","2","offpeak","5,372","6,602","81.36928203575%"
"2022-11-01","B DIVISION","L","2","peak","2,724","3,396","80.21201413428%"
"2022-11-01","B DIVISION","L","1","peak","11,340","15,214","74.53661101617%"
"2022-11-01","B DIVISION","M","2","offpeak","1,247","1,439","86.6574009729%"
"2022-11-01","B DIVISION","M","1","offpeak","10,304","14,372","71.69496242694%"
"2022-11-01","B DIVISION","M","1","peak","7,277","10,987","66.23282060617%"
"2022-11-01","B DIVISION","M","2","peak","663","765","86.66666666667%"
"2022-11-01","B DIVISION","N","2","offpeak","3,237","4,909","65.94011000204%"
"2022-11-01","B DIVISION","N","1","offpeak","11,967","16,750","71.4447761194%"
"2022-11-01","B DIVISION","N","1","peak","7,229","10,916","66.22389153536%"
"2022-11-01","B DIVISION","N","2","peak","1,626","2,480","65.56451612903%"
"2022-11-01","B DIVISION","Q","1","offpeak","8,901","13,739","64.78637455419%"
"2022-11-01","B DIVISION","Q","2","offpeak","2,743","4,091","67.04962111953%"
"2022-11-01","B DIVISION","Q","1","peak","5,222","8,277","63.09049172405%"
"2022-11-01","B DIVISION","Q","2","peak","1,436","2,121","67.70391324847%"
"2022-11-01","B DIVISION","R","1","offpeak","14,325","20,243","70.76520278615%"
"2022-11-01","B DIVISION","R","2","offpeak","3,789","5,371","70.54552224912%"
"2022-11-01","B DIVISION","R","2","peak","2,012","2,831","71.07029318262%"
"2022-11-01","B DIVISION","R","1","peak","8,749","13,957","62.6853908433%"
"2022-11-01","B DIVISION","S Fkln","1","offpeak","2,182","2,239","97.45422063421%"
"2022-11-01","B DIVISION","S Fkln","2","offpeak","756","777","97.2972972973%"
"2022-11-01","B DIVISION","S Fkln","2","peak","394","413","95.3995157385%"
"2022-11-01","B DIVISION","S Fkln","1","peak","1,310","1,360","96.32352941176%"
"2022-11-01","B DIVISION","S Rock","2","offpeak","492","534","92.13483146067%"
"2022-11-01","B DIVISION","S Rock","1","offpeak","1,622","1,832","88.53711790393%"
"2022-11-01","B DIVISION","S Rock","1","peak","793","886","89.50338600451%"
"2022-11-01","B DIVISION","S Rock","2","peak","262","293","89.41979522184%"
"2022-11-01","B DIVISION","W","1","offpeak","7,032","9,146","76.8860704133%"
"2022-11-01","B DIVISION","W","1","peak","4,260","6,065","70.23907666941%"
"2022-12-01","A DIVISION","1","2","offpeak","5,246","6,879","76.26108445995%"
"2022-12-01","A DIVISION","1","1","offpeak","19,520","25,905","75.35224860066%"
"2022-12-01","A DIVISION","1","1","peak","12,164","17,073","71.24699818427%"
"2022-12-01","A DIVISION","1","2","peak","2,570","3,349","76.73932517169%"
"2022-12-01","A DIVISION","2","1","offpeak","19,995","28,749","69.55024522592%"
"2022-12-01","A DIVISION","2","2","offpeak","6,574","9,505","69.16359810626%"
"2022-12-01","A DIVISION","2","1","peak","12,087","18,438","65.55483241132%"
"2022-12-01","A DIVISION","2","2","peak","3,486","5,076","68.67612293144%"
"2022-12-01","A DIVISION","3","2","offpeak","4,814","5,883","81.82899881013%"
"2022-12-01","A DIVISION","3","1","offpeak","16,006","21,999","72.75785262966%"
"2022-12-01","A DIVISION","3","1","peak","10,336","14,994","68.93424036281%"
"2022-12-01","A DIVISION","3","2","peak","2,471","2,975","83.05882352941%"
"2022-12-01","A DIVISION","4","1","offpeak","23,840","31,496","75.6921513843%"
"2022-12-01","A DIVISION","4","2","offpeak","7,071","9,599","73.66392332535%"
"2022-12-01","A DIVISION","4","2","peak","3,960","5,244","75.51487414188%"
"2022-12-01","A DIVISION","4","1","peak","15,115","22,695","66.6005728134%"
"2022-12-01","A DIVISION","5","1","offpeak","16,840","23,796","70.76819633552%"
"2022-12-01","A DIVISION","5","2","offpeak","2,366","2,979","79.42262504196%"
"2022-12-01","A DIVISION","5","1","peak","12,739","19,630","64.89556800815%"
"2022-12-01","A DIVISION","5","2","peak","1,325","1,610","82.29813664596%"
"2022-12-01","A DIVISION","6","2","offpeak","4,473","6,474","69.09175162187%"
"2022-12-01","A DIVISION","6","1","offpeak","22,761","29,913","76.09066292248%"
"2022-12-01","A DIVISION","6","2","peak","2,319","3,359","69.03840428699%"
"2022-12-01","A DIVISION","6","1","peak","13,653","19,997","68.27524128619%"
"2022-12-01","A DIVISION","7","2","offpeak","4,320","5,412","79.82261640798%"
"2022-12-01","A DIVISION","7","1","offpeak","15,715","19,673","79.88105525339%"
"2022-12-01","A DIVISION","7","1","peak","11,766","16,088","73.1352560915%"
"2022-12-01","A DIVISION","7","2","peak","2,797","3,513","79.61855963564%"
"2022-12-01","A DIVISION","S 42nd","1","offpeak","3,094","3,150","98.22222222222%"
"2022-12-01","A DIVISION","S 42nd","2","offpeak","869","888","97.86036036036%"
"2022-12-01","A DIVISION","S 42nd","2","peak","502","512","98.046875%"
"2022-12-01","A DIVISION","S 42nd","1","peak","2,084","2,121","98.2555398397%"
"2022-12-01","B DIVISION","A","2","offpeak","3,848","5,700","67.50877192982%"
"2022-12-01","B DIVISION","A","1","offpeak","12,773","19,791","64.53943711788%"
"2022-12-01","B DIVISION","A","1","peak","9,051","14,461","62.58903257036%"
"2022-12-01","B DIVISION","A","2","peak","1,983","2,995","66.21035058431%"
"2022-12-01","B DIVISION","B","1","offpeak","6,569","9,130","71.94961664841%"
"2022-12-01","B DIVISION","B","1","peak","5,236","8,051","65.03539932928%"
"2022-12-01","B DIVISION","C","1","offpeak","8,239","12,323","66.85871946766%"
"2022-12-01","B DIVISION","C","2","offpeak","2,772","3,956","70.07077856421%"
"2022-12-01","B DIVISION","C","2","peak","1,543","2,198","70.20018198362%"
"2022-12-01","B DIVISION","C","1","peak","5,002","7,759","64.46707049878%"
"2022-12-01","B DIVISION","D","1","offpeak","9,989","14,564","68.5869266685%"
"2022-12-01","B DIVISION","D","2","offpeak","3,014","4,208","71.62547528517%"
"2022-12-01","B DIVISION","D","1","peak","6,010","9,242","65.02921445575%"
"2022-12-01","B DIVISION","D","2","peak","1,469","2,137","68.74122601778%"
"2022-12-01","B DIVISION","E","2","offpeak","2,415","3,048","79.23228346457%"
"2022-12-01","B DIVISION","E","1","offpeak","11,221","16,072","69.81707317073%"
"2022-12-01","B DIVISION","E","2","peak","1,216","1,518","80.10540184453%"
"2022-12-01","B DIVISION","E","1","peak","7,453","11,303","65.93824648323%"
"2022-12-01","B DIVISION","F","2","offpeak","4,334","5,855","74.02220324509%"
"2022-12-01","B DIVISION","F","1","offpeak","19,299","29,721","64.93388513173%"
"2022-12-01","B DIVISION","F","2","peak","2,155","2,893","74.49014863464%"
"2022-12-01","B DIVISION","F","1","peak","12,812","20,206","63.40690883896%"
"2022-12-01","B DIVISION","G","2","offpeak","3,244","3,668","88.44056706652%"
"2022-12-01","B DIVISION","G","1","offpeak","10,337","12,359","83.63945303018%"
"2022-12-01","B DIVISION","G","1","peak","6,164","7,536","81.7940552017%"
"2022-12-01","B DIVISION","G","2","peak","1,592","1,906","83.52570828961%"
"2022-12-01","B DIVISION","JZ","1","offpeak","8,945","11,508","77.72853667014%"
"2022-12-01","B DIVISION","JZ","2","offpeak","2,780","3,547","78.37609247251%"
"2022-12-01","B DIVISION","JZ","1","peak","6,037","8,241","73.25567285524%"
"2022-12-01","B DIVISION","JZ","2","peak","1,487","1,927","77.16658017644%"
"2022-12-01","B DIVISION","L","2","offpeak","6,942","9,100","76.28571428571%"
"2022-12-01","B DIVISION","L","1","offpeak","18,527","24,272","76.33075148319%"
"2022-12-01","B DIVISION","L","1","peak","11,271","15,258","73.86944553677%"
"2022-12-01","B DIVISION","L","2","peak","3,682","4,687","78.5577128227%"
"2022-12-01","B DIVISION","M","2","offpeak","1,271","1,674","75.92592592593%"
"2022-12-01","B DIVISION","M","1","offpeak","9,337","13,005","71.79546328335%"
"2022-12-01","B DIVISION","M","1","peak","6,568","9,732","67.48869708179%"
"2022-12-01","B DIVISION","M","2","peak","688","904","76.10619469027%"
"2022-12-01","B DIVISION","N","1","offpeak","11,834","16,949","69.82122839106%"
"2022-12-01","B DIVISION","N","2","offpeak","3,893","5,609","69.40631128543%"
"2022-12-01","B DIVISION","N","2","peak","1,814","2,856","63.51540616246%"
"2022-12-01","B DIVISION","N","1","peak","7,081","10,961","64.6017699115%"
"2022-12-01","B DIVISION","Q","2","offpeak","3,074","4,373","70.29499199634%"
"2022-12-01","B DIVISION","Q","1","offpeak","9,069","13,919","65.15554278325%"
"2022-12-01","B DIVISION","Q","1","peak","5,325","8,326","63.95628152774%"
"2022-12-01","B DIVISION","Q","2","peak","1,523","2,236","68.11270125224%"
"2022-12-01","B DIVISION","R","1","offpeak","13,696","20,109","68.10880700184%"
"2022-12-01","B DIVISION","R","2","offpeak","4,321","6,016","71.82513297872%"
"2022-12-01","B DIVISION","R","1","peak","8,927","14,053","63.52380274674%"
"2022-12-01","B DIVISION","R","2","peak","2,321","3,182","72.94154619736%"
"2022-12-01","B DIVISION","S Fkln","2","offpeak","880","904","97.34513274336%"
"2022-12-01","B DIVISION","S Fkln","1","offpeak","2,542","2,589","98.18462726922%"
"2022-12-01","B DIVISION","S Fkln","1","peak","1,450","1,476","98.23848238482%"
"2022-12-01","B DIVISION","S Fkln","2","peak","489","502","97.41035856574%"
"2022-12-01","B DIVISION","S Rock","1","offpeak","1,630","1,829","89.11973756151%"
"2022-12-01","B DIVISION","S Rock","2","offpeak","541","596","90.77181208054%"
"2022-12-01","B DIVISION","S Rock","1","peak","787","880","89.43181818182%"
"2022-12-01","B DIVISION","S Rock","2","peak","293","330","88.78787878788%"
"2022-12-01","B DIVISION","W","1","offpeak","6,568","8,939","73.47578028862%"
"2022-12-01","B DIVISION","W","1","peak","4,240","6,022","70.40850215875%"
"2023-01-01","A DIVISION","1","2","offpeak","6,327","7,514","84.20282140005%"
"2023-01-01","A DIVISION","1","1","offpeak","21,324","26,180","81.45148968678%"
"2023-01-01","A DIVISION","1","2","peak","3,160","3,627","87.12434518886%"
"2023-01-01","A DIVISION","1","1","peak","12,874","17,073","75.40561119897%"
"2023-01-01","A DIVISION","2","1","offpeak","21,069","28,897","72.91068276984%"
"2023-01-01","A DIVISION","2","2","offpeak","7,460","10,527","70.86539374941%"
"2023-01-01","A DIVISION","2","1","peak","12,644","18,437","68.57948690134%"
"2023-01-01","A DIVISION","2","2","peak","4,069","5,495","74.0491355778%"
"2023-01-01","A DIVISION","3","1","offpeak","17,731","22,693","78.13422641343%"
"2023-01-01","A DIVISION","3","2","offpeak","4,766","5,447","87.4977051588%"
"2023-01-01","A DIVISION","3","1","peak","10,850","14,994","72.36227824463%"
"2023-01-01","A DIVISION","3","2","peak","2,425","2,745","88.34244080146%"
"2023-01-01","A DIVISION","4","1","offpeak","23,524","31,479","74.72918453572%"
"2023-01-01","A DIVISION","4","2","offpeak","7,922","9,847","80.45089875089%"
"2023-01-01","A DIVISION","4","2","peak","4,156","5,231","79.44943605429%"
"2023-01-01","A DIVISION","4","1","peak","15,517","22,638","68.54404099302%"
"2023-01-01","A DIVISION","5","1","offpeak","17,540","23,956","73.21756553682%"
"2023-01-01","A DIVISION","5","2","offpeak","3,554","4,282","82.99859878561%"
"2023-01-01","A DIVISION","5","2","peak","1,991","2,256","88.25354609929%"
"2023-01-01","A DIVISION","5","1","peak","13,685","19,635","69.69696969697%"
"2023-01-01","A DIVISION","6","2","offpeak","6,132","7,071","86.72040729741%"
"2023-01-01","A DIVISION","6","1","offpeak","23,722","30,011","79.04435040485%"
"2023-01-01","A DIVISION","6","1","peak","15,069","20,001","75.34123293835%"
"2023-01-01","A DIVISION","6","2","peak","3,260","3,688","88.39479392625%"
"2023-01-01","A DIVISION","7","2","offpeak","4,468","5,220","85.5938697318%"
"2023-01-01","A DIVISION","7","1","offpeak","15,774","19,638","80.3238619004%"
"2023-01-01","A DIVISION","7","2","peak","2,717","3,157","86.06271777003%"
"2023-01-01","A DIVISION","7","1","peak","12,117","16,189","74.84711841374%"
"2023-01-01","A DIVISION","S 42nd","2","offpeak","949","953","99.58027282267%"
"2023-01-01","A DIVISION","S 42nd","1","offpeak","3,094","3,148","98.28462515883%"
"2023-01-01","A DIVISION","S 42nd","1","peak","2,089","2,121","98.4912776992%"
"2023-01-01","A DIVISION","S 42nd","2","peak","547","550","99.45454545455%"
"2023-01-01","B DIVISION","A","2","offpeak","4,334","5,804","74.67263955892%"
"2023-01-01","B DIVISION","A","1","offpeak","13,417","19,554","68.61511711159%"
"2023-01-01","B DIVISION","A","2","peak","2,349","3,038","77.32060566162%"
"2023-01-01","B DIVISION","A","1","peak","9,450","14,454","65.3798256538%"
"2023-01-01","B DIVISION","B","1","offpeak","7,105","9,175","77.43869209809%"
"2023-01-01","B DIVISION","B","1","peak","5,710","8,110","70.40690505549%"
"2023-01-01","B DIVISION","C","1","offpeak","8,621","12,332","69.90755757379%"
"2023-01-01","B DIVISION","C","2","offpeak","3,256","4,325","75.28323699422%"
"2023-01-01","B DIVISION","C","2","peak","1,917","2,437","78.66228970045%"
"2023-01-01","B DIVISION","C","1","peak","5,454","7,769","70.20208521045%"
"2023-01-01","B DIVISION","D","2","offpeak","3,774","4,973","75.88980494671%"
"2023-01-01","B DIVISION","D","1","offpeak","10,428","14,648","71.19060622611%"
"2023-01-01","B DIVISION","D","1","peak","6,280","9,377","66.97237922577%"
"2023-01-01","B DIVISION","D","2","peak","1,998","2,541","78.63046044864%"
"2023-01-01","B DIVISION","E","1","offpeak","12,635","17,862","70.73675960139%"
"2023-01-01","B DIVISION","E","2","offpeak","2,972","3,955","75.14538558786%"
"2023-01-01","B DIVISION","E","2","peak","1,517","1,960","77.39795918367%"
"2023-01-01","B DIVISION","E","1","peak","8,818","12,594","70.01746863586%"
"2023-01-01","B DIVISION","F","2","offpeak","5,025","6,903","72.79443720122%"
"2023-01-01","B DIVISION","F","1","offpeak","20,331","29,504","68.90930043384%"
"2023-01-01","B DIVISION","F","2","peak","2,544","3,452","73.69640787949%"
"2023-01-01","B DIVISION","F","1","peak","13,867","20,204","68.63492377747%"
"2023-01-01","B DIVISION","G","1","offpeak","10,604","12,428","85.32346314773%"
"2023-01-01","B DIVISION","G","2","offpeak","3,538","4,028","87.83515392254%"
"2023-01-01","B DIVISION","G","2","peak","1,858","2,062","90.10669253152%"
"2023-01-01","B DIVISION","G","1","peak","6,268","7,604","82.43029984219%"
"2023-01-01","B DIVISION","JZ","1","offpeak","9,752","11,455","85.13312963771%"
"2023-01-01","B DIVISION","JZ","2","offpeak","3,184","3,832","83.08977035491%"
"2023-01-01","B DIVISION","JZ","2","peak","1,730","2,060","83.98058252427%"
"2023-01-01","B DIVISION","JZ","1","peak","6,661","8,262","80.62212539337%"
"2023-01-01","B DIVISION","L","2","offpeak","5,067","5,768","87.846740638%"
"2023-01-01","B DIVISION","L","1","offpeak","19,725","25,087","78.62638019691%"
"2023-01-01","B DIVISION","L","1","peak","11,261","15,267","73.76039824458%"
"2023-01-01","B DIVISION","L","2","peak","2,494","2,808","88.81766381766%"
"2023-01-01","B DIVISION","M","2","offpeak","1,778","2,108","84.34535104364%"
"2023-01-01","B DIVISION","M","1","offpeak","11,162","14,421","77.40101241245%"
"2023-01-01","B DIVISION","M","1","peak","7,800","11,009","70.85112180943%"
"2023-01-01","B DIVISION","M","2","peak","880","1,071","82.16619981326%"
"2023-01-01","B DIVISION","N","2","offpeak","4,695","6,067","77.38585791989%"
"2023-01-01","B DIVISION","N","1","offpeak","13,039","16,957","76.8944978475%"
"2023-01-01","B DIVISION","N","1","peak","7,759","11,024","70.3828011611%"
"2023-01-01","B DIVISION","N","2","peak","2,349","3,099","75.7986447241%"
"2023-01-01","B DIVISION","Q","2","offpeak","3,906","5,267","74.15986329979%"
"2023-01-01","B DIVISION","Q","1","offpeak","10,664","14,218","75.00351666901%"
"2023-01-01","B DIVISION","Q","1","peak","6,100","8,338","73.15903094267%"
"2023-01-01","B DIVISION","Q","2","peak","2,172","2,741","79.24115286392%"
"2023-01-01","B DIVISION","R","2","offpeak","5,468","6,961","78.55193219365%"
"2023-01-01","B DIVISION","R","1","offpeak","15,274","20,199","75.61760483192%"
"2023-01-01","B DIVISION","R","1","peak","9,782","14,089","69.43005181347%"
"2023-01-01","B DIVISION","R","2","peak","3,032","3,661","82.81890193936%"
"2023-01-01","B DIVISION","S Fkln","2","offpeak","842","856","98.36448598131%"
"2023-01-01","B DIVISION","S Fkln","1","offpeak","2,440","2,516","96.97933227345%"
"2023-01-01","B DIVISION","S Fkln","1","peak","1,493","1,510","98.87417218543%"
"2023-01-01","B DIVISION","S Fkln","2","peak","432","437","98.85583524027%"
"2023-01-01","B DIVISION","S Rock","2","offpeak","615","654","94.03669724771%"
"2023-01-01","B DIVISION","S Rock","1","offpeak","1,645","1,833","89.74358974359%"
"2023-01-01","B DIVISION","S Rock","2","peak","339","353","96.03399433428%"
"2023-01-01","B DIVISION","S Rock","1","peak","784","893","87.79395296753%"
"2023-01-01","B DIVISION","W","1","offpeak","7,229","9,135","79.13519430761%"
"2023-01-01","B DIVISION","W","1","peak","4,640","6,091","76.17796749302%"
"2023-02-01","A DIVISION","1","2","offpeak","5,561","6,731","82.61773882038%"
"2023-02-01","A DIVISION","1","1","offpeak","18,317","23,443","78.13419784157%"
"2023-02-01","A DIVISION","1","1","peak","11,624","15,443","75.27034902545%"
"2023-02-01","A DIVISION","1","2","peak","2,776","3,243","85.59975331483%"
"2023-02-01","A DIVISION","2","1","offpeak","18,894","26,012","72.63570659696%"
"2023-02-01","A DIVISION","2","2","offpeak","5,806","7,602","76.37463825309%"
"2023-02-01","A DIVISION","2","2","peak","2,916","3,805","76.63600525624%"
"2023-02-01","A DIVISION","2","1","peak","11,570","16,663","69.43527576067%"
"2023-02-01","A DIVISION","3","2","offpeak","3,189","3,760","84.81382978723%"
"2023-02-01","A DIVISION","3","1","offpeak","15,749","20,319","77.50873566613%"
"2023-02-01","A DIVISION","3","1","peak","9,909","13,266","74.6947082768%"
"2023-02-01","A DIVISION","3","2","peak","1,601","1,883","85.02389803505%"
"2023-02-01","A DIVISION","4","2","offpeak","7,327","9,413","77.83915861043%"
"2023-02-01","A DIVISION","4","1","offpeak","22,015","28,489","77.27543964337%"
"2023-02-01","A DIVISION","4","2","peak","3,942","5,021","78.51025692093%"
"2023-02-01","A DIVISION","4","1","peak","14,213","20,482","69.39263743775%"
"2023-02-01","A DIVISION","5","2","offpeak","2,241","2,706","82.81596452328%"
"2023-02-01","A DIVISION","5","1","offpeak","15,878","21,577","73.58761644344%"
"2023-02-01","A DIVISION","5","2","peak","1,227","1,420","86.40845070423%"
"2023-02-01","A DIVISION","5","1","peak","11,818","17,682","66.83633073182%"
"2023-02-01","A DIVISION","6","1","offpeak","21,250","27,158","78.24582075263%"
"2023-02-01","A DIVISION","6","2","offpeak","5,359","6,340","84.52681388013%"
"2023-02-01","A DIVISION","6","2","peak","2,880","3,305","87.14069591528%"
"2023-02-01","A DIVISION","6","1","peak","13,249","18,099","73.20293938892%"
"2023-02-01","A DIVISION","7","2","offpeak","2,109","2,790","75.59139784946%"
"2023-02-01","A DIVISION","7","1","offpeak","13,831","17,348","79.72676965644%"
"2023-02-01","A DIVISION","7","1","peak","10,502","14,218","73.86411590941%"
"2023-02-01","A DIVISION","7","2","peak","1,099","1,472","74.66032608696%"
"2023-02-01","A DIVISION","S 42nd","1","offpeak","2,821","2,850","98.98245614035%"
"2023-02-01","A DIVISION","S 42nd","2","offpeak","841","848","99.17452830189%"
"2023-02-01","A DIVISION","S 42nd","2","peak","484","496","97.58064516129%"
"2023-02-01","A DIVISION","S 42nd","1","peak","1,887","1,919","98.33246482543%"
"2023-02-01","B DIVISION","A","1","offpeak","12,514","18,348","68.20361892304%"
"2023-02-01","B DIVISION","A","2","offpeak","3,812","5,914","64.45722015556%"
"2023-02-01","B DIVISION","A","2","peak","1,978","3,045","64.95894909688%"
"2023-02-01","B DIVISION","A","1","peak","8,981","13,580","66.13402061856%"
"2023-02-01","B DIVISION","B","1","offpeak","6,348","8,320","76.29807692308%"
"2023-02-01","B DIVISION","B","1","peak","5,065","7,468","67.82271023032%"
"2023-02-01","B DIVISION","C","2","offpeak","2,616","3,720","70.32258064516%"
"2023-02-01","B DIVISION","C","1","offpeak","7,903","11,162","70.80272352625%"
"2023-02-01","B DIVISION","C","2","peak","1,492","2,093","71.28523650263%"
"2023-02-01","B DIVISION","C","1","peak","4,964","7,024","70.67198177677%"
"2023-02-01","B DIVISION","D","2","offpeak","2,365","4,211","56.16243172643%"
"2023-02-01","B DIVISION","D","1","offpeak","9,344","13,296","70.27677496992%"
"2023-02-01","B DIVISION","D","2","peak","1,257","2,168","57.97970479705%"
"2023-02-01","B DIVISION","D","1","peak","5,841","8,551","68.30780025728%"
"2023-02-01","B DIVISION","E","1","offpeak","11,262","15,589","72.24324844442%"
"2023-02-01","B DIVISION","E","2","offpeak","2,607","3,382","77.08456534595%"
"2023-02-01","B DIVISION","E","1","peak","7,532","10,915","69.00595510765%"
"2023-02-01","B DIVISION","E","2","peak","1,342","1,670","80.35928143713%"
"2023-02-01","B DIVISION","F","2","offpeak","4,257","5,551","76.68888488561%"
"2023-02-01","B DIVISION","F","1","offpeak","17,342","26,792","64.72827709764%"
"2023-02-01","B DIVISION","F","2","peak","2,129","2,788","76.36298421808%"
"2023-02-01","B DIVISION","F","1","peak","11,817","18,296","64.58788806296%"
"2023-02-01","B DIVISION","G","2","offpeak","3,603","4,032","89.36011904762%"
"2023-02-01","B DIVISION","G","1","offpeak","9,381","11,225","83.5723830735%"
"2023-02-01","B DIVISION","G","2","peak","1,874","2,092","89.5793499044%"
"2023-02-01","B DIVISION","G","1","peak","5,607","6,852","81.83012259194%"
"2023-02-01","B DIVISION","JZ","1","offpeak","8,476","10,429","81.27337232716%"
"2023-02-01","B DIVISION","JZ","2","offpeak","2,798","3,363","83.19952423431%"
"2023-02-01","B DIVISION","JZ","1","peak","5,788","7,480","77.37967914439%"
"2023-02-01","B DIVISION","JZ","2","peak","1,538","1,823","84.36642896325%"
"2023-02-01","B DIVISION","L","2","offpeak","5,623","6,892","81.58734764945%"
"2023-02-01","B DIVISION","L","1","offpeak","18,550","22,938","80.87017176737%"
"2023-02-01","B DIVISION","L","2","peak","2,941","3,540","83.0790960452%"
"2023-02-01","B DIVISION","L","1","peak","10,482","13,825","75.8191681736%"
"2023-02-01","B DIVISION","M","1","offpeak","8,928","11,675","76.47109207709%"
"2023-02-01","B DIVISION","M","2","offpeak","1,664","1,886","88.22905620361%"
"2023-02-01","B DIVISION","M","1","peak","6,181","8,721","70.87489966747%"
"2023-02-01","B DIVISION","M","2","peak","869","982","88.49287169043%"
"2023-02-01","B DIVISION","N","1","offpeak","11,097","15,368","72.20848516398%"
"2023-02-01","B DIVISION","N","2","offpeak","3,085","5,499","56.1011092926%"
"2023-02-01","B DIVISION","N","1","peak","6,659","9,872","67.45340356564%"
"2023-02-01","B DIVISION","N","2","peak","1,528","2,774","55.08291276136%"
"2023-02-01","B DIVISION","Q","1","offpeak","9,117","12,744","71.5395480226%"
"2023-02-01","B DIVISION","Q","2","offpeak","3,295","4,728","69.69120135364%"
"2023-02-01","B DIVISION","Q","2","peak","1,820","2,448","74.34640522876%"
"2023-02-01","B DIVISION","Q","1","peak","5,151","7,516","68.53379457158%"
"2023-02-01","B DIVISION","R","1","offpeak","13,366","18,023","74.16079454031%"
"2023-02-01","B DIVISION","R","2","offpeak","3,571","5,999","59.52658776463%"
"2023-02-01","B DIVISION","R","1","peak","8,655","12,631","68.52189058665%"
"2023-02-01","B DIVISION","R","2","peak","1,957","3,168","61.77398989899%"
"2023-02-01","B DIVISION","S Fkln","1","offpeak","2,000","2,038","98.13542688911%"
"2023-02-01","B DIVISION","S Fkln","2","offpeak","888","894","99.3288590604%"
"2023-02-01","B DIVISION","S Fkln","1","peak","1,199","1,209","99.17287014061%"
"2023-02-01","B DIVISION","S Fkln","2","peak","488","488","100%"
"2023-02-01","B DIVISION","S Rock","1","offpeak","1,471","1,650","89.15151515152%"
"2023-02-01","B DIVISION","S Rock","2","offpeak","553","586","94.36860068259%"
"2023-02-01","B DIVISION","S Rock","2","peak","303","326","92.94478527607%"
"2023-02-01","B DIVISION","S Rock","1","peak","729","809","90.11124845488%"
"2023-02-01","B DIVISION","W","2","offpeak","538","621","86.6344605475%"
"2023-02-01","B DIVISION","W","1","offpeak","6,277","8,090","77.58961681088%"
"2023-02-01","B DIVISION","W","1","peak","3,991","5,466","73.01500182949%"
"2023-02-01","B DIVISION","W","2","peak","346","383","90.33942558747%"
"2023-03-01","A DIVISION","1","1","offpeak","22,963","28,363","80.96111130698%"
"2023-03-01","A DIVISION","1","2","offpeak","5,568","6,728","82.75862068966%"
"2023-03-01","A DIVISION","1","2","peak","2,682","3,245","82.65023112481%"
"2023-03-01","A DIVISION","1","1","peak","14,271","18,695","76.33591869484%"
"2023-03-01","A DIVISION","2","1","offpeak","22,379","31,538","70.95884330015%"
"2023-03-01","A DIVISION","2","2","offpeak","6,080","7,755","78.40103159252%"
"2023-03-01","A DIVISION","2","1","peak","13,695","20,189","67.83396899302%"
"2023-03-01","A DIVISION","2","2","peak","3,173","3,964","80.0454086781%"
"2023-03-01","A DIVISION","3","1","offpeak","19,216","24,960","76.98717948718%"
"2023-03-01","A DIVISION","3","2","offpeak","2,369","3,066","77.26679712981%"
"2023-03-01","A DIVISION","3","1","peak","11,788","16,422","71.78175618073%"
"2023-03-01","A DIVISION","3","2","peak","1,235","1,524","81.03674540682%"
"2023-03-01","A DIVISION","4","1","offpeak","25,865","34,442","75.09726496719%"
"2023-03-01","A DIVISION","4","2","offpeak","6,883","9,412","73.13004674883%"
"2023-03-01","A DIVISION","4","1","peak","17,276","24,794","69.67814793902%"
"2023-03-01","A DIVISION","4","2","peak","3,544","5,020","70.59760956175%"
"2023-03-01","A DIVISION","5","2","offpeak","2,033","2,165","93.90300230947%"
"2023-03-01","A DIVISION","5","1","offpeak","18,667","26,124","71.4553667126%"
"2023-03-01","A DIVISION","5","1","peak","14,537","21,241","68.43839743892%"
"2023-03-01","A DIVISION","5","2","peak","1,067","1,129","94.50841452613%"
"2023-03-01","A DIVISION","6","2","offpeak","5,285","6,344","83.30706179067%"
"2023-03-01","A DIVISION","6","1","offpeak","26,288","33,101","79.41754025558%"
"2023-03-01","A DIVISION","6","2","peak","2,777","3,296","84.2536407767%"
"2023-03-01","A DIVISION","6","1","peak","16,546","21,919","75.48702039327%"
"2023-03-01","A DIVISION","7","2","offpeak","2,740","3,098","88.44415752098%"
"2023-03-01","A DIVISION","7","1","offpeak","15,106","19,093","79.11800136176%"
"2023-03-01","A DIVISION","7","2","peak","1,409","1,590","88.61635220126%"
"2023-03-01","A DIVISION","7","1","peak","11,158","15,279","73.02833955102%"
"2023-03-01","A DIVISION","S 42nd","2","offpeak","696","703","99.00426742532%"
"2023-03-01","A DIVISION","S 42nd","1","offpeak","3,324","3,446","96.45966337783%"
"2023-03-01","A DIVISION","S 42nd","1","peak","2,232","2,323","96.08265174344%"
"2023-03-01","A DIVISION","S 42nd","2","peak","396","400","99%"
"2023-03-01","B DIVISION","A","1","offpeak","15,232","22,526","67.61963952766%"
"2023-03-01","B DIVISION","A","2","offpeak","3,804","5,662","67.18474037443%"
"2023-03-01","B DIVISION","A","1","peak","10,540","16,586","63.54757023996%"
"2023-03-01","B DIVISION","A","2","peak","1,986","2,939","67.57400476353%"
"2023-03-01","B DIVISION","B","1","offpeak","7,233","9,977","72.49674250777%"
"2023-03-01","B DIVISION","B","1","peak","5,956","8,948","66.56236030398%"
"2023-03-01","B DIVISION","C","2","offpeak","2,294","3,476","65.99539700806%"
"2023-03-01","B DIVISION","C","1","offpeak","9,962","13,513","73.72160142085%"
"2023-03-01","B DIVISION","C","1","peak","6,044","8,576","70.47574626866%"
"2023-03-01","B DIVISION","C","2","peak","1,329","1,962","67.7370030581%"
"2023-03-01","B DIVISION","D","1","offpeak","11,145","16,041","69.47821208154%"
"2023-03-01","B DIVISION","D","2","offpeak","2,963","4,362","67.9275561669%"
"2023-03-01","B DIVISION","D","2","peak","1,573","2,246","70.03561887801%"
"2023-03-01","B DIVISION","D","1","peak","6,980","10,217","68.3175100323%"
"2023-03-01","B DIVISION","E","1","offpeak","12,927","18,900","68.39682539683%"
"2023-03-01","B DIVISION","E","2","offpeak","2,919","3,601","81.06081643988%"
"2023-03-01","B DIVISION","E","2","peak","1,511","1,806","83.66555924695%"
"2023-03-01","B DIVISION","E","1","peak","8,808","13,761","64.00697623719%"
"2023-03-01","B DIVISION","F","2","offpeak","4,066","5,465","74.40073193047%"
"2023-03-01","B DIVISION","F","1","offpeak","21,311","32,273","66.03352647724%"
"2023-03-01","B DIVISION","F","1","peak","14,025","22,107","63.44144388655%"
"2023-03-01","B DIVISION","F","2","peak","2,079","2,743","75.7929274517%"
"2023-03-01","B DIVISION","G","2","offpeak","3,539","4,003","88.40869347989%"
"2023-03-01","B DIVISION","G","1","offpeak","11,590","13,610","85.15797207935%"
"2023-03-01","B DIVISION","G","1","peak","6,788","8,293","81.85216447606%"
"2023-03-01","B DIVISION","G","2","peak","1,908","2,088","91.37931034483%"
"2023-03-01","B DIVISION","JZ","1","offpeak","10,425","12,522","83.25347388596%"
"2023-03-01","B DIVISION","JZ","2","offpeak","2,890","3,481","83.02212008044%"
"2023-03-01","B DIVISION","JZ","2","peak","1,561","1,883","82.89962825279%"
"2023-03-01","B DIVISION","JZ","1","peak","7,117","9,050","78.6408839779%"
"2023-03-01","B DIVISION","L","2","offpeak","3,950","4,805","82.20603537981%"
"2023-03-01","B DIVISION","L","1","offpeak","19,447","25,018","77.73203293629%"
"2023-03-01","B DIVISION","L","1","peak","12,473","16,694","74.71546663472%"
"2023-03-01","B DIVISION","L","2","peak","2,060","2,473","83.29963606955%"
"2023-03-01","B DIVISION","M","1","offpeak","11,397","15,767","72.28388406165%"
"2023-03-01","B DIVISION","M","2","offpeak","1,781","2,109","84.44760550024%"
"2023-03-01","B DIVISION","M","1","peak","7,880","12,026","65.52469649094%"
"2023-03-01","B DIVISION","M","2","peak","926","1,105","83.80090497738%"
"2023-03-01","B DIVISION","N","1","offpeak","13,627","18,573","73.36994561999%"
"2023-03-01","B DIVISION","N","2","offpeak","3,768","5,634","66.87965921193%"
"2023-03-01","B DIVISION","N","2","peak","2,064","2,842","72.62491203378%"
"2023-03-01","B DIVISION","N","1","peak","8,080","11,992","67.37825216811%"
"2023-03-01","B DIVISION","Q","1","offpeak","11,175","15,376","72.67819979188%"
"2023-03-01","B DIVISION","Q","2","offpeak","3,496","4,865","71.86022610483%"
"2023-03-01","B DIVISION","Q","1","peak","6,459","9,104","70.94683655536%"
"2023-03-01","B DIVISION","Q","2","peak","1,923","2,524","76.18858954041%"
"2023-03-01","B DIVISION","R","2","offpeak","4,517","5,976","75.58567603748%"
"2023-03-01","B DIVISION","R","1","offpeak","15,346","21,393","71.73374468284%"
"2023-03-01","B DIVISION","R","2","peak","2,457","3,118","78.80051314945%"
"2023-03-01","B DIVISION","R","1","peak","10,136","15,273","66.36548156878%"
"2023-03-01","B DIVISION","S Fkln","2","offpeak","701","710","98.7323943662%"
"2023-03-01","B DIVISION","S Fkln","1","offpeak","2,379","2,434","97.74034511093%"
"2023-03-01","B DIVISION","S Fkln","2","peak","373","379","98.41688654354%"
"2023-03-01","B DIVISION","S Fkln","1","peak","1,423","1,438","98.95688456189%"
"2023-03-01","B DIVISION","S Rock","1","offpeak","1,826","2,018","90.48562933598%"
"2023-03-01","B DIVISION","S Rock","2","offpeak","413","441","93.65079365079%"
"2023-03-01","B DIVISION","S Rock","2","peak","227","233","97.42489270386%"
"2023-03-01","B DIVISION","S Rock","1","peak","900","976","92.2131147541%"
"2023-03-01","B DIVISION","W","1","offpeak","7,837","9,688","80.89388934765%"
"2023-03-01","B DIVISION","W","2","offpeak","297","394","75.3807106599%"
"2023-03-01","B DIVISION","W","2","peak","200","238","84.03361344538%"
"2023-03-01","B DIVISION","W","1","peak","4,707","6,638","70.90991262428%"
"2023-04-01","A DIVISION","1","2","offpeak","5,626","6,630","84.85671191554%"
"2023-04-01","A DIVISION","1","1","offpeak","18,922","24,202","78.18362118833%"
"2023-04-01","A DIVISION","1","2","peak","2,716","3,160","85.94936708861%"
"2023-04-01","A DIVISION","1","1","peak","11,785","16,105","73.17603228811%"
"2023-04-01","A DIVISION","2","2","offpeak","5,722","7,633","74.96397222586%"
"2023-04-01","A DIVISION","2","1","offpeak","18,981","26,740","70.98354525056%"
"2023-04-01","A DIVISION","2","2","peak","2,923","3,751","77.92588643029%"
"2023-04-01","A DIVISION","2","1","peak","11,821","17,448","67.74988537368%"
"2023-04-01","A DIVISION","3","1","offpeak","14,546","20,308","71.62694504629%"
"2023-04-01","A DIVISION","3","2","offpeak","5,204","6,081","85.57802992929%"
"2023-04-01","A DIVISION","3","2","peak","2,603","2,977","87.43701713134%"
"2023-04-01","A DIVISION","3","1","peak","9,560","14,177","67.43316639628%"
"2023-04-01","A DIVISION","4","1","offpeak","22,501","29,862","75.34994307146%"
"2023-04-01","A DIVISION","4","2","offpeak","7,217","9,437","76.47557486489%"
"2023-04-01","A DIVISION","4","2","peak","3,869","4,956","78.06698950767%"
"2023-04-01","A DIVISION","4","1","peak","14,770","21,501","68.69447932654%"
"2023-04-01","A DIVISION","5","1","offpeak","16,015","22,080","72.53170289855%"
"2023-04-01","A DIVISION","5","2","offpeak","2,205","2,579","85.49825513765%"
"2023-04-01","A DIVISION","5","2","peak","1,142","1,296","88.11728395062%"
"2023-04-01","A DIVISION","5","1","peak","12,345","18,048","68.40093085106%"
"2023-04-01","A DIVISION","6","1","offpeak","21,370","28,286","75.5497419218%"
"2023-04-01","A DIVISION","6","2","offpeak","5,079","6,226","81.5772566656%"
"2023-04-01","A DIVISION","6","1","peak","14,069","18,987","74.09806709854%"
"2023-04-01","A DIVISION","6","2","peak","2,740","3,234","84.72479901051%"
"2023-04-01","A DIVISION","7","2","offpeak","3,744","4,701","79.64262922782%"
"2023-04-01","A DIVISION","7","1","offpeak","14,198","17,672","80.34178361249%"
"2023-04-01","A DIVISION","7","2","peak","2,502","3,070","81.4983713355%"
"2023-04-01","A DIVISION","7","1","peak","10,715","14,475","74.02417962003%"
"2023-04-01","A DIVISION","S 42nd","2","offpeak","816","823","99.14945321993%"
"2023-04-01","A DIVISION","S 42nd","1","offpeak","2,796","2,997","93.29329329329%"
"2023-04-01","A DIVISION","S 42nd","2","peak","465","470","98.93617021277%"
"2023-04-01","A DIVISION","S 42nd","1","peak","1,865","2,020","92.32673267327%"
"2023-04-01","B DIVISION","A","1","offpeak","13,162","19,487","67.54246420691%"
"2023-04-01","B DIVISION","A","2","offpeak","2,430","4,005","60.67415730337%"
"2023-04-01","B DIVISION","A","2","peak","1,436","2,214","64.85998193315%"
"2023-04-01","B DIVISION","A","1","peak","9,521","14,507","65.63038533122%"
"2023-04-01","B DIVISION","B","1","offpeak","6,430","8,461","75.99574518378%"
"2023-04-01","B DIVISION","B","1","peak","5,116","7,398","69.1538253582%"
"2023-04-01","B DIVISION","C","1","offpeak","8,549","11,502","74.32620413841%"
"2023-04-01","B DIVISION","C","2","offpeak","1,781","2,418","73.65591397849%"
"2023-04-01","B DIVISION","C","2","peak","1,023","1,411","72.50177179305%"
"2023-04-01","B DIVISION","C","1","peak","5,413","7,271","74.44643102737%"
"2023-04-01","B DIVISION","D","1","offpeak","9,518","13,774","69.10120516916%"
"2023-04-01","B DIVISION","D","2","offpeak","2,750","3,876","70.94943240454%"
"2023-04-01","B DIVISION","D","1","peak","5,988","8,818","67.90655477433%"
"2023-04-01","B DIVISION","D","2","peak","1,448","2,028","71.40039447732%"
"2023-04-01","B DIVISION","E","2","offpeak","2,614","3,206","81.53462258266%"
"2023-04-01","B DIVISION","E","1","offpeak","11,012","16,262","67.71614807527%"
"2023-04-01","B DIVISION","E","2","peak","1,359","1,640","82.86585365854%"
"2023-04-01","B DIVISION","E","1","peak","7,752","11,285","68.69295525033%"
"2023-04-01","B DIVISION","F","1","offpeak","18,788","27,750","67.7045045045%"
"2023-04-01","B DIVISION","F","2","offpeak","4,324","5,709","75.74005955509%"
"2023-04-01","B DIVISION","F","2","peak","2,317","2,970","78.01346801347%"
"2023-04-01","B DIVISION","F","1","peak","12,834","18,930","67.7971473851%"
"2023-04-01","B DIVISION","G","2","offpeak","2,812","3,130","89.84025559105%"
"2023-04-01","B DIVISION","G","1","offpeak","9,410","11,386","82.64535394344%"
"2023-04-01","B DIVISION","G","2","peak","1,477","1,619","91.22915379864%"
"2023-04-01","B DIVISION","G","1","peak","5,603","6,949","80.63030651892%"
"2023-04-01","B DIVISION","JZ","2","offpeak","3,054","3,660","83.44262295082%"
"2023-04-01","B DIVISION","JZ","1","offpeak","9,030","10,826","83.41030851653%"
"2023-04-01","B DIVISION","JZ","2","peak","1,727","2,012","85.83499005964%"
"2023-04-01","B DIVISION","JZ","1","peak","6,087","7,767","78.37002703747%"
"2023-04-01","B DIVISION","L","2","offpeak","3,865","4,588","84.24149956408%"
"2023-04-01","B DIVISION","L","1","offpeak","18,473","22,981","80.38379530917%"
"2023-04-01","B DIVISION","L","2","peak","1,962","2,350","83.48936170213%"
"2023-04-01","B DIVISION","L","1","peak","10,815","13,837","78.1600057816%"
"2023-04-01","B DIVISION","M","1","offpeak","9,931","13,399","74.11747145309%"
"2023-04-01","B DIVISION","M","2","offpeak","1,646","1,815","90.68870523416%"
"2023-04-01","B DIVISION","M","2","peak","841","966","87.06004140787%"
"2023-04-01","B DIVISION","M","1","peak","7,167","10,174","70.4442697071%"
"2023-04-01","B DIVISION","N","1","offpeak","11,054","15,717","70.33148819749%"
"2023-04-01","B DIVISION","N","2","offpeak","3,778","5,496","68.74090247453%"
"2023-04-01","B DIVISION","N","1","peak","6,865","10,268","66.85820023374%"
"2023-04-01","B DIVISION","N","2","peak","1,899","2,816","67.43607954545%"
"2023-04-01","B DIVISION","Q","2","offpeak","3,089","4,200","73.54761904762%"
"2023-04-01","B DIVISION","Q","1","offpeak","9,217","12,902","71.43853666098%"
"2023-04-01","B DIVISION","Q","1","peak","5,486","7,660","71.61879895561%"
"2023-04-01","B DIVISION","Q","2","peak","1,665","2,164","76.94085027726%"
"2023-04-01","B DIVISION","R","1","offpeak","13,474","18,442","73.061490077%"
"2023-04-01","B DIVISION","R","2","offpeak","4,431","5,890","75.22920203735%"
"2023-04-01","B DIVISION","R","2","peak","2,293","3,173","72.26599432714%"
"2023-04-01","B DIVISION","R","1","peak","8,872","12,953","68.4937852235%"
"2023-04-01","B DIVISION","S Fkln","2","offpeak","840","850","98.82352941176%"
"2023-04-01","B DIVISION","S Fkln","1","offpeak","2,255","2,308","97.70363951473%"
"2023-04-01","B DIVISION","S Fkln","2","peak","457","462","98.91774891775%"
"2023-04-01","B DIVISION","S Fkln","1","peak","1,328","1,344","98.80952380952%"
"2023-04-01","B DIVISION","S Rock","1","offpeak","1,545","1,704","90.66901408451%"
"2023-04-01","B DIVISION","S Rock","2","offpeak","420","450","93.33333333333%"
"2023-04-01","B DIVISION","S Rock","1","peak","771","833","92.55702280912%"
"2023-04-01","B DIVISION","S Rock","2","peak","233","244","95.49180327869%"
"2023-04-01","B DIVISION","W","2","offpeak","5","52","9.61538461538%"
"2023-04-01","B DIVISION","W","1","offpeak","5,670","7,332","77.33224222586%"
"2023-04-01","B DIVISION","W","2","peak","3","28","10.71428571429%"
"2023-04-01","B DIVISION","W","1","peak","3,900","5,467","71.33711359063%"
"2023-05-01","A DIVISION","1","1","offpeak","19,433","25,090","77.45316859306%"
"2023-05-01","A DIVISION","1","2","offpeak","5,206","6,468","80.48855905999%"
"2023-05-01","A DIVISION","1","2","peak","2,605","3,113","83.68133633151%"
"2023-05-01","A DIVISION","1","1","peak","12,223","16,610","73.58819987959%"
"2023-05-01","A DIVISION","2","1","offpeak","20,032","28,337","70.69202809048%"
"2023-05-01","A DIVISION","2","2","offpeak","4,939","6,881","71.77735794216%"
"2023-05-01","A DIVISION","2","2","peak","2,465","3,391","72.69242111472%"
"2023-05-01","A DIVISION","2","1","peak","12,074","18,114","66.65562548305%"
"2023-05-01","A DIVISION","3","2","offpeak","4,544","5,367","84.66554872368%"
"2023-05-01","A DIVISION","3","1","offpeak","14,569","20,236","71.99545364697%"
"2023-05-01","A DIVISION","3","2","peak","2,411","2,711","88.9339727038%"
"2023-05-01","A DIVISION","3","1","peak","9,305","13,357","69.66384667216%"
"2023-05-01","A DIVISION","4","1","offpeak","23,249","31,140","74.65960179833%"
"2023-05-01","A DIVISION","4","2","offpeak","6,880","9,533","72.17035560684%"
"2023-05-01","A DIVISION","4","2","peak","3,713","5,084","73.03304484658%"
"2023-05-01","A DIVISION","4","1","peak","15,263","22,461","67.95334134722%"
"2023-05-01","A DIVISION","5","1","offpeak","16,532","23,196","71.27090877738%"
"2023-05-01","A DIVISION","5","2","offpeak","2,511","3,070","81.79153094463%"
"2023-05-01","A DIVISION","5","2","peak","1,358","1,579","86.00379987334%"
"2023-05-01","A DIVISION","5","1","peak","11,886","18,065","65.79573761417%"
"2023-05-01","A DIVISION","6","1","offpeak","20,212","28,582","70.715835141%"
"2023-05-01","A DIVISION","6","2","offpeak","5,217","6,041","86.35987419301%"
"2023-05-01","A DIVISION","6","1","peak","13,483","19,780","68.16481294237%"
"2023-05-01","A DIVISION","6","2","peak","2,743","3,130","87.6357827476%"
"2023-05-01","A DIVISION","7","1","offpeak","12,525","15,691","79.82282837295%"
"2023-05-01","A DIVISION","7","2","offpeak","3,520","4,373","80.4939400869%"
"2023-05-01","A DIVISION","7","2","peak","2,207","2,758","80.02175489485%"
"2023-05-01","A DIVISION","7","1","peak","9,530","12,837","74.23852925138%"
"2023-05-01","A DIVISION","S 42nd","2","offpeak","848","851","99.64747356052%"
"2023-05-01","A DIVISION","S 42nd","1","offpeak","2,671","3,144","84.95547073791%"
"2023-05-01","A DIVISION","S 42nd","2","peak","496","496","100%"
"2023-05-01","A DIVISION","S 42nd","1","peak","1,804","2,121","85.05421970769%"
"2023-05-01","B DIVISION","A","1","offpeak","13,032","20,185","64.56279415407%"
"2023-05-01","B DIVISION","A","2","offpeak","3,537","5,444","64.9706098457%"
"2023-05-01","B DIVISION","A","2","peak","1,814","2,841","63.85075677578%"
"2023-05-01","B DIVISION","A","1","peak","8,913","14,721","60.54615854901%"
"2023-05-01","B DIVISION","B","1","offpeak","5,770","8,237","70.04977540367%"
"2023-05-01","B DIVISION","B","1","peak","4,768","7,401","64.42372652344%"
"2023-05-01","B DIVISION","C","2","offpeak","2,240","3,287","68.14724672954%"
"2023-05-01","B DIVISION","C","1","offpeak","7,874","11,603","67.86175988968%"
"2023-05-01","B DIVISION","C","2","peak","1,213","1,854","65.42610571737%"
"2023-05-01","B DIVISION","C","1","peak","4,985","7,364","67.69418794134%"
"2023-05-01","B DIVISION","D","1","offpeak","8,823","14,184","62.20389170897%"
"2023-05-01","B DIVISION","D","2","offpeak","2,467","4,270","57.77517564403%"
"2023-05-01","B DIVISION","D","2","peak","1,245","2,179","57.13630105553%"
"2023-05-01","B DIVISION","D","1","peak","5,604","9,152","61.23251748252%"
"2023-05-01","B DIVISION","E","1","offpeak","10,803","15,907","67.91349720249%"
"2023-05-01","B DIVISION","E","2","offpeak","2,343","3,074","76.21990891347%"
"2023-05-01","B DIVISION","E","2","peak","1,188","1,505","78.93687707641%"
"2023-05-01","B DIVISION","E","1","peak","7,037","11,258","62.50666192929%"
"2023-05-01","B DIVISION","F","2","offpeak","3,596","4,794","75.0104297038%"
"2023-05-01","B DIVISION","F","1","offpeak","17,716","27,461","64.51330978479%"
"2023-05-01","B DIVISION","F","2","peak","1,855","2,389","77.64755127668%"
"2023-05-01","B DIVISION","F","1","peak","11,669","18,751","62.23134766146%"
"2023-05-01","B DIVISION","G","2","offpeak","2,742","3,090","88.73786407767%"
"2023-05-01","B DIVISION","G","1","offpeak","8,802","11,190","78.65951742627%"
"2023-05-01","B DIVISION","G","2","peak","1,409","1,590","88.61635220126%"
"2023-05-01","B DIVISION","G","1","peak","5,196","6,923","75.05416726853%"
"2023-05-01","B DIVISION","JZ","1","offpeak","8,618","10,833","79.55321702206%"
"2023-05-01","B DIVISION","JZ","2","offpeak","3,026","3,714","81.47549811524%"
"2023-05-01","B DIVISION","JZ","1","peak","5,933","7,927","74.84546486691%"
"2023-05-01","B DIVISION","JZ","2","peak","1,616","2,017","80.11898859693%"
"2023-05-01","B DIVISION","L","1","offpeak","17,093","21,763","78.54156136562%"
"2023-05-01","B DIVISION","L","2","offpeak","6,352","7,750","81.96129032258%"
"2023-05-01","B DIVISION","L","2","peak","3,272","3,974","82.3351786613%"
"2023-05-01","B DIVISION","L","1","peak","10,155","13,115","77.43042317957%"
"2023-05-01","B DIVISION","M","1","offpeak","9,234","12,922","71.4595263891%"
"2023-05-01","B DIVISION","M","2","offpeak","812","935","86.8449197861%"
"2023-05-01","B DIVISION","M","1","peak","6,715","9,933","67.60293969596%"
"2023-05-01","B DIVISION","M","2","peak","436","497","87.72635814889%"
"2023-05-01","B DIVISION","N","1","offpeak","10,871","15,661","69.41446906328%"
"2023-05-01","B DIVISION","N","2","offpeak","2,919","5,394","54.11568409344%"
"2023-05-01","B DIVISION","N","1","peak","6,600","10,239","64.45941986522%"
"2023-05-01","B DIVISION","N","2","peak","1,545","2,669","57.88684900712%"
"2023-05-01","B DIVISION","Q","2","offpeak","3,293","4,453","73.95014596901%"
"2023-05-01","B DIVISION","Q","1","offpeak","9,102","12,659","71.90141401375%"
"2023-05-01","B DIVISION","Q","1","peak","5,244","7,498","69.93865030675%"
"2023-05-01","B DIVISION","Q","2","peak","1,713","2,293","74.70562581771%"
"2023-05-01","B DIVISION","R","1","offpeak","13,157","18,457","71.284607466%"
"2023-05-01","B DIVISION","R","2","offpeak","4,417","6,122","72.14962430578%"
"2023-05-01","B DIVISION","R","1","peak","8,691","13,028","66.71016272644%"
"2023-05-01","B DIVISION","R","2","peak","2,416","3,251","74.31559520148%"
"2023-05-01","B DIVISION","S Fkln","1","offpeak","2,076","2,120","97.92452830189%"
"2023-05-01","B DIVISION","S Fkln","2","offpeak","872","894","97.53914988814%"
"2023-05-01","B DIVISION","S Fkln","1","peak","1,243","1,269","97.95114263199%"
"2023-05-01","B DIVISION","S Fkln","2","peak","485","488","99.38524590164%"
"2023-05-01","B DIVISION","S Rock","2","offpeak","278","303","91.74917491749%"
"2023-05-01","B DIVISION","S Rock","1","offpeak","1,516","1,709","88.70684610884%"
"2023-05-01","B DIVISION","S Rock","2","peak","158","165","95.75757575758%"
"2023-05-01","B DIVISION","S Rock","1","peak","751","834","90.0479616307%"
"2023-05-01","B DIVISION","W","1","offpeak","5,694","7,528","75.63761955367%"
"2023-05-01","B DIVISION","W","1","peak","3,863","5,425","71.20737327189%"
"2023-06-01","A DIVISION","1","2","offpeak","4,742","6,052","78.35426305354%"
"2023-06-01","A DIVISION","1","1","offpeak","21,711","27,424","79.16788214702%"
"2023-06-01","A DIVISION","1","1","peak","13,215","17,885","73.88873357562%"
"2023-06-01","A DIVISION","1","2","peak","2,407","2,883","83.48942074228%"
"2023-06-01","A DIVISION","2","1","offpeak","21,793","30,287","71.95496417605%"
"2023-06-01","A DIVISION","2","2","offpeak","5,214","7,072","73.72737556561%"
"2023-06-01","A DIVISION","2","1","peak","13,093","19,311","67.80073533219%"
"2023-06-01","A DIVISION","2","2","peak","2,720","3,563","76.34016278417%"
"2023-06-01","A DIVISION","3","1","offpeak","17,910","23,878","75.00628193316%"
"2023-06-01","A DIVISION","3","2","offpeak","4,395","5,383","81.64592234813%"
"2023-06-01","A DIVISION","3","2","peak","2,226","2,644","84.19062027231%"
"2023-06-01","A DIVISION","3","1","peak","11,293","15,708","71.89330277566%"
"2023-06-01","A DIVISION","4","2","offpeak","5,712","7,541","75.74592229147%"
"2023-06-01","A DIVISION","4","1","offpeak","25,595","32,947","77.68537347862%"
"2023-06-01","A DIVISION","4","1","peak","16,572","23,716","69.87687637038%"
"2023-06-01","A DIVISION","4","2","peak","2,923","4,002","73.03848075962%"
"2023-06-01","A DIVISION","5","2","offpeak","2,525","3,135","80.54226475279%"
"2023-06-01","A DIVISION","5","1","offpeak","18,190","24,850","73.19919517103%"
"2023-06-01","A DIVISION","5","1","peak","13,616","20,192","67.43264659271%"
"2023-06-01","A DIVISION","5","2","peak","1,370","1,676","81.74224343675%"
"2023-06-01","A DIVISION","6","2","offpeak","4,486","5,443","82.41778431012%"
"2023-06-01","A DIVISION","6","1","offpeak","23,335","30,001","77.78074064198%"
"2023-06-01","A DIVISION","6","1","peak","16,062","20,877","76.93634142837%"
"2023-06-01","A DIVISION","6","2","peak","2,287","2,843","80.44319380936%"
"2023-06-01","A DIVISION","7","1","offpeak","14,354","18,345","78.24475333878%"
"2023-06-01","A DIVISION","7","2","offpeak","2,953","3,657","80.7492480175%"
"2023-06-01","A DIVISION","7","2","peak","1,774","2,217","80.01804239964%"
"2023-06-01","A DIVISION","7","1","peak","10,728","14,777","72.59930973811%"
"2023-06-01","A DIVISION","S 42nd","1","offpeak","3,264","3,299","98.9390724462%"
"2023-06-01","A DIVISION","S 42nd","2","offpeak","749","752","99.60106382979%"
"2023-06-01","A DIVISION","S 42nd","1","peak","2,195","2,222","98.78487848785%"
"2023-06-01","A DIVISION","S 42nd","2","peak","443","444","99.77477477477%"
"2023-06-01","B DIVISION","A","1","offpeak","14,868","22,087","67.31561552044%"
"2023-06-01","B DIVISION","A","2","offpeak","3,471","5,056","68.65110759494%"
"2023-06-01","B DIVISION","A","2","peak","1,826","2,667","68.46644169479%"
"2023-06-01","B DIVISION","A","1","peak","10,342","16,170","63.95794681509%"
"2023-06-01","B DIVISION","B","1","offpeak","6,975","9,600","72.65625%"
"2023-06-01","B DIVISION","B","1","peak","5,531","8,638","64.03102570039%"
"2023-06-01","B DIVISION","C","2","offpeak","2,093","3,173","65.96281121967%"
"2023-06-01","B DIVISION","C","1","offpeak","8,896","12,935","68.77464244298%"
"2023-06-01","B DIVISION","C","1","peak","5,557","8,120","68.43596059113%"
"2023-06-01","B DIVISION","C","2","peak","1,141","1,773","64.35420191765%"
"2023-06-01","B DIVISION","D","1","offpeak","10,089","14,859","67.89824348879%"
"2023-06-01","B DIVISION","D","2","offpeak","2,361","3,543","66.63844199831%"
"2023-06-01","B DIVISION","D","1","peak","6,519","9,954","65.49125979506%"
"2023-06-01","B DIVISION","D","2","peak","1,274","1,805","70.58171745152%"
"2023-06-01","B DIVISION","E","2","offpeak","1,767","2,663","66.35373638753%"
"2023-06-01","B DIVISION","E","1","offpeak","12,838","18,608","68.99183147034%"
"2023-06-01","B DIVISION","E","2","peak","993","1,321","75.17032551098%"
"2023-06-01","B DIVISION","E","1","peak","8,733","13,167","66.32490316701%"
"2023-06-01","B DIVISION","F","2","offpeak","2,579","3,758","68.62692921767%"
"2023-06-01","B DIVISION","F","1","offpeak","19,898","29,799","66.77405282056%"
"2023-06-01","B DIVISION","F","2","peak","1,493","1,866","80.01071811361%"
"2023-06-01","B DIVISION","F","1","peak","13,825","20,731","66.6875693406%"
"2023-06-01","B DIVISION","G","2","offpeak","3,067","3,504","87.52853881279%"
"2023-06-01","B DIVISION","G","1","offpeak","10,707","13,056","82.00827205882%"
"2023-06-01","B DIVISION","G","2","peak","1,572","1,791","87.77219430486%"
"2023-06-01","B DIVISION","G","1","peak","6,285","7,949","79.06654925148%"
"2023-06-01","B DIVISION","JZ","2","offpeak","2,264","2,940","77.00680272109%"
"2023-06-01","B DIVISION","JZ","1","offpeak","10,138","12,075","83.95859213251%"
"2023-06-01","B DIVISION","JZ","2","peak","1,185","1,588","74.62216624685%"
"2023-06-01","B DIVISION","JZ","1","peak","6,617","8,649","76.5059544456%"
"2023-06-01","B DIVISION","L","1","offpeak","19,907","26,440","75.29122541604%"
"2023-06-01","B DIVISION","L","2","offpeak","5,749","7,725","74.42071197411%"
"2023-06-01","B DIVISION","L","1","peak","11,633","16,027","72.58376489674%"
"2023-06-01","B DIVISION","L","2","peak","3,098","3,982","77.80010045203%"
"2023-06-01","B DIVISION","M","1","offpeak","10,589","14,756","71.76063973977%"
"2023-06-01","B DIVISION","M","2","offpeak","728","932","78.11158798283%"
"2023-06-01","B DIVISION","M","1","peak","7,410","11,352","65.27484143763%"
"2023-06-01","B DIVISION","M","2","peak","419","495","84.64646464646%"
"2023-06-01","B DIVISION","N","2","offpeak","3,110","4,698","66.19838229034%"
"2023-06-01","B DIVISION","N","1","offpeak","11,961","17,758","67.35555805834%"
"2023-06-01","B DIVISION","N","2","peak","1,562","2,355","66.32696390658%"
"2023-06-01","B DIVISION","N","1","peak","7,357","11,519","63.86839135342%"
"2023-06-01","B DIVISION","Q","2","offpeak","2,641","3,959","66.70876483961%"
"2023-06-01","B DIVISION","Q","1","offpeak","10,815","14,838","72.88718156086%"
"2023-06-01","B DIVISION","Q","1","peak","6,241","8,799","70.92851460393%"
"2023-06-01","B DIVISION","Q","2","peak","1,496","2,055","72.79805352798%"
"2023-06-01","B DIVISION","R","1","offpeak","14,696","20,996","69.99428462564%"
"2023-06-01","B DIVISION","R","2","offpeak","3,628","5,451","66.55659512016%"
"2023-06-01","B DIVISION","R","1","peak","9,636","14,758","65.29340018973%"
"2023-06-01","B DIVISION","R","2","peak","2,004","2,893","69.27065330107%"
"2023-06-01","B DIVISION","S Fkln","1","offpeak","2,499","2,549","98.03844644959%"
"2023-06-01","B DIVISION","S Fkln","2","offpeak","663","673","98.51411589896%"
"2023-06-01","B DIVISION","S Fkln","1","peak","1,516","1,541","98.37767683323%"
"2023-06-01","B DIVISION","S Fkln","2","peak","335","343","97.66763848397%"
"2023-06-01","B DIVISION","S Rock","1","offpeak","1,717","1,910","89.89528795812%"
"2023-06-01","B DIVISION","S Rock","2","offpeak","402","481","83.57588357588%"
"2023-06-01","B DIVISION","S Rock","2","peak","244","275","88.72727272727%"
"2023-06-01","B DIVISION","S Rock","1","peak","854","937","91.14194236926%"
"2023-06-01","B DIVISION","W","1","offpeak","5,030","7,141","70.43831396163%"
"2023-06-01","B DIVISION","W","1","peak","4,184","6,280","66.62420382166%"
"2023-07-01","A DIVISION","1","1","offpeak","18,815","24,570","76.57712657713%"
"2023-07-01","A DIVISION","1","2","offpeak","6,322","7,401","85.42088906904%"
"2023-07-01","A DIVISION","1","2","peak","3,013","3,572","84.35050391937%"
"2023-07-01","A DIVISION","1","1","peak","12,070","16,259","74.23580786026%"
"2023-07-01","A DIVISION","2","2","offpeak","7,217","9,493","76.02443906036%"
"2023-07-01","A DIVISION","2","1","offpeak","18,996","27,469","69.15431941461%"
"2023-07-01","A DIVISION","2","2","peak","3,735","4,750","78.63157894737%"
"2023-07-01","A DIVISION","2","1","peak","11,619","17,555","66.18627171746%"
"2023-07-01","A DIVISION","3","2","offpeak","5,160","6,212","83.06503541533%"
"2023-07-01","A DIVISION","3","1","offpeak","16,470","21,700","75.89861751152%"
"2023-07-01","A DIVISION","3","1","peak","10,362","14,280","72.56302521008%"
"2023-07-01","A DIVISION","3","2","peak","2,602","3,090","84.2071197411%"
"2023-07-01","A DIVISION","4","2","offpeak","8,433","11,164","75.53744177714%"
"2023-07-01","A DIVISION","4","1","offpeak","21,780","29,839","72.9917222427%"
"2023-07-01","A DIVISION","4","1","peak","14,513","21,560","67.31447124304%"
"2023-07-01","A DIVISION","4","2","peak","4,407","5,957","73.9801913715%"
"2023-07-01","A DIVISION","5","2","offpeak","2,895","3,370","85.90504451039%"
"2023-07-01","A DIVISION","5","1","offpeak","16,262","22,623","71.88259735667%"
"2023-07-01","A DIVISION","5","1","peak","12,164","18,326","66.37564116556%"
"2023-07-01","A DIVISION","5","2","peak","1,628","1,793","90.79754601227%"
"2023-07-01","A DIVISION","6","2","offpeak","6,209","7,919","78.40636443995%"
"2023-07-01","A DIVISION","6","1","offpeak","22,023","28,738","76.63372538103%"
"2023-07-01","A DIVISION","6","1","peak","14,322","19,050","75.1811023622%"
"2023-07-01","A DIVISION","6","2","peak","3,377","4,126","81.84682501212%"
"2023-07-01","A DIVISION","7","2","offpeak","4,122","5,239","78.67913723993%"
"2023-07-01","A DIVISION","7","1","offpeak","11,256","14,273","78.86218734674%"
"2023-07-01","A DIVISION","7","1","peak","7,936","11,061","71.74758159298%"
"2023-07-01","A DIVISION","7","2","peak","2,390","3,318","72.03134418324%"
"2023-07-01","A DIVISION","S 42nd","2","offpeak","1,017","1,023","99.41348973607%"
"2023-07-01","A DIVISION","S 42nd","1","offpeak","2,889","3,000","96.3%"
"2023-07-01","A DIVISION","S 42nd","2","peak","586","589","99.49066213922%"
"2023-07-01","A DIVISION","S 42nd","1","peak","1,915","2,020","94.80198019802%"
"2023-07-01","B DIVISION","A","2","offpeak","4,871","7,045","69.14123491838%"
"2023-07-01","B DIVISION","A","1","offpeak","13,061","19,890","65.66616390146%"
"2023-07-01","B DIVISION","A","2","peak","2,544","3,664","69.43231441048%"
"2023-07-01","B DIVISION","A","1","peak","9,084","14,489","62.6958382221%"
"2023-07-01","B DIVISION","B","1","offpeak","6,131","8,601","71.28240902221%"
"2023-07-01","B DIVISION","B","1","peak","4,863","7,778","62.52249935716%"
"2023-07-01","B DIVISION","C","2","offpeak","3,007","3,943","76.26172964748%"
"2023-07-01","B DIVISION","C","1","offpeak","8,248","11,823","69.76232766641%"
"2023-07-01","B DIVISION","C","2","peak","1,682","2,240","75.08928571429%"
"2023-07-01","B DIVISION","C","1","peak","4,996","7,331","68.14895648615%"
"2023-07-01","B DIVISION","D","2","offpeak","3,690","4,962","74.36517533253%"
"2023-07-01","B DIVISION","D","1","offpeak","9,224","13,890","66.40748740101%"
"2023-07-01","B DIVISION","D","2","peak","1,874","2,537","73.86677177769%"
"2023-07-01","B DIVISION","D","1","peak","5,714","8,896","64.23111510791%"
"2023-07-01","B DIVISION","E","1","offpeak","11,523","16,927","68.07467359839%"
"2023-07-01","B DIVISION","E","2","offpeak","2,818","4,029","69.94291387441%"
"2023-07-01","B DIVISION","E","1","peak","7,708","11,829","65.16189026968%"
"2023-07-01","B DIVISION","E","2","peak","1,518","2,000","75.9%"
"2023-07-01","B DIVISION","F","1","offpeak","18,231","28,430","64.12592332044%"
"2023-07-01","B DIVISION","F","2","offpeak","5,127","7,165","71.55617585485%"
"2023-07-01","B DIVISION","F","1","peak","12,218","19,254","63.45694401163%"
"2023-07-01","B DIVISION","F","2","peak","2,447","3,589","68.18055168571%"
"2023-07-01","B DIVISION","G","2","offpeak","4,654","5,603","83.0626450116%"
"2023-07-01","B DIVISION","G","1","offpeak","9,729","11,777","82.61017236987%"
"2023-07-01","B DIVISION","G","2","peak","2,427","2,927","82.91766313632%"
"2023-07-01","B DIVISION","G","1","peak","5,677","7,184","79.0228285078%"
"2023-07-01","B DIVISION","JZ","1","offpeak","8,522","10,905","78.14763869785%"
"2023-07-01","B DIVISION","JZ","2","offpeak","3,785","4,704","80.46343537415%"
"2023-07-01","B DIVISION","JZ","2","peak","2,014","2,511","80.20708880924%"
"2023-07-01","B DIVISION","JZ","1","peak","5,759","7,858","73.28836854161%"
"2023-07-01","B DIVISION","L","2","offpeak","5,754","7,257","79.28896238115%"
"2023-07-01","B DIVISION","L","1","offpeak","19,014","24,195","78.58648481091%"
"2023-07-01","B DIVISION","L","1","peak","10,959","14,556","75.28854080791%"
"2023-07-01","B DIVISION","L","2","peak","2,995","3,708","80.77130528587%"
"2023-07-01","B DIVISION","M","2","offpeak","2,032","2,336","86.98630136986%"
"2023-07-01","B DIVISION","M","1","offpeak","9,584","13,717","69.8695049938%"
"2023-07-01","B DIVISION","M","1","peak","6,856","10,478","65.43233441496%"
"2023-07-01","B DIVISION","M","2","peak","1,091","1,246","87.56019261637%"
"2023-07-01","B DIVISION","N","2","offpeak","3,653","5,164","70.73973663826%"
"2023-07-01","B DIVISION","N","1","offpeak","10,168","15,655","64.9504950495%"
"2023-07-01","B DIVISION","N","1","peak","6,183","10,191","60.67118045334%"
"2023-07-01","B DIVISION","N","2","peak","1,821","2,612","69.71669218989%"
"2023-07-01","B DIVISION","Q","2","offpeak","4,296","6,046","71.05524313596%"
"2023-07-01","B DIVISION","Q","1","offpeak","9,043","13,279","68.10000753069%"
"2023-07-01","B DIVISION","Q","2","peak","2,105","3,148","66.86785260483%"
"2023-07-01","B DIVISION","Q","1","peak","5,244","7,934","66.09528611041%"
"2023-07-01","B DIVISION","R","2","offpeak","4,748","6,772","70.1122268163%"
"2023-07-01","B DIVISION","R","1","offpeak","13,040","19,084","68.32949067281%"
"2023-07-01","B DIVISION","R","1","peak","8,450","13,348","63.30536409949%"
"2023-07-01","B DIVISION","R","2","peak","2,511","3,618","69.40298507463%"
"2023-07-01","B DIVISION","S Fkln","1","offpeak","2,375","2,430","97.7366255144%"
"2023-07-01","B DIVISION","S Fkln","2","offpeak","1,124","1,129","99.55713020372%"
"2023-07-01","B DIVISION","S Fkln","1","peak","1,392","1,413","98.51380042463%"
"2023-07-01","B DIVISION","S Fkln","2","peak","609","610","99.83606557377%"
"2023-07-01","B DIVISION","S Rock","1","offpeak","1,531","1,740","87.98850574713%"
"2023-07-01","B DIVISION","S Rock","2","offpeak","522","579","90.15544041451%"
"2023-07-01","B DIVISION","S Rock","1","peak","739","853","86.63540445487%"
"2023-07-01","B DIVISION","S Rock","2","peak","278","311","89.38906752412%"
"2023-07-01","B DIVISION","W","1","offpeak","4,972","7,044","70.58489494605%"
"2023-07-01","B DIVISION","W","1","peak","3,588","5,477","65.51031586635%"
"2023-08-01","A DIVISION","1","1","offpeak","21,421","28,597","74.90645871945%"
"2023-08-01","A DIVISION","1","2","offpeak","5,433","6,859","79.20979734655%"
"2023-08-01","A DIVISION","1","2","peak","2,715","3,343","81.21447801376%"
"2023-08-01","A DIVISION","1","1","peak","13,128","18,698","70.21071772382%"
"2023-08-01","A DIVISION","2","1","offpeak","21,959","31,628","69.42898697357%"
"2023-08-01","A DIVISION","2","2","offpeak","5,255","7,056","74.47562358277%"
"2023-08-01","A DIVISION","2","2","peak","2,767","3,558","77.76840921866%"
"2023-08-01","A DIVISION","2","1","peak","13,133","20,189","65.05027490217%"
"2023-08-01","A DIVISION","3","1","offpeak","18,220","24,884","73.21973959171%"
"2023-08-01","A DIVISION","3","2","offpeak","3,851","4,667","82.51553460467%"
"2023-08-01","A DIVISION","3","2","peak","2,055","2,329","88.23529411765%"
"2023-08-01","A DIVISION","3","1","peak","11,357","16,368","69.38538611926%"
"2023-08-01","A DIVISION","4","1","offpeak","25,384","34,440","73.7049941928%"
"2023-08-01","A DIVISION","4","2","offpeak","6,759","8,756","77.19278209228%"
"2023-08-01","A DIVISION","4","1","peak","16,580","24,794","66.87101718158%"
"2023-08-01","A DIVISION","4","2","peak","3,792","4,711","80.49246444492%"
"2023-08-01","A DIVISION","5","1","offpeak","18,703","26,220","71.33104500381%"
"2023-08-01","A DIVISION","5","2","offpeak","3,290","4,097","80.30266048328%"
"2023-08-01","A DIVISION","5","2","peak","1,825","2,116","86.24763705104%"
"2023-08-01","A DIVISION","5","1","peak","13,675","21,127","64.72759975387%"
"2023-08-01","A DIVISION","6","2","offpeak","5,345","6,591","81.09543316644%"
"2023-08-01","A DIVISION","6","1","offpeak","24,019","31,797","75.53857282134%"
"2023-08-01","A DIVISION","6","1","peak","15,687","21,849","71.79733626253%"
"2023-08-01","A DIVISION","6","2","peak","2,783","3,447","80.73687264288%"
"2023-08-01","A DIVISION","7","1","offpeak","12,704","16,158","78.62359202872%"
"2023-08-01","A DIVISION","7","2","offpeak","2,736","3,213","85.15406162465%"
"2023-08-01","A DIVISION","7","1","peak","8,886","12,627","70.3730102162%"
"2023-08-01","A DIVISION","7","2","peak","1,596","1,948","81.93018480493%"
"2023-08-01","A DIVISION","S 42nd","1","offpeak","3,421","3,450","99.15942028986%"
"2023-08-01","A DIVISION","S 42nd","2","offpeak","757","769","98.43953185956%"
"2023-08-01","A DIVISION","S 42nd","1","peak","2,264","2,323","97.46018080069%"
"2023-08-01","A DIVISION","S 42nd","2","peak","399","434","91.93548387097%"
"2023-08-01","B DIVISION","A","2","offpeak","4,016","6,119","65.63163915672%"
"2023-08-01","B DIVISION","A","1","offpeak","14,755","23,020","64.0964378801%"
"2023-08-01","B DIVISION","A","2","peak","2,083","3,194","65.21603005636%"
"2023-08-01","B DIVISION","A","1","peak","10,209","16,706","61.10978091704%"
"2023-08-01","B DIVISION","B","1","offpeak","7,508","10,029","74.86289759697%"
"2023-08-01","B DIVISION","B","1","peak","5,342","7,711","69.27765529763%"
"2023-08-01","B DIVISION","C","1","offpeak","9,085","14,773","61.49732620321%"
"2023-08-01","B DIVISION","C","2","offpeak","2,657","3,758","70.70250133049%"
"2023-08-01","B DIVISION","C","1","peak","5,266","8,393","62.74276182533%"
"2023-08-01","B DIVISION","C","2","peak","1,477","2,116","69.80151228733%"
"2023-08-01","B DIVISION","D","2","offpeak","2,488","3,085","80.64829821718%"
"2023-08-01","B DIVISION","D","1","offpeak","9,865","14,582","67.65189960225%"
"2023-08-01","B DIVISION","D","1","peak","6,217","9,448","65.80228619814%"
"2023-08-01","B DIVISION","D","2","peak","1,327","1,602","82.83395755306%"
"2023-08-01","B DIVISION","E","2","offpeak","2,384","3,288","72.50608272506%"
"2023-08-01","B DIVISION","E","1","offpeak","13,742","19,498","70.47902348959%"
"2023-08-01","B DIVISION","E","1","peak","9,202","13,608","67.62198706643%"
"2023-08-01","B DIVISION","E","2","peak","1,215","1,626","74.72324723247%"
"2023-08-01","B DIVISION","F","1","offpeak","20,601","32,516","63.35650141469%"
"2023-08-01","B DIVISION","F","2","offpeak","3,318","4,542","73.05151915456%"
"2023-08-01","B DIVISION","F","1","peak","13,883","22,008","63.08160668848%"
"2023-08-01","B DIVISION","F","2","peak","1,762","2,284","77.14535901926%"
"2023-08-01","B DIVISION","G","1","offpeak","11,143","13,531","82.35163698175%"
"2023-08-01","B DIVISION","G","2","offpeak","3,824","4,566","83.74945247481%"
"2023-08-01","B DIVISION","G","1","peak","6,471","8,209","78.82811548301%"
"2023-08-01","B DIVISION","G","2","peak","2,010","2,377","84.56037021456%"
"2023-08-01","B DIVISION","JZ","1","offpeak","10,019","12,582","79.62962962963%"
"2023-08-01","B DIVISION","JZ","2","offpeak","3,048","3,723","81.86946011281%"
"2023-08-01","B DIVISION","JZ","1","peak","6,598","9,088","72.60123239437%"
"2023-08-01","B DIVISION","JZ","2","peak","1,527","1,990","76.73366834171%"
"2023-08-01","B DIVISION","L","1","offpeak","21,707","27,780","78.13894888409%"
"2023-08-01","B DIVISION","L","2","offpeak","3,176","3,793","83.73319272344%"
"2023-08-01","B DIVISION","L","2","peak","1,596","1,944","82.0987654321%"
"2023-08-01","B DIVISION","L","1","peak","12,690","16,759","75.72050838356%"
"2023-08-01","B DIVISION","M","1","offpeak","10,500","14,278","73.53971144418%"
"2023-08-01","B DIVISION","M","2","offpeak","1,807","2,112","85.55871212121%"
"2023-08-01","B DIVISION","M","2","peak","957","1,120","85.44642857143%"
"2023-08-01","B DIVISION","M","1","peak","7,576","10,696","70.83021690352%"
"2023-08-01","B DIVISION","N","2","offpeak","3,805","5,576","68.23888091822%"
"2023-08-01","B DIVISION","N","1","offpeak","12,711","18,717","67.91152428274%"
"2023-08-01","B DIVISION","N","1","peak","7,667","11,975","64.02505219207%"
"2023-08-01","B DIVISION","N","2","peak","1,903","2,813","67.6501955208%"
"2023-08-01","B DIVISION","Q","1","offpeak","10,753","15,382","69.90638408529%"
"2023-08-01","B DIVISION","Q","2","offpeak","2,938","4,296","68.38919925512%"
"2023-08-01","B DIVISION","Q","1","peak","6,151","9,033","68.09476364441%"
"2023-08-01","B DIVISION","Q","2","peak","1,540","2,231","69.0273419991%"
"2023-08-01","B DIVISION","R","2","offpeak","4,606","6,154","74.84562885928%"
"2023-08-01","B DIVISION","R","1","offpeak","15,470","22,132","69.89878908368%"
"2023-08-01","B DIVISION","R","2","peak","2,437","3,267","74.59442913988%"
"2023-08-01","B DIVISION","R","1","peak","9,965","15,408","64.67419522326%"
"2023-08-01","B DIVISION","S Fkln","2","offpeak","872","881","98.97843359818%"
"2023-08-01","B DIVISION","S Fkln","1","offpeak","2,636","2,718","96.98307579102%"
"2023-08-01","B DIVISION","S Fkln","2","peak","479","482","99.377593361%"
"2023-08-01","B DIVISION","S Fkln","1","peak","1,621","1,642","98.72107186358%"
"2023-08-01","B DIVISION","S Rock","2","offpeak","488","535","91.21495327103%"
"2023-08-01","B DIVISION","S Rock","1","offpeak","1,779","2,002","88.86113886114%"
"2023-08-01","B DIVISION","S Rock","2","peak","270","295","91.52542372881%"
"2023-08-01","B DIVISION","S Rock","1","peak","888","975","91.07692307692%"
"2023-08-01","B DIVISION","W","1","offpeak","5,091","6,895","73.83611312545%"
"2023-08-01","B DIVISION","W","1","peak","4,212","6,451","65.29220275926%"
"2023-09-01","A DIVISION","1","2","offpeak","5,956","7,060","84.36260623229%"
"2023-09-01","A DIVISION","1","1","offpeak","18,090","23,588","76.69153807021%"
"2023-09-01","A DIVISION","1","1","peak","10,657","15,446","68.99520911563%"
"2023-09-01","A DIVISION","1","2","peak","2,959","3,441","85.99244405696%"
"2023-09-01","A DIVISION","2","2","offpeak","6,566","8,905","73.73385738349%"
"2023-09-01","A DIVISION","2","1","offpeak","17,932","25,958","69.08082286771%"
"2023-09-01","A DIVISION","2","2","peak","3,234","4,459","72.52747252747%"
"2023-09-01","A DIVISION","2","1","peak","10,849","16,679","65.04586605912%"
"2023-09-01","A DIVISION","3","2","offpeak","5,435","6,912","78.63136574074%"
"2023-09-01","A DIVISION","3","1","offpeak","14,918","20,190","73.88806339772%"
"2023-09-01","A DIVISION","3","2","peak","2,859","3,481","82.13157138753%"
"2023-09-01","A DIVISION","3","1","peak","9,370","13,566","69.06973315642%"
"2023-09-01","A DIVISION","4","2","offpeak","8,092","10,748","75.28842575363%"
"2023-09-01","A DIVISION","4","1","offpeak","21,095","27,983","75.38505521209%"
"2023-09-01","A DIVISION","4","1","peak","13,913","20,482","67.92793672493%"
"2023-09-01","A DIVISION","4","2","peak","4,345","5,810","74.78485370052%"
"2023-09-01","A DIVISION","5","2","offpeak","3,507","4,612","76.04076322637%"
"2023-09-01","A DIVISION","5","1","offpeak","15,339","21,286","72.06144883961%"
"2023-09-01","A DIVISION","5","2","peak","1,989","2,482","80.13698630137%"
"2023-09-01","A DIVISION","5","1","peak","11,799","17,578","67.12367732393%"
"2023-09-01","A DIVISION","6","1","offpeak","19,471","26,077","74.6673313648%"
"2023-09-01","A DIVISION","6","2","offpeak","5,811","7,579","76.67238421955%"
"2023-09-01","A DIVISION","6","1","peak","12,537","18,058","69.42629305571%"
"2023-09-01","A DIVISION","6","2","peak","3,116","3,972","78.44914400806%"
"2023-09-01","A DIVISION","7","1","offpeak","12,205","15,126","80.68888007404%"
"2023-09-01","A DIVISION","7","2","offpeak","3,802","4,614","82.40138708279%"
"2023-09-01","A DIVISION","7","2","peak","2,323","2,896","80.21408839779%"
"2023-09-01","A DIVISION","7","1","peak","8,917","12,004","74.28357214262%"
"2023-09-01","A DIVISION","S 42nd","1","offpeak","2,821","2,849","99.0171990172%"
"2023-09-01","A DIVISION","S 42nd","2","offpeak","662","669","98.95366218236%"
"2023-09-01","A DIVISION","S 42nd","1","peak","1,890","1,919","98.48879624805%"
"2023-09-01","A DIVISION","S 42nd","2","peak","376","380","98.94736842105%"
"2023-09-01","B DIVISION","A","2","offpeak","4,298","6,225","69.04417670683%"
"2023-09-01","B DIVISION","A","1","offpeak","12,075","18,691","64.60328500348%"
"2023-09-01","B DIVISION","A","2","peak","2,272","3,248","69.95073891626%"
"2023-09-01","B DIVISION","A","1","peak","8,355","13,648","61.21776084408%"
"2023-09-01","B DIVISION","B","1","offpeak","5,962","8,318","71.67588362587%"
"2023-09-01","B DIVISION","B","1","peak","4,795","7,376","65.00813449024%"
"2023-09-01","B DIVISION","C","1","offpeak","7,889","12,417","63.53386486269%"
"2023-09-01","B DIVISION","C","2","offpeak","2,715","3,953","68.68201366051%"
"2023-09-01","B DIVISION","C","1","peak","4,384","6,917","63.38007806853%"
"2023-09-01","B DIVISION","C","2","peak","1,441","2,246","64.15850400712%"
"2023-09-01","B DIVISION","D","1","offpeak","9,054","13,320","67.97297297297%"
"2023-09-01","B DIVISION","D","2","offpeak","3,429","4,941","69.39890710383%"
"2023-09-01","B DIVISION","D","2","peak","1,765","2,543","69.40621313409%"
"2023-09-01","B DIVISION","D","1","peak","5,608","8,542","65.65207211426%"
"2023-09-01","B DIVISION","E","1","offpeak","10,992","15,976","68.80320480721%"
"2023-09-01","B DIVISION","E","2","offpeak","2,404","3,629","66.24414439239%"
"2023-09-01","B DIVISION","E","1","peak","7,241","10,867","66.63292537039%"
"2023-09-01","B DIVISION","E","2","peak","1,235","1,786","69.14893617021%"
"2023-09-01","B DIVISION","F","2","offpeak","4,472","6,723","66.51792354604%"
"2023-09-01","B DIVISION","F","1","offpeak","16,666","26,357","63.23177903403%"
"2023-09-01","B DIVISION","F","1","peak","11,079","17,763","62.37122107752%"
"2023-09-01","B DIVISION","F","2","peak","2,258","3,370","67.00296735905%"
"2023-09-01","B DIVISION","G","1","offpeak","9,238","11,275","81.93348115299%"
"2023-09-01","B DIVISION","G","2","offpeak","4,364","5,078","85.93934619929%"
"2023-09-01","B DIVISION","G","1","peak","5,259","6,790","77.45213549337%"
"2023-09-01","B DIVISION","G","2","peak","2,256","2,653","85.03580851866%"
"2023-09-01","B DIVISION","JZ","1","offpeak","8,556","10,403","82.24550610401%"
"2023-09-01","B DIVISION","JZ","2","offpeak","3,387","4,256","79.58176691729%"
"2023-09-01","B DIVISION","JZ","1","peak","5,503","7,501","73.36355152646%"
"2023-09-01","B DIVISION","JZ","2","peak","1,736","2,272","76.40845070423%"
"2023-09-01","B DIVISION","L","1","offpeak","17,970","22,655","79.32023835798%"
"2023-09-01","B DIVISION","L","2","offpeak","5,120","6,314","81.08964206525%"
"2023-09-01","B DIVISION","L","2","peak","2,670","3,264","81.80147058824%"
"2023-09-01","B DIVISION","L","1","peak","10,537","13,838","76.14539673363%"
"2023-09-01","B DIVISION","M","1","offpeak","6,168","7,914","77.93783169067%"
"2023-09-01","B DIVISION","M","2","offpeak","1,387","1,615","85.88235294118%"
"2023-09-01","B DIVISION","M","2","peak","739","869","85.04027617952%"
"2023-09-01","B DIVISION","M","1","peak","3,460","4,455","77.66554433221%"
"2023-09-01","B DIVISION","N","2","offpeak","4,518","6,282","71.91977077364%"
"2023-09-01","B DIVISION","N","1","offpeak","10,925","16,899","64.64879578673%"
"2023-09-01","B DIVISION","N","1","peak","6,276","9,932","63.18968989126%"
"2023-09-01","B DIVISION","N","2","peak","2,345","3,163","74.13847613026%"
"2023-09-01","B DIVISION","Q","1","offpeak","8,783","12,811","68.55827023652%"
"2023-09-01","B DIVISION","Q","2","offpeak","3,083","4,108","75.04868549172%"
"2023-09-01","B DIVISION","Q","2","peak","1,618","2,104","76.90114068441%"
"2023-09-01","B DIVISION","Q","1","peak","5,120","7,646","66.96311797018%"
"2023-09-01","B DIVISION","R","2","offpeak","4,284","6,366","67.29500471254%"
"2023-09-01","B DIVISION","R","1","offpeak","13,173","19,737","66.74266605867%"
"2023-09-01","B DIVISION","R","2","peak","2,480","3,483","71.20298593167%"
"2023-09-01","B DIVISION","R","1","peak","8,824","13,501","65.35812162062%"
"2023-09-01","B DIVISION","S Fkln","2","offpeak","1,010","1,015","99.50738916256%"
"2023-09-01","B DIVISION","S Fkln","1","offpeak","2,207","2,270","97.22466960352%"
"2023-09-01","B DIVISION","S Fkln","2","peak","553","556","99.46043165468%"
"2023-09-01","B DIVISION","S Fkln","1","peak","1,333","1,353","98.52180339985%"
"2023-09-01","B DIVISION","S Rock","2","offpeak","626","652","96.01226993865%"
"2023-09-01","B DIVISION","S Rock","1","offpeak","1,483","1,648","89.98786407767%"
"2023-09-01","B DIVISION","S Rock","2","peak","350","367","95.36784741144%"
"2023-09-01","B DIVISION","S Rock","1","peak","720","810","88.88888888889%"
"2023-09-01","B DIVISION","W","1","offpeak","5,185","7,663","67.6627952499%"
"2023-09-01","B DIVISION","W","1","peak","3,319","5,182","64.04862987264%"
"2023-10-01","A DIVISION","1","2","offpeak","5,517","7,601","72.58255492698%"
"2023-10-01","A DIVISION","1","1","offpeak","20,188","27,207","74.20149226302%"
"2023-10-01","A DIVISION","1","2","peak","2,771","3,660","75.71038251366%"
"2023-10-01","A DIVISION","1","1","peak","12,764","17,885","71.3670673749%"
"2023-10-01","A DIVISION","2","1","offpeak","19,764","30,085","65.69386737577%"
"2023-10-01","A DIVISION","2","2","offpeak","6,521","8,552","76.25116931712%"
"2023-10-01","A DIVISION","2","1","peak","12,255","19,313","63.45466784031%"
"2023-10-01","A DIVISION","2","2","peak","3,255","4,268","76.26522961575%"
"2023-10-01","A DIVISION","3","1","offpeak","16,909","24,053","70.29892321124%"
"2023-10-01","A DIVISION","3","2","offpeak","4,213","5,419","77.74497139694%"
"2023-10-01","A DIVISION","3","1","peak","10,369","15,708","66.01094983448%"
"2023-10-01","A DIVISION","3","2","peak","2,269","2,666","85.1087771943%"
"2023-10-01","A DIVISION","4","2","offpeak","7,145","9,921","72.01894970265%"
"2023-10-01","A DIVISION","4","1","offpeak","23,859","32,411","73.61389651661%"
"2023-10-01","A DIVISION","4","1","peak","15,842","23,715","66.80160236137%"
"2023-10-01","A DIVISION","4","2","peak","3,831","5,265","72.76353276353%"
"2023-10-01","A DIVISION","5","1","offpeak","17,194","24,554","70.02525046836%"
"2023-10-01","A DIVISION","5","2","offpeak","2,710","3,537","76.61860333616%"
"2023-10-01","A DIVISION","5","1","peak","13,321","20,379","65.36630845478%"
"2023-10-01","A DIVISION","5","2","peak","1,376","1,790","76.87150837989%"
"2023-10-01","A DIVISION","6","2","offpeak","5,715","7,224","79.11129568106%"
"2023-10-01","A DIVISION","6","1","offpeak","23,241","31,212","74.46174548251%"
"2023-10-01","A DIVISION","6","2","peak","2,925","3,747","78.06244995997%"
"2023-10-01","A DIVISION","6","1","peak","14,613","20,966","69.69855957264%"
"2023-10-01","A DIVISION","7","1","offpeak","11,379","14,473","78.6222621433%"
"2023-10-01","A DIVISION","7","2","offpeak","2,915","3,428","85.03500583431%"
"2023-10-01","A DIVISION","7","1","peak","7,833","10,926","71.69137836354%"
"2023-10-01","A DIVISION","7","2","peak","1,606","1,988","80.7847082495%"
"2023-10-01","A DIVISION","S 42nd","2","offpeak","903","909","99.3399339934%"
"2023-10-01","A DIVISION","S 42nd","1","offpeak","3,288","3,300","99.63636363636%"
"2023-10-01","A DIVISION","S 42nd","1","peak","2,192","2,222","98.6498649865%"
"2023-10-01","A DIVISION","S 42nd","2","peak","515","519","99.22928709056%"
"2023-10-01","B DIVISION","A","1","offpeak","14,090","21,844","64.502838308%"
"2023-10-01","B DIVISION","A","2","offpeak","4,160","6,204","67.05351386202%"
"2023-10-01","B DIVISION","A","2","peak","2,200","3,234","68.02721088435%"
"2023-10-01","B DIVISION","A","1","peak","10,178","16,089","63.26061284107%"
"2023-10-01","B DIVISION","B","1","offpeak","6,784","9,262","73.24551932628%"
"2023-10-01","B DIVISION","B","1","peak","5,761","8,642","66.66280953483%"
"2023-10-01","B DIVISION","C","2","offpeak","2,833","4,083","69.38525593926%"
"2023-10-01","B DIVISION","C","1","offpeak","8,842","14,449","61.19454633539%"
"2023-10-01","B DIVISION","C","1","peak","5,207","8,077","64.46700507614%"
"2023-10-01","B DIVISION","C","2","peak","1,584","2,300","68.86956521739%"
"2023-10-01","B DIVISION","D","1","offpeak","10,034","15,202","66.00447309565%"
"2023-10-01","B DIVISION","D","2","offpeak","3,071","4,818","63.7401411374%"
"2023-10-01","B DIVISION","D","2","peak","1,560","2,477","62.97941057731%"
"2023-10-01","B DIVISION","D","1","peak","6,247","9,857","63.37628081566%"
"2023-10-01","B DIVISION","E","1","offpeak","12,327","18,366","67.1185886965%"
"2023-10-01","B DIVISION","E","2","offpeak","2,442","3,925","62.21656050955%"
"2023-10-01","B DIVISION","E","1","peak","8,039","12,455","64.5443596949%"
"2023-10-01","B DIVISION","E","2","peak","1,384","1,946","71.12024665982%"
"2023-10-01","B DIVISION","F","1","offpeak","19,199","30,745","62.44592616686%"
"2023-10-01","B DIVISION","F","2","offpeak","4,743","6,937","68.37249531498%"
"2023-10-01","B DIVISION","F","2","peak","2,574","3,476","74.05063291139%"
"2023-10-01","B DIVISION","F","1","peak","12,867","20,724","62.08743485814%"
"2023-10-01","B DIVISION","G","1","offpeak","10,773","13,066","82.45063523649%"
"2023-10-01","B DIVISION","G","2","offpeak","3,686","4,491","82.07526163438%"
"2023-10-01","B DIVISION","G","1","peak","6,151","7,934","77.52709856315%"
"2023-10-01","B DIVISION","G","2","peak","1,871","2,317","80.7509710833%"
"2023-10-01","B DIVISION","JZ","2","offpeak","2,922","4,061","71.95272100468%"
"2023-10-01","B DIVISION","JZ","1","offpeak","9,679","12,006","80.61802432117%"
"2023-10-01","B DIVISION","JZ","1","peak","6,109","8,552","71.43358278765%"
"2023-10-01","B DIVISION","JZ","2","peak","1,630","2,145","75.99067599068%"
"2023-10-01","B DIVISION","L","1","offpeak","20,606","26,055","79.08654768758%"
"2023-10-01","B DIVISION","L","2","offpeak","6,016","7,549","79.69267452643%"
"2023-10-01","B DIVISION","L","1","peak","12,173","16,013","76.01948416911%"
"2023-10-01","B DIVISION","L","2","peak","2,999","3,883","77.23409734741%"
"2023-10-01","B DIVISION","M","1","offpeak","7,841","9,666","81.11938754397%"
"2023-10-01","B DIVISION","M","2","offpeak","1,758","2,092","84.034416826%"
"2023-10-01","B DIVISION","M","2","peak","969","1,110","87.2972972973%"
"2023-10-01","B DIVISION","M","1","peak","4,123","5,317","77.54372766598%"
"2023-10-01","B DIVISION","N","1","offpeak","13,094","19,514","67.10054319975%"
"2023-10-01","B DIVISION","N","2","offpeak","4,332","6,264","69.15708812261%"
"2023-10-01","B DIVISION","N","1","peak","7,427","11,601","64.02034307387%"
"2023-10-01","B DIVISION","N","2","peak","2,272","3,202","70.95565271705%"
"2023-10-01","B DIVISION","Q","1","offpeak","9,670","14,490","66.73567977916%"
"2023-10-01","B DIVISION","Q","2","offpeak","2,227","3,029","73.52261472433%"
"2023-10-01","B DIVISION","Q","2","peak","1,188","1,554","76.44787644788%"
"2023-10-01","B DIVISION","Q","1","peak","5,799","8,718","66.51754989677%"
"2023-10-01","B DIVISION","R","2","offpeak","4,624","6,564","70.44485070079%"
"2023-10-01","B DIVISION","R","1","offpeak","15,081","22,908","65.83289680461%"
"2023-10-01","B DIVISION","R","1","peak","9,867","15,511","63.61291986332%"
"2023-10-01","B DIVISION","R","2","peak","2,531","3,537","71.55781735934%"
"2023-10-01","B DIVISION","S Fkln","1","offpeak","2,589","2,618","98.8922841864%"
"2023-10-01","B DIVISION","S Fkln","2","offpeak","977","982","99.49083503055%"
"2023-10-01","B DIVISION","S Fkln","2","peak","515","525","98.09523809524%"
"2023-10-01","B DIVISION","S Fkln","1","peak","1,551","1,567","98.97894065093%"
"2023-10-01","B DIVISION","S Rock","1","offpeak","1,682","1,874","89.7545357524%"
"2023-10-01","B DIVISION","S Rock","2","offpeak","601","631","95.24564183835%"
"2023-10-01","B DIVISION","S Rock","1","peak","825","912","90.46052631579%"
"2023-10-01","B DIVISION","S Rock","2","peak","348","360","96.66666666667%"
"2023-10-01","B DIVISION","W","2","offpeak","299","564","53.01418439716%"
"2023-10-01","B DIVISION","W","1","offpeak","6,651","9,573","69.47665308681%"
"2023-10-01","B DIVISION","W","1","peak","4,306","6,328","68.04677623262%"
"2023-10-01","B DIVISION","W","2","peak","231","339","68.14159292035%"
"2023-11-01","A DIVISION","1","2","offpeak","5,164","6,683","77.2706868173%"
"2023-11-01","A DIVISION","1","1","offpeak","20,238","25,902","78.13296270558%"
"2023-11-01","A DIVISION","1","2","peak","2,573","3,235","79.53632148377%"
"2023-11-01","A DIVISION","1","1","peak","12,284","17,072","71.95407685098%"
"2023-11-01","A DIVISION","2","2","offpeak","4,209","6,035","69.74316487158%"
"2023-11-01","A DIVISION","2","1","offpeak","19,591","28,700","68.26132404181%"
"2023-11-01","A DIVISION","2","2","peak","2,228","3,005","74.14309484193%"
"2023-11-01","A DIVISION","2","1","peak","11,919","18,439","64.64016486794%"
"2023-11-01","A DIVISION","3","2","offpeak","3,857","4,582","84.17721518987%"
"2023-11-01","A DIVISION","3","1","offpeak","16,609","22,731","73.06761691083%"
"2023-11-01","A DIVISION","3","2","peak","1,956","2,309","84.7119965353%"
"2023-11-01","A DIVISION","3","1","peak","10,346","14,994","69.00093370682%"
"2023-11-01","A DIVISION","4","2","offpeak","6,938","9,517","72.90112430388%"
"2023-11-01","A DIVISION","4","1","offpeak","23,401","31,389","74.55159450763%"
"2023-11-01","A DIVISION","4","1","peak","15,295","22,611","67.64406704701%"
"2023-11-01","A DIVISION","4","2","peak","3,658","5,109","71.59913877471%"
"2023-11-01","A DIVISION","5","1","offpeak","16,349","23,568","69.36948404616%"
"2023-11-01","A DIVISION","5","2","offpeak","5,083","6,673","76.1726359958%"
"2023-11-01","A DIVISION","5","1","peak","12,752","19,626","64.97503311933%"
"2023-11-01","A DIVISION","5","2","peak","2,680","3,555","75.38677918425%"
"2023-11-01","A DIVISION","6","1","offpeak","21,529","29,752","72.36152191449%"
"2023-11-01","A DIVISION","6","2","offpeak","5,200","6,547","79.42569115625%"
"2023-11-01","A DIVISION","6","1","peak","13,392","19,993","66.98344420547%"
"2023-11-01","A DIVISION","6","2","peak","2,763","3,417","80.86040386304%"
"2023-11-01","A DIVISION","7","1","offpeak","11,923","15,289","77.98417162666%"
"2023-11-01","A DIVISION","7","2","offpeak","2,842","3,463","82.06757146982%"
"2023-11-01","A DIVISION","7","1","peak","8,353","11,898","70.20507648344%"
"2023-11-01","A DIVISION","7","2","peak","1,646","2,145","76.7365967366%"
"2023-11-01","A DIVISION","S 42nd","1","offpeak","3,087","3,147","98.09342230696%"
"2023-11-01","A DIVISION","S 42nd","2","offpeak","804","809","99.38195302843%"
"2023-11-01","A DIVISION","S 42nd","2","peak","462","465","99.35483870968%"
"2023-11-01","A DIVISION","S 42nd","1","peak","2,076","2,121","97.8783592645%"
"2023-11-01","B DIVISION","A","2","offpeak","3,981","6,113","65.12350727957%"
"2023-11-01","B DIVISION","A","1","offpeak","13,508","20,879","64.69658508549%"
"2023-11-01","B DIVISION","A","2","peak","2,162","3,172","68.15889029004%"
"2023-11-01","B DIVISION","A","1","peak","9,695","15,245","63.59462118727%"
"2023-11-01","B DIVISION","B","1","offpeak","6,000","8,482","70.73803348267%"
"2023-11-01","B DIVISION","B","1","peak","5,108","8,208","62.23196881092%"
"2023-11-01","B DIVISION","C","1","offpeak","8,715","13,707","63.58065222149%"
"2023-11-01","B DIVISION","C","2","offpeak","2,766","3,835","72.12516297262%"
"2023-11-01","B DIVISION","C","1","peak","4,994","7,712","64.75622406639%"
"2023-11-01","B DIVISION","C","2","peak","1,547","2,164","71.48798521257%"
"2023-11-01","B DIVISION","D","1","offpeak","9,635","14,668","65.68721025361%"
"2023-11-01","B DIVISION","D","2","offpeak","2,963","4,207","70.43023532208%"
"2023-11-01","B DIVISION","D","2","peak","1,550","2,138","72.49766136576%"
"2023-11-01","B DIVISION","D","1","peak","6,105","9,462","64.5212428662%"
"2023-11-01","B DIVISION","E","2","offpeak","2,597","3,618","71.77998894417%"
"2023-11-01","B DIVISION","E","1","offpeak","11,619","17,518","66.32606461925%"
"2023-11-01","B DIVISION","E","1","peak","7,947","11,950","66.50209205021%"
"2023-11-01","B DIVISION","E","2","peak","1,394","1,862","74.86573576799%"
"2023-11-01","B DIVISION","F","2","offpeak","3,892","5,558","70.02518891688%"
"2023-11-01","B DIVISION","F","1","offpeak","18,780","29,788","63.04552168659%"
"2023-11-01","B DIVISION","F","2","peak","2,112","2,778","76.02591792657%"
"2023-11-01","B DIVISION","F","1","peak","12,409","19,824","62.59584342211%"
"2023-11-01","B DIVISION","G","1","offpeak","10,141","12,314","82.35341887283%"
"2023-11-01","B DIVISION","G","2","offpeak","3,109","3,762","82.64221158958%"
"2023-11-01","B DIVISION","G","1","peak","5,958","7,545","78.9662027833%"
"2023-11-01","B DIVISION","G","2","peak","1,633","1,977","82.59989883662%"
"2023-11-01","B DIVISION","JZ","2","offpeak","2,705","3,434","78.77111240536%"
"2023-11-01","B DIVISION","JZ","1","offpeak","8,992","11,433","78.64952330972%"
"2023-11-01","B DIVISION","JZ","1","peak","5,845","8,220","71.10705596107%"
"2023-11-01","B DIVISION","JZ","2","peak","1,421","1,816","78.24889867841%"
"2023-11-01","B DIVISION","L","1","offpeak","19,321","25,084","77.02519534365%"
"2023-11-01","B DIVISION","L","2","offpeak","5,113","6,499","78.67364209878%"
"2023-11-01","B DIVISION","L","2","peak","2,466","3,346","73.69994022714%"
"2023-11-01","B DIVISION","L","1","peak","11,193","15,295","73.18077803204%"
"2023-11-01","B DIVISION","M","2","offpeak","973","1,072","90.76492537313%"
"2023-11-01","B DIVISION","M","1","offpeak","7,410","9,222","80.35133376708%"
"2023-11-01","B DIVISION","M","2","peak","516","574","89.89547038328%"
"2023-11-01","B DIVISION","M","1","peak","3,997","5,173","77.26657645467%"
"2023-11-01","B DIVISION","N","1","offpeak","12,062","18,620","64.77980665951%"
"2023-11-01","B DIVISION","N","2","offpeak","3,442","4,989","68.99178192022%"
"2023-11-01","B DIVISION","N","1","peak","6,980","11,100","62.88288288288%"
"2023-11-01","B DIVISION","N","2","peak","1,865","2,489","74.92969063881%"
"2023-11-01","B DIVISION","Q","1","offpeak","9,161","13,315","68.80210289148%"
"2023-11-01","B DIVISION","Q","2","offpeak","2,906","4,268","68.08809746954%"
"2023-11-01","B DIVISION","Q","2","peak","1,502","2,172","69.15285451197%"
"2023-11-01","B DIVISION","Q","1","peak","5,367","8,310","64.58483754513%"
"2023-11-01","B DIVISION","R","1","offpeak","14,465","21,894","66.06832922262%"
"2023-11-01","B DIVISION","R","2","offpeak","4,785","6,490","73.72881355932%"
"2023-11-01","B DIVISION","R","1","peak","9,479","14,819","63.9651798367%"
"2023-11-01","B DIVISION","R","2","peak","2,647","3,532","74.94337485844%"
"2023-11-01","B DIVISION","S Fkln","2","offpeak","871","880","98.97727272727%"
"2023-11-01","B DIVISION","S Fkln","1","offpeak","2,335","2,385","97.9035639413%"
"2023-11-01","B DIVISION","S Fkln","2","peak","484","486","99.58847736626%"
"2023-11-01","B DIVISION","S Fkln","1","peak","1,395","1,419","98.30866807611%"
"2023-11-01","B DIVISION","S Rock","2","offpeak","394","442","89.14027149321%"
"2023-11-01","B DIVISION","S Rock","1","offpeak","1,636","1,791","91.34561697376%"
"2023-11-01","B DIVISION","S Rock","1","peak","793","878","90.31890660592%"
"2023-11-01","B DIVISION","S Rock","2","peak","228","244","93.44262295082%"
"2023-11-01","B DIVISION","W","1","offpeak","6,159","9,048","68.07029177719%"
"2023-11-01","B DIVISION","W","1","peak","3,973","6,062","65.53942593204%"
"2023-12-01","A DIVISION","1","1","offpeak","18,308","25,018","73.17931089615%"
"2023-12-01","A DIVISION","1","2","offpeak","6,948","8,893","78.12886539975%"
"2023-12-01","A DIVISION","1","1","peak","11,340","16,259","69.74598683806%"
"2023-12-01","A DIVISION","1","2","peak","3,276","4,161","78.73107426099%"
"2023-12-01","A DIVISION","2","2","offpeak","7,535","10,280","73.29766536965%"
"2023-12-01","A DIVISION","2","1","offpeak","18,292","27,507","66.49943650707%"
"2023-12-01","A DIVISION","2","1","peak","10,926","17,555","62.23867843919%"
"2023-12-01","A DIVISION","2","2","peak","3,867","5,244","73.7414187643%"
"2023-12-01","A DIVISION","3","2","offpeak","6,047","7,671","78.82935731978%"
"2023-12-01","A DIVISION","3","1","offpeak","15,120","21,644","69.85769728331%"
"2023-12-01","A DIVISION","3","1","peak","9,528","14,280","66.72268907563%"
"2023-12-01","A DIVISION","3","2","peak","3,274","3,838","85.3048462741%"
"2023-12-01","A DIVISION","4","2","offpeak","7,840","11,684","67.10030811366%"
"2023-12-01","A DIVISION","4","1","offpeak","21,097","29,864","70.64358424859%"
"2023-12-01","A DIVISION","4","1","peak","13,893","21,482","64.67274927847%"
"2023-12-01","A DIVISION","4","2","peak","4,322","6,246","69.1962856228%"
"2023-12-01","A DIVISION","5","2","offpeak","3,997","5,272","75.81562974203%"
"2023-12-01","A DIVISION","5","1","offpeak","15,508","22,836","67.91031704327%"
"2023-12-01","A DIVISION","5","2","peak","2,232","2,776","80.40345821326%"
"2023-12-01","A DIVISION","5","1","peak","11,808","18,691","63.17479000589%"
"2023-12-01","A DIVISION","6","1","offpeak","20,184","28,536","70.73170731707%"
"2023-12-01","A DIVISION","6","2","offpeak","6,939","9,006","77.04863424384%"
"2023-12-01","A DIVISION","6","2","peak","3,449","4,553","75.7522512629%"
"2023-12-01","A DIVISION","6","1","peak","12,629","19,039","66.33226535007%"
"2023-12-01","A DIVISION","7","2","offpeak","4,532","5,981","75.77328205986%"
"2023-12-01","A DIVISION","7","1","offpeak","12,477","16,499","75.62276501606%"
"2023-12-01","A DIVISION","7","2","peak","2,679","3,660","73.19672131148%"
"2023-12-01","A DIVISION","7","1","peak","9,046","13,228","68.38524342304%"
"2023-12-01","A DIVISION","S 42nd","1","offpeak","2,368","2,399","98.70779491455%"
"2023-12-01","A DIVISION","S 42nd","2","offpeak","1,081","1,091","99.08340971586%"
"2023-12-01","A DIVISION","S 42nd","1","peak","1,576","1,616","97.52475247525%"
"2023-12-01","A DIVISION","S 42nd","2","peak","616","620","99.35483870968%"
"2023-12-01","B DIVISION","A","1","offpeak","12,201","19,755","61.761579347%"
"2023-12-01","B DIVISION","A","2","offpeak","5,082","7,412","68.56449001619%"
"2023-12-01","B DIVISION","A","1","peak","8,657","14,294","60.56387295369%"
"2023-12-01","B DIVISION","A","2","peak","2,651","3,835","69.12646675359%"
"2023-12-01","B DIVISION","B","1","offpeak","5,396","8,642","62.43925017357%"
"2023-12-01","B DIVISION","B","1","peak","4,507","7,903","57.0289763381%"
"2023-12-01","B DIVISION","C","2","offpeak","2,512","3,792","66.2447257384%"
"2023-12-01","B DIVISION","C","1","offpeak","7,342","13,274","55.31113454874%"
"2023-12-01","B DIVISION","C","1","peak","4,032","7,260","55.53719008264%"
"2023-12-01","B DIVISION","C","2","peak","1,409","2,100","67.09523809524%"
"2023-12-01","B DIVISION","D","1","offpeak","8,275","13,881","59.61386067286%"
"2023-12-01","B DIVISION","D","2","offpeak","3,635","5,341","68.05841602696%"
"2023-12-01","B DIVISION","D","1","peak","5,321","8,977","59.27369945416%"
"2023-12-01","B DIVISION","D","2","peak","1,948","2,770","70.32490974729%"
"2023-12-01","B DIVISION","E","1","offpeak","10,704","16,723","64.00765412904%"
"2023-12-01","B DIVISION","E","2","offpeak","3,322","4,491","73.97016254732%"
"2023-12-01","B DIVISION","E","2","peak","1,704","2,222","76.68766876688%"
"2023-12-01","B DIVISION","E","1","peak","7,363","11,379","64.70691624923%"
"2023-12-01","B DIVISION","F","1","offpeak","16,228","28,519","56.90241593324%"
"2023-12-01","B DIVISION","F","2","offpeak","5,451","7,449","73.17760773258%"
"2023-12-01","B DIVISION","F","2","peak","2,732","3,720","73.44086021505%"
"2023-12-01","B DIVISION","F","1","peak","10,785","18,769","57.46177207097%"
"2023-12-01","B DIVISION","G","2","offpeak","4,521","5,601","80.71772897697%"
"2023-12-01","B DIVISION","G","1","offpeak","9,181","12,039","76.26048675139%"
"2023-12-01","B DIVISION","G","2","peak","2,344","2,904","80.71625344353%"
"2023-12-01","B DIVISION","G","1","peak","5,277","7,246","72.82638697212%"
"2023-12-01","B DIVISION","JZ","2","offpeak","3,982","4,971","80.10460671897%"
"2023-12-01","B DIVISION","JZ","1","offpeak","7,793","10,895","71.52822395594%"
"2023-12-01","B DIVISION","JZ","2","peak","2,025","2,664","76.01351351351%"
"2023-12-01","B DIVISION","JZ","1","peak","5,370","7,820","68.67007672634%"
"2023-12-01","B DIVISION","L","2","offpeak","8,406","11,136","75.4849137931%"
"2023-12-01","B DIVISION","L","1","offpeak","17,559","23,876","73.54246942536%"
"2023-12-01","B DIVISION","L","2","peak","4,070","5,694","71.47874956094%"
"2023-12-01","B DIVISION","L","1","peak","9,860","14,544","67.79427942794%"
"2023-12-01","B DIVISION","M","2","offpeak","2,160","2,639","81.84918529746%"
"2023-12-01","B DIVISION","M","1","offpeak","6,050","8,728","69.31714023831%"
"2023-12-01","B DIVISION","M","2","peak","1,178","1,408","83.66477272727%"
"2023-12-01","B DIVISION","M","1","peak","3,310","4,913","67.37227763078%"
"2023-12-01","B DIVISION","N","1","offpeak","10,697","17,740","60.29875986471%"
"2023-12-01","B DIVISION","N","2","offpeak","4,695","6,902","68.02376122863%"
"2023-12-01","B DIVISION","N","2","peak","2,425","3,499","69.30551586167%"
"2023-12-01","B DIVISION","N","1","peak","6,104","10,551","57.85233627144%"
"2023-12-01","B DIVISION","Q","1","offpeak","8,585","13,280","64.64608433735%"
"2023-12-01","B DIVISION","Q","2","offpeak","4,218","5,797","72.76177333103%"
"2023-12-01","B DIVISION","Q","2","peak","2,250","2,990","75.2508361204%"
"2023-12-01","B DIVISION","Q","1","peak","4,906","7,934","61.83513990421%"
"2023-12-01","B DIVISION","R","1","offpeak","12,539","20,822","60.21995965805%"
"2023-12-01","B DIVISION","R","2","offpeak","4,891","6,939","70.48566075803%"
"2023-12-01","B DIVISION","R","2","peak","2,681","3,768","71.15180467091%"
"2023-12-01","B DIVISION","R","1","peak","8,271","14,231","58.11959806057%"
"2023-12-01","B DIVISION","S Fkln","1","offpeak","2,270","2,341","96.96710807347%"
"2023-12-01","B DIVISION","S Fkln","2","offpeak","1,079","1,093","98.71912168344%"
"2023-12-01","B DIVISION","S Fkln","1","peak","1,296","1,328","97.59036144578%"
"2023-12-01","B DIVISION","S Fkln","2","peak","574","581","98.79518072289%"
"2023-12-01","B DIVISION","S Rock","2","offpeak","497","594","83.67003367003%"
"2023-12-01","B DIVISION","S Rock","1","offpeak","1,557","1,737","89.63730569948%"
"2023-12-01","B DIVISION","S Rock","1","peak","772","853","90.5041031653%"
"2023-12-01","B DIVISION","S Rock","2","peak","301","334","90.11976047904%"
"2023-12-01","B DIVISION","W","1","offpeak","4,674","7,834","59.66300740363%"
"2023-12-01","B DIVISION","W","1","peak","3,351","5,714","58.64543227161%"
"2024-01-01","A DIVISION","1","1","offpeak","18,240","25,812","70.66480706648%"
"2024-01-01","A DIVISION","1","2","offpeak","4,252","5,471","77.71888137452%"
"2024-01-01","A DIVISION","1","1","peak","10,642","16,903","62.95923800509%"
"2024-01-01","A DIVISION","1","2","peak","2,053","2,616","78.47859327217%"
"2024-01-01","A DIVISION","2","1","offpeak","19,628","28,470","68.94274675097%"
"2024-01-01","A DIVISION","2","2","offpeak","4,689","6,529","71.81804257926%"
"2024-01-01","A DIVISION","2","2","peak","2,421","3,239","74.74529175672%"
"2024-01-01","A DIVISION","2","1","peak","11,520","18,300","62.95081967213%"
"2024-01-01","A DIVISION","3","1","offpeak","16,434","22,328","73.60265137943%"
"2024-01-01","A DIVISION","3","2","offpeak","4,105","5,311","77.29241197515%"
"2024-01-01","A DIVISION","3","2","peak","2,252","2,670","84.34456928839%"
"2024-01-01","A DIVISION","3","1","peak","10,111","14,896","67.87728249194%"
"2024-01-01","A DIVISION","4","1","offpeak","24,162","32,962","73.3025908622%"
"2024-01-01","A DIVISION","4","2","offpeak","6,664","8,785","75.85657370518%"
"2024-01-01","A DIVISION","4","2","peak","3,422","4,697","72.85501383862%"
"2024-01-01","A DIVISION","4","1","peak","15,292","23,716","64.47967616799%"
"2024-01-01","A DIVISION","5","1","offpeak","17,363","24,879","69.78978254753%"
"2024-01-01","A DIVISION","5","2","offpeak","2,304","2,692","85.58692421991%"
"2024-01-01","A DIVISION","5","2","peak","1,236","1,440","85.83333333333%"
"2024-01-01","A DIVISION","5","1","peak","13,162","20,536","64.09232567199%"
"2024-01-01","A DIVISION","6","2","offpeak","5,956","7,388","80.61721710883%"
"2024-01-01","A DIVISION","6","1","offpeak","22,733","30,882","73.61246033288%"
"2024-01-01","A DIVISION","6","2","peak","2,968","3,688","80.47722342733%"
"2024-01-01","A DIVISION","6","1","peak","14,568","20,923","69.62672656885%"
"2024-01-01","A DIVISION","7","2","offpeak","667","690","96.66666666667%"
"2024-01-01","A DIVISION","7","1","offpeak","13,765","18,473","74.51415579494%"
"2024-01-01","A DIVISION","7","2","peak","345","358","96.3687150838%"
"2024-01-01","A DIVISION","7","1","peak","10,134","14,866","68.16897618727%"
"2024-01-01","A DIVISION","S 42nd","1","offpeak","3,154","3,297","95.6627236882%"
"2024-01-01","A DIVISION","S 42nd","2","offpeak","837","848","98.70283018868%"
"2024-01-01","A DIVISION","S 42nd","2","peak","488","496","98.38709677419%"
"2024-01-01","A DIVISION","S 42nd","1","peak","2,133","2,222","95.99459945995%"
"2024-01-01","B DIVISION","A","2","offpeak","4,274","6,224","68.66966580977%"
"2024-01-01","B DIVISION","A","1","offpeak","14,190","21,910","64.76494751255%"
"2024-01-01","B DIVISION","A","2","peak","2,317","3,214","72.09085252022%"
"2024-01-01","B DIVISION","A","1","peak","9,836","16,019","61.40208502403%"
"2024-01-01","B DIVISION","B","1","offpeak","6,301","9,498","66.34028216467%"
"2024-01-01","B DIVISION","B","1","peak","5,303","8,644","61.34891254049%"
"2024-01-01","B DIVISION","C","1","offpeak","9,335","14,887","62.70571639686%"
"2024-01-01","B DIVISION","C","2","offpeak","2,674","3,862","69.23873640601%"
"2024-01-01","B DIVISION","C","2","peak","1,554","2,164","71.81146025878%"
"2024-01-01","B DIVISION","C","1","peak","5,307","8,145","65.15653775322%"
"2024-01-01","B DIVISION","D","1","offpeak","10,186","15,288","66.62742019885%"
"2024-01-01","B DIVISION","D","2","offpeak","3,168","4,289","73.86337141525%"
"2024-01-01","B DIVISION","D","2","peak","1,662","2,222","74.79747974797%"
"2024-01-01","B DIVISION","D","1","peak","6,159","9,888","62.28762135922%"
"2024-01-01","B DIVISION","E","2","offpeak","3,602","4,726","76.21667371985%"
"2024-01-01","B DIVISION","E","1","offpeak","12,271","18,428","66.5888864771%"
"2024-01-01","B DIVISION","E","1","peak","8,487","12,528","67.74425287356%"
"2024-01-01","B DIVISION","E","2","peak","1,925","2,691","71.53474544779%"
"2024-01-01","B DIVISION","F","2","offpeak","4,792","6,344","75.53593947037%"
"2024-01-01","B DIVISION","F","1","offpeak","17,909","30,533","58.65457046474%"
"2024-01-01","B DIVISION","F","2","peak","2,390","3,187","74.99215563226%"
"2024-01-01","B DIVISION","F","1","peak","11,639","20,486","56.81440984087%"
"2024-01-01","B DIVISION","G","2","offpeak","3,858","4,489","85.94341724215%"
"2024-01-01","B DIVISION","G","1","offpeak","10,902","13,857","78.67503788699%"
"2024-01-01","B DIVISION","G","2","peak","2,033","2,352","86.43707482993%"
"2024-01-01","B DIVISION","G","1","peak","6,267","8,048","77.87027833002%"
"2024-01-01","B DIVISION","JZ","1","offpeak","9,105","12,027","75.70466450486%"
"2024-01-01","B DIVISION","JZ","2","offpeak","3,291","4,045","81.35970333745%"
"2024-01-01","B DIVISION","JZ","2","peak","1,731","2,156","80.28756957328%"
"2024-01-01","B DIVISION","JZ","1","peak","6,257","8,638","72.43574901598%"
"2024-01-01","B DIVISION","L","2","offpeak","5,974","7,717","77.41350265647%"
"2024-01-01","B DIVISION","L","1","offpeak","19,763","26,290","75.17306960822%"
"2024-01-01","B DIVISION","L","2","peak","3,126","3,967","78.80010083186%"
"2024-01-01","B DIVISION","L","1","peak","11,138","15,992","69.64732366183%"
"2024-01-01","B DIVISION","M","1","offpeak","7,463","9,621","77.56989917888%"
"2024-01-01","B DIVISION","M","2","offpeak","1,831","2,110","86.77725118483%"
"2024-01-01","B DIVISION","M","1","peak","4,102","5,397","76.00518806744%"
"2024-01-01","B DIVISION","M","2","peak","941","1,121","83.94290811775%"
"2024-01-01","B DIVISION","N","1","offpeak","12,951","19,730","65.64115560061%"
"2024-01-01","B DIVISION","N","2","offpeak","2,684","3,659","73.35337523914%"
"2024-01-01","B DIVISION","N","2","peak","1,370","1,897","72.21929362151%"
"2024-01-01","B DIVISION","N","1","peak","7,264","11,666","62.26641522373%"
"2024-01-01","B DIVISION","Q","2","offpeak","1,156","1,600","72.25%"
"2024-01-01","B DIVISION","Q","1","offpeak","9,928","14,567","68.15404681815%"
"2024-01-01","B DIVISION","Q","1","peak","5,608","8,693","64.5116760612%"
"2024-01-01","B DIVISION","Q","2","peak","591","842","70.19002375297%"
"2024-01-01","B DIVISION","R","1","offpeak","14,671","22,839","64.23661281142%"
"2024-01-01","B DIVISION","R","2","offpeak","5,696","8,315","68.5027059531%"
"2024-01-01","B DIVISION","R","2","peak","3,278","4,816","68.06478405316%"
"2024-01-01","B DIVISION","R","1","peak","9,921","15,848","62.60095911156%"
"2024-01-01","B DIVISION","S Fkln","1","offpeak","2,479","2,522","98.29500396511%"
"2024-01-01","B DIVISION","S Fkln","2","offpeak","820","861","95.2380952381%"
"2024-01-01","B DIVISION","S Fkln","2","peak","460","461","99.7830802603%"
"2024-01-01","B DIVISION","S Fkln","1","peak","1,450","1,483","97.77478084963%"
"2024-01-01","B DIVISION","S Rock","2","offpeak","567","599","94.65776293823%"
"2024-01-01","B DIVISION","S Rock","1","offpeak","1,781","1,937","91.94630872483%"
"2024-01-01","B DIVISION","S Rock","1","peak","854","935","91.33689839572%"
"2024-01-01","B DIVISION","S Rock","2","peak","309","334","92.51497005988%"
"2024-01-01","B DIVISION","W","1","offpeak","6,201","9,459","65.55661274976%"
"2024-01-01","B DIVISION","W","1","peak","4,179","6,373","65.57351325906%"
"2024-02-01","A DIVISION","1","2","offpeak","5,638","7,214","78.1535902412%"
"2024-02-01","A DIVISION","1","1","offpeak","19,139","24,530","78.02282918875%"
"2024-02-01","A DIVISION","1","2","peak","2,625","3,402","77.16049382716%"
"2024-02-01","A DIVISION","1","1","peak","11,577","16,235","71.30890052356%"
"2024-02-01","A DIVISION","2","2","offpeak","5,215","8,115","64.26370918053%"
"2024-02-01","A DIVISION","2","1","offpeak","18,379","27,088","67.84923213231%"
"2024-02-01","A DIVISION","2","1","peak","11,018","17,260","63.83545770568%"
"2024-02-01","A DIVISION","2","2","peak","2,627","4,137","63.50012086053%"
"2024-02-01","A DIVISION","3","1","offpeak","15,504","21,426","72.36068328199%"
"2024-02-01","A DIVISION","3","2","offpeak","2,381","3,148","75.63532401525%"
"2024-02-01","A DIVISION","3","1","peak","9,727","14,014","69.40916226631%"
"2024-02-01","A DIVISION","3","2","peak","1,095","1,548","70.73643410853%"
"2024-02-01","A DIVISION","4","2","offpeak","6,278","8,769","71.59311209944%"
"2024-02-01","A DIVISION","4","1","offpeak","22,714","29,890","75.99197055872%"
"2024-02-01","A DIVISION","4","1","peak","14,680","21,504","68.26636904762%"
"2024-02-01","A DIVISION","4","2","peak","3,140","4,708","66.69498725573%"
"2024-02-01","A DIVISION","5","2","offpeak","2,070","2,798","73.98141529664%"
"2024-02-01","A DIVISION","5","1","offpeak","15,903","22,314","71.26915837591%"
"2024-02-01","A DIVISION","5","1","peak","12,522","18,691","66.99481033653%"
"2024-02-01","A DIVISION","5","2","peak","1,105","1,464","75.4781420765%"
"2024-02-01","A DIVISION","6","2","offpeak","5,540","7,415","74.71341874579%"
"2024-02-01","A DIVISION","6","1","offpeak","20,009","27,442","72.91378179433%"
"2024-02-01","A DIVISION","6","1","peak","13,068","19,018","68.71385003681%"
"2024-02-01","A DIVISION","6","2","peak","2,779","3,700","75.10810810811%"
"2024-02-01","A DIVISION","7","1","offpeak","13,520","16,938","79.82052190341%"
"2024-02-01","A DIVISION","7","2","offpeak","3,384","4,006","84.4732900649%"
"2024-02-01","A DIVISION","7","1","peak","10,206","13,677","74.6216275499%"
"2024-02-01","A DIVISION","7","2","peak","1,940","2,335","83.0835117773%"
"2024-02-01","A DIVISION","S 42nd","1","offpeak","2,942","2,997","98.16483149816%"
"2024-02-01","A DIVISION","S 42nd","2","offpeak","845","852","99.17840375587%"
"2024-02-01","A DIVISION","S 42nd","2","peak","494","496","99.59677419355%"
"2024-02-01","A DIVISION","S 42nd","1","peak","1,987","2,020","98.36633663366%"
"2024-02-01","B DIVISION","A","1","offpeak","13,364","20,009","66.78994452496%"
"2024-02-01","B DIVISION","A","2","offpeak","4,089","5,860","69.77815699659%"
"2024-02-01","B DIVISION","A","2","peak","2,054","3,049","67.36634962283%"
"2024-02-01","B DIVISION","A","1","peak","9,214","14,439","63.81328346838%"
"2024-02-01","B DIVISION","B","1","offpeak","5,393","8,089","66.67078748918%"
"2024-02-01","B DIVISION","B","1","peak","4,439","7,186","61.77289173393%"
"2024-02-01","B DIVISION","C","1","offpeak","9,054","13,759","65.80420088669%"
"2024-02-01","B DIVISION","C","2","offpeak","2,437","3,636","67.02420242024%"
"2024-02-01","B DIVISION","C","2","peak","1,437","2,072","69.35328185328%"
"2024-02-01","B DIVISION","C","1","peak","4,852","7,421","65.38202398599%"
"2024-02-01","B DIVISION","D","1","offpeak","9,261","13,992","66.18782161235%"
"2024-02-01","B DIVISION","D","2","offpeak","2,932","4,203","69.75969545563%"
"2024-02-01","B DIVISION","D","1","peak","5,694","9,055","62.88238542242%"
"2024-02-01","B DIVISION","D","2","peak","1,490","2,149","69.33457422057%"
"2024-02-01","B DIVISION","E","2","offpeak","2,221","2,950","75.28813559322%"
"2024-02-01","B DIVISION","E","1","offpeak","11,148","16,790","66.39666468136%"
"2024-02-01","B DIVISION","E","2","peak","1,131","1,452","77.89256198347%"
"2024-02-01","B DIVISION","E","1","peak","7,405","11,312","65.46145685997%"
"2024-02-01","B DIVISION","F","2","offpeak","3,666","4,976","73.67363344051%"
"2024-02-01","B DIVISION","F","1","offpeak","15,791","27,356","57.7240824682%"
"2024-02-01","B DIVISION","F","1","peak","10,635","18,434","57.69230769231%"
"2024-02-01","B DIVISION","F","2","peak","1,823","2,498","72.97838270616%"
"2024-02-01","B DIVISION","G","2","offpeak","2,942","3,286","89.53134510043%"
"2024-02-01","B DIVISION","G","1","offpeak","9,612","12,229","78.6000490637%"
"2024-02-01","B DIVISION","G","1","peak","5,401","7,307","73.91542356644%"
"2024-02-01","B DIVISION","G","2","peak","1,502","1,710","87.83625730994%"
"2024-02-01","B DIVISION","JZ","2","offpeak","3,058","3,922","77.97042325344%"
"2024-02-01","B DIVISION","JZ","1","offpeak","8,458","10,766","78.56214007059%"
"2024-02-01","B DIVISION","JZ","2","peak","1,625","2,084","77.97504798464%"
"2024-02-01","B DIVISION","JZ","1","peak","5,919","7,848","75.42048929664%"
"2024-02-01","B DIVISION","L","1","offpeak","18,089","23,856","75.8257880617%"
"2024-02-01","B DIVISION","L","2","offpeak","5,620","7,730","72.70375161708%"
"2024-02-01","B DIVISION","L","2","peak","3,040","3,969","76.59360040312%"
"2024-02-01","B DIVISION","L","1","peak","10,656","14,563","73.17173659274%"
"2024-02-01","B DIVISION","M","2","offpeak","1,611","1,854","86.8932038835%"
"2024-02-01","B DIVISION","M","1","offpeak","6,544","8,243","79.3885721218%"
"2024-02-01","B DIVISION","M","2","peak","871","989","88.06875631951%"
"2024-02-01","B DIVISION","M","1","peak","3,576","4,649","76.91976769198%"
"2024-02-01","B DIVISION","N","2","offpeak","3,642","5,616","64.85042735043%"
"2024-02-01","B DIVISION","N","1","offpeak","12,237","17,926","68.26397411581%"
"2024-02-01","B DIVISION","N","2","peak","1,988","2,844","69.90154711674%"
"2024-02-01","B DIVISION","N","1","peak","6,990","10,640","65.6954887218%"
"2024-02-01","B DIVISION","Q","1","offpeak","9,222","12,957","71.17388284325%"
"2024-02-01","B DIVISION","Q","2","offpeak","3,056","4,181","73.09256158814%"
"2024-02-01","B DIVISION","Q","2","peak","1,495","2,147","69.63204471355%"
"2024-02-01","B DIVISION","Q","1","peak","5,220","7,726","67.56406937613%"
"2024-02-01","B DIVISION","R","1","offpeak","13,375","20,820","64.24111431316%"
"2024-02-01","B DIVISION","R","2","offpeak","4,314","5,943","72.58960121151%"
"2024-02-01","B DIVISION","R","2","peak","2,264","3,184","71.10552763819%"
"2024-02-01","B DIVISION","R","1","peak","8,995","14,403","62.45226688884%"
"2024-02-01","B DIVISION","S Fkln","1","offpeak","2,264","2,313","97.88153912668%"
"2024-02-01","B DIVISION","S Fkln","2","offpeak","801","822","97.44525547445%"
"2024-02-01","B DIVISION","S Fkln","2","peak","415","432","96.06481481481%"
"2024-02-01","B DIVISION","S Fkln","1","peak","1,417","1,429","99.16025192442%"
"2024-02-01","B DIVISION","S Rock","1","offpeak","1,613","1,753","92.01369081574%"
"2024-02-01","B DIVISION","S Rock","2","offpeak","552","596","92.61744966443%"
"2024-02-01","B DIVISION","S Rock","1","peak","797","856","93.10747663551%"
"2024-02-01","B DIVISION","S Rock","2","peak","305","332","91.86746987952%"
"2024-02-01","B DIVISION","W","1","offpeak","5,829","8,605","67.73968622894%"
"2024-02-01","B DIVISION","W","1","peak","3,819","5,782","66.04980975441%"
"2024-03-01","A DIVISION","1","1","offpeak","20,215","25,756","78.48656623699%"
"2024-03-01","A DIVISION","1","2","offpeak","6,105","7,409","82.39978404643%"
"2024-03-01","A DIVISION","1","1","peak","11,942","17,072","69.95079662605%"
"2024-03-01","A DIVISION","1","2","peak","3,092","3,589","86.15213151296%"
"2024-03-01","A DIVISION","2","2","offpeak","6,584","9,298","70.81092708109%"
"2024-03-01","A DIVISION","2","1","offpeak","19,896","28,622","69.51296205716%"
"2024-03-01","A DIVISION","2","2","peak","3,441","4,592","74.93466898955%"
"2024-03-01","A DIVISION","2","1","peak","12,085","18,295","66.05629953539%"
"2024-03-01","A DIVISION","3","2","offpeak","6,039","7,648","78.96182008368%"
"2024-03-01","A DIVISION","3","1","offpeak","17,251","22,795","75.6788769467%"
"2024-03-01","A DIVISION","3","2","peak","3,132","3,783","82.79143536875%"
"2024-03-01","A DIVISION","3","1","peak","11,057","14,879","74.31278983803%"
"2024-03-01","A DIVISION","4","2","offpeak","8,130","11,006","73.868798837%"
"2024-03-01","A DIVISION","4","1","offpeak","23,473","31,377","74.8095738917%"
"2024-03-01","A DIVISION","4","1","peak","15,181","22,601","67.16959426574%"
"2024-03-01","A DIVISION","4","2","peak","4,332","5,895","73.48600508906%"
"2024-03-01","A DIVISION","5","2","offpeak","3,971","4,741","83.75870069606%"
"2024-03-01","A DIVISION","5","1","offpeak","16,754","23,743","70.5639556922%"
"2024-03-01","A DIVISION","5","1","peak","12,860","19,633","65.50196098406%"
"2024-03-01","A DIVISION","5","2","peak","2,121","2,479","85.55869302138%"
"2024-03-01","A DIVISION","6","1","offpeak","20,282","29,473","68.81552607471%"
"2024-03-01","A DIVISION","6","2","offpeak","6,946","8,939","77.70444121266%"
"2024-03-01","A DIVISION","6","2","peak","3,548","4,439","79.92791169182%"
"2024-03-01","A DIVISION","6","1","peak","13,061","19,984","65.35728582866%"
"2024-03-01","A DIVISION","7","1","offpeak","15,080","18,625","80.96644295302%"
"2024-03-01","A DIVISION","7","2","offpeak","3,108","3,602","86.28539700167%"
"2024-03-01","A DIVISION","7","2","peak","1,930","2,233","86.43081056874%"
"2024-03-01","A DIVISION","7","1","peak","11,056","15,059","73.41788963411%"
"2024-03-01","A DIVISION","S 42nd","1","offpeak","3,081","3,148","97.87166454892%"
"2024-03-01","A DIVISION","S 42nd","2","offpeak","1,051","1,063","98.87111947319%"
"2024-03-01","A DIVISION","S 42nd","1","peak","2,084","2,121","98.2555398397%"
"2024-03-01","A DIVISION","S 42nd","2","peak","606","620","97.74193548387%"
"2024-03-01","B DIVISION","A","1","offpeak","13,315","19,899","66.91291019649%"
"2024-03-01","B DIVISION","A","2","offpeak","5,000","7,051","70.91192738619%"
"2024-03-01","B DIVISION","A","1","peak","9,225","14,408","64.02692948362%"
"2024-03-01","B DIVISION","A","2","peak","2,654","3,639","72.93212420995%"
"2024-03-01","B DIVISION","B","1","offpeak","6,290","9,065","69.38775510204%"
"2024-03-01","B DIVISION","B","1","peak","4,912","7,858","62.50954441334%"
"2024-03-01","B DIVISION","C","2","offpeak","3,373","4,453","75.74668762632%"
"2024-03-01","B DIVISION","C","1","offpeak","9,119","13,890","65.65154787617%"
"2024-03-01","B DIVISION","C","2","peak","1,879","2,503","75.06991610068%"
"2024-03-01","B DIVISION","C","1","peak","5,134","7,384","69.52871072589%"
"2024-03-01","B DIVISION","D","2","offpeak","3,476","4,726","73.55057130766%"
"2024-03-01","B DIVISION","D","1","offpeak","9,755","14,155","68.91557753444%"
"2024-03-01","B DIVISION","D","1","peak","6,320","9,435","66.98463169051%"
"2024-03-01","B DIVISION","D","2","peak","1,792","2,459","72.87515250102%"
"2024-03-01","B DIVISION","E","1","offpeak","11,790","17,134","68.81055211859%"
"2024-03-01","B DIVISION","E","2","offpeak","3,778","4,887","77.30714139554%"
"2024-03-01","B DIVISION","E","1","peak","7,999","11,766","67.98402175761%"
"2024-03-01","B DIVISION","E","2","peak","2,080","2,609","79.72403219624%"
"2024-03-01","B DIVISION","F","1","offpeak","16,588","25,720","64.49455676516%"
"2024-03-01","B DIVISION","F","2","offpeak","5,430","6,734","80.63558063558%"
"2024-03-01","B DIVISION","F","1","peak","10,890","17,183","63.37659314439%"
"2024-03-01","B DIVISION","F","2","peak","2,788","3,371","82.70542865619%"
"2024-03-01","B DIVISION","G","2","offpeak","4,838","5,590","86.54740608229%"
"2024-03-01","B DIVISION","G","1","offpeak","10,120","12,956","78.11052794072%"
"2024-03-01","B DIVISION","G","1","peak","6,063","7,711","78.62793412009%"
"2024-03-01","B DIVISION","G","2","peak","2,559","2,915","87.78730703259%"
"2024-03-01","B DIVISION","JZ","1","offpeak","9,278","11,505","80.6431986093%"
"2024-03-01","B DIVISION","JZ","2","offpeak","4,010","4,973","80.63543132918%"
"2024-03-01","B DIVISION","JZ","1","peak","6,213","8,234","75.45542871023%"
"2024-03-01","B DIVISION","JZ","2","peak","2,170","2,647","81.97959954666%"
"2024-03-01","B DIVISION","L","1","offpeak","19,175","25,066","76.49804516078%"
"2024-03-01","B DIVISION","L","2","offpeak","5,659","6,996","80.88907947399%"
"2024-03-01","B DIVISION","L","1","peak","11,334","15,282","74.16568511975%"
"2024-03-01","B DIVISION","L","2","peak","3,009","3,613","83.28259064489%"
"2024-03-01","B DIVISION","M","2","offpeak","2,355","2,781","84.68176914779%"
"2024-03-01","B DIVISION","M","1","offpeak","7,686","9,265","82.95736643281%"
"2024-03-01","B DIVISION","M","1","peak","4,228","5,187","81.51147098516%"
"2024-03-01","B DIVISION","M","2","peak","1,308","1,481","88.31870357866%"
"2024-03-01","B DIVISION","N","2","offpeak","4,669","6,091","76.65407978985%"
"2024-03-01","B DIVISION","N","1","offpeak","13,176","18,846","69.91404011461%"
"2024-03-01","B DIVISION","N","2","peak","2,406","3,074","78.26935588809%"
"2024-03-01","B DIVISION","N","1","peak","7,509","11,183","67.14656174551%"
"2024-03-01","B DIVISION","Q","1","offpeak","9,685","14,028","69.04049044768%"
"2024-03-01","B DIVISION","Q","2","offpeak","2,635","3,178","82.91378225299%"
"2024-03-01","B DIVISION","Q","1","peak","5,719","8,416","67.9538973384%"
"2024-03-01","B DIVISION","Q","2","peak","1,384","1,641","84.33881779403%"
"2024-03-01","B DIVISION","R","1","offpeak","15,138","22,026","68.72786706619%"
"2024-03-01","B DIVISION","R","2","offpeak","6,757","8,817","76.6360440059%"
"2024-03-01","B DIVISION","R","2","peak","3,679","4,880","75.3893442623%"
"2024-03-01","B DIVISION","R","1","peak","9,790","15,196","64.42484864438%"
"2024-03-01","B DIVISION","S Fkln","1","offpeak","2,402","2,482","96.77679290894%"
"2024-03-01","B DIVISION","S Fkln","2","offpeak","1,002","1,026","97.66081871345%"
"2024-03-01","B DIVISION","S Fkln","2","peak","542","547","99.08592321755%"
"2024-03-01","B DIVISION","S Fkln","1","peak","1,467","1,485","98.78787878788%"
"2024-03-01","B DIVISION","S Rock","1","offpeak","1,678","1,836","91.39433551198%"
"2024-03-01","B DIVISION","S Rock","2","offpeak","704","741","95.00674763833%"
"2024-03-01","B DIVISION","S Rock","1","peak","819","896","91.40625%"
"2024-03-01","B DIVISION","S Rock","2","peak","400","416","96.15384615385%"
"2024-03-01","B DIVISION","W","1","offpeak","6,654","9,099","73.12891526541%"
"2024-03-01","B DIVISION","W","1","peak","4,330","6,151","70.39505771419%"
"2024-04-01","A DIVISION","1","1","offpeak","20,972","27,299","76.82332686179%"
"2024-04-01","A DIVISION","1","2","offpeak","5,535","6,752","81.97571090047%"
"2024-04-01","A DIVISION","1","1","peak","12,987","17,885","72.61392228124%"
"2024-04-01","A DIVISION","1","2","peak","2,682","3,201","83.78631677601%"
"2024-04-01","A DIVISION","2","1","offpeak","20,687","29,944","69.08562650281%"
"2024-04-01","A DIVISION","2","2","offpeak","5,379","7,157","75.15718876624%"
"2024-04-01","A DIVISION","2","2","peak","2,699","3,558","75.85722315908%"
"2024-04-01","A DIVISION","2","1","peak","13,105","19,314","67.85233509371%"
"2024-04-01","A DIVISION","3","2","offpeak","3,927","4,750","82.67368421053%"
"2024-04-01","A DIVISION","3","1","offpeak","17,277","23,477","73.59117434084%"
"2024-04-01","A DIVISION","3","2","peak","2,076","2,358","88.04071246819%"
"2024-04-01","A DIVISION","3","1","peak","11,092","15,705","70.62718879338%"
"2024-04-01","A DIVISION","4","2","offpeak","6,143","8,025","76.54828660436%"
"2024-04-01","A DIVISION","4","1","offpeak","25,277","32,889","76.85548359634%"
"2024-04-01","A DIVISION","4","1","peak","16,265","23,710","68.59974694222%"
"2024-04-01","A DIVISION","4","2","peak","3,260","4,316","75.53290083411%"
"2024-04-01","A DIVISION","5","1","offpeak","16,769","23,747","70.61523560871%"
"2024-04-01","A DIVISION","5","2","offpeak","2,459","3,099","79.34817683124%"
"2024-04-01","A DIVISION","5","1","peak","13,561","19,729","68.73637792083%"
"2024-04-01","A DIVISION","5","2","peak","1,314","1,603","81.97130380536%"
"2024-04-01","A DIVISION","6","2","offpeak","5,722","7,198","79.49430397333%"
"2024-04-01","A DIVISION","6","1","offpeak","24,086","31,208","77.17892847988%"
"2024-04-01","A DIVISION","6","2","peak","2,900","3,585","80.89260808926%"
"2024-04-01","A DIVISION","6","1","peak","15,087","20,943","72.03838991548%"
"2024-04-01","A DIVISION","7","1","offpeak","13,976","17,835","78.36276983459%"
"2024-04-01","A DIVISION","7","2","offpeak","2,717","3,151","86.22659473183%"
"2024-04-01","A DIVISION","7","1","peak","10,375","14,508","71.51226909291%"
"2024-04-01","A DIVISION","7","2","peak","1,610","1,930","83.41968911917%"
"2024-04-01","A DIVISION","S 42nd","2","offpeak","837","850","98.47058823529%"
"2024-04-01","A DIVISION","S 42nd","1","offpeak","3,230","3,297","97.96784956021%"
"2024-04-01","A DIVISION","S 42nd","2","peak","477","496","96.16935483871%"
"2024-04-01","A DIVISION","S 42nd","1","peak","2,175","2,222","97.88478847885%"
"2024-04-01","B DIVISION","A","1","offpeak","14,640","21,246","68.90708839311%"
"2024-04-01","B DIVISION","A","2","offpeak","4,115","5,546","74.19761990624%"
"2024-04-01","B DIVISION","A","2","peak","2,163","2,891","74.81840193705%"
"2024-04-01","B DIVISION","A","1","peak","10,130","15,377","65.87760941666%"
"2024-04-01","B DIVISION","B","1","offpeak","6,848","9,520","71.93277310924%"
"2024-04-01","B DIVISION","B","1","peak","5,801","8,667","66.93204107534%"
"2024-04-01","B DIVISION","C","2","offpeak","2,684","3,670","73.13351498638%"
"2024-04-01","B DIVISION","C","1","offpeak","10,111","14,724","68.67019831568%"
"2024-04-01","B DIVISION","C","2","peak","1,486","2,068","71.85686653772%"
"2024-04-01","B DIVISION","C","1","peak","5,668","7,837","72.32359321169%"
"2024-04-01","B DIVISION","D","2","offpeak","3,106","4,339","71.58331412768%"
"2024-04-01","B DIVISION","D","1","offpeak","10,804","14,992","72.06510138741%"
"2024-04-01","B DIVISION","D","1","peak","6,960","9,868","70.53100932306%"
"2024-04-01","B DIVISION","D","2","peak","1,593","2,231","71.40295831466%"
"2024-04-01","B DIVISION","E","1","offpeak","12,673","18,016","70.34302841918%"
"2024-04-01","B DIVISION","E","2","offpeak","3,102","3,856","80.44605809129%"
"2024-04-01","B DIVISION","E","1","peak","8,857","13,148","67.36385762093%"
"2024-04-01","B DIVISION","E","2","peak","1,541","1,877","82.09909429941%"
"2024-04-01","B DIVISION","F","1","offpeak","20,653","30,820","67.0116807268%"
"2024-04-01","B DIVISION","F","2","offpeak","4,859","6,090","79.78653530378%"
"2024-04-01","B DIVISION","F","2","peak","2,370","3,055","77.57774140753%"
"2024-04-01","B DIVISION","F","1","peak","13,688","21,102","64.86588948915%"
"2024-04-01","B DIVISION","G","1","offpeak","11,109","13,805","80.47084389714%"
"2024-04-01","B DIVISION","G","2","offpeak","3,916","4,558","85.91487494515%"
"2024-04-01","B DIVISION","G","2","peak","2,081","2,386","87.21709974853%"
"2024-04-01","B DIVISION","G","1","peak","6,242","8,061","77.4345614688%"
"2024-04-01","B DIVISION","JZ","1","offpeak","9,912","12,054","82.22996515679%"
"2024-04-01","B DIVISION","JZ","2","offpeak","3,323","4,113","80.79260880136%"
"2024-04-01","B DIVISION","JZ","2","peak","1,673","2,207","75.80425917535%"
"2024-04-01","B DIVISION","JZ","1","peak","6,533","8,650","75.52601156069%"
"2024-04-01","B DIVISION","L","2","offpeak","3,132","3,624","86.4238410596%"
"2024-04-01","B DIVISION","L","1","offpeak","19,267","26,266","73.35338460367%"
"2024-04-01","B DIVISION","L","1","peak","11,719","15,996","73.26206551638%"
"2024-04-01","B DIVISION","L","2","peak","1,666","1,826","91.23767798467%"
"2024-04-01","B DIVISION","M","2","offpeak","1,904","2,285","83.32603938731%"
"2024-04-01","B DIVISION","M","1","offpeak","10,505","15,125","69.45454545455%"
"2024-04-01","B DIVISION","M","2","peak","994","1,217","81.67625308135%"
"2024-04-01","B DIVISION","M","1","peak","7,518","11,548","65.10218219605%"
"2024-04-01","B DIVISION","N","2","offpeak","3,494","4,648","75.17211703959%"
"2024-04-01","B DIVISION","N","1","offpeak","14,004","19,724","70.99979720138%"
"2024-04-01","B DIVISION","N","2","peak","1,877","2,386","78.66722548198%"
"2024-04-01","B DIVISION","N","1","peak","8,103","11,742","69.00868676546%"
"2024-04-01","B DIVISION","Q","2","offpeak","3,035","4,068","74.60668633235%"
"2024-04-01","B DIVISION","Q","1","offpeak","10,640","14,683","72.46475515903%"
"2024-04-01","B DIVISION","Q","2","peak","1,559","2,082","74.87992315082%"
"2024-04-01","B DIVISION","Q","1","peak","6,346","8,704","72.90900735294%"
"2024-04-01","B DIVISION","R","1","offpeak","15,769","23,705","66.52183083738%"
"2024-04-01","B DIVISION","R","2","offpeak","4,688","6,670","70.28485757121%"
"2024-04-01","B DIVISION","R","2","peak","2,584","3,650","70.79452054795%"
"2024-04-01","B DIVISION","R","1","peak","9,575","15,193","63.02244454683%"
"2024-04-01","B DIVISION","S Fkln","1","offpeak","2,280","2,433","93.71146732429%"
"2024-04-01","B DIVISION","S Fkln","2","offpeak","803","818","98.1662591687%"
"2024-04-01","B DIVISION","S Fkln","2","peak","451","452","99.77876106195%"
"2024-04-01","B DIVISION","S Fkln","1","peak","1,439","1,455","98.90034364261%"
"2024-04-01","B DIVISION","S Rock","2","offpeak","562","589","95.41595925297%"
"2024-04-01","B DIVISION","S Rock","1","offpeak","1,748","1,910","91.51832460733%"
"2024-04-01","B DIVISION","S Rock","2","peak","313","331","94.56193353474%"
"2024-04-01","B DIVISION","S Rock","1","peak","857","939","91.2673056443%"
"2024-04-01","B DIVISION","W","1","offpeak","7,247","9,580","75.64718162839%"
"2024-04-01","B DIVISION","W","1","peak","4,653","6,440","72.25155279503%"
"2024-05-01","A DIVISION","1","2","offpeak","5,384","6,672","80.69544364508%"
"2024-05-01","A DIVISION","1","1","offpeak","20,597","26,566","77.5314311526%"
"2024-05-01","A DIVISION","1","1","peak","13,065","17,892","73.02146210597%"
"2024-05-01","A DIVISION","1","2","peak","2,556","3,112","82.13367609254%"
"2024-05-01","A DIVISION","2","2","offpeak","5,901","7,823","75.43142017129%"
"2024-05-01","A DIVISION","2","1","offpeak","20,869","29,999","69.56565218841%"
"2024-05-01","A DIVISION","2","1","peak","13,119","19,314","67.9248213731%"
"2024-05-01","A DIVISION","2","2","peak","3,114","3,955","78.73577749684%"
"2024-05-01","A DIVISION","3","2","offpeak","4,928","5,591","88.14165623323%"
"2024-05-01","A DIVISION","3","1","offpeak","17,873","23,553","75.88417611345%"
"2024-05-01","A DIVISION","3","2","peak","2,465","2,806","87.84746970777%"
"2024-05-01","A DIVISION","3","1","peak","11,508","15,708","73.26203208556%"
"2024-05-01","A DIVISION","4","1","offpeak","24,864","32,926","75.51479074288%"
"2024-05-01","A DIVISION","4","2","offpeak","6,823","9,528","71.60999160369%"
"2024-05-01","A DIVISION","4","2","peak","3,689","5,100","72.33333333333%"
"2024-05-01","A DIVISION","4","1","peak","16,124","23,709","68.00792947826%"
"2024-05-01","A DIVISION","5","2","offpeak","2,664","3,355","79.40387481371%"
"2024-05-01","A DIVISION","5","1","offpeak","18,074","25,015","72.25264841095%"
"2024-05-01","A DIVISION","5","2","peak","1,554","1,827","85.05747126437%"
"2024-05-01","A DIVISION","5","1","peak","14,307","20,560","69.58657587549%"
"2024-05-01","A DIVISION","6","2","offpeak","5,471","6,918","79.08355015901%"
"2024-05-01","A DIVISION","6","1","offpeak","22,666","30,430","74.48570489648%"
"2024-05-01","A DIVISION","6","1","peak","14,393","20,862","68.99146774039%"
"2024-05-01","A DIVISION","6","2","peak","2,828","3,453","81.89979727773%"
"2024-05-01","A DIVISION","7","1","offpeak","13,027","16,751","77.76849143335%"
"2024-05-01","A DIVISION","7","2","offpeak","3,428","3,901","87.8749038708%"
"2024-05-01","A DIVISION","7","1","peak","9,893","13,726","72.07489436107%"
"2024-05-01","A DIVISION","7","2","peak","2,002","2,319","86.33031479086%"
"2024-05-01","A DIVISION","S 42nd","1","offpeak","3,280","6,565","49.96191926885%"
"2024-05-01","A DIVISION","S 42nd","2","offpeak","853","1,413","60.36801132343%"
"2024-05-01","A DIVISION","S 42nd","2","peak","497","904","54.97787610619%"
"2024-05-01","A DIVISION","S 42nd","1","peak","2,193","4,444","49.34743474347%"
"2024-05-01","B DIVISION","A","2","offpeak","4,097","5,912","69.29972936401%"
"2024-05-01","B DIVISION","A","1","offpeak","15,316","22,304","68.66929698709%"
"2024-05-01","B DIVISION","A","2","peak","2,213","3,083","71.78073305222%"
"2024-05-01","B DIVISION","A","1","peak","10,485","16,167","64.85433290035%"
"2024-05-01","B DIVISION","B","1","offpeak","6,584","9,513","69.21055397877%"
"2024-05-01","B DIVISION","B","1","peak","5,560","8,594","64.69629974401%"
"2024-05-01","B DIVISION","C","2","offpeak","2,715","3,664","74.09934497817%"
"2024-05-01","B DIVISION","C","1","offpeak","9,982","15,030","66.41383898869%"
"2024-05-01","B DIVISION","C","1","peak","5,359","8,128","65.93257874016%"
"2024-05-01","B DIVISION","C","2","peak","1,590","2,083","76.3322131541%"
"2024-05-01","B DIVISION","D","2","offpeak","2,973","4,312","68.94712430427%"
"2024-05-01","B DIVISION","D","1","offpeak","10,591","15,094","70.16695375646%"
"2024-05-01","B DIVISION","D","2","peak","1,553","2,213","70.17623136014%"
"2024-05-01","B DIVISION","D","1","peak","6,526","9,818","66.4697494398%"
"2024-05-01","B DIVISION","E","2","offpeak","2,411","3,038","79.36142198815%"
"2024-05-01","B DIVISION","E","1","offpeak","13,619","18,438","73.86375962686%"
"2024-05-01","B DIVISION","E","2","peak","1,217","1,515","80.3300330033%"
"2024-05-01","B DIVISION","E","1","peak","9,070","13,088","69.30012224939%"
"2024-05-01","B DIVISION","F","1","offpeak","20,745","30,409","68.2199348877%"
"2024-05-01","B DIVISION","F","2","offpeak","4,173","5,755","72.51086012163%"
"2024-05-01","B DIVISION","F","2","peak","2,068","2,885","71.68110918544%"
"2024-05-01","B DIVISION","F","1","peak","13,640","20,907","65.24130673937%"
"2024-05-01","B DIVISION","G","2","offpeak","3,643","4,058","89.77328733366%"
"2024-05-01","B DIVISION","G","1","offpeak","10,820","13,471","80.32068888724%"
"2024-05-01","B DIVISION","G","2","peak","1,922","2,130","90.23474178404%"
"2024-05-01","B DIVISION","G","1","peak","6,296","8,032","78.38645418327%"
"2024-05-01","B DIVISION","JZ","1","offpeak","9,591","12,010","79.85845129059%"
"2024-05-01","B DIVISION","JZ","2","offpeak","2,361","2,957","79.84443692932%"
"2024-05-01","B DIVISION","JZ","1","peak","6,450","8,619","74.83466759485%"
"2024-05-01","B DIVISION","JZ","2","peak","1,252","1,571","79.69446212603%"
"2024-05-01","B DIVISION","L","1","offpeak","20,065","26,228","76.50221137715%"
"2024-05-01","B DIVISION","L","2","offpeak","3,583","3,957","90.54839524893%"
"2024-05-01","B DIVISION","L","1","peak","11,852","15,994","74.1027885457%"
"2024-05-01","B DIVISION","L","2","peak","1,778","2,018","88.10703666997%"
"2024-05-01","B DIVISION","M","1","offpeak","10,893","15,168","71.81566455696%"
"2024-05-01","B DIVISION","M","2","offpeak","1,930","2,313","83.44141807177%"
"2024-05-01","B DIVISION","M","1","peak","7,793","11,516","67.67106634248%"
"2024-05-01","B DIVISION","M","2","peak","990","1,222","81.0147299509%"
"2024-05-01","B DIVISION","N","1","offpeak","13,680","19,725","69.3536121673%"
"2024-05-01","B DIVISION","N","2","offpeak","4,017","5,543","72.46978170666%"
"2024-05-01","B DIVISION","N","2","peak","2,062","2,785","74.039497307%"
"2024-05-01","B DIVISION","N","1","peak","7,730","11,669","66.24389407833%"
"2024-05-01","B DIVISION","Q","1","offpeak","11,163","14,861","75.11607563421%"
"2024-05-01","B DIVISION","Q","2","offpeak","3,595","4,600","78.15217391304%"
"2024-05-01","B DIVISION","Q","2","peak","1,901","2,374","80.07582139848%"
"2024-05-01","B DIVISION","Q","1","peak","6,211","8,798","70.5955899068%"
"2024-05-01","B DIVISION","R","2","offpeak","4,390","5,829","75.31308972379%"
"2024-05-01","B DIVISION","R","1","offpeak","16,066","23,551","68.21791006751%"
"2024-05-01","B DIVISION","R","2","peak","2,336","3,083","75.77035355174%"
"2024-05-01","B DIVISION","R","1","peak","9,667","15,163","63.75387456308%"
"2024-05-01","B DIVISION","S Fkln","2","offpeak","815","821","99.26918392205%"
"2024-05-01","B DIVISION","S Fkln","1","offpeak","2,447","2,544","96.18710691824%"
"2024-05-01","B DIVISION","S Fkln","2","peak","429","435","98.62068965517%"
"2024-05-01","B DIVISION","S Fkln","1","peak","1,512","1,532","98.69451697128%"
"2024-05-01","B DIVISION","S Rock","1","offpeak","1,693","1,909","88.68517548455%"
"2024-05-01","B DIVISION","S Rock","2","offpeak","280","295","94.91525423729%"
"2024-05-01","B DIVISION","S Rock","2","peak","137","161","85.09316770186%"
"2024-05-01","B DIVISION","S Rock","1","peak","854","941","90.75451647184%"
"2024-05-01","B DIVISION","W","1","offpeak","7,199","9,589","75.07560746689%"
"2024-05-01","B DIVISION","W","1","peak","4,515","6,379","70.77911898417%"
"2024-06-01","A DIVISION","1","2","offpeak","7,177","8,769","81.84513627552%"
"2024-06-01","A DIVISION","1","1","offpeak","19,336","24,903","77.64526362286%"
"2024-06-01","A DIVISION","1","1","peak","11,741","16,259","72.21231318039%"
"2024-06-01","A DIVISION","1","2","peak","3,575","4,115","86.8772782503%"
"2024-06-01","A DIVISION","2","2","offpeak","7,698","10,687","72.03144006737%"
"2024-06-01","A DIVISION","2","1","offpeak","18,862","27,328","69.02078454333%"
"2024-06-01","A DIVISION","2","2","peak","3,970","5,478","72.47170500183%"
"2024-06-01","A DIVISION","2","1","peak","11,226","17,556","63.94395078606%"
"2024-06-01","A DIVISION","3","1","offpeak","16,362","21,755","75.21029648357%"
"2024-06-01","A DIVISION","3","2","offpeak","5,841","7,279","80.24453908504%"
"2024-06-01","A DIVISION","3","1","peak","10,517","14,280","73.64845938375%"
"2024-06-01","A DIVISION","3","2","peak","2,972","3,626","81.96359624931%"
"2024-06-01","A DIVISION","4","1","offpeak","22,439","29,904","75.03678437667%"
"2024-06-01","A DIVISION","4","2","offpeak","8,012","10,401","77.03105470628%"
"2024-06-01","A DIVISION","4","2","peak","4,324","5,588","77.38010021475%"
"2024-06-01","A DIVISION","4","1","peak","14,372","21,554","66.67903869351%"
"2024-06-01","A DIVISION","5","1","offpeak","15,848","22,625","70.04640883978%"
"2024-06-01","A DIVISION","5","2","offpeak","2,648","3,236","81.82941903585%"
"2024-06-01","A DIVISION","5","2","peak","1,482","1,746","84.87972508591%"
"2024-06-01","A DIVISION","5","1","peak","12,113","18,684","64.83087133376%"
"2024-06-01","A DIVISION","6","2","offpeak","5,505","7,668","71.79186228482%"
"2024-06-01","A DIVISION","6","1","offpeak","21,001","27,644","75.96946896252%"
"2024-06-01","A DIVISION","6","2","peak","2,815","3,792","74.23523206751%"
"2024-06-01","A DIVISION","6","1","peak","13,351","18,981","70.33875981244%"
"2024-06-01","A DIVISION","7","1","offpeak","11,910","15,231","78.19578491235%"
"2024-06-01","A DIVISION","7","2","offpeak","4,774","5,811","82.15453450353%"
"2024-06-01","A DIVISION","7","2","peak","2,971","3,754","79.14224826851%"
"2024-06-01","A DIVISION","7","1","peak","9,135","12,708","71.88385269122%"
"2024-06-01","A DIVISION","S 42nd","1","offpeak","2,934","5,975","49.10460251046%"
"2024-06-01","A DIVISION","S 42nd","2","offpeak","1,076","1,790","60.11173184358%"
"2024-06-01","A DIVISION","S 42nd","1","peak","1,955","4,040","48.39108910891%"
"2024-06-01","A DIVISION","S 42nd","2","peak","640","1,184","54.05405405405%"
"2024-06-01","B DIVISION","A","2","offpeak","4,838","7,628","63.42422653382%"
"2024-06-01","B DIVISION","A","1","offpeak","13,238","20,022","66.1172710019%"
"2024-06-01","B DIVISION","A","2","peak","2,593","4,006","64.72790813779%"
"2024-06-01","B DIVISION","A","1","peak","9,382","14,662","63.98854180876%"
"2024-06-01","B DIVISION","B","1","offpeak","5,810","8,460","68.67612293144%"
"2024-06-01","B DIVISION","B","1","peak","4,986","7,757","64.27742684027%"
"2024-06-01","B DIVISION","C","1","offpeak","8,501","13,111","64.8386850736%"
"2024-06-01","B DIVISION","C","2","offpeak","3,060","4,686","65.30089628681%"
"2024-06-01","B DIVISION","C","2","peak","1,817","2,672","68.00149700599%"
"2024-06-01","B DIVISION","C","1","peak","4,919","7,364","66.7979359044%"
"2024-06-01","B DIVISION","D","2","offpeak","3,695","5,684","65.00703729768%"
"2024-06-01","B DIVISION","D","1","offpeak","9,758","13,788","70.77168552364%"
"2024-06-01","B DIVISION","D","1","peak","6,046","8,972","67.38742755239%"
"2024-06-01","B DIVISION","D","2","peak","1,969","2,908","67.70976616231%"
"2024-06-01","B DIVISION","E","2","offpeak","3,548","4,501","78.82692734948%"
"2024-06-01","B DIVISION","E","1","offpeak","12,201","16,743","72.87224511736%"
"2024-06-01","B DIVISION","E","2","peak","1,755","2,214","79.26829268293%"
"2024-06-01","B DIVISION","E","1","peak","8,275","11,906","69.50277171174%"
"2024-06-01","B DIVISION","F","2","offpeak","4,904","7,574","64.74782149459%"
"2024-06-01","B DIVISION","F","1","offpeak","18,325","27,164","67.46060963039%"
"2024-06-01","B DIVISION","F","2","peak","2,476","3,812","64.95278069255%"
"2024-06-01","B DIVISION","F","1","peak","12,916","19,127","67.52757881529%"
"2024-06-01","B DIVISION","G","2","offpeak","4,015","4,773","84.11900272365%"
"2024-06-01","B DIVISION","G","1","offpeak","10,004","12,367","80.89269831002%"
"2024-06-01","B DIVISION","G","1","peak","5,891","7,353","80.11695906433%"
"2024-06-01","B DIVISION","G","2","peak","2,139","2,474","86.45917542441%"
"2024-06-01","B DIVISION","JZ","1","offpeak","8,625","10,919","78.99075006869%"
"2024-06-01","B DIVISION","JZ","2","offpeak","3,833","4,712","81.3455008489%"
"2024-06-01","B DIVISION","JZ","2","peak","2,092","2,514","83.21400159109%"
"2024-06-01","B DIVISION","JZ","1","peak","5,917","7,853","75.34700114606%"
"2024-06-01","B DIVISION","L","1","offpeak","18,552","23,869","77.7242448364%"
"2024-06-01","B DIVISION","L","2","offpeak","4,717","6,160","76.57467532468%"
"2024-06-01","B DIVISION","L","1","peak","10,795","14,561","74.13639173134%"
"2024-06-01","B DIVISION","L","2","peak","2,484","3,230","76.9040247678%"
"2024-06-01","B DIVISION","M","1","offpeak","9,437","13,599","69.3948084418%"
"2024-06-01","B DIVISION","M","2","offpeak","2,132","2,743","77.72511848341%"
"2024-06-01","B DIVISION","M","1","peak","6,913","10,447","66.17210682493%"
"2024-06-01","B DIVISION","M","2","peak","1,152","1,477","77.99593771158%"
"2024-06-01","B DIVISION","N","1","offpeak","12,429","17,898","69.4435132417%"
"2024-06-01","B DIVISION","N","2","offpeak","4,594","6,684","68.73129862358%"
"2024-06-01","B DIVISION","N","2","peak","2,420","3,388","71.42857142857%"
"2024-06-01","B DIVISION","N","1","peak","7,455","10,658","69.94745730906%"
"2024-06-01","B DIVISION","Q","2","offpeak","3,896","5,588","69.72083035075%"
"2024-06-01","B DIVISION","Q","1","offpeak","9,290","13,206","70.34681205513%"
"2024-06-01","B DIVISION","Q","1","peak","5,455","7,883","69.19954332107%"
"2024-06-01","B DIVISION","Q","2","peak","2,095","2,896","72.34116022099%"
"2024-06-01","B DIVISION","R","1","offpeak","14,202","21,350","66.51990632319%"
"2024-06-01","B DIVISION","R","2","offpeak","4,922","7,139","68.94523042443%"
"2024-06-01","B DIVISION","R","2","peak","2,643","3,854","68.57810067462%"
"2024-06-01","B DIVISION","R","1","peak","8,984","13,830","64.96023138106%"
"2024-06-01","B DIVISION","S Fkln","2","offpeak","645","653","98.77488514548%"
"2024-06-01","B DIVISION","S Fkln","1","offpeak","2,408","2,460","97.88617886179%"
"2024-06-01","B DIVISION","S Fkln","2","peak","360","363","99.17355371901%"
"2024-06-01","B DIVISION","S Fkln","1","peak","1,391","1,408","98.79261363636%"
"2024-06-01","B DIVISION","S Rock","1","offpeak","1,581","1,721","91.86519465427%"
"2024-06-01","B DIVISION","S Rock","2","offpeak","670","729","91.90672153635%"
"2024-06-01","B DIVISION","S Rock","1","peak","778","843","92.28944246738%"
"2024-06-01","B DIVISION","S Rock","2","peak","362","403","89.82630272953%"
"2024-06-01","B DIVISION","W","1","offpeak","6,238","8,506","73.33646837526%"
"2024-06-01","B DIVISION","W","1","peak","4,295","5,805","73.9879414298%"
"2024-07-01","A DIVISION","1","1","offpeak","20,275","27,498","73.73263510073%"
"2024-07-01","A DIVISION","1","2","offpeak","5,013","5,715","87.71653543307%"
"2024-07-01","A DIVISION","1","1","peak","12,423","17,885","69.46044171093%"
"2024-07-01","A DIVISION","1","2","peak","2,459","2,759","89.12649510692%"
"2024-07-01","A DIVISION","2","1","offpeak","20,792","30,020","69.26049300466%"
"2024-07-01","A DIVISION","2","2","offpeak","5,156","7,344","70.20697167756%"
"2024-07-01","A DIVISION","2","2","peak","2,603","3,628","71.74751929438%"
"2024-07-01","A DIVISION","2","1","peak","12,648","19,308","65.50652579242%"
"2024-07-01","A DIVISION","3","2","offpeak","5,009","6,247","80.18248759405%"
"2024-07-01","A DIVISION","3","1","offpeak","17,521","23,536","74.44340584636%"
"2024-07-01","A DIVISION","3","2","peak","2,577","3,113","82.78188242853%"
"2024-07-01","A DIVISION","3","1","peak","10,856","15,708","69.11128087599%"
"2024-07-01","A DIVISION","4","2","offpeak","5,931","7,999","74.14676834604%"
"2024-07-01","A DIVISION","4","1","offpeak","24,364","32,907","74.03895827635%"
"2024-07-01","A DIVISION","4","2","peak","3,142","4,309","72.91715015085%"
"2024-07-01","A DIVISION","4","1","peak","15,947","23,712","67.25286774629%"
"2024-07-01","A DIVISION","5","1","offpeak","17,731","24,709","71.75927799587%"
"2024-07-01","A DIVISION","5","2","offpeak","1,954","2,256","86.6134751773%"
"2024-07-01","A DIVISION","5","1","peak","13,739","20,552","66.84994161152%"
"2024-07-01","A DIVISION","5","2","peak","1,047","1,208","86.67218543046%"
"2024-07-01","A DIVISION","6","2","offpeak","5,388","6,550","82.25954198473%"
"2024-07-01","A DIVISION","6","1","offpeak","23,509","31,261","75.20232878027%"
"2024-07-01","A DIVISION","6","1","peak","14,876","20,942","71.03428516856%"
"2024-07-01","A DIVISION","6","2","peak","2,860","3,302","86.61417322835%"
"2024-07-01","A DIVISION","7","2","offpeak","4,197","4,818","87.11083437111%"
"2024-07-01","A DIVISION","7","1","offpeak","15,268","19,345","78.92478676661%"
"2024-07-01","A DIVISION","7","1","peak","11,939","15,992","74.65607803902%"
"2024-07-01","A DIVISION","7","2","peak","2,554","3,007","84.9351513136%"
"2024-07-01","A DIVISION","S 42nd","1","offpeak","3,274","5,087","64.36013367407%"
"2024-07-01","A DIVISION","S 42nd","2","offpeak","826","1,110","74.41441441441%"
"2024-07-01","A DIVISION","S 42nd","1","peak","2,183","3,434","63.57018054747%"
"2024-07-01","A DIVISION","S 42nd","2","peak","486","690","70.4347826087%"
"2024-07-01","B DIVISION","A","2","offpeak","3,828","6,227","61.47422514855%"
"2024-07-01","B DIVISION","A","1","offpeak","14,382","21,917","65.62029474837%"
"2024-07-01","B DIVISION","A","1","peak","10,069","15,836","63.58297549886%"
"2024-07-01","B DIVISION","A","2","peak","2,078","3,242","64.09623689081%"
"2024-07-01","B DIVISION","B","1","offpeak","6,790","11,529","58.8949605343%"
"2024-07-01","B DIVISION","B","1","peak","5,025","8,349","60.1868487244%"
"2024-07-01","B DIVISION","C","1","offpeak","8,901","14,318","62.16650370163%"
"2024-07-01","B DIVISION","C","2","offpeak","2,160","3,811","56.67803726056%"
"2024-07-01","B DIVISION","C","1","peak","5,058","7,765","65.13844172569%"
"2024-07-01","B DIVISION","C","2","peak","1,348","2,170","62.1198156682%"
"2024-07-01","B DIVISION","D","2","offpeak","3,169","4,581","69.17703558175%"
"2024-07-01","B DIVISION","D","1","offpeak","10,279","16,222","63.3645666379%"
"2024-07-01","B DIVISION","D","2","peak","1,537","2,302","66.76802780191%"
"2024-07-01","B DIVISION","D","1","peak","6,160","9,746","63.20541760722%"
"2024-07-01","B DIVISION","E","2","offpeak","2,349","2,819","83.3274210713%"
"2024-07-01","B DIVISION","E","1","offpeak","12,748","18,107","70.40371127188%"
"2024-07-01","B DIVISION","E","2","peak","1,188","1,402","84.73609129815%"
"2024-07-01","B DIVISION","E","1","peak","8,671","12,825","67.61013645224%"
"2024-07-01","B DIVISION","F","1","offpeak","18,738","29,173","64.23062420731%"
"2024-07-01","B DIVISION","F","2","offpeak","4,229","5,517","76.65397861156%"
"2024-07-01","B DIVISION","F","2","peak","2,154","2,825","76.24778761062%"
"2024-07-01","B DIVISION","F","1","peak","12,595","20,004","62.9624075185%"
"2024-07-01","B DIVISION","G","1","offpeak","6,479","7,503","86.35212581634%"
"2024-07-01","B DIVISION","G","2","offpeak","2,178","2,404","90.59900166389%"
"2024-07-01","B DIVISION","G","2","peak","1,194","1,295","92.20077220077%"
"2024-07-01","B DIVISION","G","1","peak","3,930","4,794","81.9774718398%"
"2024-07-01","B DIVISION","JZ","1","offpeak","9,642","12,707","75.87943653105%"
"2024-07-01","B DIVISION","JZ","2","offpeak","3,209","3,768","85.16454352442%"
"2024-07-01","B DIVISION","JZ","2","peak","1,717","2,007","85.55057299452%"
"2024-07-01","B DIVISION","JZ","1","peak","6,320","8,567","73.77144858177%"
"2024-07-01","B DIVISION","L","2","offpeak","5,976","7,750","77.10967741935%"
"2024-07-01","B DIVISION","L","1","offpeak","18,455","25,961","71.08740033127%"
"2024-07-01","B DIVISION","L","1","peak","11,122","15,993","69.5429250297%"
"2024-07-01","B DIVISION","L","2","peak","3,057","3,972","76.96374622356%"
"2024-07-01","B DIVISION","M","2","offpeak","1,620","1,840","88.04347826087%"
"2024-07-01","B DIVISION","M","1","offpeak","10,737","16,652","64.47874129234%"
"2024-07-01","B DIVISION","M","2","peak","885","989","89.48432760364%"
"2024-07-01","B DIVISION","M","1","peak","7,298","11,217","65.06195952572%"
"2024-07-01","B DIVISION","N","1","offpeak","12,965","18,858","68.75066284866%"
"2024-07-01","B DIVISION","N","2","offpeak","3,906","5,641","69.24304201383%"
"2024-07-01","B DIVISION","N","1","peak","7,439","11,164","66.63382300251%"
"2024-07-01","B DIVISION","N","2","peak","2,156","2,824","76.34560906516%"
"2024-07-01","B DIVISION","Q","1","offpeak","9,978","14,082","70.85641244141%"
"2024-07-01","B DIVISION","Q","2","offpeak","3,681","4,753","77.4458236903%"
"2024-07-01","B DIVISION","Q","2","peak","1,942","2,458","79.00732302685%"
"2024-07-01","B DIVISION","Q","1","peak","5,734","8,375","68.46567164179%"
"2024-07-01","B DIVISION","R","2","offpeak","4,388","5,884","74.57511896669%"
"2024-07-01","B DIVISION","R","1","offpeak","14,526","22,366","64.94679424126%"
"2024-07-01","B DIVISION","R","2","peak","2,440","3,187","76.56102918105%"
"2024-07-01","B DIVISION","R","1","peak","9,319","14,537","64.10538625576%"
"2024-07-01","B DIVISION","S Fkln","1","offpeak","1,478","1,545","95.66343042071%"
"2024-07-01","B DIVISION","S Fkln","2","offpeak","333","337","98.81305637982%"
"2024-07-01","B DIVISION","S Fkln","1","peak","875","900","97.22222222222%"
"2024-07-01","B DIVISION","S Fkln","2","peak","182","183","99.45355191257%"
"2024-07-01","B DIVISION","S Rock","1","offpeak","1,713","1,912","89.59205020921%"
"2024-07-01","B DIVISION","S Rock","2","offpeak","505","590","85.59322033898%"
"2024-07-01","B DIVISION","S Rock","1","peak","852","933","91.31832797428%"
"2024-07-01","B DIVISION","S Rock","2","peak","279","318","87.7358490566%"
"2024-07-01","B DIVISION","W","1","offpeak","6,633","9,093","72.94622236886%"
"2024-07-01","B DIVISION","W","1","peak","4,240","6,121","69.26972716876%"
"2024-08-01","A DIVISION","1","1","offpeak","20,853","27,548","75.69696529694%"
"2024-08-01","A DIVISION","1","2","offpeak","6,910","8,510","81.19858989424%"
"2024-08-01","A DIVISION","1","2","peak","3,294","3,985","82.6599749059%"
"2024-08-01","A DIVISION","1","1","peak","12,868","17,886","71.94453762719%"
"2024-08-01","A DIVISION","2","2","offpeak","6,539","9,178","71.24645892351%"
"2024-08-01","A DIVISION","2","1","offpeak","20,361","29,757","68.42423631414%"
"2024-08-01","A DIVISION","2","1","peak","12,291","19,312","63.64436619718%"
"2024-08-01","A DIVISION","2","2","peak","3,461","4,747","72.9092058142%"
"2024-08-01","A DIVISION","3","2","offpeak","5,629","6,906","81.50883289893%"
"2024-08-01","A DIVISION","3","1","offpeak","16,852","22,721","74.16927071872%"
"2024-08-01","A DIVISION","3","1","peak","10,902","15,708","69.40412528648%"
"2024-08-01","A DIVISION","3","2","peak","2,817","3,390","83.09734513274%"
"2024-08-01","A DIVISION","4","2","offpeak","6,547","8,499","77.03259206966%"
"2024-08-01","A DIVISION","4","1","offpeak","24,344","32,866","74.07046796081%"
"2024-08-01","A DIVISION","4","2","peak","3,648","4,632","78.75647668394%"
"2024-08-01","A DIVISION","4","1","peak","15,701","23,708","66.22659018053%"
"2024-08-01","A DIVISION","5","2","offpeak","2,324","2,472","94.01294498382%"
"2024-08-01","A DIVISION","5","1","offpeak","17,079","24,568","69.51725822208%"
"2024-08-01","A DIVISION","5","2","peak","1,254","1,344","93.30357142857%"
"2024-08-01","A DIVISION","5","1","peak","13,120","20,557","63.82254219974%"
"2024-08-01","A DIVISION","6","1","offpeak","22,036","30,129","73.13883633708%"
"2024-08-01","A DIVISION","6","2","offpeak","6,050","7,641","79.17811804738%"
"2024-08-01","A DIVISION","6","2","peak","3,036","3,795","80%"
"2024-08-01","A DIVISION","6","1","peak","14,341","20,846","68.79497265662%"
"2024-08-01","A DIVISION","7","2","offpeak","3,813","4,627","82.40760752107%"
"2024-08-01","A DIVISION","7","1","offpeak","14,616","19,062","76.6761095373%"
"2024-08-01","A DIVISION","7","1","peak","10,967","15,762","69.57873366324%"
"2024-08-01","A DIVISION","7","2","peak","2,251","2,796","80.5078683834%"
"2024-08-01","A DIVISION","S 42nd","2","offpeak","904","963","93.8733125649%"
"2024-08-01","A DIVISION","S 42nd","1","offpeak","2,768","3,029","91.38329481677%"
"2024-08-01","A DIVISION","S 42nd","1","peak","1,820","2,020","90.09900990099%"
"2024-08-01","A DIVISION","S 42nd","2","peak","539","566","95.2296819788%"
"2024-08-01","B DIVISION","A","2","offpeak","4,654","6,935","67.10886806056%"
"2024-08-01","B DIVISION","A","1","offpeak","14,748","21,964","67.14623930067%"
"2024-08-01","B DIVISION","A","1","peak","10,518","16,137","65.17940137572%"
"2024-08-01","B DIVISION","A","2","peak","2,396","3,560","67.30337078652%"
"2024-08-01","B DIVISION","B","1","offpeak","7,173","11,709","61.26056879324%"
"2024-08-01","B DIVISION","B","1","peak","5,585","8,866","62.99345815475%"
"2024-08-01","B DIVISION","C","1","offpeak","9,404","14,710","63.92929979606%"
"2024-08-01","B DIVISION","C","2","offpeak","3,045","4,187","72.72510150466%"
"2024-08-01","B DIVISION","C","2","peak","1,747","2,377","73.49600336559%"
"2024-08-01","B DIVISION","C","1","peak","5,564","8,198","67.87021224689%"
"2024-08-01","B DIVISION","D","1","offpeak","11,417","17,108","66.7348608838%"
"2024-08-01","B DIVISION","D","2","offpeak","3,513","4,989","70.41491280818%"
"2024-08-01","B DIVISION","D","2","peak","1,854","2,551","72.67738141905%"
"2024-08-01","B DIVISION","D","1","peak","6,762","10,270","65.84225900682%"
"2024-08-01","B DIVISION","E","2","offpeak","2,946","3,587","82.12991357681%"
"2024-08-01","B DIVISION","E","1","offpeak","13,151","18,293","71.89088722462%"
"2024-08-01","B DIVISION","E","1","peak","9,146","13,113","69.74757873866%"
"2024-08-01","B DIVISION","E","2","peak","1,480","1,772","83.52144469526%"
"2024-08-01","B DIVISION","F","2","offpeak","4,668","5,846","79.84946972289%"
"2024-08-01","B DIVISION","F","1","offpeak","20,614","31,084","66.31707630936%"
"2024-08-01","B DIVISION","F","1","peak","13,814","21,088","65.5064491654%"
"2024-08-01","B DIVISION","F","2","peak","2,258","2,920","77.32876712329%"
"2024-08-01","B DIVISION","G","1","offpeak","4,749","5,260","90.28517110266%"
"2024-08-01","B DIVISION","G","2","offpeak","1,878","2,053","91.47588894301%"
"2024-08-01","B DIVISION","G","1","peak","3,005","3,427","87.68602276043%"
"2024-08-01","B DIVISION","G","2","peak","1,037","1,135","91.36563876652%"
"2024-08-01","B DIVISION","JZ","2","offpeak","3,411","3,898","87.50641354541%"
"2024-08-01","B DIVISION","JZ","1","offpeak","10,147","13,451","75.43677050033%"
"2024-08-01","B DIVISION","JZ","2","peak","1,807","2,073","87.168355041%"
"2024-08-01","B DIVISION","JZ","1","peak","6,777","8,999","75.3083675964%"
"2024-08-01","B DIVISION","L","2","offpeak","6,823","8,911","76.56828638761%"
"2024-08-01","B DIVISION","L","1","offpeak","19,729","26,307","74.99524841297%"
"2024-08-01","B DIVISION","L","2","peak","3,531","4,593","76.87785760941%"
"2024-08-01","B DIVISION","L","1","peak","11,692","15,999","73.07956747297%"
"2024-08-01","B DIVISION","M","2","offpeak","1,950","2,142","91.03641456583%"
"2024-08-01","B DIVISION","M","1","offpeak","11,790","17,574","67.08774325708%"
"2024-08-01","B DIVISION","M","1","peak","7,946","11,868","66.95315133131%"
"2024-08-01","B DIVISION","M","2","peak","1,045","1,146","91.18673647469%"
"2024-08-01","B DIVISION","N","2","offpeak","4,467","6,242","71.5636014098%"
"2024-08-01","B DIVISION","N","1","offpeak","13,266","19,610","67.64915859255%"
"2024-08-01","B DIVISION","N","2","peak","2,306","3,107","74.21950434503%"
"2024-08-01","B DIVISION","N","1","peak","7,897","11,703","67.47842433564%"
"2024-08-01","B DIVISION","Q","1","offpeak","10,129","14,300","70.83216783217%"
"2024-08-01","B DIVISION","Q","2","offpeak","4,098","5,182","79.0814357391%"
"2024-08-01","B DIVISION","Q","1","peak","6,262","8,771","71.39436780299%"
"2024-08-01","B DIVISION","Q","2","peak","2,039","2,659","76.68296352012%"
"2024-08-01","B DIVISION","R","1","offpeak","15,509","23,450","66.13646055437%"
"2024-08-01","B DIVISION","R","2","offpeak","5,085","6,538","77.77607831141%"
"2024-08-01","B DIVISION","R","1","peak","9,990","15,221","65.63300702976%"
"2024-08-01","B DIVISION","R","2","peak","2,835","3,486","81.32530120482%"
"2024-08-01","B DIVISION","S Fkln","2","offpeak","456","459","99.34640522876%"
"2024-08-01","B DIVISION","S Fkln","1","offpeak","2,246","2,300","97.65217391304%"
"2024-08-01","B DIVISION","S Fkln","1","peak","1,290","1,306","98.77488514548%"
"2024-08-01","B DIVISION","S Fkln","2","peak","251","251","100%"
"2024-08-01","B DIVISION","S Rock","2","offpeak","586","659","88.92261001517%"
"2024-08-01","B DIVISION","S Rock","1","offpeak","1,629","1,828","89.11378555799%"
"2024-08-01","B DIVISION","S Rock","1","peak","836","902","92.68292682927%"
"2024-08-01","B DIVISION","S Rock","2","peak","317","352","90.05681818182%"
"2024-08-01","B DIVISION","W","1","offpeak","6,859","9,477","72.37522422708%"
"2024-08-01","B DIVISION","W","2","offpeak","181","266","68.04511278195%"
"2024-08-01","B DIVISION","W","2","peak","108","168","64.28571428571%"
"2024-08-01","B DIVISION","W","1","peak","4,611","6,395","72.1032056294%"
"2024-09-01","A DIVISION","1","1","offpeak","18,980","24,872","76.3107108395%"
"2024-09-01","A DIVISION","1","2","offpeak","7,769","9,301","83.52865283303%"
"2024-09-01","A DIVISION","1","1","peak","11,858","16,261","72.92294446836%"
"2024-09-01","A DIVISION","1","2","peak","3,703","4,337","85.38160018446%"
"2024-09-01","A DIVISION","2","2","offpeak","7,425","9,658","76.87927107062%"
"2024-09-01","A DIVISION","2","1","offpeak","19,090","26,915","70.92699238343%"
"2024-09-01","A DIVISION","2","2","peak","3,829","4,882","78.43097091356%"
"2024-09-01","A DIVISION","2","1","peak","11,612","17,005","68.28579829462%"
"2024-09-01","A DIVISION","3","2","offpeak","3,433","4,053","84.7026893659%"
"2024-09-01","A DIVISION","3","1","offpeak","15,527","20,209","76.83210450789%"
"2024-09-01","A DIVISION","3","2","peak","1,649","1,973","83.57830714648%"
"2024-09-01","A DIVISION","3","1","peak","10,621","14,282","74.36633524716%"
"2024-09-01","A DIVISION","4","1","offpeak","22,566","29,794","75.74008189568%"
"2024-09-01","A DIVISION","4","2","offpeak","7,987","10,314","77.4384331976%"
"2024-09-01","A DIVISION","4","1","peak","14,322","21,550","66.45939675174%"
"2024-09-01","A DIVISION","4","2","peak","4,335","5,448","79.5704845815%"
"2024-09-01","A DIVISION","5","2","offpeak","2,483","3,437","72.24323537969%"
"2024-09-01","A DIVISION","5","1","offpeak","15,469","21,749","71.12510920042%"
"2024-09-01","A DIVISION","5","2","peak","1,250","1,809","69.09894969596%"
"2024-09-01","A DIVISION","5","1","peak","11,970","17,845","67.07761277669%"
"2024-09-01","A DIVISION","6","1","offpeak","21,624","28,710","75.31870428422%"
"2024-09-01","A DIVISION","6","2","offpeak","6,588","8,747","75.31725162913%"
"2024-09-01","A DIVISION","6","1","peak","13,419","19,047","70.45203969129%"
"2024-09-01","A DIVISION","6","2","peak","3,393","4,363","77.76759110704%"
"2024-09-01","A DIVISION","7","2","offpeak","4,324","4,970","87.00201207243%"
"2024-09-01","A DIVISION","7","1","offpeak","13,345","16,665","80.07800780078%"
"2024-09-01","A DIVISION","7","1","peak","10,249","13,478","76.04243953109%"
"2024-09-01","A DIVISION","7","2","peak","2,623","3,065","85.57911908646%"
"2024-09-01","A DIVISION","GS","2","offpeak","1,035","1,050","98.57142857143%"
"2024-09-01","A DIVISION","GS","1","offpeak","2,895","2,998","96.56437625083%"
"2024-09-01","A DIVISION","GS","1","peak","1,972","2,020","97.62376237624%"
"2024-09-01","A DIVISION","GS","2","peak","600","604","99.33774834437%"
"2024-09-01","B DIVISION","A","2","offpeak","4,708","6,622","71.09634551495%"
"2024-09-01","B DIVISION","A","1","offpeak","13,715","20,107","68.2100760929%"
"2024-09-01","B DIVISION","A","1","peak","9,469","14,625","64.7452991453%"
"2024-09-01","B DIVISION","A","2","peak","2,469","3,447","71.62750217581%"
"2024-09-01","B DIVISION","B","1","offpeak","6,666","11,040","60.38043478261%"
"2024-09-01","B DIVISION","B","1","peak","4,969","8,122","61.17951243536%"
"2024-09-01","B DIVISION","C","1","offpeak","9,505","13,743","69.16248271847%"
"2024-09-01","B DIVISION","C","2","offpeak","3,336","4,203","79.37187723055%"
"2024-09-01","B DIVISION","C","2","peak","1,938","2,354","82.32795242141%"
"2024-09-01","B DIVISION","C","1","peak","5,096","7,490","68.03738317757%"
"2024-09-01","B DIVISION","D","2","offpeak","4,431","5,786","76.58140338749%"
"2024-09-01","B DIVISION","D","1","offpeak","10,781","15,830","68.10486418193%"
"2024-09-01","B DIVISION","D","2","peak","2,248","2,950","76.20338983051%"
"2024-09-01","B DIVISION","D","1","peak","6,097","9,438","64.60055096419%"
"2024-09-01","B DIVISION","E","2","offpeak","3,898","4,551","85.6515051637%"
"2024-09-01","B DIVISION","E","1","offpeak","12,176","16,803","72.46325061001%"
"2024-09-01","B DIVISION","E","1","peak","7,920","11,925","66.41509433962%"
"2024-09-01","B DIVISION","E","2","peak","1,908","2,230","85.56053811659%"
"2024-09-01","B DIVISION","F","1","offpeak","17,624","27,909","63.14808843026%"
"2024-09-01","B DIVISION","F","2","offpeak","5,187","6,756","76.77619893428%"
"2024-09-01","B DIVISION","F","2","peak","2,603","3,387","76.8526719811%"
"2024-09-01","B DIVISION","F","1","peak","11,825","19,073","61.99863681644%"
"2024-09-01","B DIVISION","FS","1","offpeak","2,403","2,458","97.76240846216%"
"2024-09-01","B DIVISION","FS","2","offpeak","1,086","1,107","98.10298102981%"
"2024-09-01","B DIVISION","FS","2","peak","582","594","97.9797979798%"
"2024-09-01","B DIVISION","FS","1","peak","1,411","1,421","99.29627023223%"
"2024-09-01","B DIVISION","G","1","offpeak","9,896","12,953","76.39928973983%"
"2024-09-01","B DIVISION","G","2","offpeak","3,752","4,417","84.94453248811%"
"2024-09-01","B DIVISION","G","2","peak","1,996","2,319","86.0715825787%"
"2024-09-01","B DIVISION","G","1","peak","5,735","7,323","78.31489826574%"
"2024-09-01","B DIVISION","H","2","offpeak","696","741","93.92712550607%"
"2024-09-01","B DIVISION","H","1","offpeak","1,601","1,766","90.65685164213%"
"2024-09-01","B DIVISION","H","1","peak","783","854","91.68618266979%"
"2024-09-01","B DIVISION","H","2","peak","388","405","95.8024691358%"
"2024-09-01","B DIVISION","J","2","offpeak","3,619","4,527","79.94256682129%"
"2024-09-01","B DIVISION","J","1","offpeak","9,193","12,158","75.61276525744%"
"2024-09-01","B DIVISION","J","2","peak","1,923","2,426","79.26628194559%"
"2024-09-01","B DIVISION","J","1","peak","6,196","8,201","75.55176198025%"
"2024-09-01","B DIVISION","L","2","offpeak","6,496","8,091","80.28673835125%"
"2024-09-01","B DIVISION","L","1","offpeak","18,402","23,863","77.11519926246%"
"2024-09-01","B DIVISION","L","1","peak","10,638","14,560","73.06318681319%"
"2024-09-01","B DIVISION","L","2","peak","3,201","4,151","77.11394844616%"
"2024-09-01","B DIVISION","M","2","offpeak","1,597","1,792","89.11830357143%"
"2024-09-01","B DIVISION","M","1","offpeak","11,087","15,968","69.43261523046%"
"2024-09-01","B DIVISION","M","2","peak","820","924","88.74458874459%"
"2024-09-01","B DIVISION","M","1","peak","6,984","10,755","64.93723849372%"
"2024-09-01","B DIVISION","N","1","offpeak","12,204","17,916","68.11788345613%"
"2024-09-01","B DIVISION","N","2","offpeak","4,936","6,717","73.48518683936%"
"2024-09-01","B DIVISION","N","1","peak","7,122","10,674","66.72287802136%"
"2024-09-01","B DIVISION","N","2","peak","2,620","3,396","77.14958775029%"
"2024-09-01","B DIVISION","Q","2","offpeak","3,649","4,851","75.22160379303%"
"2024-09-01","B DIVISION","Q","1","offpeak","9,391","13,497","69.57842483515%"
"2024-09-01","B DIVISION","Q","1","peak","5,734","8,069","71.06208947825%"
"2024-09-01","B DIVISION","Q","2","peak","1,934","2,519","76.77649861056%"
"2024-09-01","B DIVISION","R","1","offpeak","14,443","21,432","67.38988428518%"
"2024-09-01","B DIVISION","R","2","offpeak","5,511","7,498","73.4995998933%"
"2024-09-01","B DIVISION","R","1","peak","8,665","13,889","62.38750089999%"
"2024-09-01","B DIVISION","R","2","peak","2,965","4,063","72.97563376815%"
"2024-09-01","B DIVISION","W","1","offpeak","6,406","8,627","74.25524516054%"
"2024-09-01","B DIVISION","W","1","peak","4,178","5,850","71.4188034188%"
"2024-10-01","A DIVISION","1","1","offpeak","21,136","27,030","78.19459859415%"
"2024-10-01","A DIVISION","1","2","offpeak","6,254","7,940","78.76574307305%"
"2024-10-01","A DIVISION","1","2","peak","3,085","3,660","84.28961748634%"
"2024-10-01","A DIVISION","1","1","peak","13,734","18,703","73.43206972144%"
"2024-10-01","A DIVISION","2","2","offpeak","6,275","8,726","71.91152876461%"
"2024-10-01","A DIVISION","2","1","offpeak","22,491","31,236","72.00345754898%"
"2024-10-01","A DIVISION","2","1","peak","13,912","20,191","68.90198603338%"
"2024-10-01","A DIVISION","2","2","peak","3,320","4,519","73.4675813233%"
"2024-10-01","A DIVISION","3","1","offpeak","18,805","24,497","76.76450177573%"
"2024-10-01","A DIVISION","3","2","offpeak","5,753","7,273","79.10078372061%"
"2024-10-01","A DIVISION","3","2","peak","2,775","3,521","78.81283726214%"
"2024-10-01","A DIVISION","3","1","peak","12,030","16,422","73.25538911217%"
"2024-10-01","A DIVISION","4","2","offpeak","5,732","7,241","79.16033697003%"
"2024-10-01","A DIVISION","4","1","offpeak","25,334","34,343","73.76758000175%"
"2024-10-01","A DIVISION","4","1","peak","16,487","24,785","66.52007262457%"
"2024-10-01","A DIVISION","4","2","peak","3,171","3,929","80.70755917536%"
"2024-10-01","A DIVISION","5","2","offpeak","2,292","2,552","89.81191222571%"
"2024-10-01","A DIVISION","5","1","offpeak","18,806","25,986","72.36973755099%"
"2024-10-01","A DIVISION","5","1","peak","14,511","21,490","67.52442996743%"
"2024-10-01","A DIVISION","5","2","peak","1,213","1,323","91.68556311413%"
"2024-10-01","A DIVISION","6","1","offpeak","24,345","32,937","73.91383550414%"
"2024-10-01","A DIVISION","6","2","offpeak","5,460","6,779","80.54285292816%"
"2024-10-01","A DIVISION","6","1","peak","15,344","21,912","70.02555677254%"
"2024-10-01","A DIVISION","6","2","peak","2,877","3,397","84.69237562555%"
"2024-10-01","A DIVISION","7","1","offpeak","14,420","19,866","72.58632840028%"
"2024-10-01","A DIVISION","7","2","offpeak","2,732","3,146","86.84043229498%"
"2024-10-01","A DIVISION","7","1","peak","10,582","15,862","66.71289875173%"
"2024-10-01","A DIVISION","7","2","peak","1,421","1,633","87.01775872627%"
"2024-10-01","A DIVISION","GS","2","offpeak","826","844","97.8672985782%"
"2024-10-01","A DIVISION","GS","1","offpeak","3,420","3,450","99.13043478261%"
"2024-10-01","A DIVISION","GS","1","peak","2,289","2,323","98.53637537667%"
"2024-10-01","A DIVISION","GS","2","peak","458","496","92.33870967742%"
"2024-10-01","B DIVISION","A","1","offpeak","16,326","23,504","69.46051735875%"
"2024-10-01","B DIVISION","A","2","offpeak","4,007","5,543","72.28937398521%"
"2024-10-01","B DIVISION","A","1","peak","11,451","17,010","67.31922398589%"
"2024-10-01","B DIVISION","A","2","peak","2,140","2,872","74.51253481894%"
"2024-10-01","B DIVISION","B","1","offpeak","6,927","11,419","60.66205447062%"
"2024-10-01","B DIVISION","B","1","peak","5,411","8,886","60.89354040063%"
"2024-10-01","B DIVISION","C","1","offpeak","11,059","16,118","68.61273110808%"
"2024-10-01","B DIVISION","C","2","offpeak","2,560","3,407","75.13941884356%"
"2024-10-01","B DIVISION","C","2","peak","1,363","1,906","71.51101783841%"
"2024-10-01","B DIVISION","C","1","peak","6,302","8,673","72.66228525308%"
"2024-10-01","B DIVISION","D","2","offpeak","3,439","4,635","74.19633225458%"
"2024-10-01","B DIVISION","D","1","offpeak","12,254","18,130","67.58963044677%"
"2024-10-01","B DIVISION","D","1","peak","7,239","10,875","66.56551724138%"
"2024-10-01","B DIVISION","D","2","peak","1,802","2,373","75.93763168984%"
"2024-10-01","B DIVISION","E","1","offpeak","14,168","19,390","73.06859205776%"
"2024-10-01","B DIVISION","E","2","offpeak","2,986","3,521","84.80545299631%"
"2024-10-01","B DIVISION","E","2","peak","1,532","1,743","87.89443488239%"
"2024-10-01","B DIVISION","E","1","peak","9,538","13,787","69.18111264234%"
"2024-10-01","B DIVISION","F","1","offpeak","20,965","31,454","66.65288993451%"
"2024-10-01","B DIVISION","F","2","offpeak","4,801","6,326","75.8931394246%"
"2024-10-01","B DIVISION","F","1","peak","14,634","22,082","66.27117108958%"
"2024-10-01","B DIVISION","F","2","peak","2,422","3,193","75.85342937676%"
"2024-10-01","B DIVISION","FS","1","offpeak","2,713","2,804","96.75463623395%"
"2024-10-01","B DIVISION","FS","2","offpeak","883","891","99.10213243547%"
"2024-10-01","B DIVISION","FS","2","peak","486","488","99.59016393443%"
"2024-10-01","B DIVISION","FS","1","peak","1,534","1,590","96.47798742138%"
"2024-10-01","B DIVISION","G","1","offpeak","11,505","14,759","77.95243580188%"
"2024-10-01","B DIVISION","G","2","offpeak","1,852","1,976","93.72469635628%"
"2024-10-01","B DIVISION","G","1","peak","6,580","8,449","77.87903893952%"
"2024-10-01","B DIVISION","G","2","peak","964","1,025","94.0487804878%"
"2024-10-01","B DIVISION","H","1","offpeak","1,795","2,009","89.34793429567%"
"2024-10-01","B DIVISION","H","2","offpeak","286","298","95.97315436242%"
"2024-10-01","B DIVISION","H","2","peak","156","168","92.85714285714%"
"2024-10-01","B DIVISION","H","1","peak","869","988","87.95546558704%"
"2024-10-01","B DIVISION","J","2","offpeak","2,264","2,616","86.54434250765%"
"2024-10-01","B DIVISION","J","1","offpeak","10,748","14,038","76.56361305029%"
"2024-10-01","B DIVISION","J","2","peak","1,202","1,362","88.25256975037%"
"2024-10-01","B DIVISION","J","1","peak","6,970","9,420","73.991507431%"
"2024-10-01","B DIVISION","L","1","offpeak","21,435","27,524","77.8774887371%"
"2024-10-01","B DIVISION","L","2","offpeak","6,116","7,718","79.24332728686%"
"2024-10-01","B DIVISION","L","1","peak","12,830","16,754","76.57872746807%"
"2024-10-01","B DIVISION","L","2","peak","3,270","3,972","82.32628398792%"
"2024-10-01","B DIVISION","M","2","offpeak","1,263","1,349","93.62490733877%"
"2024-10-01","B DIVISION","M","1","offpeak","12,569","18,457","68.09882429431%"
"2024-10-01","B DIVISION","M","2","peak","688","719","95.68845618915%"
"2024-10-01","B DIVISION","M","1","peak","8,696","12,418","70.02737961024%"
"2024-10-01","B DIVISION","N","2","offpeak","4,382","5,641","77.68126218756%"
"2024-10-01","B DIVISION","N","1","offpeak","13,729","20,144","68.15428911835%"
"2024-10-01","B DIVISION","N","1","peak","7,775","12,292","63.25252196551%"
"2024-10-01","B DIVISION","N","2","peak","2,259","2,870","78.71080139373%"
"2024-10-01","B DIVISION","Q","2","offpeak","2,634","3,217","81.87752564501%"
"2024-10-01","B DIVISION","Q","1","offpeak","10,513","15,120","69.53042328042%"
"2024-10-01","B DIVISION","Q","1","peak","6,414","9,263","69.2432257368%"
"2024-10-01","B DIVISION","Q","2","peak","1,421","1,626","87.39237392374%"
"2024-10-01","B DIVISION","R","2","offpeak","4,657","6,029","77.24332393432%"
"2024-10-01","B DIVISION","R","1","offpeak","16,247","24,236","67.03663970952%"
"2024-10-01","B DIVISION","R","2","peak","2,562","3,231","79.29433611885%"
"2024-10-01","B DIVISION","R","1","peak","10,240","16,038","63.84836014466%"
"2024-10-01","B DIVISION","W","1","offpeak","7,244","9,747","74.32030368318%"
"2024-10-01","B DIVISION","W","1","peak","4,583","6,727","68.12843763936%"
"2024-11-01","A DIVISION","1","1","offpeak","19,890","24,896","79.89235218509%"
"2024-11-01","A DIVISION","1","2","offpeak","7,633","9,252","82.50108084738%"
"2024-11-01","A DIVISION","1","1","peak","12,134","16,260","74.62484624846%"
"2024-11-01","A DIVISION","1","2","peak","3,509","4,350","80.66666666667%"
"2024-11-01","A DIVISION","2","1","offpeak","18,672","27,291","68.41815983291%"
"2024-11-01","A DIVISION","2","2","offpeak","7,841","10,971","71.47023972291%"
"2024-11-01","A DIVISION","2","2","peak","4,100","5,631","72.81122358373%"
"2024-11-01","A DIVISION","2","1","peak","11,506","17,559","65.52764963836%"
"2024-11-01","A DIVISION","3","1","offpeak","16,471","21,811","75.51694099308%"
"2024-11-01","A DIVISION","3","2","offpeak","6,374","8,093","78.75942172248%"
"2024-11-01","A DIVISION","3","2","peak","3,167","3,937","80.44196088392%"
"2024-11-01","A DIVISION","3","1","peak","10,442","14,280","73.12324929972%"
"2024-11-01","A DIVISION","4","1","offpeak","22,370","29,899","74.81855580454%"
"2024-11-01","A DIVISION","4","2","offpeak","8,718","11,527","75.63112691941%"
"2024-11-01","A DIVISION","4","2","peak","4,667","6,242","74.7677026594%"
"2024-11-01","A DIVISION","4","1","peak","14,956","21,544","69.42072038619%"
"2024-11-01","A DIVISION","5","2","offpeak","4,182","5,667","73.79565907888%"
"2024-11-01","A DIVISION","5","1","offpeak","15,645","22,586","69.26857345258%"
"2024-11-01","A DIVISION","5","2","peak","2,176","3,020","72.05298013245%"
"2024-11-01","A DIVISION","5","1","peak","12,346","18,672","66.12039417309%"
"2024-11-01","A DIVISION","6","1","offpeak","20,162","27,444","73.4659670602%"
"2024-11-01","A DIVISION","6","2","offpeak","6,413","7,976","80.4037111334%"
"2024-11-01","A DIVISION","6","2","peak","3,260","3,932","82.90946083418%"
"2024-11-01","A DIVISION","6","1","peak","12,965","18,586","69.75680619821%"
"2024-11-01","A DIVISION","7","2","offpeak","3,473","4,081","85.10169076207%"
"2024-11-01","A DIVISION","7","1","offpeak","13,239","16,832","78.65375475285%"
"2024-11-01","A DIVISION","7","2","peak","1,954","2,210","88.41628959276%"
"2024-11-01","A DIVISION","7","1","peak","9,782","13,574","72.0642404597%"
"2024-11-01","A DIVISION","GS","2","offpeak","965","1,068","90.35580524345%"
"2024-11-01","A DIVISION","GS","1","offpeak","2,852","3,000","95.06666666667%"
"2024-11-01","A DIVISION","GS","1","peak","1,918","2,020","94.9504950495%"
"2024-11-01","A DIVISION","GS","2","peak","512","610","83.93442622951%"
"2024-11-01","B DIVISION","A","1","offpeak","13,830","20,466","67.57549105834%"
"2024-11-01","B DIVISION","A","2","offpeak","4,765","6,887","69.18832583128%"
"2024-11-01","B DIVISION","A","2","peak","2,528","3,559","71.03118853611%"
"2024-11-01","B DIVISION","A","1","peak","9,414","14,846","63.41101980331%"
"2024-11-01","B DIVISION","B","1","offpeak","5,700","9,555","59.6546310832%"
"2024-11-01","B DIVISION","B","1","peak","4,260","7,456","57.13519313305%"
"2024-11-01","B DIVISION","C","1","offpeak","9,174","13,698","66.97328077092%"
"2024-11-01","B DIVISION","C","2","offpeak","1,863","2,517","74.01668653159%"
"2024-11-01","B DIVISION","C","2","peak","1,064","1,415","75.19434628975%"
"2024-11-01","B DIVISION","C","1","peak","5,153","7,383","69.79547609373%"
"2024-11-01","B DIVISION","D","1","offpeak","10,559","15,689","67.30193128944%"
"2024-11-01","B DIVISION","D","2","offpeak","4,225","5,267","80.21644199734%"
"2024-11-01","B DIVISION","D","1","peak","6,205","9,402","65.99659646884%"
"2024-11-01","B DIVISION","D","2","peak","2,161","2,688","80.3943452381%"
"2024-11-01","B DIVISION","E","1","offpeak","11,762","17,016","69.12317818524%"
"2024-11-01","B DIVISION","E","2","offpeak","4,815","6,016","80.03656914894%"
"2024-11-01","B DIVISION","E","1","peak","7,106","11,924","59.59409594096%"
"2024-11-01","B DIVISION","E","2","peak","2,449","3,077","79.59051023724%"
"2024-11-01","B DIVISION","F","1","offpeak","17,853","27,574","64.74577500544%"
"2024-11-01","B DIVISION","F","2","offpeak","5,899","7,510","78.54860186418%"
"2024-11-01","B DIVISION","F","1","peak","11,432","19,035","60.05778828474%"
"2024-11-01","B DIVISION","F","2","peak","2,984","3,812","78.27911857293%"
"2024-11-01","B DIVISION","FS","1","offpeak","2,457","2,469","99.51397326853%"
"2024-11-01","B DIVISION","FS","2","offpeak","1,121","1,123","99.82190560997%"
"2024-11-01","B DIVISION","FS","2","peak","609","610","99.83606557377%"
"2024-11-01","B DIVISION","FS","1","peak","1,420","1,430","99.3006993007%"
"2024-11-01","B DIVISION","G","1","offpeak","10,715","13,126","81.63187566662%"
"2024-11-01","B DIVISION","G","2","offpeak","3,341","3,781","88.36286696641%"
"2024-11-01","B DIVISION","G","2","peak","1,799","1,964","91.59877800407%"
"2024-11-01","B DIVISION","G","1","peak","5,952","7,366","80.80369264187%"
"2024-11-01","B DIVISION","H","1","offpeak","1,614","1,751","92.17589948601%"
"2024-11-01","B DIVISION","H","2","offpeak","139","147","94.55782312925%"
"2024-11-01","B DIVISION","H","2","peak","80","84","95.2380952381%"
"2024-11-01","B DIVISION","H","1","peak","813","858","94.75524475524%"
"2024-11-01","B DIVISION","J","1","offpeak","9,400","12,215","76.95456406058%"
"2024-11-01","B DIVISION","J","2","offpeak","3,917","4,706","83.23416914577%"
"2024-11-01","B DIVISION","J","1","peak","5,828","8,172","71.31669114048%"
"2024-11-01","B DIVISION","J","2","peak","2,114","2,523","83.7891399128%"
"2024-11-01","B DIVISION","L","2","offpeak","5,297","6,771","78.2306897061%"
"2024-11-01","B DIVISION","L","1","offpeak","18,769","23,913","78.48868816125%"
"2024-11-01","B DIVISION","L","2","peak","2,861","3,398","84.19658622719%"
"2024-11-01","B DIVISION","L","1","peak","11,132","14,560","76.45604395604%"
"2024-11-01","B DIVISION","M","2","offpeak","2,156","2,380","90.58823529412%"
"2024-11-01","B DIVISION","M","1","offpeak","11,393","16,108","70.72883039483%"
"2024-11-01","B DIVISION","M","2","peak","1,174","1,272","92.29559748428%"
"2024-11-01","B DIVISION","M","1","peak","7,269","10,752","67.60602678571%"
"2024-11-01","B DIVISION","N","1","offpeak","12,524","17,948","69.77936260308%"
"2024-11-01","B DIVISION","N","2","offpeak","5,273","6,948","75.89234312032%"
"2024-11-01","B DIVISION","N","2","peak","2,721","3,520","77.30113636364%"
"2024-11-01","B DIVISION","N","1","peak","6,845","10,693","64.01384083045%"
"2024-11-01","B DIVISION","Q","1","offpeak","9,576","13,368","71.63375224417%"
"2024-11-01","B DIVISION","Q","2","offpeak","3,923","4,774","82.17427733557%"
"2024-11-01","B DIVISION","Q","1","peak","5,570","7,956","70.01005530417%"
"2024-11-01","B DIVISION","Q","2","peak","1,978","2,448","80.80065359477%"
"2024-11-01","B DIVISION","R","1","offpeak","14,174","21,576","65.69336299592%"
"2024-11-01","B DIVISION","R","2","offpeak","6,313","7,798","80.95665555271%"
"2024-11-01","B DIVISION","R","1","peak","8,227","13,992","58.79788450543%"
"2024-11-01","B DIVISION","R","2","peak","3,356","4,169","80.49892060446%"
"2024-11-01","B DIVISION","W","1","offpeak","6,519","8,705","74.88799540494%"
"2024-11-01","B DIVISION","W","2","offpeak","359","434","82.71889400922%"
"2024-11-01","B DIVISION","W","2","peak","276","313","88.17891373802%"
"2024-11-01","B DIVISION","W","1","peak","3,958","5,845","67.71599657827%"
"2024-12-01","A DIVISION","1","2","offpeak","6,868","8,809","77.96571688046%"
"2024-12-01","A DIVISION","1","1","offpeak","19,906","26,296","75.6997261941%"
"2024-12-01","A DIVISION","1","2","peak","3,253","4,090","79.53545232274%"
"2024-12-01","A DIVISION","1","1","peak","12,203","17,062","71.52150978783%"
"2024-12-01","A DIVISION","2","2","offpeak","7,051","9,575","73.63968668407%"
"2024-12-01","A DIVISION","2","1","offpeak","19,493","28,560","68.25280112045%"
"2024-12-01","A DIVISION","2","2","peak","3,663","4,815","76.07476635514%"
"2024-12-01","A DIVISION","2","1","peak","12,058","18,435","65.40819094114%"
"2024-12-01","A DIVISION","3","2","offpeak","4,902","6,335","77.37963693765%"
"2024-12-01","A DIVISION","3","1","offpeak","16,658","22,530","73.93697292499%"
"2024-12-01","A DIVISION","3","1","peak","10,765","14,995","71.79059686562%"
"2024-12-01","A DIVISION","3","2","peak","2,434","3,078","79.07732293697%"
"2024-12-01","A DIVISION","4","2","offpeak","8,733","11,645","74.99355946758%"
"2024-12-01","A DIVISION","4","1","offpeak","23,409","31,308","74.7700268302%"
"2024-12-01","A DIVISION","4","1","peak","15,221","22,613","67.31083889798%"
"2024-12-01","A DIVISION","4","2","peak","4,550","6,156","73.91163092917%"
"2024-12-01","A DIVISION","5","1","offpeak","16,319","23,695","68.87106984596%"
"2024-12-01","A DIVISION","5","2","offpeak","3,553","4,612","77.0381613183%"
"2024-12-01","A DIVISION","5","1","peak","12,801","19,709","64.95002283221%"
"2024-12-01","A DIVISION","5","2","peak","1,795","2,355","76.22080679406%"
"2024-12-01","A DIVISION","6","2","offpeak","7,636","9,013","84.72206812382%"
"2024-12-01","A DIVISION","6","1","offpeak","22,717","30,034","75.63761070786%"
"2024-12-01","A DIVISION","6","2","peak","3,752","4,454","84.23888639425%"
"2024-12-01","A DIVISION","6","1","peak","14,346","19,959","71.87734856456%"
"2024-12-01","A DIVISION","7","2","offpeak","4,050","4,659","86.92852543464%"
"2024-12-01","A DIVISION","7","1","offpeak","13,510","17,267","78.24173278508%"
"2024-12-01","A DIVISION","7","1","peak","10,079","14,186","71.04892147187%"
"2024-12-01","A DIVISION","7","2","peak","2,489","2,948","84.43012211669%"
"2024-12-01","A DIVISION","GS","1","offpeak","3,095","3,151","98.22278641701%"
"2024-12-01","A DIVISION","GS","2","offpeak","1,028","1,047","98.1852913085%"
"2024-12-01","A DIVISION","GS","1","peak","2,071","2,121","97.642621405%"
"2024-12-01","A DIVISION","GS","2","peak","592","604","98.01324503311%"
"2024-12-01","B DIVISION","A","1","offpeak","14,481","21,623","66.97035563983%"
"2024-12-01","B DIVISION","A","2","offpeak","5,195","7,689","67.56405254259%"
"2024-12-01","B DIVISION","A","2","peak","2,724","3,967","68.66649861356%"
"2024-12-01","B DIVISION","A","1","peak","10,060","15,585","64.54924606994%"
"2024-12-01","B DIVISION","B","1","offpeak","6,916","11,097","62.32315040101%"
"2024-12-01","B DIVISION","B","1","peak","5,195","8,444","61.52297489342%"
"2024-12-01","B DIVISION","C","1","offpeak","10,063","14,733","68.30245028168%"
"2024-12-01","B DIVISION","C","2","offpeak","3,455","4,655","74.22126745435%"
"2024-12-01","B DIVISION","C","2","peak","1,865","2,595","71.86897880539%"
"2024-12-01","B DIVISION","C","1","peak","5,597","7,900","70.84810126582%"
"2024-12-01","B DIVISION","D","1","offpeak","11,335","16,597","68.29547508586%"
"2024-12-01","B DIVISION","D","2","offpeak","4,271","5,763","74.11070622939%"
"2024-12-01","B DIVISION","D","2","peak","2,283","2,966","76.97235333783%"
"2024-12-01","B DIVISION","D","1","peak","6,536","9,900","66.0202020202%"
"2024-12-01","B DIVISION","E","2","offpeak","3,893","4,551","85.54163920018%"
"2024-12-01","B DIVISION","E","1","offpeak","9,904","17,910","55.29871580123%"
"2024-12-01","B DIVISION","E","1","peak","4,495","12,600","35.6746031746%"
"2024-12-01","B DIVISION","E","2","peak","1,985","2,226","89.17340521114%"
"2024-12-01","B DIVISION","F","1","offpeak","15,201","29,156","52.1367814515%"
"2024-12-01","B DIVISION","F","2","offpeak","5,869","7,833","74.92659262096%"
"2024-12-01","B DIVISION","F","1","peak","9,492","20,171","47.05765703237%"
"2024-12-01","B DIVISION","F","2","peak","2,976","3,935","75.6289707751%"
"2024-12-01","B DIVISION","FS","2","offpeak","1,092","1,112","98.20143884892%"
"2024-12-01","B DIVISION","FS","1","offpeak","2,581","2,607","99.00268507863%"
"2024-12-01","B DIVISION","FS","2","peak","605","614","98.5342019544%"
"2024-12-01","B DIVISION","FS","1","peak","1,439","1,454","98.96836313618%"
"2024-12-01","B DIVISION","G","1","offpeak","11,094","13,925","79.66965888689%"
"2024-12-01","B DIVISION","G","2","offpeak","4,659","5,557","83.8402015476%"
"2024-12-01","B DIVISION","G","1","peak","6,344","7,745","81.91091026469%"
"2024-12-01","B DIVISION","G","2","peak","2,398","2,885","83.11958405546%"
"2024-12-01","B DIVISION","H","1","offpeak","1,650","1,864","88.51931330472%"
"2024-12-01","B DIVISION","H","2","offpeak","643","735","87.48299319728%"
"2024-12-01","B DIVISION","H","2","peak","352","407","86.48648648649%"
"2024-12-01","B DIVISION","H","1","peak","828","900","92%"
"2024-12-01","B DIVISION","J","2","offpeak","3,877","4,515","85.86932447398%"
"2024-12-01","B DIVISION","J","1","offpeak","9,810","12,848","76.35429638854%"
"2024-12-01","B DIVISION","J","2","peak","2,030","2,428","83.607907743%"
"2024-12-01","B DIVISION","J","1","peak","6,233","8,504","73.29492003763%"
"2024-12-01","B DIVISION","L","2","offpeak","4,180","5,210","80.23032629559%"
"2024-12-01","B DIVISION","L","1","offpeak","18,991","25,115","75.61616563806%"
"2024-12-01","B DIVISION","L","2","peak","2,215","2,630","84.22053231939%"
"2024-12-01","B DIVISION","L","1","peak","10,982","15,263","71.9517788115%"
"2024-12-01","B DIVISION","M","2","offpeak","2,365","2,583","91.5602013163%"
"2024-12-01","B DIVISION","M","1","offpeak","11,596","16,875","68.71703703704%"
"2024-12-01","B DIVISION","M","2","peak","1,241","1,368","90.71637426901%"
"2024-12-01","B DIVISION","M","1","peak","7,815","11,354","68.83036815219%"
"2024-12-01","B DIVISION","N","1","offpeak","12,833","18,817","68.19896901738%"
"2024-12-01","B DIVISION","N","2","offpeak","5,176","7,074","73.16935255867%"
"2024-12-01","B DIVISION","N","2","peak","2,588","3,577","72.35113223372%"
"2024-12-01","B DIVISION","N","1","peak","7,177","11,224","63.94333570919%"
"2024-12-01","B DIVISION","Q","2","offpeak","3,704","4,764","77.74979009236%"
"2024-12-01","B DIVISION","Q","1","offpeak","9,852","14,294","68.92402406604%"
"2024-12-01","B DIVISION","Q","2","peak","1,963","2,472","79.40938511327%"
"2024-12-01","B DIVISION","Q","1","peak","5,545","8,521","65.07452176975%"
"2024-12-01","B DIVISION","R","2","offpeak","5,614","7,406","75.8034026465%"
"2024-12-01","B DIVISION","R","1","offpeak","11,499","22,558","50.97526376452%"
"2024-12-01","B DIVISION","R","1","peak","5,739","14,605","39.29476206779%"
"2024-12-01","B DIVISION","R","2","peak","3,100","3,987","77.75269626285%"
"2024-12-01","B DIVISION","W","2","offpeak","282","333","84.68468468468%"
"2024-12-01","B DIVISION","W","1","offpeak","6,897","9,184","75.09799651568%"
"2024-12-01","B DIVISION","W","1","peak","4,366","6,150","70.9918699187%"
"2024-12-01","B DIVISION","W","2","peak","129","185","69.72972972973%"
"2025-01-01","A DIVISION","1","1","offpeak","22,224","27,641","80.40230092978%"
"2025-01-01","A DIVISION","1","2","offpeak","6,463","8,111","79.68191345087%"
"2025-01-01","A DIVISION","1","1","peak","13,911","17,863","77.87605665342%"
"2025-01-01","A DIVISION","1","2","peak","3,027","3,755","80.61251664447%"
"2025-01-01","A DIVISION","2","1","offpeak","20,620","30,150","68.39137645108%"
"2025-01-01","A DIVISION","2","2","offpeak","6,787","9,539","71.15001572492%"
"2025-01-01","A DIVISION","2","1","peak","12,271","18,858","65.07052709725%"
"2025-01-01","A DIVISION","2","2","peak","3,575","4,847","73.75696306994%"
"2025-01-01","A DIVISION","3","1","offpeak","17,459","23,850","73.20335429769%"
"2025-01-01","A DIVISION","3","2","offpeak","6,088","7,618","79.91598844841%"
"2025-01-01","A DIVISION","3","2","peak","3,099","3,694","83.89279913373%"
"2025-01-01","A DIVISION","3","1","peak","10,663","15,272","69.8205866946%"
"2025-01-01","A DIVISION","4","2","offpeak","8,133","10,354","78.54935290709%"
"2025-01-01","A DIVISION","4","1","offpeak","25,096","32,862","76.36784127564%"
"2025-01-01","A DIVISION","4","1","peak","15,930","23,669","67.30322362584%"
"2025-01-01","A DIVISION","4","2","peak","4,398","5,576","78.8737446198%"
"2025-01-01","A DIVISION","5","2","offpeak","3,067","3,680","83.34239130435%"
"2025-01-01","A DIVISION","5","1","offpeak","17,530","24,814","70.64560328847%"
"2025-01-01","A DIVISION","5","1","peak","13,189","20,773","63.49107013912%"
"2025-01-01","A DIVISION","5","2","peak","1,597","1,910","83.61256544503%"
"2025-01-01","A DIVISION","6","2","offpeak","6,162","7,717","79.84968251911%"
"2025-01-01","A DIVISION","6","1","offpeak","24,055","31,038","77.50177202139%"
"2025-01-01","A DIVISION","6","1","peak","14,898","20,842","71.48066404376%"
"2025-01-01","A DIVISION","6","2","peak","3,105","3,816","81.3679245283%"
"2025-01-01","A DIVISION","7","2","offpeak","3,086","3,726","82.82340311326%"
"2025-01-01","A DIVISION","7","1","offpeak","14,914","18,730","79.62626801922%"
"2025-01-01","A DIVISION","7","2","peak","1,793","2,058","87.12342079689%"
"2025-01-01","A DIVISION","7","1","peak","10,875","15,180","71.64031620553%"
"2025-01-01","A DIVISION","GS","1","offpeak","3,290","3,300","99.69696969697%"
"2025-01-01","A DIVISION","GS","2","offpeak","942","951","99.05362776025%"
"2025-01-01","A DIVISION","GS","1","peak","2,198","2,222","98.9198919892%"
"2025-01-01","A DIVISION","GS","2","peak","548","550","99.63636363636%"
"2025-01-01","B DIVISION","A","2","offpeak","4,307","5,797","74.29705019838%"
"2025-01-01","B DIVISION","A","1","offpeak","15,568","22,294","69.83044765408%"
"2025-01-01","B DIVISION","A","1","peak","10,378","16,153","64.24812728286%"
"2025-01-01","B DIVISION","A","2","peak","2,387","3,026","78.88301387971%"
"2025-01-01","B DIVISION","B","1","offpeak","6,540","12,161","53.77847216512%"
"2025-01-01","B DIVISION","B","1","peak","5,145","8,956","57.44752121483%"
"2025-01-01","B DIVISION","C","2","offpeak","1,914","2,335","81.97002141328%"
"2025-01-01","B DIVISION","C","1","offpeak","10,428","15,505","67.25572396001%"
"2025-01-01","B DIVISION","C","2","peak","1,092","1,294","84.38948995363%"
"2025-01-01","B DIVISION","C","1","peak","5,521","8,323","66.33425447555%"
"2025-01-01","B DIVISION","D","1","offpeak","11,395","17,421","65.40956317089%"
"2025-01-01","B DIVISION","D","2","offpeak","3,716","4,536","81.92239858907%"
"2025-01-01","B DIVISION","D","1","peak","6,421","10,337","62.116668279%"
"2025-01-01","B DIVISION","D","2","peak","1,912","2,329","82.09531987978%"
"2025-01-01","B DIVISION","E","1","offpeak","13,763","18,791","73.2425097121%"
"2025-01-01","B DIVISION","E","2","offpeak","4,291","5,336","80.41604197901%"
"2025-01-01","B DIVISION","E","2","peak","2,166","2,756","78.59216255443%"
"2025-01-01","B DIVISION","E","1","peak","7,391","13,199","55.99666641412%"
"2025-01-01","B DIVISION","F","1","offpeak","18,022","30,486","59.11565964705%"
"2025-01-01","B DIVISION","F","2","offpeak","5,553","7,076","78.47654041832%"
"2025-01-01","B DIVISION","F","1","peak","10,130","21,311","47.53413729999%"
"2025-01-01","B DIVISION","F","2","peak","2,902","3,568","81.33408071749%"
"2025-01-01","B DIVISION","FS","2","offpeak","1,078","1,092","98.71794871795%"
"2025-01-01","B DIVISION","FS","1","offpeak","2,744","2,784","98.5632183908%"
"2025-01-01","B DIVISION","FS","2","peak","611","621","98.38969404187%"
"2025-01-01","B DIVISION","FS","1","peak","1,572","1,584","99.24242424242%"
"2025-01-01","B DIVISION","G","1","offpeak","11,165","14,359","77.7561111498%"
"2025-01-01","B DIVISION","G","2","offpeak","4,068","5,153","78.94430428876%"
"2025-01-01","B DIVISION","G","1","peak","6,078","8,118","74.87065779749%"
"2025-01-01","B DIVISION","G","2","peak","2,020","2,681","75.34502051473%"
"2025-01-01","B DIVISION","H","2","offpeak","438","459","95.42483660131%"
"2025-01-01","B DIVISION","H","1","offpeak","1,396","1,492","93.56568364611%"
"2025-01-01","B DIVISION","H","2","peak","242","252","96.03174603175%"
"2025-01-01","B DIVISION","H","1","peak","711","756","94.04761904762%"
"2025-01-01","B DIVISION","J","2","offpeak","3,534","4,131","85.54829339143%"
"2025-01-01","B DIVISION","J","1","offpeak","10,558","13,233","79.78538502229%"
"2025-01-01","B DIVISION","J","1","peak","6,740","8,779","76.77412005923%"
"2025-01-01","B DIVISION","J","2","peak","1,915","2,219","86.30013519603%"
"2025-01-01","B DIVISION","L","1","offpeak","20,591","26,273","78.37323487991%"
"2025-01-01","B DIVISION","L","2","offpeak","6,918","8,779","78.80168584121%"
"2025-01-01","B DIVISION","L","2","peak","3,539","4,500","78.64444444444%"
"2025-01-01","B DIVISION","L","1","peak","11,774","16,006","73.55991503186%"
"2025-01-01","B DIVISION","M","2","offpeak","1,974","2,139","92.28611500701%"
"2025-01-01","B DIVISION","M","1","offpeak","12,592","17,091","73.67620384998%"
"2025-01-01","B DIVISION","M","2","peak","1,079","1,147","94.07149084568%"
"2025-01-01","B DIVISION","M","1","peak","8,153","11,461","71.13689904895%"
"2025-01-01","B DIVISION","N","1","offpeak","13,163","19,737","66.69199979733%"
"2025-01-01","B DIVISION","N","2","offpeak","4,914","6,380","77.02194357367%"
"2025-01-01","B DIVISION","N","2","peak","2,628","3,232","81.31188118812%"
"2025-01-01","B DIVISION","N","1","peak","7,308","11,790","61.98473282443%"
"2025-01-01","B DIVISION","Q","1","offpeak","10,705","14,921","71.7445211447%"
"2025-01-01","B DIVISION","Q","2","offpeak","3,756","4,437","84.65179175118%"
"2025-01-01","B DIVISION","Q","2","peak","1,953","2,283","85.54533508541%"
"2025-01-01","B DIVISION","Q","1","peak","5,940","8,950","66.3687150838%"
"2025-01-01","B DIVISION","R","2","offpeak","5,342","6,784","78.74410377358%"
"2025-01-01","B DIVISION","R","1","offpeak","11,165","23,495","47.52074909555%"
"2025-01-01","B DIVISION","R","1","peak","5,412","15,339","35.28261294739%"
"2025-01-01","B DIVISION","R","2","peak","2,900","3,647","79.51741157115%"
"2025-01-01","B DIVISION","W","1","offpeak","7,288","9,586","76.02754016274%"
"2025-01-01","B DIVISION","W","2","offpeak","275","286","96.15384615385%"
"2025-01-01","B DIVISION","W","1","peak","4,436","6,488","68.37237977805%"
"2025-01-01","B DIVISION","W","2","peak","172","186","92.47311827957%"
"2025-02-01","A DIVISION","1","2","offpeak","6,094","7,470","81.5796519411%"
"2025-02-01","A DIVISION","1","1","offpeak","18,343","23,693","77.4194909889%"
"2025-02-01","A DIVISION","1","1","peak","11,532","15,415","74.81024975673%"
"2025-02-01","A DIVISION","1","2","peak","2,918","3,565","81.85133239832%"
"2025-02-01","A DIVISION","2","2","offpeak","6,212","8,374","74.18199187963%"
"2025-02-01","A DIVISION","2","1","offpeak","17,923","25,886","69.23819825388%"
"2025-02-01","A DIVISION","2","2","peak","3,290","4,125","79.75757575758%"
"2025-02-01","A DIVISION","2","1","peak","10,885","16,060","67.77708592777%"
"2025-02-01","A DIVISION","3","1","offpeak","15,591","20,458","76.20979567895%"
"2025-02-01","A DIVISION","3","2","offpeak","5,254","7,124","73.75070185289%"
"2025-02-01","A DIVISION","3","1","peak","9,004","12,768","70.52005012531%"
"2025-02-01","A DIVISION","3","2","peak","2,677","3,542","75.57876905703%"
"2025-02-01","A DIVISION","4","2","offpeak","6,524","8,672","75.23062730627%"
"2025-02-01","A DIVISION","4","1","offpeak","21,229","28,320","74.96115819209%"
"2025-02-01","A DIVISION","4","2","peak","3,415","4,726","72.25983918747%"
"2025-02-01","A DIVISION","4","1","peak","13,998","20,441","68.48001565481%"
"2025-02-01","A DIVISION","5","1","offpeak","15,344","21,329","71.93961273384%"
"2025-02-01","A DIVISION","5","2","offpeak","3,294","3,925","83.92356687898%"
"2025-02-01","A DIVISION","5","2","peak","1,742","2,074","83.99228543877%"
"2025-02-01","A DIVISION","5","1","peak","11,829","17,947","65.91073717056%"
"2025-02-01","A DIVISION","6","1","offpeak","19,969","26,363","75.74631111785%"
"2025-02-01","A DIVISION","6","2","offpeak","6,229","7,870","79.14866581957%"
"2025-02-01","A DIVISION","6","1","peak","12,652","17,966","70.42190804854%"
"2025-02-01","A DIVISION","6","2","peak","3,039","3,960","76.74242424242%"
"2025-02-01","A DIVISION","7","1","offpeak","12,305","15,932","77.2344966106%"
"2025-02-01","A DIVISION","7","2","offpeak","2,937","3,264","89.98161764706%"
"2025-02-01","A DIVISION","7","2","peak","1,679","1,846","90.9534127844%"
"2025-02-01","A DIVISION","7","1","peak","8,443","12,834","65.78619292504%"
"2025-02-01","A DIVISION","GS","1","offpeak","5,607","5,699","98.38568169854%"
"2025-02-01","A DIVISION","GS","2","offpeak","1,814","1,923","94.33177327093%"
"2025-02-01","A DIVISION","GS","2","peak","1,123","1,132","99.20494699647%"
"2025-02-01","A DIVISION","GS","1","peak","3,763","3,838","98.0458572173%"
"2025-02-01","B DIVISION","A","2","offpeak","5,281","6,926","76.24891712388%"
"2025-02-01","B DIVISION","A","1","offpeak","13,627","18,859","72.25727769235%"
"2025-02-01","B DIVISION","A","1","peak","9,250","13,669","67.67137318019%"
"2025-02-01","B DIVISION","A","2","peak","2,859","3,603","79.35054121565%"
"2025-02-01","B DIVISION","B","1","offpeak","5,964","10,365","57.53979739508%"
"2025-02-01","B DIVISION","B","1","peak","4,738","7,745","61.17495158167%"
"2025-02-01","B DIVISION","C","1","offpeak","9,141","13,370","68.36948391922%"
"2025-02-01","B DIVISION","C","2","offpeak","3,561","4,328","82.27818853974%"
"2025-02-01","B DIVISION","C","2","peak","2,029","2,484","81.68276972625%"
"2025-02-01","B DIVISION","C","1","peak","5,068","7,189","70.49659201558%"
"2025-02-01","B DIVISION","D","1","offpeak","9,303","14,427","64.48326055313%"
"2025-02-01","B DIVISION","D","2","offpeak","3,842","5,047","76.12443035467%"
"2025-02-01","B DIVISION","D","2","peak","1,958","2,554","76.66405638215%"
"2025-02-01","B DIVISION","D","1","peak","5,610","8,960","62.61160714286%"
"2025-02-01","B DIVISION","E","2","offpeak","3,346","4,041","82.8012868102%"
"2025-02-01","B DIVISION","E","1","offpeak","11,596","16,234","71.43033140323%"
"2025-02-01","B DIVISION","E","1","peak","6,308","11,419","55.24126455907%"
"2025-02-01","B DIVISION","E","2","peak","1,669","2,000","83.45%"
"2025-02-01","B DIVISION","F","2","offpeak","5,257","6,904","76.14426419467%"
"2025-02-01","B DIVISION","F","1","offpeak","16,657","25,792","64.58204094293%"
"2025-02-01","B DIVISION","F","2","peak","2,680","3,510","76.35327635328%"
"2025-02-01","B DIVISION","F","1","peak","10,633","18,302","58.09747568572%"
"2025-02-01","B DIVISION","FS","2","offpeak","1,131","1,147","98.60505666957%"
"2025-02-01","B DIVISION","FS","1","offpeak","2,359","2,398","98.37364470392%"
"2025-02-01","B DIVISION","FS","2","peak","647","648","99.84567901235%"
"2025-02-01","B DIVISION","FS","1","peak","1,360","1,366","99.560761347%"
"2025-02-01","B DIVISION","G","1","offpeak","9,973","12,555","79.43448825169%"
"2025-02-01","B DIVISION","G","2","offpeak","2,837","3,452","82.1842410197%"
"2025-02-01","B DIVISION","G","2","peak","1,456","1,802","80.79911209767%"
"2025-02-01","B DIVISION","G","1","peak","5,392","7,003","76.99557332572%"
"2025-02-01","B DIVISION","H","1","offpeak","824","830","99.27710843373%"
"2025-02-01","B DIVISION","H","2","offpeak","388","396","97.9797979798%"
"2025-02-01","B DIVISION","H","1","peak","447","451","99.11308203991%"
"2025-02-01","B DIVISION","H","2","peak","211","216","97.68518518519%"
"2025-02-01","B DIVISION","J","2","offpeak","3,577","4,062","88.06006893156%"
"2025-02-01","B DIVISION","J","1","offpeak","9,228","11,577","79.7097693703%"
"2025-02-01","B DIVISION","J","1","peak","6,006","7,789","77.10874309924%"
"2025-02-01","B DIVISION","J","2","peak","1,908","2,158","88.41519925857%"
"2025-02-01","B DIVISION","L","2","offpeak","7,152","8,895","80.40472175379%"
"2025-02-01","B DIVISION","L","1","offpeak","17,115","22,687","75.43967911139%"
"2025-02-01","B DIVISION","L","2","peak","3,726","4,589","81.1941599477%"
"2025-02-01","B DIVISION","L","1","peak","9,815","13,801","71.11803492501%"
"2025-02-01","B DIVISION","M","1","offpeak","10,433","15,000","69.55333333333%"
"2025-02-01","B DIVISION","M","2","offpeak","896","950","94.31578947368%"
"2025-02-01","B DIVISION","M","2","peak","490","511","95.8904109589%"
"2025-02-01","B DIVISION","M","1","peak","6,942","10,265","67.62786166585%"
"2025-02-01","B DIVISION","N","2","offpeak","4,596","6,246","73.58309317963%"
"2025-02-01","B DIVISION","N","1","offpeak","12,015","17,099","70.26726709164%"
"2025-02-01","B DIVISION","N","1","peak","6,627","10,180","65.09823182711%"
"2025-02-01","B DIVISION","N","2","peak","2,388","3,155","75.68938193344%"
"2025-02-01","B DIVISION","Q","2","offpeak","4,143","5,020","82.52988047809%"
"2025-02-01","B DIVISION","Q","1","offpeak","9,393","12,984","72.34288354898%"
"2025-02-01","B DIVISION","Q","2","peak","2,203","2,583","85.28842431281%"
"2025-02-01","B DIVISION","Q","1","peak","5,554","7,750","71.66451612903%"
"2025-02-01","B DIVISION","R","1","offpeak","10,371","20,413","50.80585901141%"
"2025-02-01","B DIVISION","R","2","offpeak","5,354","6,811","78.60813390104%"
"2025-02-01","B DIVISION","R","2","peak","2,892","3,647","79.29805319441%"
"2025-02-01","B DIVISION","R","1","peak","4,935","13,261","37.2143880552%"
"2025-02-01","B DIVISION","W","2","offpeak","618","726","85.12396694215%"
"2025-02-01","B DIVISION","W","1","offpeak","5,562","7,535","73.81552753816%"
"2025-02-01","B DIVISION","W","2","peak","464","495","93.73737373737%"
"2025-02-01","B DIVISION","W","1","peak","3,678","5,593","65.76077239406%"
"2025-03-01","A DIVISION","1","1","offpeak","19,675","25,440","77.33883647799%"
"2025-03-01","A DIVISION","1","2","offpeak","6,960","8,534","81.55612842747%"
"2025-03-01","A DIVISION","1","2","peak","3,390","4,070","83.29238329238%"
"2025-03-01","A DIVISION","1","1","peak","12,777","17,051","74.93402146502%"
"2025-03-01","A DIVISION","2","2","offpeak","7,357","9,773","75.27882942802%"
"2025-03-01","A DIVISION","2","1","offpeak","19,222","28,676","67.03166410936%"
"2025-03-01","A DIVISION","2","2","peak","3,686","4,875","75.61025641026%"
"2025-03-01","A DIVISION","2","1","peak","11,993","17,996","66.64258724161%"
"2025-03-01","A DIVISION","3","2","offpeak","6,367","7,965","79.93722536095%"
"2025-03-01","A DIVISION","3","1","offpeak","16,361","22,506","72.69616991025%"
"2025-03-01","A DIVISION","3","2","peak","3,148","3,929","80.12216849071%"
"2025-03-01","A DIVISION","3","1","peak","10,132","14,042","72.15496368039%"
"2025-03-01","A DIVISION","4","1","offpeak","23,491","31,317","75.0103777501%"
"2025-03-01","A DIVISION","4","2","offpeak","8,146","10,413","78.2291366561%"
"2025-03-01","A DIVISION","4","2","peak","4,472","5,573","80.24403373408%"
"2025-03-01","A DIVISION","4","1","peak","15,323","22,593","67.82189173638%"
"2025-03-01","A DIVISION","5","2","offpeak","3,442","4,375","78.67428571429%"
"2025-03-01","A DIVISION","5","1","offpeak","16,897","23,621","71.53380466534%"
"2025-03-01","A DIVISION","5","2","peak","1,838","2,228","82.49551166966%"
"2025-03-01","A DIVISION","5","1","peak","13,181","19,836","66.44988909054%"
"2025-03-01","A DIVISION","6","2","offpeak","6,444","7,873","81.84935856726%"
"2025-03-01","A DIVISION","6","1","offpeak","22,601","29,236","77.30537693255%"
"2025-03-01","A DIVISION","6","1","peak","14,448","19,854","72.77122997885%"
"2025-03-01","A DIVISION","6","2","peak","3,330","3,944","84.43204868154%"
"2025-03-01","A DIVISION","7","2","offpeak","3,890","4,415","88.1087202718%"
"2025-03-01","A DIVISION","7","1","offpeak","14,168","18,559","76.34032006035%"
"2025-03-01","A DIVISION","7","1","peak","10,568","15,066","70.14469666799%"
"2025-03-01","A DIVISION","7","2","peak","2,322","2,634","88.15489749431%"
"2025-03-01","A DIVISION","GS","2","offpeak","2,109","2,123","99.34055581724%"
"2025-03-01","A DIVISION","GS","1","offpeak","6,237","6,296","99.06289707751%"
"2025-03-01","A DIVISION","GS","2","peak","1,230","1,240","99.1935483871%"
"2025-03-01","A DIVISION","GS","1","peak","4,149","4,242","97.80763790665%"
"2025-03-01","B DIVISION","A","2","offpeak","5,749","7,409","77.59481711432%"
"2025-03-01","B DIVISION","A","1","offpeak","15,214","20,748","73.32754964334%"
"2025-03-01","B DIVISION","A","1","peak","10,480","15,078","69.50523942167%"
"2025-03-01","B DIVISION","A","2","peak","2,950","3,847","76.68312971146%"
"2025-03-01","B DIVISION","B","1","offpeak","7,684","11,581","66.35005612641%"
"2025-03-01","B DIVISION","B","1","peak","5,441","8,543","63.68957040852%"
"2025-03-01","B DIVISION","C","2","offpeak","3,582","4,664","76.80102915952%"
"2025-03-01","B DIVISION","C","1","offpeak","10,861","14,878","73.00040328001%"
"2025-03-01","B DIVISION","C","1","peak","5,882","7,957","73.92233253739%"
"2025-03-01","B DIVISION","C","2","peak","2,037","2,605","78.19577735125%"
"2025-03-01","B DIVISION","D","2","offpeak","4,388","5,437","80.70627184109%"
"2025-03-01","B DIVISION","D","1","offpeak","11,605","16,493","70.36318438125%"
"2025-03-01","B DIVISION","D","1","peak","6,769","9,886","68.47056443455%"
"2025-03-01","B DIVISION","D","2","peak","2,217","2,804","79.06562054208%"
"2025-03-01","B DIVISION","E","1","offpeak","12,789","17,742","72.08319242475%"
"2025-03-01","B DIVISION","E","2","offpeak","3,637","4,226","86.0624704212%"
"2025-03-01","B DIVISION","E","1","peak","7,544","12,216","61.75507531107%"
"2025-03-01","B DIVISION","E","2","peak","1,815","2,098","86.51096282173%"
"2025-03-01","B DIVISION","F","1","offpeak","19,018","29,245","65.02991964438%"
"2025-03-01","B DIVISION","F","2","offpeak","6,089","7,674","79.34584310659%"
"2025-03-01","B DIVISION","F","2","peak","2,996","3,822","78.38827838828%"
"2025-03-01","B DIVISION","F","1","peak","12,833","19,848","64.656388553%"
"2025-03-01","B DIVISION","FS","1","offpeak","2,565","2,615","98.0879541109%"
"2025-03-01","B DIVISION","FS","2","offpeak","1,176","1,185","99.24050632911%"
"2025-03-01","B DIVISION","FS","2","peak","662","670","98.80597014925%"
"2025-03-01","B DIVISION","FS","1","peak","1,477","1,487","99.32750504371%"
"2025-03-01","B DIVISION","G","2","offpeak","4,016","5,029","79.85683038377%"
"2025-03-01","B DIVISION","G","1","offpeak","11,154","13,623","81.87623871394%"
"2025-03-01","B DIVISION","G","2","peak","2,022","2,625","77.02857142857%"
"2025-03-01","B DIVISION","G","1","peak","6,165","7,728","79.7748447205%"
"2025-03-01","B DIVISION","H","2","offpeak","435","440","98.86363636364%"
"2025-03-01","B DIVISION","H","1","offpeak","890","920","96.73913043478%"
"2025-03-01","B DIVISION","H","1","peak","489","504","97.02380952381%"
"2025-03-01","B DIVISION","H","2","peak","237","240","98.75%"
"2025-03-01","B DIVISION","J","2","offpeak","4,063","4,881","83.24113911084%"
"2025-03-01","B DIVISION","J","1","offpeak","10,242","12,856","79.66708151836%"
"2025-03-01","B DIVISION","J","1","peak","6,440","8,548","75.33926064577%"
"2025-03-01","B DIVISION","J","2","peak","2,171","2,613","83.08457711443%"
"2025-03-01","B DIVISION","L","2","offpeak","7,950","10,034","79.23061590592%"
"2025-03-01","B DIVISION","L","1","offpeak","19,416","25,109","77.32685491258%"
"2025-03-01","B DIVISION","L","1","peak","11,534","15,292","75.4250588543%"
"2025-03-01","B DIVISION","L","2","peak","4,126","5,135","80.35053554041%"
"2025-03-01","B DIVISION","M","1","offpeak","12,214","16,728","73.01530368245%"
"2025-03-01","B DIVISION","M","2","offpeak","1,470","1,590","92.45283018868%"
"2025-03-01","B DIVISION","M","2","peak","782","847","92.32585596222%"
"2025-03-01","B DIVISION","M","1","peak","8,033","11,342","70.82525127843%"
"2025-03-01","B DIVISION","N","1","offpeak","12,984","18,205","71.32106564131%"
"2025-03-01","B DIVISION","N","2","offpeak","5,467","7,086","77.15213096246%"
"2025-03-01","B DIVISION","N","1","peak","7,501","11,252","66.66370423036%"
"2025-03-01","B DIVISION","N","2","peak","2,820","3,580","78.77094972067%"
"2025-03-01","B DIVISION","Q","1","offpeak","10,004","13,924","71.84717035335%"
"2025-03-01","B DIVISION","Q","2","offpeak","4,562","5,595","81.53708668454%"
"2025-03-01","B DIVISION","Q","2","peak","2,419","2,890","83.70242214533%"
"2025-03-01","B DIVISION","Q","1","peak","6,025","8,532","70.61650257853%"
"2025-03-01","B DIVISION","R","2","offpeak","6,233","7,855","79.35073201782%"
"2025-03-01","B DIVISION","R","1","offpeak","16,010","22,162","72.24077249346%"
"2025-03-01","B DIVISION","R","1","peak","9,806","14,648","66.94429273621%"
"2025-03-01","B DIVISION","R","2","peak","3,442","4,190","82.14797136038%"
"2025-03-01","B DIVISION","W","1","offpeak","7,081","8,731","81.10182109724%"
"2025-03-01","B DIVISION","W","2","offpeak","736","855","86.08187134503%"
"2025-03-01","B DIVISION","W","2","peak","434","555","78.1981981982%"
"2025-03-01","B DIVISION","W","1","peak","4,600","6,162","74.65108730932%"
"2025-04-01","A DIVISION","1","1","offpeak","21,875","27,242","80.29880331841%"
"2025-04-01","A DIVISION","1","2","offpeak","6,207","7,274","85.33131701952%"
"2025-04-01","A DIVISION","1","1","peak","13,687","17,863","76.62206796171%"
"2025-04-01","A DIVISION","1","2","peak","3,023","3,423","88.31434414257%"
"2025-04-01","A DIVISION","2","1","offpeak","20,708","30,070","68.86597938144%"
"2025-04-01","A DIVISION","2","2","offpeak","6,249","8,407","74.33091471393%"
"2025-04-01","A DIVISION","2","1","peak","12,685","19,313","65.68114741366%"
"2025-04-01","A DIVISION","2","2","peak","3,277","4,271","76.72676188246%"
"2025-04-01","A DIVISION","3","1","offpeak","17,947","23,616","75.99508807588%"
"2025-04-01","A DIVISION","3","2","offpeak","5,601","6,925","80.88086642599%"
"2025-04-01","A DIVISION","3","1","peak","10,691","14,726","72.59948390602%"
"2025-04-01","A DIVISION","3","2","peak","2,863","3,390","84.45427728614%"
"2025-04-01","A DIVISION","4","1","offpeak","25,079","32,778","76.51168466654%"
"2025-04-01","A DIVISION","4","2","offpeak","5,426","6,956","78.00460034503%"
"2025-04-01","A DIVISION","4","1","peak","16,312","23,669","68.91714901348%"
"2025-04-01","A DIVISION","4","2","peak","2,992","3,753","79.72288835598%"
"2025-04-01","A DIVISION","5","1","offpeak","17,905","24,746","72.35512810151%"
"2025-04-01","A DIVISION","5","2","offpeak","2,837","3,329","85.22078702313%"
"2025-04-01","A DIVISION","5","1","peak","13,664","20,766","65.79986516421%"
"2025-04-01","A DIVISION","5","2","peak","1,385","1,652","83.83777239709%"
"2025-04-01","A DIVISION","6","1","offpeak","24,141","31,257","77.23389960649%"
"2025-04-01","A DIVISION","6","2","offpeak","5,037","6,307","79.86364357064%"
"2025-04-01","A DIVISION","6","1","peak","15,497","20,841","74.35823616909%"
"2025-04-01","A DIVISION","6","2","peak","2,497","3,165","78.89415481833%"
"2025-04-01","A DIVISION","7","1","offpeak","15,850","20,534","77.1890523035%"
"2025-04-01","A DIVISION","7","2","offpeak","4,265","5,008","85.16373801917%"
"2025-04-01","A DIVISION","7","1","peak","12,472","16,934","73.65064367545%"
"2025-04-01","A DIVISION","7","2","peak","2,695","3,344","80.59210526316%"
"2025-04-01","A DIVISION","GS","1","offpeak","6,564","6,599","99.46961660858%"
"2025-04-01","A DIVISION","GS","2","offpeak","1,675","1,695","98.82005899705%"
"2025-04-01","A DIVISION","GS","1","peak","4,326","4,444","97.34473447345%"
"2025-04-01","A DIVISION","GS","2","peak","984","992","99.1935483871%"
"2025-04-01","B DIVISION","A","1","offpeak","15,582","21,754","71.62820630689%"
"2025-04-01","B DIVISION","A","2","offpeak","4,808","6,144","78.25520833333%"
"2025-04-01","B DIVISION","A","1","peak","10,974","15,776","69.56135902637%"
"2025-04-01","B DIVISION","A","2","peak","2,527","3,192","79.16666666667%"
"2025-04-01","B DIVISION","B","1","offpeak","9,061","12,496","72.51120358515%"
"2025-04-01","B DIVISION","B","1","peak","6,081","8,945","67.98211291224%"
"2025-04-01","B DIVISION","C","1","offpeak","11,155","15,443","72.23337434436%"
"2025-04-01","B DIVISION","C","2","offpeak","3,139","3,908","80.32241555783%"
"2025-04-01","B DIVISION","C","1","peak","6,189","8,327","74.32448660982%"
"2025-04-01","B DIVISION","C","2","peak","1,704","2,192","77.73722627737%"
"2025-04-01","B DIVISION","D","1","offpeak","12,455","17,329","71.87373766519%"
"2025-04-01","B DIVISION","D","2","offpeak","3,569","4,634","77.01769529564%"
"2025-04-01","B DIVISION","D","1","peak","7,354","10,356","71.01197373503%"
"2025-04-01","B DIVISION","D","2","peak","1,799","2,390","75.2719665272%"
"2025-04-01","B DIVISION","E","1","offpeak","12,978","18,261","71.06949236077%"
"2025-04-01","B DIVISION","E","2","offpeak","2,874","3,302","87.0381586917%"
"2025-04-01","B DIVISION","E","1","peak","8,214","11,816","69.51591062965%"
"2025-04-01","B DIVISION","E","2","peak","1,476","1,630","90.55214723926%"
"2025-04-01","B DIVISION","F","1","offpeak","20,746","30,654","67.6779539375%"
"2025-04-01","B DIVISION","F","2","offpeak","5,037","6,330","79.57345971564%"
"2025-04-01","B DIVISION","F","1","peak","13,244","19,632","67.46128769356%"
"2025-04-01","B DIVISION","F","2","peak","2,689","3,190","84.29467084639%"
"2025-04-01","B DIVISION","FS","1","offpeak","2,669","2,715","98.30570902394%"
"2025-04-01","B DIVISION","FS","2","offpeak","987","994","99.29577464789%"
"2025-04-01","B DIVISION","FS","1","peak","1,532","1,538","99.60988296489%"
"2025-04-01","B DIVISION","FS","2","peak","557","558","99.82078853047%"
"2025-04-01","B DIVISION","G","1","offpeak","10,953","13,492","81.18144085384%"
"2025-04-01","B DIVISION","G","2","offpeak","2,791","3,215","86.81181959565%"
"2025-04-01","B DIVISION","G","1","peak","6,086","7,648","79.57635983264%"
"2025-04-01","B DIVISION","G","2","peak","1,470","1,681","87.44794765021%"
"2025-04-01","B DIVISION","H","1","offpeak","947","968","97.8305785124%"
"2025-04-01","B DIVISION","H","2","offpeak","349","352","99.14772727273%"
"2025-04-01","B DIVISION","H","1","peak","520","526","98.85931558935%"
"2025-04-01","B DIVISION","H","2","peak","191","192","99.47916666667%"
"2025-04-01","B DIVISION","J","1","offpeak","11,310","13,474","83.9394389194%"
"2025-04-01","B DIVISION","J","2","offpeak","2,920","3,441","84.85905260099%"
"2025-04-01","B DIVISION","J","1","peak","7,138","8,890","80.29246344207%"
"2025-04-01","B DIVISION","J","2","peak","1,515","1,822","83.15038419319%"
"2025-04-01","B DIVISION","L","1","offpeak","19,822","26,240","75.54115853659%"
"2025-04-01","B DIVISION","L","2","offpeak","5,484","6,822","80.38698328936%"
"2025-04-01","B DIVISION","L","1","peak","11,461","16,005","71.60887222743%"
"2025-04-01","B DIVISION","L","2","peak","2,780","3,516","79.06712172924%"
"2025-04-01","B DIVISION","M","1","offpeak","12,228","17,678","69.17072066976%"
"2025-04-01","B DIVISION","M","2","offpeak","1,740","1,873","92.89909236519%"
"2025-04-01","B DIVISION","M","1","peak","8,267","11,887","69.5465634727%"
"2025-04-01","B DIVISION","M","2","peak","944","1,002","94.21157684631%"
"2025-04-01","B DIVISION","N","1","offpeak","13,854","19,208","72.12619741774%"
"2025-04-01","B DIVISION","N","2","offpeak","4,334","5,622","77.09000355745%"
"2025-04-01","B DIVISION","N","1","peak","8,022","11,770","68.15632965166%"
"2025-04-01","B DIVISION","N","2","peak","2,173","2,829","76.8115942029%"
"2025-04-01","B DIVISION","Q","1","offpeak","10,880","14,666","74.18519023592%"
"2025-04-01","B DIVISION","Q","2","offpeak","3,517","4,235","83.04604486423%"
"2025-04-01","B DIVISION","Q","1","peak","6,402","8,879","72.10271426962%"
"2025-04-01","B DIVISION","Q","2","peak","1,893","2,167","87.35579141671%"
"2025-04-01","B DIVISION","R","1","offpeak","16,990","23,160","73.35924006908%"
"2025-04-01","B DIVISION","R","2","offpeak","5,142","6,280","81.87898089172%"
"2025-04-01","B DIVISION","R","1","peak","10,514","15,271","68.84945321197%"
"2025-04-01","B DIVISION","R","2","peak","2,691","3,341","80.54474708171%"
"2025-04-01","B DIVISION","W","1","offpeak","6,457","8,184","78.89784946237%"
"2025-04-01","B DIVISION","W","1","peak","4,647","6,388","72.74577332498%"
"2025-05-01","A DIVISION","1","1","offpeak","20,061","26,314","76.23698411492%"
"2025-05-01","A DIVISION","1","2","offpeak","7,602","9,086","83.66718027735%"
"2025-05-01","A DIVISION","1","1","peak","12,452","17,051","73.02797489883%"
"2025-05-01","A DIVISION","1","2","peak","3,592","4,254","84.43817583451%"
"2025-05-01","A DIVISION","2","1","offpeak","19,618","28,546","68.72416450641%"
"2025-05-01","A DIVISION","2","2","offpeak","7,373","10,081","73.13758555699%"
"2025-05-01","A DIVISION","2","1","peak","11,934","18,438","64.72502440612%"
"2025-05-01","A DIVISION","2","2","peak","3,893","5,205","74.7934678194%"
"2025-05-01","A DIVISION","3","1","offpeak","16,638","22,037","75.50029495848%"
"2025-05-01","A DIVISION","3","2","offpeak","6,107","7,919","77.11832302058%"
"2025-05-01","A DIVISION","3","1","peak","10,063","14,063","71.55656687762%"
"2025-05-01","A DIVISION","3","2","peak","3,108","3,796","81.87565858799%"
"2025-05-01","A DIVISION","4","1","offpeak","23,617","31,382","75.25651647441%"
"2025-05-01","A DIVISION","4","2","offpeak","8,643","11,114","77.76678063703%"
"2025-05-01","A DIVISION","4","1","peak","15,248","22,593","67.48993050945%"
"2025-05-01","A DIVISION","4","2","peak","4,653","5,990","77.67946577629%"
"2025-05-01","A DIVISION","5","1","offpeak","17,073","23,744","71.90448113208%"
"2025-05-01","A DIVISION","5","2","offpeak","3,756","4,521","83.07896483079%"
"2025-05-01","A DIVISION","5","1","peak","13,073","19,845","65.87553539934%"
"2025-05-01","A DIVISION","5","2","peak","2,032","2,396","84.80801335559%"
"2025-05-01","A DIVISION","6","1","offpeak","23,355","29,999","77.8525950865%"
"2025-05-01","A DIVISION","6","2","offpeak","7,694","9,178","83.83089997821%"
"2025-05-01","A DIVISION","6","1","peak","14,747","19,910","74.06830738322%"
"2025-05-01","A DIVISION","6","2","peak","3,843","4,582","83.87167175906%"
"2025-05-01","A DIVISION","7","1","offpeak","15,513","19,509","79.51714593265%"
"2025-05-01","A DIVISION","7","2","offpeak","5,122","6,224","82.29434447301%"
"2025-05-01","A DIVISION","7","1","peak","11,719","16,022","73.14317813007%"
"2025-05-01","A DIVISION","7","2","peak","3,276","4,044","81.00890207715%"
"2025-05-01","A DIVISION","GS","1","offpeak","6,167","6,300","97.88888888889%"
"2025-05-01","A DIVISION","GS","2","offpeak","2,095","2,118","98.91406987724%"
"2025-05-01","A DIVISION","GS","1","peak","4,075","4,242","96.06317774635%"
"2025-05-01","A DIVISION","GS","2","peak","1,234","1,240","99.51612903226%"
"2025-05-01","B DIVISION","A","1","offpeak","14,973","21,129","70.86468834304%"
"2025-05-01","B DIVISION","A","2","offpeak","5,449","7,759","70.22812218069%"
"2025-05-01","B DIVISION","A","1","peak","10,517","15,341","68.55485300828%"
"2025-05-01","B DIVISION","A","2","peak","2,872","4,046","70.98368759268%"
"2025-05-01","B DIVISION","B","1","offpeak","7,887","11,350","69.48898678414%"
"2025-05-01","B DIVISION","B","1","peak","5,576","8,126","68.61924686192%"
"2025-05-01","B DIVISION","C","1","offpeak","10,992","14,692","74.81622651783%"
"2025-05-01","B DIVISION","C","2","offpeak","3,545","4,544","78.01496478873%"
"2025-05-01","B DIVISION","C","1","peak","6,056","7,909","76.57099506891%"
"2025-05-01","B DIVISION","C","2","peak","2,012","2,566","78.4099766173%"
"2025-05-01","B DIVISION","D","1","offpeak","11,478","16,477","69.66073921224%"
"2025-05-01","B DIVISION","D","2","offpeak","4,153","5,609","74.04171866643%"
"2025-05-01","B DIVISION","D","1","peak","6,754","9,769","69.13706622991%"
"2025-05-01","B DIVISION","D","2","peak","2,178","2,890","75.36332179931%"
"2025-05-01","B DIVISION","E","1","offpeak","12,803","17,504","73.14328153565%"
"2025-05-01","B DIVISION","E","2","offpeak","3,048","3,827","79.64463025869%"
"2025-05-01","B DIVISION","E","1","peak","8,348","11,347","73.57010663612%"
"2025-05-01","B DIVISION","E","2","peak","1,526","1,885","80.9549071618%"
"2025-05-01","B DIVISION","F","1","offpeak","19,288","29,400","65.60544217687%"
"2025-05-01","B DIVISION","F","2","offpeak","5,736","7,368","77.85016286645%"
"2025-05-01","B DIVISION","F","1","peak","12,332","18,722","65.86903108642%"
"2025-05-01","B DIVISION","F","2","peak","2,976","3,748","79.40234791889%"
"2025-05-01","B DIVISION","FS","1","offpeak","2,550","2,624","97.17987804878%"
"2025-05-01","B DIVISION","FS","2","offpeak","1,266","1,271","99.60660896932%"
"2025-05-01","B DIVISION","FS","1","peak","1,476","1,483","99.52798381659%"
"2025-05-01","B DIVISION","FS","2","peak","720","720","100%"
"2025-05-01","B DIVISION","G","1","offpeak","10,982","13,454","81.62628214657%"
"2025-05-01","B DIVISION","G","2","offpeak","2,808","3,219","87.23205964585%"
"2025-05-01","B DIVISION","G","1","peak","6,289","7,733","81.32678132678%"
"2025-05-01","B DIVISION","G","2","peak","1,520","1,684","90.26128266033%"
"2025-05-01","B DIVISION","H","1","offpeak","1,164","1,319","88.2486732373%"
"2025-05-01","B DIVISION","H","2","offpeak","438","479","91.44050104384%"
"2025-05-01","B DIVISION","H","1","peak","639","673","94.94799405646%"
"2025-05-01","B DIVISION","H","2","peak","228","258","88.37209302326%"
"2025-05-01","B DIVISION","J","1","offpeak","10,542","12,855","82.00700116686%"
"2025-05-01","B DIVISION","J","2","offpeak","3,122","3,918","79.68351199592%"
"2025-05-01","B DIVISION","J","1","peak","6,486","8,482","76.46781419477%"
"2025-05-01","B DIVISION","J","2","peak","1,705","2,072","82.28764478764%"
"2025-05-01","B DIVISION","L","1","offpeak","19,012","25,104","75.73295092416%"
"2025-05-01","B DIVISION","L","2","offpeak","8,956","11,211","79.88582642048%"
"2025-05-01","B DIVISION","L","1","peak","10,806","15,270","70.76620825147%"
"2025-05-01","B DIVISION","L","2","peak","4,721","5,745","82.17580504787%"
"2025-05-01","B DIVISION","M","1","offpeak","11,829","16,823","70.31445045473%"
"2025-05-01","B DIVISION","M","2","offpeak","1,752","1,957","89.52478283086%"
"2025-05-01","B DIVISION","M","1","peak","7,684","11,254","68.27794561934%"
"2025-05-01","B DIVISION","M","2","peak","953","1,055","90.3317535545%"
"2025-05-01","B DIVISION","N","1","offpeak","13,062","18,589","70.26736241863%"
"2025-05-01","B DIVISION","N","2","offpeak","4,381","5,979","73.27312259575%"
"2025-05-01","B DIVISION","N","1","peak","7,817","11,124","70.27148507731%"
"2025-05-01","B DIVISION","N","2","peak","2,367","3,053","77.53029806747%"
"2025-05-01","B DIVISION","Q","1","offpeak","10,381","14,316","72.51327186365%"
"2025-05-01","B DIVISION","Q","2","offpeak","4,303","5,637","76.33492992727%"
"2025-05-01","B DIVISION","Q","1","peak","6,091","8,559","71.16485570744%"
"2025-05-01","B DIVISION","Q","2","peak","2,265","2,935","77.17206132879%"
"2025-05-01","B DIVISION","R","1","offpeak","15,766","22,618","69.70554425679%"
"2025-05-01","B DIVISION","R","2","offpeak","5,619","7,296","77.01480263158%"
"2025-05-01","B DIVISION","R","1","peak","10,141","14,634","69.2975263086%"
"2025-05-01","B DIVISION","R","2","peak","3,171","3,880","81.72680412371%"
"2025-05-01","B DIVISION","W","1","offpeak","7,038","8,859","79.44463257704%"
"2025-05-01","B DIVISION","W","1","peak","4,734","6,183","76.56477438137%"
"2025-06-01","A DIVISION","1","1","offpeak","20,569","26,152","78.6517283573%"
"2025-06-01","A DIVISION","1","2","offpeak","7,345","8,961","81.9662984042%"
"2025-06-01","A DIVISION","1","1","peak","12,638","17,051","74.11882001056%"
"2025-06-01","A DIVISION","1","2","peak","3,481","4,107","84.75773070368%"
"2025-06-01","A DIVISION","2","1","offpeak","19,977","28,834","69.28279114934%"
"2025-06-01","A DIVISION","2","2","offpeak","7,268","9,962","72.95723750251%"
"2025-06-01","A DIVISION","2","1","peak","12,308","18,434","66.76792882717%"
"2025-06-01","A DIVISION","2","2","peak","3,836","5,202","73.74086889658%"
"2025-06-01","A DIVISION","3","1","offpeak","16,327","22,554","72.39070674825%"
"2025-06-01","A DIVISION","3","2","offpeak","5,072","6,572","77.17589774802%"
"2025-06-01","A DIVISION","3","1","peak","9,927","14,102","70.39427031627%"
"2025-06-01","A DIVISION","3","2","peak","2,606","3,202","81.38663335415%"
"2025-06-01","A DIVISION","4","1","offpeak","23,497","31,344","74.96490556406%"
"2025-06-01","A DIVISION","4","2","offpeak","6,861","9,150","74.98360655738%"
"2025-06-01","A DIVISION","4","1","peak","15,564","22,593","68.88859381224%"
"2025-06-01","A DIVISION","4","2","peak","3,870","4,886","79.20589439214%"
"2025-06-01","A DIVISION","5","1","offpeak","16,975","23,470","72.32637409459%"
"2025-06-01","A DIVISION","5","2","offpeak","2,963","3,657","81.02269619907%"
"2025-06-01","A DIVISION","5","1","peak","13,014","19,688","66.10117838277%"
"2025-06-01","A DIVISION","5","2","peak","1,566","1,932","81.05590062112%"
"2025-06-01","A DIVISION","6","1","offpeak","23,431","30,085","77.88266578029%"
"2025-06-01","A DIVISION","6","2","offpeak","6,151","7,977","77.10918891814%"
"2025-06-01","A DIVISION","6","1","peak","14,720","19,920","73.89558232932%"
"2025-06-01","A DIVISION","6","2","peak","3,247","3,976","81.66498993964%"
"2025-06-01","A DIVISION","7","1","offpeak","14,510","19,340","75.02585315408%"
"2025-06-01","A DIVISION","7","2","offpeak","3,916","4,598","85.16746411483%"
"2025-06-01","A DIVISION","7","1","peak","10,962","15,719","69.73726063999%"
"2025-06-01","A DIVISION","7","2","peak","2,591","3,025","85.65289256198%"
"2025-06-01","A DIVISION","GS","1","offpeak","6,191","6,300","98.26984126984%"
"2025-06-01","A DIVISION","GS","2","offpeak","1,908","1,922","99.27159209157%"
"2025-06-01","A DIVISION","GS","1","peak","4,038","4,242","95.1909476662%"
"2025-06-01","A DIVISION","GS","2","peak","1,133","1,136","99.73591549296%"
"2025-06-01","B DIVISION","A","1","offpeak","14,569","21,603","67.43970744804%"
"2025-06-01","B DIVISION","A","2","offpeak","4,904","6,760","72.54437869822%"
"2025-06-01","B DIVISION","A","1","peak","10,423","15,685","66.45202422697%"
"2025-06-01","B DIVISION","A","2","peak","2,628","3,540","74.23728813559%"
"2025-06-01","B DIVISION","B","1","offpeak","7,934","11,970","66.28237259816%"
"2025-06-01","B DIVISION","B","1","peak","5,546","8,716","63.63010555301%"
"2025-06-01","B DIVISION","C","1","offpeak","10,205","14,583","69.97874237125%"
"2025-06-01","B DIVISION","C","2","offpeak","3,270","4,088","79.99021526419%"
"2025-06-01","B DIVISION","C","1","peak","5,742","7,945","72.27186910006%"
"2025-06-01","B DIVISION","C","2","peak","1,806","2,281","79.17580008768%"
"2025-06-01","B DIVISION","D","1","offpeak","11,114","16,685","66.61072819898%"
"2025-06-01","B DIVISION","D","2","offpeak","3,720","5,203","71.49721314626%"
"2025-06-01","B DIVISION","D","1","peak","6,464","9,826","65.78465296153%"
"2025-06-01","B DIVISION","D","2","peak","1,966","2,684","73.24888226528%"
"2025-06-01","B DIVISION","E","1","offpeak","12,288","17,691","69.45904697304%"
"2025-06-01","B DIVISION","E","2","offpeak","3,935","4,772","82.46018440905%"
"2025-06-01","B DIVISION","E","1","peak","7,960","11,570","68.79861711322%"
"2025-06-01","B DIVISION","E","2","peak","2,102","2,418","86.93134822167%"
"2025-06-01","B DIVISION","F","1","offpeak","18,425","29,172","63.15987933635%"
"2025-06-01","B DIVISION","F","2","offpeak","5,312","7,047","75.37959415354%"
"2025-06-01","B DIVISION","F","1","peak","12,271","19,041","64.44514468778%"
"2025-06-01","B DIVISION","F","2","peak","2,841","3,575","79.46853146853%"
"2025-06-01","B DIVISION","FS","1","offpeak","2,531","2,588","97.79752704791%"
"2025-06-01","B DIVISION","FS","2","offpeak","1,112","1,147","96.94856146469%"
"2025-06-01","B DIVISION","FS","1","peak","1,434","1,471","97.4847042828%"
"2025-06-01","B DIVISION","FS","2","peak","641","646","99.22600619195%"
"2025-06-01","B DIVISION","G","1","offpeak","10,906","13,823","78.89748969109%"
"2025-06-01","B DIVISION","G","2","offpeak","3,817","4,623","82.56543370106%"
"2025-06-01","B DIVISION","G","1","peak","6,203","7,714","80.41223749028%"
"2025-06-01","B DIVISION","G","2","peak","1,991","2,418","82.34077750207%"
"2025-06-01","B DIVISION","H","1","offpeak","1,532","1,839","83.30614464383%"
"2025-06-01","B DIVISION","H","2","offpeak","589","675","87.25925925926%"
"2025-06-01","B DIVISION","H","1","peak","827","903","91.58361018826%"
"2025-06-01","B DIVISION","H","2","peak","319","366","87.15846994536%"
"2025-06-01","B DIVISION","J","1","offpeak","10,125","12,861","78.72638208537%"
"2025-06-01","B DIVISION","J","2","offpeak","3,249","3,787","85.79350409295%"
"2025-06-01","B DIVISION","J","1","peak","6,157","8,490","72.52061248528%"
"2025-06-01","B DIVISION","J","2","peak","1,750","2,013","86.9349230005%"
"2025-06-01","B DIVISION","L","1","offpeak","18,933","25,041","75.60800287528%"
"2025-06-01","B DIVISION","L","2","offpeak","7,354","8,890","82.72215973003%"
"2025-06-01","B DIVISION","L","1","peak","11,068","15,279","72.43929576543%"
"2025-06-01","B DIVISION","L","2","peak","3,695","4,550","81.20879120879%"
"2025-06-01","B DIVISION","M","1","offpeak","10,951","16,811","65.14187139373%"
"2025-06-01","B DIVISION","M","2","offpeak","1,854","1,989","93.21266968326%"
"2025-06-01","B DIVISION","M","1","peak","7,491","11,376","65.84915611814%"
"2025-06-01","B DIVISION","M","2","peak","988","1,056","93.56060606061%"
"2025-06-01","B DIVISION","N","1","offpeak","12,985","18,879","68.780126066%"
"2025-06-01","B DIVISION","N","2","offpeak","4,402","6,287","70.01749642119%"
"2025-06-01","B DIVISION","N","1","peak","7,664","11,271","67.99751574838%"
"2025-06-01","B DIVISION","N","2","peak","2,496","3,195","78.1220657277%"
"2025-06-01","B DIVISION","Q","1","offpeak","10,427","14,377","72.52556166099%"
"2025-06-01","B DIVISION","Q","2","offpeak","3,720","5,060","73.51778656126%"
"2025-06-01","B DIVISION","Q","1","peak","6,083","8,509","71.48901163474%"
"2025-06-01","B DIVISION","Q","2","peak","2,082","2,632","79.10334346505%"
"2025-06-01","B DIVISION","R","1","offpeak","15,402","22,621","68.08717563326%"
"2025-06-01","B DIVISION","R","2","offpeak","5,510","6,930","79.50937950938%"
"2025-06-01","B DIVISION","R","1","peak","9,785","14,613","66.96092520359%"
"2025-06-01","B DIVISION","R","2","peak","3,162","3,703","85.39022414259%"
"2025-06-01","B DIVISION","W","1","offpeak","6,637","8,724","76.07748739111%"
"2025-06-01","B DIVISION","W","1","peak","4,555","6,192","73.56266149871%"
"2025-07-01","A DIVISION","1","1","offpeak","20,246","27,399","73.89320778131%"
"2025-07-01","A DIVISION","1","2","offpeak","7,280","8,685","83.82268278641%"
"2025-07-01","A DIVISION","1","1","peak","12,448","17,854","69.72107090848%"
"2025-07-01","A DIVISION","1","2","peak","3,351","4,049","82.76117559891%"
"2025-07-01","A DIVISION","2","1","offpeak","20,855","30,135","69.20524307284%"
"2025-07-01","A DIVISION","2","2","offpeak","6,995","9,054","77.25867020102%"
"2025-07-01","A DIVISION","2","1","peak","12,684","18,677","67.9124056326%"
"2025-07-01","A DIVISION","2","2","peak","3,572","4,551","78.4882443419%"
"2025-07-01","A DIVISION","3","1","offpeak","16,648","23,554","70.68013925448%"
"2025-07-01","A DIVISION","3","2","offpeak","6,236","8,073","77.2451381147%"
"2025-07-01","A DIVISION","3","1","peak","10,127","14,784","68.49972943723%"
"2025-07-01","A DIVISION","3","2","peak","3,213","3,910","82.17391304348%"
"2025-07-01","A DIVISION","4","1","offpeak","24,961","32,849","75.98709245335%"
"2025-07-01","A DIVISION","4","2","offpeak","7,686","10,057","76.42438102814%"
"2025-07-01","A DIVISION","4","1","peak","16,817","23,666","71.05974816192%"
"2025-07-01","A DIVISION","4","2","peak","4,063","5,416","75.01846381093%"
"2025-07-01","A DIVISION","5","1","offpeak","17,343","23,940","72.44360902256%"
"2025-07-01","A DIVISION","5","2","offpeak","2,506","3,124","80.21766965429%"
"2025-07-01","A DIVISION","5","1","peak","12,937","19,307","67.00678510385%"
"2025-07-01","A DIVISION","5","2","peak","1,311","1,726","75.95596755504%"
"2025-07-01","A DIVISION","6","1","offpeak","23,811","31,154","76.42999293831%"
"2025-07-01","A DIVISION","6","2","offpeak","6,801","8,430","80.67615658363%"
"2025-07-01","A DIVISION","6","1","peak","15,801","20,834","75.84237304406%"
"2025-07-01","A DIVISION","6","2","peak","3,548","4,222","84.03600189484%"
"2025-07-01","A DIVISION","7","1","offpeak","15,321","19,924","76.8972093957%"
"2025-07-01","A DIVISION","7","2","offpeak","4,803","5,657","84.90365918331%"
"2025-07-01","A DIVISION","7","1","peak","11,473","16,181","70.90414683889%"
"2025-07-01","A DIVISION","7","2","peak","2,858","3,618","78.99391929243%"
"2025-07-01","A DIVISION","GS","1","offpeak","6,568","6,600","99.51515151515%"
"2025-07-01","A DIVISION","GS","2","offpeak","1,906","1,916","99.47807933194%"
"2025-07-01","A DIVISION","GS","1","peak","4,350","4,444","97.88478847885%"
"2025-07-01","A DIVISION","GS","2","peak","1,112","1,132","98.2332155477%"
"2025-07-01","B DIVISION","A","1","offpeak","15,433","22,698","67.99277469381%"
"2025-07-01","B DIVISION","A","2","offpeak","5,039","7,143","70.54458910822%"
"2025-07-01","B DIVISION","A","1","peak","10,767","16,388","65.70051257017%"
"2025-07-01","B DIVISION","A","2","peak","2,672","3,743","71.38658829816%"
"2025-07-01","B DIVISION","B","1","offpeak","7,161","12,205","58.67267513314%"
"2025-07-01","B DIVISION","B","1","peak","5,331","8,921","59.75787467773%"
"2025-07-01","B DIVISION","C","1","offpeak","10,678","15,551","68.6643945727%"
"2025-07-01","B DIVISION","C","2","offpeak","3,471","4,384","79.17427007299%"
"2025-07-01","B DIVISION","C","1","peak","5,778","8,329","69.37207347821%"
"2025-07-01","B DIVISION","C","2","peak","1,908","2,482","76.87348912168%"
"2025-07-01","B DIVISION","D","1","offpeak","11,336","17,467","64.89952481823%"
"2025-07-01","B DIVISION","D","2","offpeak","3,566","5,083","70.15542002754%"
"2025-07-01","B DIVISION","D","1","peak","6,598","10,188","64.76246564586%"
"2025-07-01","B DIVISION","D","2","peak","1,934","2,606","74.21335379893%"
"2025-07-01","B DIVISION","E","1","offpeak","12,366","18,523","66.76024402095%"
"2025-07-01","B DIVISION","E","2","offpeak","3,008","3,848","78.17047817048%"
"2025-07-01","B DIVISION","E","1","peak","7,892","12,066","65.40692855959%"
"2025-07-01","B DIVISION","E","2","peak","1,576","1,899","82.99104791996%"
"2025-07-01","B DIVISION","F","1","offpeak","18,742","29,946","62.58598811193%"
"2025-07-01","B DIVISION","F","2","offpeak","4,800","7,089","67.71053745239%"
"2025-07-01","B DIVISION","F","1","peak","12,236","19,923","61.41645334538%"
"2025-07-01","B DIVISION","F","2","peak","2,610","3,619","72.11936999171%"
"2025-07-01","B DIVISION","FS","1","offpeak","2,642","2,684","98.43517138599%"
"2025-07-01","B DIVISION","FS","2","offpeak","1,133","1,135","99.82378854626%"
"2025-07-01","B DIVISION","FS","1","peak","1,519","1,532","99.15143603133%"
"2025-07-01","B DIVISION","FS","2","peak","643","646","99.53560371517%"
"2025-07-01","B DIVISION","G","1","offpeak","10,742","13,185","81.4713689799%"
"2025-07-01","B DIVISION","G","2","offpeak","3,680","4,291","85.76089489629%"
"2025-07-01","B DIVISION","G","1","peak","5,943","7,482","79.43063352045%"
"2025-07-01","B DIVISION","G","2","peak","1,935","2,249","86.03823921743%"
"2025-07-01","B DIVISION","H","1","offpeak","1,652","1,932","85.50724637681%"
"2025-07-01","B DIVISION","H","2","offpeak","616","687","89.66521106259%"
"2025-07-01","B DIVISION","H","1","peak","848","933","90.8896034298%"
"2025-07-01","B DIVISION","H","2","peak","346","376","92.02127659574%"
"2025-07-01","B DIVISION","J","1","offpeak","10,830","13,480","80.3412462908%"
"2025-07-01","B DIVISION","J","2","offpeak","3,738","4,599","81.27853881279%"
"2025-07-01","B DIVISION","J","1","peak","6,912","8,901","77.65419615774%"
"2025-07-01","B DIVISION","J","2","peak","2,084","2,475","84.20202020202%"
"2025-07-01","B DIVISION","L","1","offpeak","19,867","26,256","75.66651432054%"
"2025-07-01","B DIVISION","L","2","offpeak","5,792","7,960","72.76381909548%"
"2025-07-01","B DIVISION","L","1","peak","11,707","16,006","73.14132200425%"
"2025-07-01","B DIVISION","L","2","peak","3,191","4,123","77.39510065486%"
"2025-07-01","B DIVISION","M","1","offpeak","10,943","17,605","62.1584777052%"
"2025-07-01","B DIVISION","M","2","offpeak","1,606","1,861","86.29768941429%"
"2025-07-01","B DIVISION","M","1","peak","7,198","11,898","60.49756261557%"
"2025-07-01","B DIVISION","M","2","peak","895","1,008","88.78968253968%"
"2025-07-01","B DIVISION","N","1","offpeak","13,187","19,563","67.40786177989%"
"2025-07-01","B DIVISION","N","2","offpeak","4,679","6,362","73.54605469978%"
"2025-07-01","B DIVISION","N","1","peak","7,579","11,659","65.0055750922%"
"2025-07-01","B DIVISION","N","2","peak","2,525","3,226","78.27030378177%"
"2025-07-01","B DIVISION","Q","1","offpeak","10,506","14,985","70.11011011011%"
"2025-07-01","B DIVISION","Q","2","offpeak","4,239","5,543","76.47483312286%"
"2025-07-01","B DIVISION","Q","1","peak","5,920","8,887","66.61415550805%"
"2025-07-01","B DIVISION","Q","2","peak","2,219","2,854","77.75052557814%"
"2025-07-01","B DIVISION","R","1","offpeak","15,998","23,554","67.92052305341%"
"2025-07-01","B DIVISION","R","2","offpeak","4,988","6,415","77.75526110678%"
"2025-07-01","B DIVISION","R","1","peak","9,802","15,295","64.08630271331%"
"2025-07-01","B DIVISION","R","2","peak","2,868","3,509","81.73268737532%"
"2025-07-01","B DIVISION","W","1","offpeak","7,079","9,474","74.72028710154%"
"2025-07-01","B DIVISION","W","1","peak","4,414","6,375","69.23921568627%"
"2025-08-01","A DIVISION","1","1","offpeak","20,332","26,211","77.57048567395%"
"2025-08-01","A DIVISION","1","2","offpeak","8,028","9,410","85.31349628055%"
"2025-08-01","A DIVISION","1","1","peak","12,762","17,045","74.87239659724%"
"2025-08-01","A DIVISION","1","2","peak","3,784","4,371","86.57057881492%"
"2025-08-01","A DIVISION","2","1","offpeak","18,865","28,635","65.8809149642%"
"2025-08-01","A DIVISION","2","2","offpeak","7,836","11,147","70.29694088095%"
"2025-08-01","A DIVISION","2","1","peak","11,615","18,365","63.24530356657%"
"2025-08-01","A DIVISION","2","2","peak","4,291","5,825","73.6652360515%"
"2025-08-01","A DIVISION","3","1","offpeak","15,779","22,500","70.12888888889%"
"2025-08-01","A DIVISION","3","2","offpeak","6,880","8,992","76.51245551601%"
"2025-08-01","A DIVISION","3","1","peak","9,584","14,112","67.91383219955%"
"2025-08-01","A DIVISION","3","2","peak","3,536","4,347","81.3434552565%"
"2025-08-01","A DIVISION","4","1","offpeak","23,711","31,068","76.31968585039%"
"2025-08-01","A DIVISION","4","2","offpeak","7,050","9,195","76.67210440457%"
"2025-08-01","A DIVISION","4","1","peak","14,736","21,913","67.2477524757%"
"2025-08-01","A DIVISION","4","2","peak","3,681","4,912","74.93892508143%"
"2025-08-01","A DIVISION","5","1","offpeak","17,022","23,611","72.09351573419%"
"2025-08-01","A DIVISION","5","2","offpeak","2,160","2,635","81.9734345351%"
"2025-08-01","A DIVISION","5","1","peak","12,127","19,231","63.05964328428%"
"2025-08-01","A DIVISION","5","2","peak","1,158","1,406","82.3613086771%"
"2025-08-01","A DIVISION","6","1","offpeak","22,274","29,245","76.16344674303%"
"2025-08-01","A DIVISION","6","2","offpeak","6,026","7,548","79.83571807101%"
"2025-08-01","A DIVISION","6","1","peak","14,750","19,859","74.27362908505%"
"2025-08-01","A DIVISION","6","2","peak","3,030","3,824","79.23640167364%"
"2025-08-01","A DIVISION","7","1","offpeak","15,157","19,729","76.82599219423%"
"2025-08-01","A DIVISION","7","2","offpeak","5,059","6,159","82.13995778535%"
"2025-08-01","A DIVISION","7","1","peak","11,324","16,111","70.28738129228%"
"2025-08-01","A DIVISION","7","2","peak","3,077","3,946","77.97769893563%"
"2025-08-01","A DIVISION","GS","1","offpeak","6,147","6,299","97.5869185585%"
"2025-08-01","A DIVISION","GS","2","offpeak","1,687","1,698","99.35217903416%"
"2025-08-01","A DIVISION","GS","1","peak","4,140","4,242","97.5954738331%"
"2025-08-01","A DIVISION","GS","2","peak","988","992","99.59677419355%"
"2025-08-01","B DIVISION","A","1","offpeak","15,003","21,585","69.50660180681%"
"2025-08-01","B DIVISION","A","2","offpeak","5,427","7,615","71.26723571898%"
"2025-08-01","B DIVISION","A","1","peak","10,397","15,597","66.66025517728%"
"2025-08-01","B DIVISION","A","2","peak","2,957","4,005","73.83270911361%"
"2025-08-01","B DIVISION","B","1","offpeak","7,644","11,636","65.69267789618%"
"2025-08-01","B DIVISION","B","1","peak","5,559","8,613","64.54197143852%"
"2025-08-01","B DIVISION","C","1","offpeak","10,410","14,736","70.64332247557%"
"2025-08-01","B DIVISION","C","2","offpeak","3,363","4,645","72.40043057051%"
"2025-08-01","B DIVISION","C","1","peak","5,718","7,914","72.25170583776%"
"2025-08-01","B DIVISION","C","2","peak","2,013","2,611","77.09689774033%"
"2025-08-01","B DIVISION","D","1","offpeak","11,532","16,703","69.04148955277%"
"2025-08-01","B DIVISION","D","2","offpeak","3,629","5,580","65.03584229391%"
"2025-08-01","B DIVISION","D","1","peak","6,789","9,806","69.23312257801%"
"2025-08-01","B DIVISION","D","2","peak","2,041","2,886","70.72072072072%"
"2025-08-01","B DIVISION","E","1","offpeak","12,736","17,755","71.73190650521%"
"2025-08-01","B DIVISION","E","2","offpeak","3,745","4,498","83.25922632281%"
"2025-08-01","B DIVISION","E","1","peak","8,337","12,268","67.95728725139%"
"2025-08-01","B DIVISION","E","2","peak","2,012","2,247","89.54161103694%"
"2025-08-01","B DIVISION","F","1","offpeak","18,259","28,646","63.7401382392%"
"2025-08-01","B DIVISION","F","2","offpeak","5,558","7,637","72.77726856095%"
"2025-08-01","B DIVISION","F","1","peak","12,517","19,949","62.74499974936%"
"2025-08-01","B DIVISION","F","2","peak","2,910","3,867","75.25213343677%"
"2025-08-01","B DIVISION","FS","1","offpeak","2,541","2,629","96.65271966527%"
"2025-08-01","B DIVISION","FS","2","offpeak","1,234","1,239","99.59644874899%"
"2025-08-01","B DIVISION","FS","1","peak","1,471","1,512","97.28835978836%"
"2025-08-01","B DIVISION","FS","2","peak","698","698","100%"
"2025-08-01","B DIVISION","G","1","offpeak","10,285","12,700","80.9842519685%"
"2025-08-01","B DIVISION","G","2","offpeak","2,831","3,262","86.78724708768%"
"2025-08-01","B DIVISION","G","1","peak","5,810","7,278","79.82962352295%"
"2025-08-01","B DIVISION","G","2","peak","1,479","1,694","87.30814639906%"
"2025-08-01","B DIVISION","H","1","offpeak","1,618","1,804","89.68957871397%"
"2025-08-01","B DIVISION","H","2","offpeak","504","580","86.89655172414%"
"2025-08-01","B DIVISION","H","1","peak","834","887","94.02480270575%"
"2025-08-01","B DIVISION","H","2","peak","288","321","89.71962616822%"
"2025-08-01","B DIVISION","J","1","offpeak","10,228","12,818","79.79403963177%"
"2025-08-01","B DIVISION","J","2","offpeak","2,715","3,420","79.38596491228%"
"2025-08-01","B DIVISION","J","1","peak","6,491","8,485","76.4997053624%"
"2025-08-01","B DIVISION","J","2","peak","1,421","1,807","78.63862755949%"
"2025-08-01","B DIVISION","L","1","offpeak","18,948","25,036","75.6830164563%"
"2025-08-01","B DIVISION","L","2","offpeak","8,559","11,204","76.39235987147%"
"2025-08-01","B DIVISION","L","1","peak","11,343","15,266","74.30237128259%"
"2025-08-01","B DIVISION","L","2","peak","4,393","5,746","76.45318482423%"
"2025-08-01","B DIVISION","M","1","offpeak","11,823","16,813","70.3205852614%"
"2025-08-01","B DIVISION","M","2","offpeak","1,840","2,022","90.99901088032%"
"2025-08-01","B DIVISION","M","1","peak","7,696","11,384","67.60365425158%"
"2025-08-01","B DIVISION","M","2","peak","940","1,069","87.93264733396%"
"2025-08-01","B DIVISION","N","1","offpeak","12,789","18,354","69.67963386728%"
"2025-08-01","B DIVISION","N","2","offpeak","4,463","6,814","65.49750513648%"
"2025-08-01","B DIVISION","N","1","peak","7,418","11,162","66.45762408171%"
"2025-08-01","B DIVISION","N","2","peak","2,497","3,499","71.3632466419%"
"2025-08-01","B DIVISION","Q","1","offpeak","9,844","13,973","70.45015386817%"
"2025-08-01","B DIVISION","Q","2","offpeak","4,490","5,936","75.64016172507%"
"2025-08-01","B DIVISION","Q","1","peak","5,843","8,438","69.24626688789%"
"2025-08-01","B DIVISION","Q","2","peak","2,411","3,071","78.50862911104%"
"2025-08-01","B DIVISION","R","1","offpeak","15,049","22,058","68.22468038807%"
"2025-08-01","B DIVISION","R","2","offpeak","5,943","7,436","79.92200107585%"
"2025-08-01","B DIVISION","R","1","peak","9,578","14,461","66.23331719798%"
"2025-08-01","B DIVISION","R","2","peak","3,223","3,933","81.94762267989%"
"2025-08-01","B DIVISION","W","1","offpeak","6,090","8,140","74.81572481572%"
"2025-08-01","B DIVISION","W","2","offpeak","447","570","78.42105263158%"
"2025-08-01","B DIVISION","W","1","peak","4,031","6,041","66.72736301937%"
"2025-08-01","B DIVISION","W","2","peak","343","370","92.7027027027%"
"2025-09-01","A DIVISION","1","1","offpeak","18,389","25,560","71.94444444444%"
"2025-09-01","A DIVISION","1","2","offpeak","6,139","7,245","84.73429951691%"
"2025-09-01","A DIVISION","1","1","peak","12,324","17,035","72.34517170531%"
"2025-09-01","A DIVISION","1","2","peak","3,035","3,432","88.4324009324%"
"2025-09-01","A DIVISION","2","1","offpeak","18,088","28,658","63.11675622863%"
"2025-09-01","A DIVISION","2","2","offpeak","6,459","9,437","68.44336123768%"
"2025-09-01","A DIVISION","2","1","peak","11,674","18,438","63.31489315544%"
"2025-09-01","A DIVISION","2","2","peak","3,419","4,778","71.55713687735%"
"2025-09-01","A DIVISION","3","1","offpeak","14,321","22,139","64.68675188581%"
"2025-09-01","A DIVISION","3","2","offpeak","5,295","7,224","73.29734219269%"
"2025-09-01","A DIVISION","3","1","peak","9,056","14,112","64.17233560091%"
"2025-09-01","A DIVISION","3","2","peak","2,790","3,776","73.88771186441%"
"2025-09-01","A DIVISION","4","1","offpeak","22,444","31,079","72.21596576466%"
"2025-09-01","A DIVISION","4","2","offpeak","6,366","8,567","74.30839266955%"
"2025-09-01","A DIVISION","4","1","peak","14,794","22,596","65.47176491414%"
"2025-09-01","A DIVISION","4","2","peak","3,419","4,548","75.17590149516%"
"2025-09-01","A DIVISION","5","1","offpeak","16,756","23,656","70.83192424755%"
"2025-09-01","A DIVISION","5","2","offpeak","2,425","2,712","89.41740412979%"
"2025-09-01","A DIVISION","5","1","peak","12,172","19,623","62.02925138868%"
"2025-09-01","A DIVISION","5","2","peak","1,233","1,364","90.39589442815%"
"2025-09-01","A DIVISION","6","1","offpeak","21,752","29,290","74.26425401161%"
"2025-09-01","A DIVISION","6","2","offpeak","5,809","7,631","76.12370593631%"
"2025-09-01","A DIVISION","6","1","peak","13,957","19,868","70.2486410308%"
"2025-09-01","A DIVISION","6","2","peak","3,052","3,825","79.7908496732%"
"2025-09-01","A DIVISION","7","1","offpeak","15,647","20,256","77.24624802528%"
"2025-09-01","A DIVISION","7","2","offpeak","4,337","5,696","76.14115168539%"
"2025-09-01","A DIVISION","7","1","peak","11,520","16,047","71.78911946158%"
"2025-09-01","A DIVISION","7","2","peak","2,669","3,800","70.23684210526%"
"2025-09-01","A DIVISION","GS","1","offpeak","6,207","6,295","98.60206513106%"
"2025-09-01","A DIVISION","GS","2","offpeak","1,877","1,893","99.15478077126%"
"2025-09-01","A DIVISION","GS","1","peak","4,118","4,242","97.0768505422%"
"2025-09-01","A DIVISION","GS","2","peak","1,092","1,100","99.27272727273%"
"2025-09-01","B DIVISION","A","1","offpeak","15,287","21,696","70.45999262537%"
"2025-09-01","B DIVISION","A","2","offpeak","5,216","7,022","74.28083167189%"
"2025-09-01","B DIVISION","A","1","peak","10,669","15,682","68.03341410534%"
"2025-09-01","B DIVISION","A","2","peak","2,730","3,667","74.44777747478%"
"2025-09-01","B DIVISION","B","1","offpeak","7,914","11,838","66.85250886974%"
"2025-09-01","B DIVISION","B","1","peak","5,585","8,695","64.23231742381%"
"2025-09-01","B DIVISION","C","1","offpeak","10,681","14,865","71.85334678776%"
"2025-09-01","B DIVISION","C","2","offpeak","3,075","4,127","74.50932881027%"
"2025-09-01","B DIVISION","C","1","peak","5,830","7,945","73.37948395217%"
"2025-09-01","B DIVISION","C","2","peak","1,850","2,307","80.19072388383%"
"2025-09-01","B DIVISION","D","1","offpeak","11,910","16,727","71.20224786274%"
"2025-09-01","B DIVISION","D","2","offpeak","3,604","4,786","75.30296698705%"
"2025-09-01","B DIVISION","D","1","peak","6,814","9,823","69.36781024127%"
"2025-09-01","B DIVISION","D","2","peak","1,919","2,482","77.3166800967%"
"2025-09-01","B DIVISION","E","1","offpeak","12,975","17,562","73.88110693543%"
"2025-09-01","B DIVISION","E","2","offpeak","3,050","3,625","84.13793103448%"
"2025-09-01","B DIVISION","E","1","peak","8,897","12,642","70.3765227021%"
"2025-09-01","B DIVISION","E","2","peak","1,632","1,793","91.02063580591%"
"2025-09-01","B DIVISION","F","1","offpeak","20,598","29,102","70.77864064325%"
"2025-09-01","B DIVISION","F","2","offpeak","5,424","6,874","78.90602269421%"
"2025-09-01","B DIVISION","F","1","peak","14,158","20,475","69.14774114774%"
"2025-09-01","B DIVISION","F","2","peak","2,852","3,458","82.47541931752%"
"2025-09-01","B DIVISION","FS","1","offpeak","2,496","2,583","96.63182346109%"
"2025-09-01","B DIVISION","FS","2","offpeak","1,119","1,142","97.98598949212%"
"2025-09-01","B DIVISION","FS","1","peak","1,486","1,487","99.93275050437%"
"2025-09-01","B DIVISION","FS","2","peak","644","648","99.38271604938%"
"2025-09-01","B DIVISION","G","1","offpeak","11,224","13,520","83.01775147929%"
"2025-09-01","B DIVISION","G","2","offpeak","4,594","5,150","89.20388349515%"
"2025-09-01","B DIVISION","G","1","peak","6,315","7,617","82.90665616384%"
"2025-09-01","B DIVISION","G","2","peak","2,332","2,682","86.95003728561%"
"2025-09-01","B DIVISION","H","1","offpeak","1,666","1,852","89.95680345572%"
"2025-09-01","B DIVISION","H","2","offpeak","470","519","90.55876685934%"
"2025-09-01","B DIVISION","H","1","peak","827","899","91.99110122358%"
"2025-09-01","B DIVISION","H","2","peak","259","280","92.5%"
"2025-09-01","B DIVISION","J","1","offpeak","10,570","12,875","82.09708737864%"
"2025-09-01","B DIVISION","J","2","offpeak","4,070","4,806","84.68580940491%"
"2025-09-01","B DIVISION","J","1","peak","6,622","8,496","77.94256120527%"
"2025-09-01","B DIVISION","J","2","peak","2,134","2,578","82.77734678045%"
"2025-09-01","B DIVISION","L","1","offpeak","18,524","23,940","77.37677527151%"
"2025-09-01","B DIVISION","L","2","offpeak","7,967","10,000","79.67%"
"2025-09-01","B DIVISION","L","1","peak","11,744","15,274","76.88883069268%"
"2025-09-01","B DIVISION","L","2","peak","4,248","5,135","82.72638753651%"
"2025-09-01","B DIVISION","M","1","offpeak","11,817","16,657","70.94314702527%"
"2025-09-01","B DIVISION","M","2","offpeak","2,203","2,351","93.70480646533%"
"2025-09-01","B DIVISION","M","1","peak","7,883","11,388","69.2219880576%"
"2025-09-01","B DIVISION","M","2","peak","1,144","1,251","91.44684252598%"
"2025-09-01","B DIVISION","N","1","offpeak","12,849","18,773","68.44404197518%"
"2025-09-01","B DIVISION","N","2","offpeak","4,428","5,990","73.92320534224%"
"2025-09-01","B DIVISION","N","1","peak","7,391","11,261","65.63360269958%"
"2025-09-01","B DIVISION","N","2","peak","2,309","3,027","76.28014535844%"
"2025-09-01","B DIVISION","Q","1","offpeak","10,340","14,383","71.89042619759%"
"2025-09-01","B DIVISION","Q","2","offpeak","3,574","4,744","75.33726812816%"
"2025-09-01","B DIVISION","Q","1","peak","6,016","8,506","70.72654596755%"
"2025-09-01","B DIVISION","Q","2","peak","1,932","2,448","78.92156862745%"
"2025-09-01","B DIVISION","R","1","offpeak","15,782","22,063","71.53152336491%"
"2025-09-01","B DIVISION","R","2","offpeak","4,853","6,289","77.16648115758%"
"2025-09-01","B DIVISION","R","1","peak","10,064","14,591","68.97402508396%"
"2025-09-01","B DIVISION","R","2","peak","2,791","3,405","81.96769456681%"
"2025-09-01","B DIVISION","W","1","offpeak","6,504","8,952","72.65415549598%"
"2025-09-01","B DIVISION","W","1","peak","4,181","6,133","68.17218327083%"
"2025-10-01","A DIVISION","1","1","offpeak","22,017","28,568","77.06874824979%"
"2025-10-01","A DIVISION","1","2","offpeak","6,191","7,944","77.93303121853%"
"2025-10-01","A DIVISION","1","2","peak","3,089","3,664","84.30676855895%"
"2025-10-01","A DIVISION","1","1","peak","13,791","18,629","74.02973857963%"
"2025-10-01","A DIVISION","2","2","offpeak","6,132","8,054","76.13608145021%"
"2025-10-01","A DIVISION","2","1","offpeak","21,053","31,549","66.73111667565%"
"2025-10-01","A DIVISION","2","1","peak","12,946","20,168","64.19079730266%"
"2025-10-01","A DIVISION","2","2","peak","3,272","4,137","79.09112883732%"
"2025-10-01","A DIVISION","3","2","offpeak","5,109","6,155","83.00568643379%"
"2025-10-01","A DIVISION","3","1","offpeak","17,807","24,479","72.7439846399%"
"2025-10-01","A DIVISION","3","2","peak","2,569","3,023","84.98180615283%"
"2025-10-01","A DIVISION","3","1","peak","10,537","15,444","68.22714322714%"
"2025-10-01","A DIVISION","4","2","offpeak","6,168","8,597","71.74595789229%"
"2025-10-01","A DIVISION","4","1","offpeak","25,029","34,149","73.2935078626%"
"2025-10-01","A DIVISION","4","1","peak","16,588","24,734","67.06557774723%"
"2025-10-01","A DIVISION","4","2","peak","3,354","4,621","72.5816922744%"
"2025-10-01","A DIVISION","5","1","offpeak","18,393","25,854","71.14179624043%"
"2025-10-01","A DIVISION","5","2","offpeak","2,031","2,349","86.46232439336%"
"2025-10-01","A DIVISION","5","1","peak","13,851","21,715","63.78540179599%"
"2025-10-01","A DIVISION","5","2","peak","1,045","1,228","85.09771986971%"
"2025-10-01","A DIVISION","6","2","offpeak","5,100","6,709","76.01729020718%"
"2025-10-01","A DIVISION","6","1","offpeak","24,032","32,369","74.2438753128%"
"2025-10-01","A DIVISION","6","2","peak","2,687","3,366","79.82768865122%"
"2025-10-01","A DIVISION","6","1","peak","15,765","21,779","72.38624362918%"
"2025-10-01","A DIVISION","7","2","offpeak","2,676","3,341","80.09577970667%"
"2025-10-01","A DIVISION","7","1","offpeak","15,935","20,657","77.14092075326%"
"2025-10-01","A DIVISION","7","2","peak","1,428","1,878","76.03833865815%"
"2025-10-01","A DIVISION","7","1","peak","12,610","16,994","74.20265976227%"
"2025-10-01","A DIVISION","GS","2","offpeak","1,681","1,693","99.29119905493%"
"2025-10-01","A DIVISION","GS","1","offpeak","6,845","6,900","99.20289855072%"
"2025-10-01","A DIVISION","GS","1","peak","4,487","4,646","96.57770124839%"
"2025-10-01","A DIVISION","GS","2","peak","985","992","99.29435483871%"
"2025-10-01","B DIVISION","A","1","offpeak","16,668","23,680","70.38851351351%"
"2025-10-01","B DIVISION","A","2","offpeak","4,464","6,263","71.27574644739%"
"2025-10-01","B DIVISION","A","2","peak","2,445","3,271","74.74778355243%"
"2025-10-01","B DIVISION","A","1","peak","11,513","17,134","67.19388350648%"
"2025-10-01","B DIVISION","B","1","offpeak","8,245","12,423","66.36883200515%"
"2025-10-01","B DIVISION","B","1","peak","6,228","9,556","65.17371285057%"
"2025-10-01","B DIVISION","C","1","offpeak","11,036","16,219","68.04365250632%"
"2025-10-01","B DIVISION","C","2","offpeak","2,810","3,771","74.51604348979%"
"2025-10-01","B DIVISION","C","2","peak","1,643","2,131","77.09995307367%"
"2025-10-01","B DIVISION","C","1","peak","6,064","8,653","70.07974113024%"
"2025-10-01","B DIVISION","D","1","offpeak","12,668","18,207","69.57763497556%"
"2025-10-01","B DIVISION","D","2","offpeak","3,087","4,282","72.09248014946%"
"2025-10-01","B DIVISION","D","2","peak","1,658","2,210","75.02262443439%"
"2025-10-01","B DIVISION","D","1","peak","7,388","10,717","68.93720257535%"
"2025-10-01","B DIVISION","E","1","offpeak","14,082","19,519","72.14508940007%"
"2025-10-01","B DIVISION","E","2","offpeak","2,724","3,353","81.24067998807%"
"2025-10-01","B DIVISION","E","1","peak","9,334","13,769","67.78996296027%"
"2025-10-01","B DIVISION","E","2","peak","1,437","1,725","83.30434782609%"
"2025-10-01","B DIVISION","F","1","offpeak","22,312","32,434","68.79200838626%"
"2025-10-01","B DIVISION","F","2","offpeak","4,274","5,315","80.41392285983%"
"2025-10-01","B DIVISION","F","1","peak","14,493","22,294","65.00852247241%"
"2025-10-01","B DIVISION","F","2","peak","2,175","2,689","80.88508739308%"
"2025-10-01","B DIVISION","FS","2","offpeak","990","1,011","97.92284866469%"
"2025-10-01","B DIVISION","FS","1","offpeak","2,766","2,858","96.78096571029%"
"2025-10-01","B DIVISION","FS","1","peak","1,620","1,633","99.20391916718%"
"2025-10-01","B DIVISION","FS","2","peak","556","569","97.71528998243%"
"2025-10-01","B DIVISION","G","1","offpeak","11,948","14,300","83.55244755245%"
"2025-10-01","B DIVISION","G","2","offpeak","3,213","3,663","87.71498771499%"
"2025-10-01","B DIVISION","G","1","peak","6,764","8,169","82.80083241523%"
"2025-10-01","B DIVISION","G","2","peak","1,726","1,924","89.70893970894%"
"2025-10-01","B DIVISION","H","1","offpeak","1,738","1,884","92.25053078556%"
"2025-10-01","B DIVISION","H","2","offpeak","290","302","96.02649006623%"
"2025-10-01","B DIVISION","H","2","peak","156","168","92.85714285714%"
"2025-10-01","B DIVISION","H","1","peak","851","917","92.8026172301%"
"2025-10-01","B DIVISION","J","1","offpeak","11,769","14,094","83.50361856109%"
"2025-10-01","B DIVISION","J","2","offpeak","3,557","4,305","82.62485481998%"
"2025-10-01","B DIVISION","J","2","peak","1,892","2,308","81.97573656846%"
"2025-10-01","B DIVISION","J","1","peak","7,302","9,297","78.54146498871%"
"2025-10-01","B DIVISION","L","1","offpeak","18,304","24,098","75.95651091377%"
"2025-10-01","B DIVISION","L","2","offpeak","4,801","5,377","89.28770689976%"
"2025-10-01","B DIVISION","L","2","peak","2,419","2,703","89.49315575287%"
"2025-10-01","B DIVISION","L","1","peak","11,987","16,689","71.82575349032%"
"2025-10-01","B DIVISION","M","1","offpeak","12,979","18,405","70.51888073893%"
"2025-10-01","B DIVISION","M","2","offpeak","1,380","1,585","87.06624605678%"
"2025-10-01","B DIVISION","M","2","peak","735","847","86.77685950413%"
"2025-10-01","B DIVISION","M","1","peak","8,379","12,403","67.55623639442%"
"2025-10-01","B DIVISION","N","2","offpeak","4,222","5,667","74.50149991177%"
"2025-10-01","B DIVISION","N","1","offpeak","14,116","20,537","68.7344792326%"
"2025-10-01","B DIVISION","N","1","peak","7,903","12,288","64.31477864583%"
"2025-10-01","B DIVISION","N","2","peak","2,261","2,862","79.00069881202%"
"2025-10-01","B DIVISION","Q","1","offpeak","10,937","15,529","70.42951896452%"
"2025-10-01","B DIVISION","Q","2","offpeak","3,505","4,624","75.80017301038%"
"2025-10-01","B DIVISION","Q","1","peak","6,413","9,240","69.40476190476%"
"2025-10-01","B DIVISION","Q","2","peak","1,856","2,394","77.52715121136%"
"2025-10-01","B DIVISION","R","1","offpeak","17,522","24,669","71.0284162309%"
"2025-10-01","B DIVISION","R","2","offpeak","4,598","5,916","77.72143340095%"
"2025-10-01","B DIVISION","R","2","peak","2,561","3,175","80.66141732283%"
"2025-10-01","B DIVISION","R","1","peak","11,181","15,961","70.05200175428%"
"2025-10-01","B DIVISION","W","1","offpeak","6,984","9,844","70.94676960585%"
"2025-10-01","B DIVISION","W","1","peak","4,381","6,660","65.78078078078%"
"2025-11-01","A DIVISION","1","1","offpeak","17,766","23,605","75.26371531455%"
"2025-11-01","A DIVISION","1","2","offpeak","8,018","9,874","81.20315981365%"
"2025-11-01","A DIVISION","1","1","peak","11,455","15,418","74.29627707874%"
"2025-11-01","A DIVISION","1","2","peak","3,853","4,698","82.01362281822%"
"2025-11-01","A DIVISION","2","1","offpeak","17,546","26,111","67.19773275631%"
"2025-11-01","A DIVISION","2","2","offpeak","8,330","11,057","75.3368906575%"
"2025-11-01","A DIVISION","2","1","peak","10,545","16,673","63.24596653272%"
"2025-11-01","A DIVISION","2","2","peak","3,924","5,596","70.12151536812%"
"2025-11-01","A DIVISION","3","1","offpeak","14,190","20,064","70.72368421053%"
"2025-11-01","A DIVISION","3","2","offpeak","7,144","8,763","81.52459203469%"
"2025-11-01","A DIVISION","3","1","peak","8,646","12,686","68.15387040832%"
"2025-11-01","A DIVISION","3","2","peak","3,393","4,311","78.70563674322%"
"2025-11-01","A DIVISION","4","1","offpeak","20,382","28,379","71.82071249868%"
"2025-11-01","A DIVISION","4","2","offpeak","9,539","13,038","73.1630618193%"
"2025-11-01","A DIVISION","4","1","peak","13,226","20,432","64.73179326547%"
"2025-11-01","A DIVISION","4","2","peak","4,961","6,921","71.68039300679%"
"2025-11-01","A DIVISION","5","1","offpeak","15,215","21,439","70.96879518634%"
"2025-11-01","A DIVISION","5","2","offpeak","2,874","3,497","82.18472976837%"
"2025-11-01","A DIVISION","5","1","peak","10,999","17,943","61.29967118096%"
"2025-11-01","A DIVISION","5","2","peak","1,428","1,815","78.67768595041%"
"2025-11-01","A DIVISION","6","1","offpeak","19,978","26,919","74.21523830752%"
"2025-11-01","A DIVISION","6","2","offpeak","7,006","9,293","75.39007855375%"
"2025-11-01","A DIVISION","6","1","peak","12,177","17,943","67.86490553419%"
"2025-11-01","A DIVISION","6","2","peak","3,542","4,666","75.91084440634%"
"2025-11-01","A DIVISION","7","1","offpeak","11,880","16,049","74.02330363263%"
"2025-11-01","A DIVISION","7","2","offpeak","4,119","4,937","83.43123354264%"
"2025-11-01","A DIVISION","7","1","peak","8,293","12,298","67.43372906164%"
"2025-11-01","A DIVISION","7","2","peak","2,311","2,744","84.22011661808%"
"2025-11-01","A DIVISION","GS","1","offpeak","5,661","5,696","99.38553370787%"
"2025-11-01","A DIVISION","GS","2","offpeak","2,289","2,343","97.69526248399%"
"2025-11-01","A DIVISION","GS","1","peak","3,707","3,838","96.58676393955%"
"2025-11-01","A DIVISION","GS","2","peak","1,350","1,384","97.54335260116%"
"2025-11-01","B DIVISION","A","1","offpeak","14,352","20,020","71.68831168831%"
"2025-11-01","B DIVISION","A","2","offpeak","6,126","8,610","71.14982578397%"
"2025-11-01","B DIVISION","A","1","peak","9,437","14,043","67.2007405825%"
"2025-11-01","B DIVISION","A","2","peak","3,350","4,514","74.21355782012%"
"2025-11-01","B DIVISION","B","1","offpeak","6,879","9,945","69.17043740573%"
"2025-11-01","B DIVISION","B","1","peak","5,114","7,850","65.14649681529%"
"2025-11-01","B DIVISION","C","1","offpeak","9,631","13,537","71.14574868878%"
"2025-11-01","B DIVISION","C","2","offpeak","4,032","5,239","76.96125214736%"
"2025-11-01","B DIVISION","C","1","peak","4,947","6,974","70.93490106108%"
"2025-11-01","B DIVISION","C","2","peak","2,390","2,933","81.48653256052%"
"2025-11-01","B DIVISION","D","1","offpeak","10,311","15,228","67.71079590229%"
"2025-11-01","B DIVISION","D","2","offpeak","4,896","6,397","76.53587619196%"
"2025-11-01","B DIVISION","D","1","peak","6,016","8,759","68.6836396849%"
"2025-11-01","B DIVISION","D","2","peak","2,528","3,291","76.81555758128%"
"2025-11-01","B DIVISION","E","1","offpeak","11,519","16,120","71.45781637717%"
"2025-11-01","B DIVISION","E","2","offpeak","4,103","4,745","86.46996838778%"
"2025-11-01","B DIVISION","E","1","peak","7,629","11,414","66.83896968635%"
"2025-11-01","B DIVISION","E","2","peak","2,135","2,367","90.19856358259%"
"2025-11-01","B DIVISION","F","1","offpeak","18,393","26,815","68.59220585493%"
"2025-11-01","B DIVISION","F","2","offpeak","6,500","8,227","79.00814391637%"
"2025-11-01","B DIVISION","F","1","peak","12,272","18,387","66.74280741828%"
"2025-11-01","B DIVISION","F","2","peak","3,225","4,141","77.87973919343%"
"2025-11-01","B DIVISION","FS","1","offpeak","2,226","2,295","96.99346405229%"
"2025-11-01","B DIVISION","FS","2","offpeak","1,388","1,399","99.21372408863%"
"2025-11-01","B DIVISION","FS","1","peak","1,327","1,338","99.177877429%"
"2025-11-01","B DIVISION","FS","2","peak","791","792","99.87373737374%"
"2025-11-01","B DIVISION","G","1","offpeak","10,257","12,481","82.18091499079%"
"2025-11-01","B DIVISION","G","2","offpeak","5,333","6,177","86.33640926016%"
"2025-11-01","B DIVISION","G","1","peak","5,667","7,009","80.85318875731%"
"2025-11-01","B DIVISION","G","2","peak","2,755","3,215","85.69206842924%"
"2025-11-01","B DIVISION","H","1","offpeak","1,462","1,614","90.5824039653%"
"2025-11-01","B DIVISION","H","2","offpeak","497","522","95.21072796935%"
"2025-11-01","B DIVISION","H","1","peak","771","839","91.89511323004%"
"2025-11-01","B DIVISION","H","2","peak","262","288","90.97222222222%"
"2025-11-01","B DIVISION","J","1","offpeak","9,942","11,638","85.42704932119%"
"2025-11-01","B DIVISION","J","2","offpeak","4,801","5,732","83.75785066294%"
"2025-11-01","B DIVISION","J","1","peak","6,058","7,686","78.81863127765%"
"2025-11-01","B DIVISION","J","2","peak","2,412","3,083","78.23548491729%"
"2025-11-01","B DIVISION","L","1","offpeak","15,884","20,524","77.39232118495%"
"2025-11-01","B DIVISION","L","2","offpeak","8,378","9,996","83.81352541016%"
"2025-11-01","B DIVISION","L","1","peak","10,619","14,402","73.73281488682%"
"2025-11-01","B DIVISION","L","2","peak","4,107","4,905","83.73088685015%"
"2025-11-01","B DIVISION","M","1","offpeak","11,053","15,240","72.52624671916%"
"2025-11-01","B DIVISION","M","2","offpeak","2,627","2,919","89.99657416924%"
"2025-11-01","B DIVISION","M","1","peak","7,214","10,317","69.92342735291%"
"2025-11-01","B DIVISION","M","2","peak","1,363","1,563","87.2040946897%"
"2025-11-01","B DIVISION","N","1","offpeak","11,981","16,887","70.94806656008%"
"2025-11-01","B DIVISION","N","2","offpeak","5,891","7,790","75.62259306804%"
"2025-11-01","B DIVISION","N","1","peak","6,881","10,084","68.23681078937%"
"2025-11-01","B DIVISION","N","2","peak","3,034","3,947","76.86850772739%"
"2025-11-01","B DIVISION","Q","1","offpeak","9,105","12,855","70.8284714119%"
"2025-11-01","B DIVISION","Q","2","offpeak","4,489","5,593","80.26104058645%"
"2025-11-01","B DIVISION","Q","1","peak","5,244","7,590","69.09090909091%"
"2025-11-01","B DIVISION","Q","2","peak","2,366","2,894","81.75535590878%"
"2025-11-01","B DIVISION","R","1","offpeak","14,759","20,327","72.60786146505%"
"2025-11-01","B DIVISION","R","2","offpeak","6,613","8,102","81.6218217724%"
"2025-11-01","B DIVISION","R","1","peak","9,427","13,210","71.36260408781%"
"2025-11-01","B DIVISION","R","2","peak","3,679","4,351","84.55527464951%"
"2025-11-01","B DIVISION","W","1","offpeak","6,056","7,970","75.98494353827%"
"2025-11-01","B DIVISION","W","1","peak","3,971","5,508","72.09513435004%"
"2025-12-01","A DIVISION","1","1","offpeak","21,164","28,709","73.71904280888%"
"2025-12-01","A DIVISION","1","2","offpeak","6,145","7,760","79.1881443299%"
"2025-12-01","A DIVISION","1","1","peak","13,441","18,663","72.01950383111%"
"2025-12-01","A DIVISION","1","2","peak","2,947","3,615","81.5214384509%"
"2025-12-01","A DIVISION","2","1","offpeak","20,235","31,539","64.15866070579%"
"2025-12-01","A DIVISION","2","2","offpeak","6,312","9,260","68.16414686825%"
"2025-12-01","A DIVISION","2","1","peak","12,154","20,129","60.38054548164%"
"2025-12-01","A DIVISION","2","2","peak","3,382","4,651","72.71554504408%"
"2025-12-01","A DIVISION","3","1","offpeak","17,256","24,680","69.91896272285%"
"2025-12-01","A DIVISION","3","2","offpeak","5,991","7,465","80.25452109846%"
"2025-12-01","A DIVISION","3","1","peak","10,388","15,420","67.36705577173%"
"2025-12-01","A DIVISION","3","2","peak","2,976","3,635","81.87070151307%"
"2025-12-01","A DIVISION","4","1","offpeak","23,727","34,349","69.07624676119%"
"2025-12-01","A DIVISION","4","2","offpeak","7,415","10,656","69.58521021021%"
"2025-12-01","A DIVISION","4","1","peak","16,638","24,743","67.2432607202%"
"2025-12-01","A DIVISION","4","2","peak","4,217","5,658","74.53163662071%"
"2025-12-01","A DIVISION","5","1","offpeak","18,017","26,095","69.04387813757%"
"2025-12-01","A DIVISION","5","2","offpeak","3,758","5,404","69.54108068098%"
"2025-12-01","A DIVISION","5","1","peak","13,326","21,713","61.37337079169%"
"2025-12-01","A DIVISION","5","2","peak","2,027","2,845","71.24780316344%"
"2025-12-01","A DIVISION","6","1","offpeak","23,525","32,375","72.66409266409%"
"2025-12-01","A DIVISION","6","2","offpeak","5,784","7,721","74.91257609118%"
"2025-12-01","A DIVISION","6","1","peak","14,939","21,700","68.84331797235%"
"2025-12-01","A DIVISION","6","2","peak","3,088","3,836","80.50052137643%"
"2025-12-01","A DIVISION","7","1","offpeak","15,185","20,432","74.31969459671%"
"2025-12-01","A DIVISION","7","2","offpeak","3,985","4,860","81.99588477366%"
"2025-12-01","A DIVISION","7","1","peak","11,477","17,021","67.42847071265%"
"2025-12-01","A DIVISION","7","2","peak","2,204","2,766","79.68185104845%"
"2025-12-01","A DIVISION","GS","1","offpeak","6,858","6,896","99.44895591647%"
"2025-12-01","A DIVISION","GS","2","offpeak","1,871","1,895","98.73350923483%"
"2025-12-01","A DIVISION","GS","1","peak","4,522","4,646","97.33103745157%"
"2025-12-01","A DIVISION","GS","2","peak","1,099","1,100","99.90909090909%"
"2025-12-01","B DIVISION","A","1","offpeak","16,668","24,145","69.03292607165%"
"2025-12-01","B DIVISION","A","2","offpeak","4,936","6,804","72.54556143445%"
"2025-12-01","B DIVISION","A","1","peak","11,408","17,009","67.07037450761%"
"2025-12-01","B DIVISION","A","2","peak","2,500","3,568","70.06726457399%"
"2025-12-01","B DIVISION","B","1","offpeak","8,336","12,248","68.0600914435%"
"2025-12-01","B DIVISION","B","1","peak","6,058","9,589","63.17655647096%"
"2025-12-01","B DIVISION","C","1","offpeak","11,622","16,305","71.27874885005%"
"2025-12-01","B DIVISION","C","2","offpeak","3,377","4,212","80.17568850902%"
"2025-12-01","B DIVISION","C","1","peak","6,016","8,446","71.2289841345%"
"2025-12-01","B DIVISION","C","2","peak","1,786","2,316","77.11571675302%"
"2025-12-01","B DIVISION","D","1","offpeak","12,244","18,391","66.57604262955%"
"2025-12-01","B DIVISION","D","2","offpeak","3,668","5,153","71.18183582379%"
"2025-12-01","B DIVISION","D","1","peak","7,137","10,610","67.26672950047%"
"2025-12-01","B DIVISION","D","2","peak","1,931","2,667","72.4034495688%"
"2025-12-01","B DIVISION","E","1","offpeak","13,210","19,434","67.97365442009%"
"2025-12-01","B DIVISION","E","2","offpeak","3,396","4,044","83.9762611276%"
"2025-12-01","B DIVISION","E","1","peak","9,210","13,774","66.86510817482%"
"2025-12-01","B DIVISION","E","2","peak","1,694","1,990","85.1256281407%"
"2025-12-01","B DIVISION","F","1","offpeak","20,576","31,394","65.54118621393%"
"2025-12-01","B DIVISION","F","2","offpeak","4,790","6,305","75.97145122918%"
"2025-12-01","B DIVISION","F","1","peak","13,815","22,144","62.38710260116%"
"2025-12-01","B DIVISION","F","2","peak","2,410","3,173","75.953356445%"
"2025-12-01","B DIVISION","FS","1","offpeak","2,723","2,822","96.49184975195%"
"2025-12-01","B DIVISION","FS","2","offpeak","868","887","97.8579481398%"
"2025-12-01","B DIVISION","FS","1","peak","1,598","1,645","97.14285714286%"
"2025-12-01","B DIVISION","FS","2","peak","498","504","98.80952380952%"
"2025-12-01","B DIVISION","G","1","offpeak","11,929","14,994","79.55849006269%"
"2025-12-01","B DIVISION","G","2","offpeak","3,619","4,102","88.2252559727%"
"2025-12-01","B DIVISION","G","1","peak","6,689","8,473","78.94488374838%"
"2025-12-01","B DIVISION","G","2","peak","1,935","2,139","90.46283309958%"
"2025-12-01","B DIVISION","H","1","offpeak","1,755","1,970","89.08629441624%"
"2025-12-01","B DIVISION","H","2","offpeak","603","648","93.05555555556%"
"2025-12-01","B DIVISION","H","1","peak","947","1,020","92.8431372549%"
"2025-12-01","B DIVISION","H","2","peak","328","352","93.18181818182%"
"2025-12-01","B DIVISION","J","1","offpeak","11,199","13,959","80.22781001504%"
"2025-12-01","B DIVISION","J","2","offpeak","3,555","4,244","83.76531573987%"
"2025-12-01","B DIVISION","J","1","peak","6,984","9,309","75.02417015791%"
"2025-12-01","B DIVISION","J","2","peak","1,916","2,293","83.55865678151%"
"2025-12-01","B DIVISION","L","1","offpeak","21,003","27,351","76.79061094658%"
"2025-12-01","B DIVISION","L","2","offpeak","7,760","10,192","76.13814756672%"
"2025-12-01","B DIVISION","L","1","peak","12,055","17,528","68.77567320858%"
"2025-12-01","B DIVISION","L","2","peak","3,669","4,983","73.63034316677%"
"2025-12-01","B DIVISION","M","1","offpeak","11,613","16,492","70.41595925297%"
"2025-12-01","B DIVISION","M","2","offpeak","1,793","2,113","84.85565546616%"
"2025-12-01","B DIVISION","M","1","peak","7,341","11,131","65.95094780343%"
"2025-12-01","B DIVISION","M","2","peak","936","1,122","83.42245989305%"
"2025-12-01","B DIVISION","N","1","offpeak","14,243","20,507","69.45433266689%"
"2025-12-01","B DIVISION","N","2","offpeak","4,400","6,346","69.33501418216%"
"2025-12-01","B DIVISION","N","1","peak","8,173","12,315","66.36622005684%"
"2025-12-01","B DIVISION","N","2","peak","2,298","3,221","71.34430301149%"
"2025-12-01","B DIVISION","Q","1","offpeak","11,306","15,608","72.43721168631%"
"2025-12-01","B DIVISION","Q","2","offpeak","3,549","4,490","79.04231625835%"
"2025-12-01","B DIVISION","Q","1","peak","6,527","9,326","69.98713274716%"
"2025-12-01","B DIVISION","Q","2","peak","1,915","2,326","82.3301805675%"
"2025-12-01","B DIVISION","R","1","offpeak","16,581","24,555","67.52596212584%"
"2025-12-01","B DIVISION","R","2","offpeak","5,124","6,539","78.36060559719%"
"2025-12-01","B DIVISION","R","1","peak","10,534","16,001","65.83338541341%"
"2025-12-01","B DIVISION","R","2","peak","2,788","3,516","79.29465301479%"
"2025-12-01","B DIVISION","W","1","offpeak","6,995","9,726","71.92062512852%"
"2025-12-01","B DIVISION","W","1","peak","4,592","6,761","67.91894690135%"
"2026-01-01","A DIVISION","1","1","offpeak","18,357","23,593","77.80697664562%"
"2026-01-01","A DIVISION","1","2","offpeak","7,086","8,369","84.66961405186%"
"2026-01-01","A DIVISION","1","1","peak","11,568","15,397","75.1315191271%"
"2026-01-01","A DIVISION","1","2","peak","3,498","4,052","86.32773938796%"
"2026-01-01","A DIVISION","2","1","offpeak","17,776","25,889","68.66236625594%"
"2026-01-01","A DIVISION","2","2","offpeak","7,333","9,947","73.72071981502%"
"2026-01-01","A DIVISION","2","1","peak","10,398","16,579","62.71789613366%"
"2026-01-01","A DIVISION","2","2","peak","3,894","5,221","74.58341313925%"
"2026-01-01","A DIVISION","3","1","offpeak","15,404","20,323","75.79589627516%"
"2026-01-01","A DIVISION","3","2","offpeak","4,329","5,455","79.3583868011%"
"2026-01-01","A DIVISION","3","1","peak","9,157","12,767","71.7239758753%"
"2026-01-01","A DIVISION","3","2","peak","2,134","2,671","79.89517034818%"
"2026-01-01","A DIVISION","4","1","offpeak","21,026","28,332","74.21290413667%"
"2026-01-01","A DIVISION","4","2","offpeak","7,425","10,021","74.09440175631%"
"2026-01-01","A DIVISION","4","1","peak","13,941","20,430","68.23788546256%"
"2026-01-01","A DIVISION","4","2","peak","4,027","5,389","74.72629430321%"
"2026-01-01","A DIVISION","5","1","offpeak","15,483","21,412","72.30991967121%"
"2026-01-01","A DIVISION","5","2","offpeak","5,507","7,168","76.82756696429%"
"2026-01-01","A DIVISION","5","1","peak","11,335","17,756","63.83757603064%"
"2026-01-01","A DIVISION","5","2","peak","2,861","3,790","75.48812664908%"
"2026-01-01","A DIVISION","6","1","offpeak","20,028","27,067","73.99416263347%"
"2026-01-01","A DIVISION","6","2","offpeak","7,218","9,105","79.27512355848%"
"2026-01-01","A DIVISION","6","1","peak","12,237","17,846","68.56998767231%"
"2026-01-01","A DIVISION","6","2","peak","3,622","4,591","78.89348725768%"
"2026-01-01","A DIVISION","7","1","offpeak","14,059","17,664","79.59125905797%"
"2026-01-01","A DIVISION","7","2","offpeak","4,629","5,180","89.36293436293%"
"2026-01-01","A DIVISION","7","1","peak","10,446","14,211","73.50643867427%"
"2026-01-01","A DIVISION","7","2","peak","2,456","2,731","89.9304284145%"
"2026-01-01","A DIVISION","GS","1","offpeak","5,622","5,699","98.64888576943%"
"2026-01-01","A DIVISION","GS","2","offpeak","2,126","2,147","99.02189101071%"
"2026-01-01","A DIVISION","GS","1","peak","3,723","3,838","97.00364773319%"
"2026-01-01","A DIVISION","GS","2","peak","1,263","1,272","99.29245283019%"
"2026-01-01","B DIVISION","A","1","offpeak","14,048","20,095","69.90793729784%"
"2026-01-01","B DIVISION","A","2","offpeak","5,508","7,634","72.15090385119%"
"2026-01-01","B DIVISION","A","1","peak","9,348","14,015","66.69996432394%"
"2026-01-01","B DIVISION","A","2","peak","2,982","3,982","74.88699146158%"
"2026-01-01","B DIVISION","B","1","offpeak","6,719","10,544","63.72344461305%"
"2026-01-01","B DIVISION","B","1","peak","5,150","7,915","65.06632975363%"
"2026-01-01","B DIVISION","C","1","offpeak","9,584","13,315","71.97897108524%"
"2026-01-01","B DIVISION","C","2","offpeak","3,700","4,703","78.67318732724%"
"2026-01-01","B DIVISION","C","1","peak","4,917","6,970","70.54519368723%"
"2026-01-01","B DIVISION","C","2","peak","2,112","2,658","79.45823927765%"
"2026-01-01","B DIVISION","D","1","offpeak","10,129","15,299","66.20694163017%"
"2026-01-01","B DIVISION","D","2","offpeak","4,469","5,780","77.31833910035%"
"2026-01-01","B DIVISION","D","1","peak","5,714","8,747","65.32525437293%"
"2026-01-01","B DIVISION","D","2","peak","2,411","2,966","81.28792987188%"
"2026-01-01","B DIVISION","E","1","offpeak","11,653","16,131","72.23978674602%"
"2026-01-01","B DIVISION","E","2","offpeak","3,967","4,546","87.26352837659%"
"2026-01-01","B DIVISION","E","1","peak","7,950","11,362","69.9700756909%"
"2026-01-01","B DIVISION","E","2","peak","2,031","2,278","89.15715539947%"
"2026-01-01","B DIVISION","F","1","offpeak","17,211","26,171","65.76363150052%"
"2026-01-01","B DIVISION","F","2","offpeak","5,594","6,793","82.34947740321%"
"2026-01-01","B DIVISION","F","1","peak","11,941","18,270","65.35851122058%"
"2026-01-01","B DIVISION","F","2","peak","2,881","3,450","83.50724637681%"
"2026-01-01","B DIVISION","FS","1","offpeak","2,271","2,358","96.31043256997%"
"2026-01-01","B DIVISION","FS","2","offpeak","1,241","1,251","99.20063948841%"
"2026-01-01","B DIVISION","FS","1","peak","1,318","1,342","98.21162444113%"
"2026-01-01","B DIVISION","FS","2","peak","695","696","99.85632183908%"
"2026-01-01","B DIVISION","G","1","offpeak","10,023","12,381","80.95468863581%"
"2026-01-01","B DIVISION","G","2","offpeak","2,931","3,227","90.82739386427%"
"2026-01-01","B DIVISION","G","1","peak","5,665","6,988","81.06754436176%"
"2026-01-01","B DIVISION","G","2","peak","1,572","1,702","92.36192714454%"
"2026-01-01","B DIVISION","H","1","offpeak","1,510","1,595","94.67084639498%"
"2026-01-01","B DIVISION","H","2","offpeak","682","736","92.66304347826%"
"2026-01-01","B DIVISION","H","1","peak","786","839","93.68295589988%"
"2026-01-01","B DIVISION","H","2","peak","382","414","92.27053140097%"
"2026-01-01","B DIVISION","J","1","offpeak","8,734","11,138","78.41623271683%"
"2026-01-01","B DIVISION","J","2","offpeak","4,398","5,141","85.54755884069%"
"2026-01-01","B DIVISION","J","1","peak","5,478","7,622","71.87090002624%"
"2026-01-01","B DIVISION","J","2","peak","2,291","2,781","82.38043869112%"
"2026-01-01","B DIVISION","L","1","offpeak","15,797","22,211","71.12241682049%"
"2026-01-01","B DIVISION","L","2","offpeak","6,322","8,531","74.10620091431%"
"2026-01-01","B DIVISION","L","1","peak","9,582","14,491","66.12380097992%"
"2026-01-01","B DIVISION","L","2","peak","3,249","4,301","75.54057196001%"
"2026-01-01","B DIVISION","M","1","offpeak","8,848","13,212","66.96942173781%"
"2026-01-01","B DIVISION","M","2","offpeak","2,431","2,691","90.33816425121%"
"2026-01-01","B DIVISION","M","1","peak","5,684","8,842","64.28409862022%"
"2026-01-01","B DIVISION","M","2","peak","1,302","1,453","89.60770818995%"
"2026-01-01","B DIVISION","N","1","offpeak","11,270","16,995","66.31362165343%"
"2026-01-01","B DIVISION","N","2","offpeak","5,347","7,030","76.05974395448%"
"2026-01-01","B DIVISION","N","1","peak","6,294","10,149","62.01596216376%"
"2026-01-01","B DIVISION","N","2","peak","2,854","3,564","80.0785634119%"
"2026-01-01","B DIVISION","Q","1","offpeak","8,770","12,782","68.61211078079%"
"2026-01-01","B DIVISION","Q","2","offpeak","4,581","5,903","77.60460782653%"
"2026-01-01","B DIVISION","Q","1","peak","4,854","7,639","63.54234847493%"
"2026-01-01","B DIVISION","Q","2","peak","2,414","3,038","79.46017116524%"
"2026-01-01","B DIVISION","R","1","offpeak","14,084","20,436","68.91759639851%"
"2026-01-01","B DIVISION","R","2","offpeak","6,063","7,430","81.60161507402%"
"2026-01-01","B DIVISION","R","1","peak","8,664","13,137","65.95113039507%"
"2026-01-01","B DIVISION","R","2","peak","3,359","4,016","83.64043824701%"
"2026-01-01","B DIVISION","W","1","offpeak","5,567","7,935","70.15752993069%"
"2026-01-01","B DIVISION","W","1","peak","3,571","5,534","64.52837007589%"
"2026-02-01","A DIVISION","1","1","offpeak","16,920","22,612","74.82752520785%"
"2026-02-01","A DIVISION","1","2","offpeak","6,763","8,129","83.19596506335%"
"2026-02-01","A DIVISION","1","2","peak","2,999","3,767","79.61242367932%"
"2026-02-01","A DIVISION","1","1","peak","10,478","14,610","71.71800136893%"
"2026-02-01","A DIVISION","2","2","offpeak","7,037","9,509","74.00357556%"
"2026-02-01","A DIVISION","2","1","offpeak","16,646","24,556","67.78791334094%"
"2026-02-01","A DIVISION","2","1","peak","10,089","15,637","64.52004860267%"
"2026-02-01","A DIVISION","2","2","peak","3,829","5,098","75.10788544527%"
"2026-02-01","A DIVISION","3","1","offpeak","13,919","19,253","72.29522671791%"
"2026-02-01","A DIVISION","3","2","offpeak","5,464","7,178","76.12148230705%"
"2026-02-01","A DIVISION","3","1","peak","8,324","12,085","68.87877534133%"
"2026-02-01","A DIVISION","3","2","peak","2,760","3,487","79.15113277889%"
"2026-02-01","A DIVISION","4","2","offpeak","6,709","8,768","76.51687956204%"
"2026-02-01","A DIVISION","4","1","offpeak","18,420","26,997","68.22980331148%"
"2026-02-01","A DIVISION","4","2","peak","3,636","4,765","76.30640083945%"
"2026-02-01","A DIVISION","4","1","peak","12,033","18,866","63.78140570338%"
"2026-02-01","A DIVISION","5","2","offpeak","850","1,014","83.82642998028%"
"2026-02-01","A DIVISION","5","1","offpeak","13,720","19,883","69.00367147815%"
"2026-02-01","A DIVISION","5","2","peak","519","606","85.64356435644%"
"2026-02-01","A DIVISION","5","1","peak","9,306","15,008","62.00692963753%"
"2026-02-01","A DIVISION","6","2","offpeak","4,969","6,797","73.10578196263%"
"2026-02-01","A DIVISION","6","1","offpeak","18,314","25,851","70.84445475997%"
"2026-02-01","A DIVISION","6","1","peak","11,372","16,930","67.17070289427%"
"2026-02-01","A DIVISION","6","2","peak","2,623","3,444","76.16144018583%"
"2026-02-01","A DIVISION","7","2","offpeak","4,042","4,787","84.43701692083%"
"2026-02-01","A DIVISION","7","1","offpeak","12,441","16,396","75.87826299097%"
"2026-02-01","A DIVISION","7","2","peak","2,552","2,975","85.78151260504%"
"2026-02-01","A DIVISION","7","1","peak","8,824","12,995","67.90303963063%"
"2026-02-01","A DIVISION","GS","2","offpeak","1,702","1,724","98.72389791183%"
"2026-02-01","A DIVISION","GS","1","offpeak","5,373","5,400","99.5%"
"2026-02-01","A DIVISION","GS","1","peak","3,552","3,636","97.6897689769%"
"2026-02-01","A DIVISION","GS","2","peak","1,020","1,024","99.609375%"
"2026-02-01","B DIVISION","A","1","offpeak","12,217","17,901","68.24758393386%"
"2026-02-01","B DIVISION","A","2","offpeak","4,778","6,287","75.99809129951%"
"2026-02-01","B DIVISION","A","2","peak","2,451","3,288","74.54379562044%"
"2026-02-01","B DIVISION","A","1","peak","8,112","12,570","64.53460620525%"
"2026-02-01","B DIVISION","B","1","offpeak","6,030","9,733","61.95417651289%"
"2026-02-01","B DIVISION","B","1","peak","4,362","7,478","58.33110457342%"
"2026-02-01","B DIVISION","C","1","offpeak","8,410","12,102","69.49264584366%"
"2026-02-01","B DIVISION","C","2","offpeak","3,156","3,811","82.81290999738%"
"2026-02-01","B DIVISION","C","2","peak","1,748","2,154","81.1513463324%"
"2026-02-01","B DIVISION","C","1","peak","4,293","6,207","69.16384726921%"
"2026-02-01","B DIVISION","D","2","offpeak","3,605","4,640","77.69396551724%"
"2026-02-01","B DIVISION","D","1","offpeak","9,173","14,513","63.20540205333%"
"2026-02-01","B DIVISION","D","1","peak","5,145","8,316","61.86868686869%"
"2026-02-01","B DIVISION","D","2","peak","1,886","2,384","79.11073825503%"
"2026-02-01","B DIVISION","E","1","offpeak","9,963","15,148","65.77105888566%"
"2026-02-01","B DIVISION","E","2","offpeak","3,116","3,567","87.35632183908%"
"2026-02-01","B DIVISION","E","1","peak","6,624","10,741","61.67023554604%"
"2026-02-01","B DIVISION","E","2","peak","1,595","1,755","90.88319088319%"
"2026-02-01","B DIVISION","F","1","offpeak","15,618","24,710","63.20518008903%"
"2026-02-01","B DIVISION","F","2","offpeak","4,312","5,280","81.66666666667%"
"2026-02-01","B DIVISION","F","2","peak","2,152","2,675","80.44859813084%"
"2026-02-01","B DIVISION","F","1","peak","10,099","17,420","57.97359357061%"
"2026-02-01","B DIVISION","FS","2","offpeak","995","1,007","98.80834160874%"
"2026-02-01","B DIVISION","FS","1","offpeak","2,156","2,218","97.20468890893%"
"2026-02-01","B DIVISION","FS","2","peak","573","576","99.47916666667%"
"2026-02-01","B DIVISION","FS","1","peak","1,281","1,286","99.61119751166%"
"2026-02-01","B DIVISION","G","1","offpeak","8,361","11,739","71.2241247125%"
"2026-02-01","B DIVISION","G","2","offpeak","3,668","4,320","84.90740740741%"
"2026-02-01","B DIVISION","G","1","peak","4,692","6,612","70.96188747731%"
"2026-02-01","B DIVISION","G","2","peak","1,912","2,287","83.6029733275%"
"2026-02-01","B DIVISION","H","1","offpeak","1,391","1,474","94.36906377205%"
"2026-02-01","B DIVISION","H","2","offpeak","578","609","94.90968801314%"
"2026-02-01","B DIVISION","H","2","peak","321","346","92.77456647399%"
"2026-02-01","B DIVISION","H","1","peak","720","756","95.2380952381%"
"2026-02-01","B DIVISION","J","2","offpeak","3,642","4,362","83.49381017882%"
"2026-02-01","B DIVISION","J","1","offpeak","7,757","9,978","77.74103026659%"
"2026-02-01","B DIVISION","J","2","peak","1,989","2,355","84.45859872611%"
"2026-02-01","B DIVISION","J","1","peak","5,163","7,128","72.43265993266%"
"2026-02-01","B DIVISION","L","2","offpeak","6,126","7,356","83.27895595432%"
"2026-02-01","B DIVISION","L","1","offpeak","15,252","21,293","71.62917390692%"
"2026-02-01","B DIVISION","L","2","peak","3,034","3,641","83.32875583631%"
"2026-02-01","B DIVISION","L","1","peak","9,126","13,736","66.43855562027%"
"2026-02-01","B DIVISION","M","2","offpeak","1,896","2,174","87.21251149954%"
"2026-02-01","B DIVISION","M","1","offpeak","8,085","12,591","64.2125327615%"
"2026-02-01","B DIVISION","M","2","peak","1,022","1,165","87.72532188841%"
"2026-02-01","B DIVISION","M","1","peak","4,949","8,394","58.95878008101%"
"2026-02-01","B DIVISION","N","2","offpeak","4,315","5,656","76.29066478076%"
"2026-02-01","B DIVISION","N","1","offpeak","10,689","16,122","66.3007071083%"
"2026-02-01","B DIVISION","N","1","peak","5,720","9,641","59.32994502645%"
"2026-02-01","B DIVISION","N","2","peak","2,261","2,850","79.33333333333%"
"2026-02-01","B DIVISION","Q","1","offpeak","7,917","11,958","66.20672353236%"
"2026-02-01","B DIVISION","Q","2","offpeak","3,503","4,417","79.30722209645%"
"2026-02-01","B DIVISION","Q","1","peak","4,450","7,254","61.34546457127%"
"2026-02-01","B DIVISION","Q","2","peak","1,781","2,287","77.87494534324%"
"2026-02-01","B DIVISION","R","2","offpeak","4,624","5,708","81.00911002102%"
"2026-02-01","B DIVISION","R","1","offpeak","12,911","19,324","66.81328917408%"
"2026-02-01","B DIVISION","R","2","peak","2,526","3,080","82.01298701299%"
"2026-02-01","B DIVISION","R","1","peak","7,827","12,409","63.07518736401%"
"2026-02-01","B DIVISION","W","1","offpeak","5,338","7,754","68.84188805778%"
"2026-02-01","B DIVISION","W","1","peak","3,236","5,247","61.67333714504%"
"2026-03-01","A DIVISION","1","2","offpeak","7,477","8,989","83.17944153966%"
"2026-03-01","A DIVISION","1","1","offpeak","21,035","27,053","77.75477765867%"
"2026-03-01","A DIVISION","1","2","peak","3,490","4,174","83.61284139914%"
"2026-03-01","A DIVISION","1","1","peak","12,610","17,505","72.03656098258%"
"2026-03-01","A DIVISION","2","2","offpeak","7,406","9,696","76.38201320132%"
"2026-03-01","A DIVISION","2","1","offpeak","19,456","29,605","65.71862861003%"
"2026-03-01","A DIVISION","2","2","peak","3,731","5,040","74.02777777778%"
"2026-03-01","A DIVISION","2","1","peak","11,668","18,882","61.79430145112%"
"2026-03-01","A DIVISION","3","2","offpeak","5,901","7,686","76.77595628415%"
"2026-03-01","A DIVISION","3","1","offpeak","17,302","23,557","73.4473829435%"
"2026-03-01","A DIVISION","3","1","peak","10,236","15,370","66.59726740403%"
"2026-03-01","A DIVISION","3","2","peak","3,075","3,729","82.46178600161%"
"2026-03-01","A DIVISION","4","2","offpeak","7,428","10,126","73.35571795378%"
"2026-03-01","A DIVISION","4","1","offpeak","23,073","31,862","72.41541648359%"
"2026-03-01","A DIVISION","4","2","peak","4,022","5,424","74.15191740413%"
"2026-03-01","A DIVISION","4","1","peak","14,809","23,000","64.38695652174%"
"2026-03-01","A DIVISION","5","2","offpeak","2,073","2,481","83.55501813785%"
"2026-03-01","A DIVISION","5","1","offpeak","16,969","24,528","69.18215916504%"
"2026-03-01","A DIVISION","5","1","peak","12,431","20,369","61.02901467917%"
"2026-03-01","A DIVISION","5","2","peak","1,068","1,301","82.09069946195%"
"2026-03-01","A DIVISION","6","2","offpeak","6,267","7,970","78.63237139272%"
"2026-03-01","A DIVISION","6","1","offpeak","21,936","30,732","71.37836782507%"
"2026-03-01","A DIVISION","6","2","peak","3,333","3,987","83.59668924003%"
"2026-03-01","A DIVISION","6","1","peak","13,588","20,379","66.67648069091%"
"2026-03-01","A DIVISION","7","1","offpeak","16,087","20,465","78.60737845101%"
"2026-03-01","A DIVISION","7","2","offpeak","4,403","5,301","83.05980003773%"
"2026-03-01","A DIVISION","7","2","peak","2,720","3,304","82.32445520581%"
"2026-03-01","A DIVISION","7","1","peak","12,367","16,680","74.14268585132%"
"2026-03-01","A DIVISION","GS","1","offpeak","6,233","6,479","96.20311776509%"
"2026-03-01","A DIVISION","GS","2","offpeak","1,864","1,907","97.7451494494%"
"2026-03-01","A DIVISION","GS","2","peak","1,099","1,136","96.74295774648%"
"2026-03-01","A DIVISION","GS","1","peak","3,995","4,358","91.67049105094%"
"2026-03-01","B DIVISION","A","2","offpeak","4,909","6,366","77.11278667923%"
"2026-03-01","B DIVISION","A","1","offpeak","16,326","23,340","69.94858611825%"
"2026-03-01","B DIVISION","A","2","peak","2,592","3,327","77.90802524797%"
"2026-03-01","B DIVISION","A","1","peak","10,735","16,357","65.62939414318%"
"2026-03-01","B DIVISION","B","1","offpeak","7,996","12,459","64.17850549803%"
"2026-03-01","B DIVISION","B","1","peak","5,911","9,217","64.13149614842%"
"2026-03-01","B DIVISION","C","2","offpeak","3,027","3,830","79.03394255875%"
"2026-03-01","B DIVISION","C","1","offpeak","10,350","15,674","66.0329207605%"
"2026-03-01","B DIVISION","C","2","peak","1,653","2,147","76.99115044248%"
"2026-03-01","B DIVISION","C","1","peak","5,572","8,098","68.80711286737%"
"2026-03-01","B DIVISION","D","1","offpeak","11,771","17,712","66.45776874435%"
"2026-03-01","B DIVISION","D","2","offpeak","3,932","5,173","76.01005219408%"
"2026-03-01","B DIVISION","D","2","peak","2,108","2,688","78.42261904762%"
"2026-03-01","B DIVISION","D","1","peak","6,779","10,195","66.49337910741%"
"2026-03-01","B DIVISION","E","2","offpeak","3,366","4,088","82.3385518591%"
"2026-03-01","B DIVISION","E","1","offpeak","12,853","18,611","69.0613078287%"
"2026-03-01","B DIVISION","E","1","peak","8,804","13,163","66.88444883385%"
"2026-03-01","B DIVISION","E","2","peak","1,759","2,030","86.65024630542%"
"2026-03-01","B DIVISION","F","2","offpeak","4,512","5,735","78.67480383609%"
"2026-03-01","B DIVISION","F","1","offpeak","19,938","29,945","66.58206712306%"
"2026-03-01","B DIVISION","F","2","peak","2,224","2,896","76.7955801105%"
"2026-03-01","B DIVISION","F","1","peak","13,601","21,184","64.2041163142%"
"2026-03-01","B DIVISION","FS","2","offpeak","1,119","1,129","99.11426040744%"
"2026-03-01","B DIVISION","FS","1","offpeak","2,628","2,717","96.72432830328%"
"2026-03-01","B DIVISION","FS","2","peak","642","648","99.07407407407%"
"2026-03-01","B DIVISION","FS","1","peak","1,569","1,573","99.74570883662%"
"2026-03-01","B DIVISION","G","2","offpeak","2,327","2,559","90.93395857757%"
"2026-03-01","B DIVISION","G","1","offpeak","11,578","14,388","80.46983597442%"
"2026-03-01","B DIVISION","G","1","peak","6,525","8,073","80.82497212932%"
"2026-03-01","B DIVISION","G","2","peak","1,173","1,333","87.99699924981%"
"2026-03-01","B DIVISION","H","1","offpeak","1,741","1,907","91.29522810697%"
"2026-03-01","B DIVISION","H","2","offpeak","501","522","95.97701149425%"
"2026-03-01","B DIVISION","H","1","peak","936","988","94.73684210526%"
"2026-03-01","B DIVISION","H","2","peak","276","288","95.83333333333%"
"2026-03-01","B DIVISION","J","2","offpeak","3,918","4,670","83.89721627409%"
"2026-03-01","B DIVISION","J","1","offpeak","9,941","12,501","79.52163826894%"
"2026-03-01","B DIVISION","J","1","peak","6,566","8,702","75.45391863939%"
"2026-03-01","B DIVISION","J","2","peak","2,128","2,512","84.71337579618%"
"2026-03-01","B DIVISION","L","2","offpeak","7,942","10,186","77.96976241901%"
"2026-03-01","B DIVISION","L","1","offpeak","18,727","26,123","71.68778471079%"
"2026-03-01","B DIVISION","L","1","peak","11,413","16,777","68.02765691125%"
"2026-03-01","B DIVISION","L","2","peak","4,129","4,985","82.82848545637%"
"2026-03-01","B DIVISION","M","2","offpeak","2,126","2,402","88.50957535387%"
"2026-03-01","B DIVISION","M","1","offpeak","10,387","15,294","67.9155224271%"
"2026-03-01","B DIVISION","M","1","peak","6,706","10,274","65.27155927584%"
"2026-03-01","B DIVISION","M","2","peak","1,135","1,292","87.84829721362%"
"2026-03-01","B DIVISION","N","1","offpeak","13,286","19,694","67.46217121966%"
"2026-03-01","B DIVISION","N","2","offpeak","4,007","5,298","75.63231408079%"
"2026-03-01","B DIVISION","N","2","peak","2,120","2,697","78.60585836114%"
"2026-03-01","B DIVISION","N","1","peak","7,703","11,722","65.71404197236%"
"2026-03-01","B DIVISION","Q","1","offpeak","10,629","14,978","70.96408065162%"
"2026-03-01","B DIVISION","Q","2","offpeak","2,395","3,146","76.12841703751%"
"2026-03-01","B DIVISION","Q","2","peak","1,319","1,654","79.74607013301%"
"2026-03-01","B DIVISION","Q","1","peak","6,124","8,949","68.43222706448%"
"2026-03-01","B DIVISION","R","1","offpeak","16,752","23,768","70.48131942107%"
"2026-03-01","B DIVISION","R","2","offpeak","5,033","6,285","80.07955449483%"
"2026-03-01","B DIVISION","R","1","peak","10,510","15,162","69.31803192191%"
"2026-03-01","B DIVISION","R","2","peak","2,810","3,352","83.83054892601%"
"2026-03-01","B DIVISION","W","1","offpeak","6,528","9,545","68.39182818229%"
"2026-03-01","B DIVISION","W","1","peak","4,249","6,321","67.2203765227%"
