"Date","Mode","Count"
"04/30/2026","AAR","48,639"
"04/30/2026","Subway","4,458,826"
"04/30/2026","SIR","8,214"
"04/30/2026","MNR","244,080"
"04/30/2026","LIRR","283,918"
"04/30/2026","Bus","1,376,194"
"04/30/2026","BT","974,328"
"04/29/2026","BT","946,469"
"04/29/2026","Subway","4,477,138"
"04/29/2026","SIR","8,448"
"04/29/2026","MNR","247,914"
"04/29/2026","LIRR","280,165"
"04/29/2026","Bus","1,395,894"
"04/29/2026","AAR","49,723"
"04/28/2026","BT","929,442"
"04/28/2026","Subway","4,439,537"
"04/28/2026","SIR","8,465"
"04/28/2026","MNR","247,855"
"04/28/2026","LIRR","287,935"
"04/28/2026","Bus","1,419,187"
"04/28/2026","AAR","49,732"
"04/27/2026","Bus","1,372,261"
"04/27/2026","Subway","4,056,011"
"04/27/2026","SIR","7,833"
"04/27/2026","MNR","224,358"
"04/27/2026","LIRR","259,203"
"04/27/2026","CRZ Entries",
"04/27/2026","CBD Entries",
"04/27/2026","BT","920,097"
"04/27/2026","AAR","44,090"
"04/26/2026","AAR","29,409"
"04/26/2026","Subway","2,340,458"
"04/26/2026","SIR","2,186"
"04/26/2026","MNR","112,778"
"04/26/2026","LIRR","117,184"
"04/26/2026","CRZ Entries",
"04/26/2026","CBD Entries",
"04/26/2026","Bus","685,932"
"04/26/2026","BT","893,407"
"04/25/2026","BT","880,842"
"04/25/2026","Subway","2,685,504"
"04/25/2026","SIR","2,358"
"04/25/2026","MNR","111,587"
"04/25/2026","LIRR","125,261"
"04/25/2026","CRZ Entries","437,444"
"04/25/2026","CBD Entries","491,636"
"04/25/2026","Bus","754,121"
"04/25/2026","AAR","28,666"
"04/24/2026","Bus","1,360,140"
"04/24/2026","Subway","4,267,996"
"04/24/2026","SIR","7,257"
"04/24/2026","MNR","245,042"
"04/24/2026","LIRR","279,397"
"04/24/2026","CRZ Entries","474,166"
"04/24/2026","CBD Entries","539,549"
"04/24/2026","AAR","47,478"
"04/24/2026","BT","1,014,159"
"04/23/2026","MNR","256,200"
"04/23/2026","Subway","4,580,472"
"04/23/2026","SIR","8,595"
"04/23/2026","LIRR","299,239"
"04/23/2026","CRZ Entries","477,934"
"04/23/2026","CBD Entries","542,378"
"04/23/2026","Bus","1,436,195"
"04/23/2026","BT","992,296"
"04/23/2026","AAR","50,202"
"04/22/2026","AAR","49,769"
"04/22/2026","Subway","4,486,289"
"04/22/2026","SIR","8,336"
"04/22/2026","MNR","247,815"
"04/22/2026","LIRR","282,919"
"04/22/2026","CRZ Entries","463,576"
"04/22/2026","CBD Entries","526,475"
"04/22/2026","Bus","1,406,054"
"04/22/2026","BT","938,516"
"04/21/2026","BT","927,914"
"04/21/2026","Subway","4,441,910"
"04/21/2026","SIR","8,459"
"04/21/2026","MNR","246,155"
"04/21/2026","LIRR","281,884"
"04/21/2026","CRZ Entries","451,018"
"04/21/2026","CBD Entries","513,127"
"04/21/2026","Bus","1,419,001"
"04/21/2026","AAR","48,934"
"04/20/2026","MNR","223,303"
"04/20/2026","Subway","4,099,611"
"04/20/2026","SIR","7,745"
"04/20/2026","LIRR","262,373"
"04/20/2026","CRZ Entries","437,843"
"04/20/2026","CBD Entries","501,133"
"04/20/2026","Bus","1,367,966"
"04/20/2026","BT","929,617"
"04/20/2026","AAR","44,061"
"04/19/2026","AAR","29,257"
"04/19/2026","Subway","2,105,104"
"04/19/2026","SIR","1,684"
"04/19/2026","MNR","98,969"
"04/19/2026","LIRR","105,273"
"04/19/2026","CRZ Entries","434,572"
"04/19/2026","CBD Entries","497,331"
"04/19/2026","Bus","641,158"
"04/19/2026","BT","851,711"
"04/18/2026","BT","971,767"
"04/18/2026","Subway","3,060,136"
"04/18/2026","SIR","2,856"
"04/18/2026","MNR","150,443"
"04/18/2026","LIRR","153,460"
"04/18/2026","CRZ Entries","466,124"
"04/18/2026","CBD Entries","528,536"
"04/18/2026","Bus","930,278"
"04/18/2026","AAR","31,586"
"04/17/2026","CBD Entries","537,268"
"04/17/2026","Subway","4,185,097"
"04/17/2026","SIR","7,185"
"04/17/2026","BT","1,008,691"
"04/17/2026","AAR","47,673"
"04/17/2026","MNR","240,167"
"04/17/2026","LIRR","265,678"
"04/17/2026","CRZ Entries","473,134"
"04/17/2026","Bus","1,329,978"
"04/16/2026","Bus","1,404,775"
"04/16/2026","Subway","4,499,619"
"04/16/2026","SIR","8,578"
"04/16/2026","MNR","250,075"
"04/16/2026","LIRR","283,310"
"04/16/2026","CRZ Entries","492,181"
"04/16/2026","CBD Entries","560,182"
"04/16/2026","BT","989,437"
"04/16/2026","AAR","49,769"
"04/15/2026","AAR","51,392"
"04/15/2026","Subway","4,492,478"
"04/15/2026","SIR","8,521"
"04/15/2026","MNR","253,123"
"04/15/2026","LIRR","280,305"
"04/15/2026","CRZ Entries","489,334"
"04/15/2026","CBD Entries","552,198"
"04/15/2026","Bus","1,421,298"
"04/15/2026","BT","963,179"
"04/14/2026","BT","942,597"
"04/14/2026","Subway","4,446,516"
"04/14/2026","SIR","8,694"
"04/14/2026","MNR","250,019"
"04/14/2026","LIRR","284,780"
"04/14/2026","CRZ Entries","490,934"
"04/14/2026","CBD Entries","556,632"
"04/14/2026","Bus","1,434,905"
"04/14/2026","AAR","50,417"
"04/13/2026","MNR","222,790"
"04/13/2026","Subway","3,982,381"
"04/13/2026","SIR","7,838"
"04/13/2026","LIRR","255,307"
"04/13/2026","CRZ Entries","471,629"
"04/13/2026","CBD Entries","536,953"
"04/13/2026","Bus","1,350,682"
"04/13/2026","BT","918,865"
"04/13/2026","AAR","44,761"
"04/12/2026","AAR","30,388"
"04/12/2026","Subway","2,190,707"
"04/12/2026","SIR","1,887"
"04/12/2026","MNR","102,484"
"04/12/2026","LIRR","126,689"
"04/12/2026","CRZ Entries","463,601"
"04/12/2026","CBD Entries","530,258"
"04/12/2026","Bus","707,266"
"04/12/2026","BT","894,197"
"04/11/2026","BT","945,844"
"04/11/2026","Subway","2,931,621"
"04/11/2026","SIR","3,018"
"04/11/2026","MNR","136,538"
"04/11/2026","LIRR","162,641"
"04/11/2026","CRZ Entries","502,911"
"04/11/2026","CBD Entries","564,903"
"04/11/2026","Bus","906,426"
"04/11/2026","AAR","30,588"
"04/10/2026","Bus","1,228,428"
"04/10/2026","Subway","3,921,201"
"04/10/2026","SIR","6,499"
"04/10/2026","AAR","45,710"
"04/10/2026","MNR","229,974"
"04/10/2026","LIRR","275,636"
"04/10/2026","CRZ Entries","508,193"
"04/10/2026","CBD Entries","575,486"
"04/10/2026","BT","966,012"
"04/09/2026","AAR","45,482"
"04/09/2026","Subway","4,113,539"
"04/09/2026","SIR","7,418"
"04/09/2026","MNR","242,312"
"04/09/2026","LIRR","283,722"
"04/09/2026","CRZ Entries","498,349"
"04/09/2026","CBD Entries","559,547"
"04/09/2026","Bus","1,241,877"
"04/09/2026","BT","906,459"
"04/08/2026","AAR","46,167"
"04/08/2026","Subway","4,081,273"
"04/08/2026","SIR","7,527"
"04/08/2026","MNR","242,421"
"04/08/2026","LIRR","273,134"
"04/08/2026","CRZ Entries","473,342"
"04/08/2026","CBD Entries","531,861"
"04/08/2026","Bus","1,234,992"
"04/08/2026","BT","869,214"
"04/07/2026","BT","880,048"
"04/07/2026","Subway","4,088,429"
"04/07/2026","SIR","7,633"
"04/07/2026","MNR","239,713"
"04/07/2026","LIRR","271,051"
"04/07/2026","CRZ Entries","478,622"
"04/07/2026","CBD Entries","541,787"
"04/07/2026","Bus","1,260,764"
"04/07/2026","AAR","45,336"
"04/06/2026","BT","912,482"
"04/06/2026","Subway","3,665,272"
"04/06/2026","SIR","6,834"
"04/06/2026","MNR","214,677"
"04/06/2026","LIRR","248,376"
"04/06/2026","CRZ Entries","463,424"
"04/06/2026","CBD Entries","529,282"
"04/06/2026","Bus","1,193,708"
"04/06/2026","AAR","40,038"
"04/05/2026","LIRR","117,368"
"04/05/2026","Subway","1,988,198"
"04/05/2026","SIR","2,079"
"04/05/2026","MNR","106,661"
"04/05/2026","CRZ Entries","432,391"
"04/05/2026","CBD Entries","494,724"
"04/05/2026","Bus","572,940"
"04/05/2026","BT","847,545"
"04/05/2026","AAR","32,321"
"04/04/2026","AAR","29,151"
"04/04/2026","Subway","2,951,308"
"04/04/2026","SIR","3,374"
"04/04/2026","MNR","145,498"
"04/04/2026","LIRR","153,371"
"04/04/2026","CRZ Entries","475,253"
"04/04/2026","CBD Entries","537,421"
"04/04/2026","Bus","869,566"
"04/04/2026","BT","894,521"
"04/03/2026","BT","892,868"
"04/03/2026","Subway","3,586,174"
"04/03/2026","SIR","5,621"
"04/03/2026","MNR","224,159"
"04/03/2026","LIRR","257,779"
"04/03/2026","CRZ Entries","467,111"
"04/03/2026","CBD Entries","525,911"
"04/03/2026","Bus","1,108,898"
"04/03/2026","AAR","41,964"
"04/02/2026","AAR","45,303"
"04/02/2026","Subway","3,900,255"
"04/02/2026","SIR","6,981"
"04/02/2026","MNR","215,928"
"04/02/2026","BT","908,227"
"04/02/2026","LIRR","254,880"
"04/02/2026","CRZ Entries","478,466"
"04/02/2026","CBD Entries","539,402"
"04/02/2026","Bus","1,175,688"
"04/01/2026","MNR","215,767"
"04/01/2026","Subway","4,232,503"
"04/01/2026","SIR","7,908"
"04/01/2026","LIRR","251,388"
"04/01/2026","CRZ Entries","480,289"
"04/01/2026","CBD Entries","545,346"
"04/01/2026","Bus","1,317,645"
"04/01/2026","BT","943,619"
"04/01/2026","AAR","49,070"
"03/31/2026","AAR","47,728"
"03/31/2026","Subway","4,383,952"
"03/31/2026","SIR","8,594"
"03/31/2026","MNR","246,489"
"03/31/2026","LIRR","283,190"
"03/31/2026","CRZ Entries","474,135"
"03/31/2026","CBD Entries","539,519"
"03/31/2026","Bus","1,373,765"
"03/31/2026","BT","915,291"
"03/30/2026","BT","900,924"
"03/30/2026","Subway","3,998,954"
"03/30/2026","SIR","7,836"
"03/30/2026","MNR","222,861"
"03/30/2026","LIRR","270,783"
"03/30/2026","CRZ Entries","462,762"
"03/30/2026","CBD Entries","526,904"
"03/30/2026","Bus","1,306,714"
"03/30/2026","AAR","43,437"
"03/29/2026","MNR","97,853"
"03/29/2026","Subway","2,203,483"
"03/29/2026","SIR","2,068"
"03/29/2026","LIRR","121,016"
"03/29/2026","CRZ Entries","449,119"
"03/29/2026","CBD Entries","511,494"
"03/29/2026","Bus","687,814"
"03/29/2026","BT","858,515"
"03/29/2026","AAR","31,135"
"03/28/2026","AAR","29,859"
"03/28/2026","Subway","2,929,313"
"03/28/2026","SIR","2,596"
"03/28/2026","MNR","124,691"
"03/28/2026","LIRR","150,533"
"03/28/2026","CRZ Entries","491,901"
"03/28/2026","CBD Entries","555,010"
"03/28/2026","Bus","863,605"
"03/28/2026","BT","919,497"
"03/27/2026","BT","974,683"
"03/27/2026","Subway","4,019,397"
"03/27/2026","SIR","6,767"
"03/27/2026","MNR","221,909"
"03/27/2026","LIRR","264,326"
"03/27/2026","CRZ Entries","506,089"
"03/27/2026","CBD Entries","570,836"
"03/27/2026","Bus","1,271,472"
"03/27/2026","AAR","46,350"
"03/26/2026","Bus","1,358,425"
"03/26/2026","Subway","4,431,640"
"03/26/2026","SIR","8,566"
"03/26/2026","AAR","49,422"
"03/26/2026","MNR","241,015"
"03/26/2026","LIRR","304,253"
"03/26/2026","CRZ Entries","502,938"
"03/26/2026","CBD Entries","566,854"
"03/26/2026","BT","969,427"
"03/25/2026","LIRR","279,314"
"03/25/2026","Subway","4,402,186"
"03/25/2026","SIR","8,487"
"03/25/2026","MNR","240,153"
"03/25/2026","CRZ Entries","485,668"
"03/25/2026","CBD Entries","548,272"
"03/25/2026","Bus","1,412,694"
"03/25/2026","BT","930,286"
"03/25/2026","AAR","49,877"
"03/24/2026","AAR","48,170"
"03/24/2026","Subway","4,385,137"
"03/24/2026","SIR","8,554"
"03/24/2026","MNR","239,664"
"03/24/2026","LIRR","285,995"
"03/24/2026","CRZ Entries","477,142"
"03/24/2026","CBD Entries","538,669"
"03/24/2026","Bus","1,400,840"
"03/24/2026","BT","915,023"
"03/23/2026","BT","875,747"
"03/23/2026","Subway","3,888,821"
"03/23/2026","SIR","7,474"
"03/23/2026","MNR","213,572"
"03/23/2026","LIRR","255,362"
"03/23/2026","CRZ Entries","456,420"
"03/23/2026","CBD Entries","517,152"
"03/23/2026","Bus","1,259,485"
"03/23/2026","AAR","43,326"
"03/22/2026","MNR","102,101"
"03/22/2026","Subway","2,121,729"
"03/22/2026","SIR","2,056"
"03/22/2026","LIRR","123,518"
"03/22/2026","CRZ Entries","448,116"
"03/22/2026","CBD Entries","513,834"
"03/22/2026","Bus","687,957"
"03/22/2026","BT","878,557"
"03/22/2026","AAR","29,741"
"03/21/2026","AAR","29,424"
"03/21/2026","Subway","2,811,993"
"03/21/2026","SIR","2,809"
"03/21/2026","MNR","123,117"
"03/21/2026","LIRR","137,175"
"03/21/2026","CRZ Entries","482,800"
"03/21/2026","CBD Entries","545,846"
"03/21/2026","Bus","890,063"
"03/21/2026","BT","916,706"
"03/20/2026","BT","967,383"
"03/20/2026","Subway","3,784,106"
"03/20/2026","SIR","6,313"
"03/20/2026","MNR","228,693"
"03/20/2026","LIRR","268,288"
"03/20/2026","CRZ Entries","487,455"
"03/20/2026","CBD Entries","553,397"
"03/20/2026","Bus","1,209,923"
"03/20/2026","AAR","45,320"
"03/19/2026","CBD Entries","565,706"
"03/19/2026","Subway","4,482,768"
"03/19/2026","SIR","8,237"
"03/19/2026","BT","975,040"
"03/19/2026","MNR","242,630"
"03/19/2026","AAR","48,465"
"03/19/2026","LIRR","281,063"
"03/19/2026","CRZ Entries","501,393"
"03/19/2026","Bus","1,397,394"
"03/18/2026","AAR","50,031"
"03/18/2026","Subway","4,510,854"
"03/18/2026","SIR","8,489"
"03/18/2026","MNR","244,436"
"03/18/2026","LIRR","281,676"
"03/18/2026","CRZ Entries","500,201"
"03/18/2026","CBD Entries","563,842"
"03/18/2026","Bus","1,402,034"
"03/18/2026","BT","948,429"
"03/17/2026","AAR","48,561"
"03/17/2026","Subway","4,469,055"
"03/17/2026","SIR","8,718"
"03/17/2026","MNR","242,645"
"03/17/2026","LIRR","279,541"
"03/17/2026","CRZ Entries","470,325"
"03/17/2026","CBD Entries","530,978"
"03/17/2026","Bus","1,356,227"
"03/17/2026","BT","910,899"
"03/16/2026","BT","858,980"
"03/16/2026","Subway","3,857,027"
"03/16/2026","SIR","7,268"
"03/16/2026","MNR","208,691"
"03/16/2026","LIRR","249,381"
"03/16/2026","CRZ Entries","453,608"
"03/16/2026","CBD Entries","514,587"
"03/16/2026","Bus","1,238,844"
"03/16/2026","AAR","43,491"
"03/15/2026","MNR","95,218"
"03/15/2026","Subway","2,284,838"
"03/15/2026","SIR","2,453"
"03/15/2026","LIRR","117,786"
"03/15/2026","CRZ Entries","442,577"
"03/15/2026","CBD Entries","494,253"
"03/15/2026","Bus","643,762"
"03/15/2026","BT","851,494"
"03/15/2026","AAR","29,818"
"03/14/2026","AAR","30,899"
"03/14/2026","Subway","2,883,522"
"03/14/2026","SIR","3,333"
"03/14/2026","MNR","124,704"
"03/14/2026","LIRR","152,848"
"03/14/2026","CRZ Entries","497,374"
"03/14/2026","CBD Entries","558,581"
"03/14/2026","Bus","885,009"
"03/14/2026","BT","911,435"
"03/13/2026","BT","984,218"
"03/13/2026","Subway","4,099,078"
"03/13/2026","SIR","6,966"
"03/13/2026","MNR","224,651"
"03/13/2026","LIRR","276,610"
"03/13/2026","CRZ Entries","503,940"
"03/13/2026","CBD Entries","568,427"
"03/13/2026","Bus","1,310,749"
"03/13/2026","AAR","47,270"
"03/12/2026","Bus","1,317,907"
"03/12/2026","Subway","4,360,259"
"03/12/2026","SIR","8,261"
"03/12/2026","AAR","48,958"
"03/12/2026","MNR","236,207"
"03/12/2026","LIRR","280,281"
"03/12/2026","CRZ Entries","493,176"
"03/12/2026","CBD Entries","554,273"
"03/12/2026","BT","937,084"
"03/11/2026","AAR","50,810"
"03/11/2026","Subway","4,423,114"
"03/11/2026","SIR","8,969"
"03/11/2026","MNR","240,805"
"03/11/2026","LIRR","276,278"
"03/11/2026","CRZ Entries","489,638"
"03/11/2026","CBD Entries","550,423"
"03/11/2026","Bus","1,404,358"
"03/11/2026","BT","929,885"
"03/10/2026","AAR","49,773"
"03/10/2026","Subway","4,429,117"
"03/10/2026","SIR","9,144"
"03/10/2026","MNR","242,120"
"03/10/2026","LIRR","286,451"
"03/10/2026","CRZ Entries","478,277"
"03/10/2026","CBD Entries","538,396"
"03/10/2026","Bus","1,412,694"
"03/10/2026","BT","926,447"
"03/09/2026","BT","906,718"
"03/09/2026","Subway","4,017,877"
"03/09/2026","SIR","8,061"
"03/09/2026","MNR","216,978"
"03/09/2026","LIRR","256,980"
"03/09/2026","CRZ Entries","463,501"
"03/09/2026","CBD Entries","523,044"
"03/09/2026","Bus","1,328,707"
"03/09/2026","AAR","45,175"
"03/08/2026","BT","826,545"
"03/08/2026","Subway","2,118,735"
"03/08/2026","SIR","2,307"
"03/08/2026","MNR","90,561"
"03/08/2026","LIRR","106,218"
"03/08/2026","CRZ Entries","432,627"
"03/08/2026","CBD Entries","493,224"
"03/08/2026","Bus","665,659"
"03/08/2026","AAR","31,053"
"03/07/2026","LIRR","122,719"
"03/07/2026","Subway","2,773,292"
"03/07/2026","SIR","3,041"
"03/07/2026","MNR","112,304"
"03/07/2026","CRZ Entries","489,043"
"03/07/2026","CBD Entries","540,527"
"03/07/2026","Bus","858,706"
"03/07/2026","BT","888,546"
"03/07/2026","AAR","30,093"
"03/06/2026","AAR","47,619"
"03/06/2026","Subway","4,001,475"
"03/06/2026","SIR","6,895"
"03/06/2026","MNR","213,668"
"03/06/2026","LIRR","252,224"
"03/06/2026","CRZ Entries","496,363"
"03/06/2026","CBD Entries","558,540"
"03/06/2026","Bus","1,302,863"
"03/06/2026","BT","959,491"
"03/05/2026","BT","912,659"
"03/05/2026","Subway","4,249,962"
"03/05/2026","SIR","7,909"
"03/05/2026","MNR","223,892"
"03/05/2026","LIRR","263,845"
"03/05/2026","CRZ Entries","487,749"
"03/05/2026","CBD Entries","546,439"
"03/05/2026","Bus","1,269,711"
"03/05/2026","AAR","47,969"
"03/04/2026","CBD Entries","548,144"
"03/04/2026","Subway","4,389,363"
"03/04/2026","SIR","8,652"
"03/04/2026","AAR","50,528"
"03/04/2026","BT","912,572"
"03/04/2026","MNR","230,841"
"03/04/2026","LIRR","267,999"
"03/04/2026","CRZ Entries","486,526"
"03/04/2026","Bus","1,391,677"
"03/03/2026","MNR","216,028"
"03/03/2026","Subway","4,204,675"
"03/03/2026","SIR","8,211"
"03/03/2026","LIRR","255,481"
"03/03/2026","CRZ Entries","461,876"
"03/03/2026","CBD Entries","521,002"
"03/03/2026","Bus","1,291,843"
"03/03/2026","BT","854,906"
"03/03/2026","AAR","47,579"
"03/02/2026","AAR","44,302"
"03/02/2026","Subway","3,977,302"
"03/02/2026","SIR","7,606"
"03/02/2026","MNR","189,527"
"03/02/2026","LIRR","228,349"
"03/02/2026","CRZ Entries","454,857"
"03/02/2026","CBD Entries","510,740"
"03/02/2026","Bus","1,302,247"
"03/02/2026","BT","872,174"
"03/01/2026","BT","783,123"
"03/01/2026","Subway","2,092,624"
"03/01/2026","SIR","2,306"
"03/01/2026","MNR","80,318"
"03/01/2026","LIRR","102,690"
"03/01/2026","CRZ Entries","419,642"
"03/01/2026","CBD Entries","477,632"
"03/01/2026","Bus","632,277"
"03/01/2026","AAR","27,986"
"02/28/2026","MNR","120,082"
"02/28/2026","Subway","2,839,556"
"02/28/2026","SIR","3,099"
"02/28/2026","LIRR","150,484"
"02/28/2026","CRZ Entries","473,196"
"02/28/2026","CBD Entries","530,402"
"02/28/2026","Bus","866,582"
"02/28/2026","BT","874,002"
"02/28/2026","AAR","30,477"
"02/27/2026","AAR","47,326"
"02/27/2026","Subway","4,070,331"
"02/27/2026","SIR","7,157"
"02/27/2026","MNR","218,043"
"02/27/2026","LIRR","257,875"
"02/27/2026","CRZ Entries","481,460"
"02/27/2026","CBD Entries","538,656"
"02/27/2026","Bus","1,288,410"
"02/27/2026","BT","935,612"
"02/26/2026","BT","904,170"
"02/26/2026","Subway","4,373,179"
"02/26/2026","SIR","8,132"
"02/26/2026","MNR","231,970"
"02/26/2026","LIRR","272,009"
"02/26/2026","CRZ Entries","472,716"
"02/26/2026","CBD Entries","530,665"
"02/26/2026","Bus","1,330,375"
"02/26/2026","AAR","45,069"
"02/25/2026","Bus","1,230,769"
"02/25/2026","Subway","4,139,212"
"02/25/2026","SIR","7,126"
"02/25/2026","AAR","42,319"
"02/25/2026","MNR","212,973"
"02/25/2026","LIRR","250,926"
"02/25/2026","CRZ Entries","427,038"
"02/25/2026","CBD Entries","476,478"
"02/25/2026","BT","799,927"
"02/24/2026","LIRR","90,520"
"02/24/2026","Subway","3,487,403"
"02/24/2026","SIR","2,363"
"02/24/2026","MNR","108,743"
"02/24/2026","CRZ Entries","357,642"
"02/24/2026","CBD Entries","400,780"
"02/24/2026","Bus","963,843"
"02/24/2026","BT","622,501"
"02/24/2026","AAR","25,054"
"02/23/2026","AAR","14,355"
"02/23/2026","Subway","830,660"
"02/23/2026","SIR","316"
"02/23/2026","MNR","16,152"
"02/23/2026","LIRR","0"
"02/23/2026","CRZ Entries","64,167"
"02/23/2026","CBD Entries","72,207"
"02/23/2026","Bus","202,460"
"02/23/2026","BT","113,642"
"02/22/2026","BT","493,463"
"02/22/2026","Subway","1,439,320"
"02/22/2026","SIR","1,558"
"02/22/2026","MNR","60,366"
"02/22/2026","LIRR","65,623"
"02/22/2026","CRZ Entries","283,668"
"02/22/2026","CBD Entries","320,479"
"02/22/2026","Bus","438,165"
"02/22/2026","AAR","21,783"
"02/21/2026","MNR","113,589"
"02/21/2026","Subway","2,710,824"
"02/21/2026","SIR","2,860"
"02/21/2026","LIRR","142,725"
"02/21/2026","CRZ Entries","486,573"
"02/21/2026","CBD Entries","546,495"
"02/21/2026","Bus","839,959"
"02/21/2026","BT","894,417"
"02/21/2026","AAR","29,438"
"02/20/2026","AAR","43,085"
"02/20/2026","Subway","3,550,862"
"02/20/2026","SIR","5,737"
"02/20/2026","MNR","203,096"
"02/20/2026","LIRR","251,262"
"02/20/2026","CRZ Entries","482,316"
"02/20/2026","CBD Entries","541,498"
"02/20/2026","Bus","1,088,131"
"02/20/2026","BT","885,347"
"02/19/2026","BT","908,186"
"02/19/2026","Subway","4,052,265"
"02/19/2026","SIR","7,484"
"02/19/2026","MNR","228,261"
"02/19/2026","LIRR","273,447"
"02/19/2026","CRZ Entries","480,431"
"02/19/2026","CBD Entries","542,602"
"02/19/2026","Bus","1,259,788"
"02/19/2026","AAR","46,003"
"02/18/2026","CBD Entries","515,741"
"02/18/2026","Subway","3,974,070"
"02/18/2026","SIR","7,243"
"02/18/2026","BT","865,910"
"02/18/2026","MNR","224,093"
"02/18/2026","AAR","47,110"
"02/18/2026","LIRR","269,864"
"02/18/2026","CRZ Entries","455,907"
"02/18/2026","Bus","1,220,537"
"02/17/2026","AAR","45,265"
"02/17/2026","Subway","3,797,796"
"02/17/2026","SIR","7,110"
"02/17/2026","MNR","223,936"
"02/17/2026","LIRR","260,663"
"02/17/2026","CRZ Entries","456,955"
"02/17/2026","CBD Entries","517,470"
"02/17/2026","Bus","1,170,513"
"02/17/2026","BT","885,324"
"02/16/2026","AAR","24,970"
"02/16/2026","Subway","2,560,717"
"02/16/2026","SIR","3,053"
"02/16/2026","MNR","86,277"
"02/16/2026","LIRR","101,152"
"02/16/2026","CRZ Entries","388,725"
"02/16/2026","CBD Entries","447,596"
"02/16/2026","Bus","834,155"
"02/16/2026","BT","792,379"
"02/15/2026","BT","800,112"
"02/15/2026","Subway","2,247,495"
"02/15/2026","SIR","2,304"
"02/15/2026","MNR","93,826"
"02/15/2026","LIRR","112,300"
"02/15/2026","CRZ Entries","427,501"
"02/15/2026","CBD Entries","481,655"
"02/15/2026","Bus","629,233"
"02/15/2026","AAR","28,498"
"02/14/2026","MNR","110,510"
"02/14/2026","Subway","2,839,785"
"02/14/2026","SIR","2,882"
"02/14/2026","LIRR","125,137"
"02/14/2026","CRZ Entries","484,983"
"02/14/2026","CBD Entries","539,296"
"02/14/2026","Bus","802,553"
"02/14/2026","BT","851,409"
"02/14/2026","AAR","29,123"
"02/13/2026","AAR","47,055"
"02/13/2026","Subway","4,034,457"
"02/13/2026","SIR","6,677"
"02/13/2026","MNR","215,551"
"02/13/2026","LIRR","256,378"
"02/13/2026","CRZ Entries","499,558"
"02/13/2026","CBD Entries","556,350"
"02/13/2026","Bus","1,241,227"
"02/13/2026","BT","960,871"
"02/12/2026","BT","922,239"
"02/12/2026","Subway","4,266,487"
"02/12/2026","SIR","7,654"
"02/12/2026","MNR","226,582"
"02/12/2026","LIRR","265,892"
"02/12/2026","CRZ Entries","493,259"
"02/12/2026","CBD Entries","549,799"
"02/12/2026","Bus","1,326,128"
"02/12/2026","AAR","47,865"
"02/11/2026","Bus","1,358,378"
"02/11/2026","Subway","4,377,163"
"02/11/2026","SIR","8,433"
"02/11/2026","AAR","50,053"
"02/11/2026","MNR","226,961"
"02/11/2026","LIRR","268,664"
"02/11/2026","CRZ Entries","474,161"
"02/11/2026","CBD Entries","533,806"
"02/11/2026","BT","894,697"
"02/10/2026","AAR","47,006"
"02/10/2026","Subway","4,283,901"
"02/10/2026","SIR","8,435"
"02/10/2026","MNR","225,826"
"02/10/2026","LIRR","262,988"
"02/10/2026","CRZ Entries","459,086"
"02/10/2026","CBD Entries","517,401"
"02/10/2026","Bus","1,337,815"
"02/10/2026","BT","867,843"
"02/09/2026","AAR","42,126"
"02/09/2026","Subway","3,807,229"
"02/09/2026","SIR","7,152"
"02/09/2026","MNR","201,329"
"02/09/2026","LIRR","243,351"
"02/09/2026","CRZ Entries","441,513"
"02/09/2026","CBD Entries","500,310"
"02/09/2026","Bus","1,219,415"
"02/09/2026","BT","863,170"
"02/08/2026","BT","685,621"
"02/08/2026","Subway","1,769,698"
"02/08/2026","SIR","1,562"
"02/08/2026","MNR","70,025"
"02/08/2026","LIRR","80,029"
"02/08/2026","CRZ Entries","393,433"
"02/08/2026","CBD Entries","445,061"
"02/08/2026","Bus","481,220"
"02/08/2026","AAR","22,967"
"02/07/2026","BT","758,697"
"02/07/2026","Subway","2,358,946"
"02/07/2026","SIR","2,120"
"02/07/2026","MNR","89,754"
"02/07/2026","LIRR","102,769"
"02/07/2026","CRZ Entries","444,578"
"02/07/2026","CBD Entries","497,694"
"02/07/2026","Bus","650,789"
"02/07/2026","AAR","23,563"
"02/06/2026","LIRR","252,754"
"02/06/2026","Subway","4,020,646"
"02/06/2026","SIR","6,749"
"02/06/2026","MNR","210,906"
"02/06/2026","CRZ Entries","472,074"
"02/06/2026","CBD Entries","531,210"
"02/06/2026","Bus","1,261,942"
"02/06/2026","BT","911,531"
"02/06/2026","AAR","46,859"
"02/05/2026","AAR","47,826"
"02/05/2026","Subway","4,432,406"
"02/05/2026","SIR","8,178"
"02/05/2026","MNR","225,067"
"02/05/2026","LIRR","265,748"
"02/05/2026","CRZ Entries","471,518"
"02/05/2026","CBD Entries","529,097"
"02/05/2026","Bus","1,334,014"
"02/05/2026","BT","898,988"
"02/04/2026","BT","871,814"
"02/04/2026","Subway","4,439,787"
"02/04/2026","SIR","8,564"
"02/04/2026","MNR","225,121"
"02/04/2026","LIRR","263,388"
"02/04/2026","CRZ Entries","456,353"
"02/04/2026","CBD Entries","512,286"
"02/04/2026","Bus","1,302,237"
"02/04/2026","AAR","49,579"
"02/03/2026","Bus","1,245,949"
"02/03/2026","Subway","4,397,644"
"02/03/2026","SIR","8,295"
"02/03/2026","MNR","219,849"
"02/03/2026","AAR","48,235"
"02/03/2026","LIRR","263,234"
"02/03/2026","CRZ Entries","442,166"
"02/03/2026","CBD Entries","498,185"
"02/03/2026","BT","859,259"
"02/02/2026","LIRR","217,203"
"02/02/2026","Subway","3,985,895"
"02/02/2026","SIR","7,471"
"02/02/2026","MNR","182,299"
"02/02/2026","CRZ Entries","417,821"
"02/02/2026","CBD Entries","473,082"
"02/02/2026","Bus","1,173,735"
"02/02/2026","BT","834,932"
"02/02/2026","AAR","43,047"
"02/01/2026","AAR","23,002"
"02/01/2026","Subway","1,981,353"
"02/01/2026","SIR","1,714"
"02/01/2026","MNR","69,254"
"02/01/2026","LIRR","80,871"
"02/01/2026","CRZ Entries","383,455"
"02/01/2026","CBD Entries","432,357"
"02/01/2026","Bus","524,589"
"02/01/2026","BT","680,960"
"01/31/2026","BT","756,025"
"01/31/2026","Subway","2,581,424"
"01/31/2026","SIR","2,460"
"01/31/2026","MNR","96,472"
"01/31/2026","LIRR","116,643"
"01/31/2026","CRZ Entries","433,913"
"01/31/2026","CBD Entries","475,698"
"01/31/2026","Bus","690,215"
"01/31/2026","AAR","25,626"
"01/30/2026","MNR","206,477"
"01/30/2026","Subway","3,957,935"
"01/30/2026","SIR","6,312"
"01/30/2026","LIRR","245,174"
"01/30/2026","CRZ Entries","439,608"
"01/30/2026","CBD Entries","487,562"
"01/30/2026","Bus","1,057,360"
"01/30/2026","BT","878,482"
"01/30/2026","AAR","43,571"
"01/29/2026","AAR","42,979"
"01/29/2026","Subway","4,395,790"
"01/29/2026","SIR","7,886"
"01/29/2026","MNR","225,215"
"01/29/2026","LIRR","270,439"
"01/29/2026","CRZ Entries","429,851"
"01/29/2026","CBD Entries","478,975"
"01/29/2026","Bus","1,161,323"
"01/29/2026","BT","857,981"
"01/28/2026","BT","817,588"
"01/28/2026","Subway","4,332,658"
"01/28/2026","SIR","7,816"
"01/28/2026","MNR","223,385"
"01/28/2026","LIRR","268,629"
"01/28/2026","CRZ Entries","409,984"
"01/28/2026","CBD Entries","456,237"
"01/28/2026","Bus","1,165,329"
"01/28/2026","AAR","43,338"
"01/27/2026","Bus","1,068,310"
"01/27/2026","Subway","4,059,702"
"01/27/2026","SIR","6,955"
"01/27/2026","AAR","36,154"
"01/27/2026","MNR","209,031"
"01/27/2026","LIRR","246,235"
"01/27/2026","CRZ Entries","379,199"
"01/27/2026","CBD Entries","423,228"
"01/27/2026","BT","739,147"
"01/26/2026","LIRR","53,590"
"01/26/2026","Subway","1,755,760"
"01/26/2026","SIR","2,064"
"01/26/2026","MNR","42,911"
"01/26/2026","CRZ Entries","195,624"
"01/26/2026","CBD Entries","218,341"
"01/26/2026","Bus","489,976"
"01/26/2026","BT","314,954"
"01/26/2026","AAR","15,007"
"01/25/2026","AAR","8,401"
"01/25/2026","Subway","819,623"
"01/25/2026","SIR","773"
"01/25/2026","MNR","27,652"
"01/25/2026","LIRR","30,577"
"01/25/2026","CRZ Entries","117,548"
"01/25/2026","CBD Entries","130,520"
"01/25/2026","Bus","196,889"
"01/25/2026","BT","168,610"
"01/24/2026","BT","818,220"
"01/24/2026","Subway","2,221,402"
"01/24/2026","SIR","2,011"
"01/24/2026","MNR","90,911"
"01/24/2026","LIRR","114,512"
"01/24/2026","CRZ Entries","476,905"
"01/24/2026","CBD Entries","531,327"
"01/24/2026","Bus","655,805"
"01/24/2026","AAR","23,866"
"01/23/2026","MNR","209,654"
"01/23/2026","Subway","3,776,980"
"01/23/2026","SIR","6,001"
"01/23/2026","LIRR","248,622"
"01/23/2026","CRZ Entries","505,217"
"01/23/2026","CBD Entries","566,911"
"01/23/2026","Bus","1,298,807"
"01/23/2026","BT","933,065"
"01/23/2026","AAR","45,077"
"01/22/2026","AAR","47,855"
"01/22/2026","Subway","4,121,459"
"01/22/2026","SIR","7,295"
"01/22/2026","MNR","228,722"
"01/22/2026","LIRR","265,608"
"01/22/2026","CRZ Entries","503,469"
"01/22/2026","CBD Entries","567,215"
"01/22/2026","Bus","1,396,482"
"01/22/2026","BT","914,247"
"01/21/2026","BT","877,676"
"01/21/2026","Subway","4,025,339"
"01/21/2026","SIR","7,303"
"01/21/2026","MNR","225,265"
"01/21/2026","LIRR","257,748"
"01/21/2026","CRZ Entries","487,363"
"01/21/2026","CBD Entries","549,164"
"01/21/2026","Bus","1,338,722"
"01/21/2026","AAR","47,748"
"01/20/2026","CBD Entries","534,874"
"01/20/2026","Subway","3,877,447"
"01/20/2026","SIR","6,924"
"01/20/2026","BT","875,173"
"01/20/2026","MNR","219,701"
"01/20/2026","AAR","45,009"
"01/20/2026","LIRR","253,778"
"01/20/2026","CRZ Entries","472,791"
"01/20/2026","Bus","1,273,059"
"01/19/2026","AAR","25,086"
"01/19/2026","Subway","2,453,300"
"01/19/2026","SIR","2,949"
"01/19/2026","MNR","86,326"
"01/19/2026","LIRR","105,820"
"01/19/2026","CRZ Entries","417,360"
"01/19/2026","CBD Entries","477,378"
"01/19/2026","Bus","899,734"
"01/19/2026","BT","828,004"
"01/18/2026","AAR","25,820"
"01/18/2026","Subway","1,892,975"
"01/18/2026","SIR","1,675"
"01/18/2026","MNR","82,259"
"01/18/2026","LIRR","83,410"
"01/18/2026","CRZ Entries","368,812"
"01/18/2026","CBD Entries","418,797"
"01/18/2026","Bus","550,614"
"01/18/2026","BT","625,913"
"01/17/2026","BT","775,085"
"01/17/2026","Subway","2,366,112"
"01/17/2026","SIR","2,423"
"01/17/2026","MNR","102,013"
"01/17/2026","LIRR","112,583"
"01/17/2026","CRZ Entries","446,702"
"01/17/2026","CBD Entries","502,163"
"01/17/2026","Bus","751,576"
"01/17/2026","AAR","25,898"
"01/16/2026","MNR","208,331"
"01/16/2026","Subway","3,777,244"
"01/16/2026","SIR","6,148"
"01/16/2026","LIRR","241,834"
"01/16/2026","CRZ Entries","503,285"
"01/16/2026","CBD Entries","565,698"
"01/16/2026","Bus","1,290,497"
"01/16/2026","BT","952,643"
"01/16/2026","AAR","44,701"
"01/15/2026","AAR","45,600"
"01/15/2026","Subway","4,122,446"
"01/15/2026","SIR","7,425"
"01/15/2026","MNR","220,178"
"01/15/2026","LIRR","255,079"
"01/15/2026","CRZ Entries","500,848"
"01/15/2026","CBD Entries","563,735"
"01/15/2026","Bus","1,376,769"
"01/15/2026","BT","916,418"
"01/14/2026","BT","896,921"
"01/14/2026","Subway","4,123,499"
"01/14/2026","SIR","7,634"
"01/14/2026","MNR","223,140"
"01/14/2026","LIRR","259,501"
"01/14/2026","CRZ Entries","481,637"
"01/14/2026","CBD Entries","544,363"
"01/14/2026","Bus","1,399,486"
"01/14/2026","AAR","48,298"
"01/13/2026","Bus","1,396,832"
"01/13/2026","Subway","4,108,806"
"01/13/2026","SIR","7,876"
"01/13/2026","AAR","46,618"
"01/13/2026","MNR","220,239"
"01/13/2026","LIRR","258,513"
"01/13/2026","CRZ Entries","477,444"
"01/13/2026","CBD Entries","539,320"
"01/13/2026","BT","891,825"
"01/12/2026","AAR","42,819"
"01/12/2026","Subway","3,770,308"
"01/12/2026","SIR","7,131"
"01/12/2026","MNR","200,032"
"01/12/2026","LIRR","237,811"
"01/12/2026","CRZ Entries","457,853"
"01/12/2026","CBD Entries","519,170"
"01/12/2026","Bus","1,330,401"
"01/12/2026","BT","874,778"
"01/11/2026","AAR","28,246"
"01/11/2026","Subway","1,978,534"
"01/11/2026","SIR","2,004"
"01/11/2026","MNR","84,855"
"01/11/2026","LIRR","99,745"
"01/11/2026","CRZ Entries","433,463"
"01/11/2026","CBD Entries","486,241"
"01/11/2026","Bus","664,557"
"01/11/2026","BT","780,896"
"01/10/2026","BT","806,027"
"01/10/2026","Subway","2,395,364"
"01/10/2026","SIR","2,374"
"01/10/2026","MNR","97,875"
"01/10/2026","LIRR","114,420"
"01/10/2026","CRZ Entries","471,322"
"01/10/2026","CBD Entries","523,158"
"01/10/2026","Bus","774,842"
"01/10/2026","AAR","26,074"
"01/09/2026","BT","915,619"
"01/09/2026","Subway","3,763,800"
"01/09/2026","SIR","6,262"
"01/09/2026","MNR","197,505"
"01/09/2026","LIRR","239,792"
"01/09/2026","CRZ Entries","481,409"
"01/09/2026","CBD Entries","544,083"
"01/09/2026","Bus","1,272,247"
"01/09/2026","AAR","44,891"
"01/08/2026","LIRR","251,655"
"01/08/2026","Subway","4,096,415"
"01/08/2026","SIR","7,519"
"01/08/2026","MNR","212,710"
"01/08/2026","CRZ Entries","483,602"
"01/08/2026","CBD Entries","542,750"
"01/08/2026","Bus","1,347,632"
"01/08/2026","BT","902,305"
"01/08/2026","AAR","46,662"
"01/07/2026","AAR","47,258"
"01/07/2026","Subway","4,074,540"
"01/07/2026","SIR","7,722"
"01/07/2026","MNR","207,994"
"01/07/2026","LIRR","250,828"
"01/07/2026","CRZ Entries","465,160"
"01/07/2026","CBD Entries","525,856"
"01/07/2026","Bus","1,348,234"
"01/07/2026","BT","877,731"
"01/06/2026","BT","871,458"
"01/06/2026","Subway","3,973,013"
"01/06/2026","SIR","7,542"
"01/06/2026","MNR","197,811"
"01/06/2026","LIRR","245,492"
"01/06/2026","CRZ Entries","452,822"
"01/06/2026","CBD Entries","512,978"
"01/06/2026","Bus","1,334,624"
"01/06/2026","AAR","45,834"
"01/05/2026","CRZ Entries","442,505"
"01/05/2026","Subway","3,650,793"
"01/05/2026","SIR","7,098"
"01/05/2026","AAR","42,609"
"01/05/2026","Bus","1,282,373"
"01/05/2026","BT","853,613"
"01/05/2026","MNR","177,390"
"01/05/2026","LIRR","219,975"
"01/05/2026","CBD Entries","503,303"
"01/04/2026","MNR","73,729"
"01/04/2026","Subway","1,934,593"
"01/04/2026","SIR","1,894"
"01/04/2026","LIRR","90,083"
"01/04/2026","CRZ Entries","401,858"
"01/04/2026","CBD Entries","455,429"
"01/04/2026","Bus","626,317"
"01/04/2026","BT","749,343"
"01/04/2026","AAR","27,839"
"01/03/2026","AAR","24,956"
"01/03/2026","Subway","2,478,271"
"01/03/2026","SIR","2,650"
"01/03/2026","MNR","132,196"
"01/03/2026","LIRR","167,213"
"01/03/2026","CRZ Entries","436,646"
"01/03/2026","CBD Entries","484,717"
"01/03/2026","Bus","758,640"
"01/03/2026","BT","804,417"
"01/02/2026","BT","812,469"
"01/02/2026","Subway","3,120,979"
"01/02/2026","SIR","4,632"
"01/02/2026","MNR","163,155"
"01/02/2026","LIRR","192,703"
"01/02/2026","CRZ Entries","422,514"
"01/02/2026","CBD Entries","477,673"
"01/02/2026","Bus","986,192"
"01/02/2026","AAR","33,207"
"01/01/2026","MNR","77,813"
"01/01/2026","Subway","2,016,827"
"01/01/2026","SIR","2,172"
"01/01/2026","LIRR","99,745"
"01/01/2026","CRZ Entries","370,115"
"01/01/2026","CBD Entries","414,347"
"01/01/2026","Bus","474,380"
"01/01/2026","BT","661,315"
"01/01/2026","AAR","14,441"
"12/31/2025","AAR","38,585"
"12/31/2025","Subway","3,084,643"
"12/31/2025","SIR","4,790"
"12/31/2025","MNR","203,486"
"12/31/2025","LIRR","245,088"
"12/31/2025","CRZ Entries","431,667"
"12/31/2025","CBD Entries","492,015"
"12/31/2025","Bus","959,612"
"12/31/2025","BT","851,446"
"12/30/2025","BT","898,686"
"12/30/2025","Subway","3,554,107"
"12/30/2025","SIR","5,681"
"12/30/2025","MNR","222,329"
"12/30/2025","LIRR","265,344"
"12/30/2025","CRZ Entries","461,093"
"12/30/2025","CBD Entries","519,563"
"12/30/2025","Bus","1,084,547"
"12/30/2025","AAR","40,464"
"12/29/2025","Bus","1,024,260"
"12/29/2025","Subway","3,297,161"
"12/29/2025","SIR","5,571"
"12/29/2025","AAR","37,707"
"12/29/2025","MNR","214,568"
"12/29/2025","LIRR","257,839"
"12/29/2025","CRZ Entries","433,252"
"12/29/2025","CBD Entries","492,004"
"12/29/2025","BT","851,122"
"12/28/2025","LIRR","133,665"
"12/28/2025","Subway","2,180,348"
"12/28/2025","SIR","2,302"
"12/28/2025","MNR","114,540"
"12/28/2025","CRZ Entries","397,417"
"12/28/2025","CBD Entries","448,419"
"12/28/2025","Bus","579,178"
"12/28/2025","BT","754,479"
"12/28/2025","AAR","22,732"
"12/27/2025","AAR","16,279"
"12/27/2025","Subway","2,219,293"
"12/27/2025","SIR","2,424"
"12/27/2025","MNR","114,446"
"12/27/2025","LIRR","130,835"
"12/27/2025","CRZ Entries","331,518"
"12/27/2025","CBD Entries","367,528"
"12/27/2025","Bus","542,506"
"12/27/2025","BT","562,069"
"12/26/2025","BT","761,332"
"12/26/2025","Subway","2,695,535"
"12/26/2025","SIR","4,070"
"12/26/2025","MNR","204,111"
"12/26/2025","LIRR","238,777"
"12/26/2025","CRZ Entries","374,368"
"12/26/2025","CBD Entries","424,593"
"12/26/2025","Bus","793,491"
"12/26/2025","AAR","27,702"
"12/25/2025","MNR","69,421"
"12/25/2025","Subway","1,511,985"
"12/25/2025","SIR","1,826"
"12/25/2025","LIRR","96,125"
"12/25/2025","CRZ Entries","345,557"
"12/25/2025","CBD Entries","399,158"
"12/25/2025","Bus","390,603"
"12/25/2025","BT","755,953"
"12/25/2025","AAR","22,310"
"12/24/2025","AAR","35,738"
"12/24/2025","Subway","2,853,461"
"12/24/2025","SIR","4,540"
"12/24/2025","MNR","195,155"
"12/24/2025","LIRR","244,530"
"12/24/2025","CRZ Entries","441,284"
"12/24/2025","CBD Entries","507,082"
"12/24/2025","Bus","883,076"
"12/24/2025","BT","949,981"
"12/23/2025","BT","930,944"
"12/23/2025","Subway","3,602,331"
"12/23/2025","SIR","6,345"
"12/23/2025","MNR","223,698"
"12/23/2025","LIRR","268,202"
"12/23/2025","CRZ Entries","466,947"
"12/23/2025","CBD Entries","530,039"
"12/23/2025","Bus","1,107,930"
"12/23/2025","AAR","41,705"
"12/22/2025","CBD Entries","535,367"
"12/22/2025","Subway","3,869,528"
"12/22/2025","SIR","6,935"
"12/22/2025","BT","939,496"
"12/22/2025","MNR","229,496"
"12/22/2025","AAR","42,652"
"12/22/2025","LIRR","268,354"
"12/22/2025","CRZ Entries","471,375"
"12/22/2025","Bus","1,158,803"
"12/21/2025","AAR","31,036"
"12/21/2025","Subway","2,390,530"
"12/21/2025","SIR","2,119"
"12/21/2025","MNR","127,045"
"12/21/2025","LIRR","152,661"
"12/21/2025","CRZ Entries","463,899"
"12/21/2025","CBD Entries","526,287"
"12/21/2025","Bus","627,619"
"12/21/2025","BT","879,883"
"12/20/2025","AAR","30,138"
"12/20/2025","Subway","2,981,831"
"12/20/2025","SIR","2,583"
"12/20/2025","MNR","155,827"
"12/20/2025","LIRR","173,942"
"12/20/2025","CRZ Entries","513,236"
"12/20/2025","CBD Entries","572,755"
"12/20/2025","Bus","813,781"
"12/20/2025","BT","934,838"
"12/19/2025","BT","962,046"
"12/19/2025","Subway","3,888,599"
"12/19/2025","SIR","5,598"
"12/19/2025","MNR","221,112"
"12/19/2025","LIRR","269,600"
"12/19/2025","CRZ Entries","528,541"
"12/19/2025","CBD Entries","588,777"
"12/19/2025","Bus","1,167,980"
"12/19/2025","AAR","44,942"
"12/18/2025","MNR","245,278"
"12/18/2025","Subway","4,499,832"
"12/18/2025","SIR","7,371"
"12/18/2025","LIRR","294,530"
"12/18/2025","CRZ Entries","532,889"
"12/18/2025","CBD Entries","595,447"
"12/18/2025","Bus","1,378,737"
"12/18/2025","BT","997,713"
"12/18/2025","AAR","49,193"
"12/17/2025","AAR","49,815"
"12/17/2025","Subway","4,493,497"
"12/17/2025","SIR","7,365"
"12/17/2025","MNR","245,310"
"12/17/2025","LIRR","286,645"
"12/17/2025","CRZ Entries","518,555"
"12/17/2025","CBD Entries","580,318"
"12/17/2025","Bus","1,383,795"
"12/17/2025","BT","970,077"
"12/16/2025","BT","938,269"
"12/16/2025","Subway","4,478,870"
"12/16/2025","SIR","7,147"
"12/16/2025","MNR","243,838"
"12/16/2025","LIRR","275,666"
"12/16/2025","CRZ Entries","503,860"
"12/16/2025","CBD Entries","562,004"
"12/16/2025","Bus","1,353,494"
"12/16/2025","AAR","46,871"
"12/15/2025","Bus","1,250,173"
"12/15/2025","Subway","4,071,120"
"12/15/2025","SIR","6,631"
"12/15/2025","AAR","41,911"
"12/15/2025","MNR","221,439"
"12/15/2025","LIRR","257,524"
"12/15/2025","CRZ Entries","474,945"
"12/15/2025","CBD Entries","533,152"
"12/15/2025","BT","897,956"
"12/14/2025","AAR","25,999"
"12/14/2025","Subway","2,275,321"
"12/14/2025","SIR","1,816"
"12/14/2025","MNR","106,009"
"12/14/2025","LIRR","116,119"
"12/14/2025","CRZ Entries","401,521"
"12/14/2025","CBD Entries","449,076"
"12/14/2025","Bus","551,669"
"12/14/2025","BT","678,234"
"12/13/2025","AAR","29,814"
"12/13/2025","Subway","3,223,814"
"12/13/2025","SIR","2,636"
"12/13/2025","MNR","160,206"
"12/13/2025","LIRR","183,250"
"12/13/2025","CRZ Entries","534,734"
"12/13/2025","CBD Entries","594,199"
"12/13/2025","Bus","895,773"
"12/13/2025","BT","949,108"
"12/12/2025","BT","1,010,112"
"12/12/2025","Subway","4,342,252"
"12/12/2025","SIR","6,359"
"12/12/2025","MNR","232,325"
"12/12/2025","LIRR","271,356"
"12/12/2025","CRZ Entries","554,757"
"12/12/2025","CBD Entries","616,249"
"12/12/2025","Bus","1,310,865"
"12/12/2025","AAR","46,724"
"12/11/2025","BT","985,569"
"12/11/2025","Subway","4,654,787"
"12/11/2025","SIR","7,601"
"12/11/2025","MNR","244,157"
"12/11/2025","LIRR","282,861"
"12/11/2025","CRZ Entries","547,305"
"12/11/2025","CBD Entries","607,456"
"12/11/2025","Bus","1,354,523"
"12/11/2025","AAR","47,771"
"12/10/2025","LIRR","278,314"
"12/10/2025","Subway","4,570,883"
"12/10/2025","SIR","7,932"
"12/10/2025","MNR","243,313"
"12/10/2025","CRZ Entries","527,414"
"12/10/2025","CBD Entries","586,136"
"12/10/2025","Bus","1,356,535"
"12/10/2025","BT","950,985"
"12/10/2025","AAR","48,763"
"12/09/2025","AAR","47,915"
"12/09/2025","Subway","4,498,157"
"12/09/2025","SIR","7,619"
"12/09/2025","MNR","245,102"
"12/09/2025","LIRR","280,939"
"12/09/2025","CRZ Entries","520,020"
"12/09/2025","CBD Entries","581,751"
"12/09/2025","Bus","1,343,371"
"12/09/2025","BT","942,527"
"12/08/2025","BT","919,722"
"12/08/2025","Subway","4,146,910"
"12/08/2025","SIR","7,173"
"12/08/2025","MNR","221,975"
"12/08/2025","LIRR","262,078"
"12/08/2025","CRZ Entries","496,401"
"12/08/2025","CBD Entries","561,060"
"12/08/2025","Bus","1,280,746"
"12/08/2025","AAR","44,073"
"12/07/2025","Bus","677,370"
"12/07/2025","Subway","2,417,625"
"12/07/2025","SIR","2,085"
"12/07/2025","MNR","108,943"
"12/07/2025","AAR","30,064"
"12/07/2025","LIRR","132,179"
"12/07/2025","CRZ Entries","481,678"
"12/07/2025","CBD Entries","539,911"
"12/07/2025","BT","859,180"
"12/06/2025","LIRR","161,891"
"12/06/2025","Subway","3,167,060"
"12/06/2025","SIR","2,750"
"12/06/2025","MNR","143,742"
"12/06/2025","CRZ Entries","524,790"
"12/06/2025","CBD Entries","581,765"
"12/06/2025","Bus","862,636"
"12/06/2025","BT","907,338"
"12/06/2025","AAR","29,625"
"12/05/2025","AAR","45,693"
"12/05/2025","Subway","4,245,175"
"12/05/2025","SIR","6,250"
"12/05/2025","MNR","214,457"
"12/05/2025","LIRR","257,408"
"12/05/2025","CRZ Entries","540,791"
"12/05/2025","CBD Entries","604,868"
"12/05/2025","Bus","1,244,763"
"12/05/2025","BT","979,717"
"12/04/2025","BT","975,181"
"12/04/2025","Subway","4,625,030"
"12/04/2025","SIR","7,743"
"12/04/2025","MNR","234,324"
"12/04/2025","LIRR","279,292"
"12/04/2025","CRZ Entries","537,385"
"12/04/2025","CBD Entries","599,786"
"12/04/2025","Bus","1,357,434"
"12/04/2025","AAR","47,977"
"12/03/2025","MNR","240,102"
"12/03/2025","Subway","4,602,770"
"12/03/2025","SIR","8,244"
"12/03/2025","LIRR","275,589"
"12/03/2025","CRZ Entries","517,549"
"12/03/2025","CBD Entries","579,624"
"12/03/2025","Bus","1,388,939"
"12/03/2025","BT","949,475"
"12/03/2025","AAR","48,995"
"12/02/2025","AAR","44,343"
"12/02/2025","Subway","4,133,004"
"12/02/2025","SIR","7,245"
"12/02/2025","MNR","223,297"
"12/02/2025","LIRR","265,911"
"12/02/2025","CRZ Entries","488,126"
"12/02/2025","CBD Entries","546,464"
"12/02/2025","Bus","1,222,943"
"12/02/2025","BT","865,367"
"12/01/2025","BT","952,445"
"12/01/2025","Subway","4,006,207"
"12/01/2025","SIR","7,223"
"12/01/2025","MNR","216,228"
"12/01/2025","LIRR","249,607"
"12/01/2025","CRZ Entries","491,036"
"12/01/2025","CBD Entries","556,158"
"12/01/2025","Bus","1,303,042"
"12/01/2025","AAR","43,282"
"11/30/2025","Bus","586,972"
"11/30/2025","Subway","1,870,396"
"11/30/2025","SIR","1,743"
"11/30/2025","AAR","25,621"
"11/30/2025","MNR","108,842"
"11/30/2025","LIRR","130,384"
"11/30/2025","CRZ Entries","448,883"
"11/30/2025","CBD Entries","509,436"
"11/30/2025","BT","873,262"
"11/29/2025","LIRR","157,271"
"11/29/2025","Subway","2,451,340"
"11/29/2025","SIR","2,407"
"11/29/2025","MNR","140,888"
"11/29/2025","CRZ Entries","468,381"
"11/29/2025","CBD Entries","525,836"
"11/29/2025","Bus","774,221"
"11/29/2025","BT","892,563"
"11/29/2025","AAR","23,215"
"11/28/2025","AAR","23,232"
"11/28/2025","Subway","2,812,012"
"11/28/2025","SIR","3,865"
"11/28/2025","MNR","137,068"
"11/28/2025","LIRR","155,678"
"11/28/2025","CRZ Entries","425,942"
"11/28/2025","CBD Entries","486,749"
"11/28/2025","Bus","841,444"
"11/28/2025","BT","840,279"
"11/27/2025","BT","915,340"
"11/27/2025","Subway","1,828,134"
"11/27/2025","SIR","2,356"
"11/27/2025","MNR","118,294"
"11/27/2025","LIRR","136,991"
"11/27/2025","CRZ Entries","390,555"
"11/27/2025","CBD Entries","456,868"
"11/27/2025","Bus","495,496"
"11/27/2025","AAR","31,998"
"11/26/2025","MNR","255,782"
"11/26/2025","Subway","3,810,090"
"11/26/2025","SIR","7,074"
"11/26/2025","LIRR","303,778"
"11/26/2025","CRZ Entries","495,541"
"11/26/2025","CBD Entries","562,332"
"11/26/2025","Bus","1,236,618"
"11/26/2025","BT","1,002,049"
"11/26/2025","AAR","42,124"
"11/25/2025","AAR","46,923"
"11/25/2025","Subway","4,220,008"
"11/25/2025","SIR","7,701"
"11/25/2025","MNR","245,330"
"11/25/2025","LIRR","287,401"
"11/25/2025","CRZ Entries","497,669"
"11/25/2025","CBD Entries","562,668"
"11/25/2025","Bus","1,323,388"
"11/25/2025","BT","984,962"
"11/24/2025","BT","931,195"
"11/24/2025","Subway","4,093,423"
"11/24/2025","SIR","7,369"
"11/24/2025","MNR","235,318"
"11/24/2025","LIRR","278,824"
"11/24/2025","CRZ Entries","483,667"
"11/24/2025","CBD Entries","550,340"
"11/24/2025","Bus","1,325,785"
"11/24/2025","AAR","43,753"
"11/23/2025","CBD Entries","525,804"
"11/23/2025","Subway","2,214,468"
"11/23/2025","SIR","1,919"
"11/23/2025","BT","859,248"
"11/23/2025","MNR","111,766"
"11/23/2025","AAR","29,629"
"11/23/2025","LIRR","124,945"
"11/23/2025","CRZ Entries","464,531"
"11/23/2025","Bus","677,274"
"11/22/2025","AAR","28,732"
"11/22/2025","Subway","2,789,019"
"11/22/2025","SIR","2,501"
"11/22/2025","MNR","136,221"
"11/22/2025","LIRR","154,859"
"11/22/2025","CRZ Entries","518,407"
"11/22/2025","CBD Entries","578,855"
"11/22/2025","Bus","843,858"
"11/22/2025","BT","932,418"
"11/21/2025","AAR","46,310"
"11/21/2025","Subway","4,136,195"
"11/21/2025","SIR","6,706"
"11/21/2025","MNR","227,894"
"11/21/2025","LIRR","265,950"
"11/21/2025","CRZ Entries","538,403"
"11/21/2025","CBD Entries","603,007"
"11/21/2025","Bus","1,308,473"
"11/21/2025","BT","1,007,336"
"11/20/2025","BT","989,094"
"11/20/2025","Subway","4,507,934"
"11/20/2025","SIR","7,966"
"11/20/2025","MNR","242,044"
"11/20/2025","LIRR","281,238"
"11/20/2025","CRZ Entries","538,095"
"11/20/2025","CBD Entries","600,338"
"11/20/2025","Bus","1,351,795"
"11/20/2025","AAR","48,100"
"11/19/2025","MNR","242,379"
"11/19/2025","Subway","4,485,722"
"11/19/2025","SIR","7,984"
"11/19/2025","LIRR","285,721"
"11/19/2025","CRZ Entries","518,999"
"11/19/2025","CBD Entries","580,388"
"11/19/2025","Bus","1,324,616"
"11/19/2025","BT","946,470"
"11/19/2025","AAR","49,261"
"11/18/2025","AAR","47,836"
"11/18/2025","Subway","4,478,041"
"11/18/2025","SIR","7,946"
"11/18/2025","MNR","244,622"
"11/18/2025","LIRR","276,957"
"11/18/2025","CRZ Entries","508,767"
"11/18/2025","CBD Entries","571,751"
"11/18/2025","Bus","1,412,746"
"11/18/2025","BT","939,249"
"11/17/2025","BT","920,434"
"11/17/2025","Subway","4,073,219"
"11/17/2025","SIR","7,340"
"11/17/2025","MNR","224,332"
"11/17/2025","LIRR","265,144"
"11/17/2025","CRZ Entries","489,233"
"11/17/2025","CBD Entries","554,857"
"11/17/2025","Bus","1,345,238"
"11/17/2025","AAR","43,573"
"11/16/2025","Bus","698,030"
"11/16/2025","Subway","2,244,614"
"11/16/2025","SIR","1,930"
"11/16/2025","AAR","29,190"
"11/16/2025","MNR","104,396"
"11/16/2025","LIRR","122,244"
"11/16/2025","CRZ Entries","476,770"
"11/16/2025","CBD Entries","533,624"
"11/16/2025","BT","875,912"
"11/15/2025","AAR","29,345"
"11/15/2025","Subway","2,916,948"
"11/15/2025","SIR","2,601"
"11/15/2025","MNR","134,636"
"11/15/2025","LIRR","147,186"
"11/15/2025","CRZ Entries","521,944"
"11/15/2025","CBD Entries","583,136"
"11/15/2025","Bus","901,107"
"11/15/2025","BT","944,176"
"11/14/2025","AAR","45,674"
"11/14/2025","Subway","4,202,637"
"11/14/2025","SIR","6,632"
"11/14/2025","MNR","228,051"
"11/14/2025","LIRR","266,627"
"11/14/2025","CRZ Entries","540,060"
"11/14/2025","CBD Entries","605,783"
"11/14/2025","Bus","1,358,720"
"11/14/2025","BT","999,518"
"11/13/2025","BT","973,866"
"11/13/2025","Subway","4,514,518"
"11/13/2025","SIR","7,775"
"11/13/2025","MNR","240,393"
"11/13/2025","LIRR","278,935"
"11/13/2025","CRZ Entries","530,783"
"11/13/2025","CBD Entries","594,706"
"11/13/2025","Bus","1,393,834"
"11/13/2025","AAR","48,365"
"11/12/2025","BT","947,918"
"11/12/2025","Subway","4,490,139"
"11/12/2025","SIR","8,127"
"11/12/2025","MNR","241,668"
"11/12/2025","LIRR","277,019"
"11/12/2025","CRZ Entries","516,005"
"11/12/2025","CBD Entries","578,898"
"11/12/2025","Bus","1,416,400"
"11/12/2025","AAR","48,814"
"11/11/2025","LIRR","261,323"
"11/11/2025","Subway","3,805,525"
"11/11/2025","SIR","5,848"
"11/11/2025","MNR","231,128"
"11/11/2025","CRZ Entries","476,517"
"11/11/2025","CBD Entries","536,744"
"11/11/2025","Bus","1,138,614"
"11/11/2025","BT","862,673"
"11/11/2025","AAR","37,343"
"11/10/2025","AAR","42,668"
"11/10/2025","Subway","4,042,262"
"11/10/2025","SIR","7,111"
"11/10/2025","MNR","224,338"
"11/10/2025","LIRR","261,926"
"11/10/2025","CRZ Entries","485,465"
"11/10/2025","CBD Entries","550,681"
"11/10/2025","Bus","1,330,157"
"11/10/2025","BT","918,164"
"11/09/2025","BT","859,442"
"11/09/2025","Subway","2,170,348"
"11/09/2025","SIR","6"
"11/09/2025","MNR","102,557"
"11/09/2025","LIRR","108,466"
"11/09/2025","CRZ Entries","463,682"
"11/09/2025","CBD Entries","526,073"
"11/09/2025","Bus","664,738"
"11/09/2025","AAR","28,414"
"11/08/2025","CBD Entries","582,779"
"11/08/2025","Subway","2,998,303"
"11/08/2025","SIR","98"
"11/08/2025","MNR","144,272"
"11/08/2025","BT","951,693"
"11/08/2025","AAR","28,928"
"11/08/2025","LIRR","146,648"
"11/08/2025","CRZ Entries","520,741"
"11/08/2025","Bus","904,574"
"11/07/2025","LIRR","271,989"
"11/07/2025","Subway","4,143,987"
"11/07/2025","SIR","6,673"
"11/07/2025","MNR","227,739"
"11/07/2025","CRZ Entries","533,038"
"11/07/2025","CBD Entries","600,352"
"11/07/2025","Bus","1,278,966"
"11/07/2025","BT","999,735"
"11/07/2025","AAR","44,889"
"11/06/2025","AAR","46,597"
"11/06/2025","Subway","4,476,845"
"11/06/2025","SIR","7,819"
"11/06/2025","MNR","237,999"
"11/06/2025","LIRR","277,537"
"11/06/2025","CRZ Entries","532,580"
"11/06/2025","CBD Entries","597,423"
"11/06/2025","Bus","1,380,841"
"11/06/2025","BT","982,260"
"11/05/2025","BT","952,224"
"11/05/2025","Subway","4,481,565"
"11/05/2025","SIR","8,275"
"11/05/2025","MNR","241,336"
"11/05/2025","LIRR","278,711"
"11/05/2025","CRZ Entries","516,723"
"11/05/2025","CBD Entries","583,951"
"11/05/2025","Bus","1,446,631"
"11/05/2025","AAR","47,577"
"11/04/2025","MNR","239,630"
"11/04/2025","Subway","4,115,365"
"11/04/2025","SIR","6,902"
"11/04/2025","LIRR","272,769"
"11/04/2025","CRZ Entries","484,039"
"11/04/2025","CBD Entries","546,060"
"11/04/2025","Bus","1,328,396"
"11/04/2025","BT","904,786"
"11/04/2025","AAR","43,413"
"11/03/2025","AAR","43,099"
"11/03/2025","Subway","4,161,669"
"11/03/2025","SIR","7,712"
"11/03/2025","MNR","220,572"
"11/03/2025","LIRR","255,395"
"11/03/2025","CRZ Entries","488,655"
"11/03/2025","CBD Entries","555,643"
"11/03/2025","Bus","1,391,623"
"11/03/2025","BT","940,016"
"11/02/2025","BT","817,612"
"11/02/2025","Subway","2,832,239"
"11/02/2025","SIR","4,004"
"11/02/2025","MNR","126,613"
"11/02/2025","LIRR","139,969"
"11/02/2025","CRZ Entries","471,290"
"11/02/2025","CBD Entries","515,320"
"11/02/2025","Bus","650,701"
"11/02/2025","AAR","25,958"
"11/01/2025","Bus","898,965"
"11/01/2025","Subway","3,100,676"
"11/01/2025","SIR","3,055"
"11/01/2025","AAR","28,093"
"11/01/2025","MNR","136,951"
"11/01/2025","LIRR","144,681"
"11/01/2025","CRZ Entries","557,583"
"11/01/2025","CBD Entries","621,678"
"11/01/2025","BT","983,673"
"10/31/2025","LIRR","277,129"
"10/31/2025","Subway","4,432,080"
"10/31/2025","SIR","6,460"
"10/31/2025","MNR","238,548"
"10/31/2025","CRZ Entries","532,586"
"10/31/2025","CBD Entries","596,286"
"10/31/2025","Bus","1,317,185"
"10/31/2025","BT","983,811"
"10/31/2025","AAR","43,132"
"10/30/2025","AAR","44,144"
"10/30/2025","Subway","4,324,588"
"10/30/2025","SIR","7,567"
"10/30/2025","MNR","233,660"
"10/30/2025","LIRR","267,015"
"10/30/2025","CRZ Entries","511,435"
"10/30/2025","CBD Entries","566,504"
"10/30/2025","Bus","1,227,694"
"10/30/2025","BT","889,125"
"10/29/2025","BT","960,281"
"10/29/2025","Subway","4,602,493"
"10/29/2025","SIR","8,220"
"10/29/2025","MNR","248,483"
"10/29/2025","LIRR","281,041"
"10/29/2025","CRZ Entries","523,719"
"10/29/2025","CBD Entries","587,348"
"10/29/2025","Bus","1,469,294"
"10/29/2025","AAR","47,416"
"10/28/2025","MNR","251,648"
"10/28/2025","Subway","4,530,266"
"10/28/2025","SIR","8,079"
"10/28/2025","LIRR","283,192"
"10/28/2025","CRZ Entries","509,358"
"10/28/2025","CBD Entries","572,705"
"10/28/2025","Bus","1,455,220"
"10/28/2025","BT","943,247"
"10/28/2025","AAR","45,787"
"10/27/2025","AAR","41,385"
"10/27/2025","Subway","4,127,115"
"10/27/2025","SIR","7,507"
"10/27/2025","MNR","232,879"
"10/27/2025","LIRR","266,942"
"10/27/2025","CRZ Entries","488,623"
"10/27/2025","CBD Entries","553,465"
"10/27/2025","Bus","1,402,134"
"10/27/2025","BT","933,494"
"10/26/2025","BT","919,543"
"10/26/2025","Subway","2,286,150"
"10/26/2025","SIR","4"
"10/26/2025","MNR","119,440"
"10/26/2025","LIRR","126,937"
"10/26/2025","CRZ Entries","482,960"
"10/26/2025","CBD Entries","549,762"
"10/26/2025","Bus","828,951"
"10/26/2025","AAR","29,588"
"10/25/2025","CBD Entries","590,403"
"10/25/2025","Subway","2,949,713"
"10/25/2025","SIR","71"
"10/25/2025","BT","985,797"
"10/25/2025","MNR","157,311"
"10/25/2025","AAR","29,197"
"10/25/2025","LIRR","155,774"
"10/25/2025","CRZ Entries","525,430"
"10/25/2025","Bus","900,658"
"10/24/2025","AAR","44,360"
"10/24/2025","Subway","4,276,483"
"10/24/2025","SIR","6,741"
"10/24/2025","MNR","240,961"
"10/24/2025","LIRR","274,534"
"10/24/2025","CRZ Entries","538,058"
"10/24/2025","CBD Entries","603,680"
"10/24/2025","Bus","1,410,451"
"10/24/2025","BT","1,014,462"
"10/23/2025","AAR","46,401"
"10/23/2025","Subway","4,559,508"
"10/23/2025","SIR","7,887"
"10/23/2025","MNR","247,800"
"10/23/2025","LIRR","286,021"
"10/23/2025","CRZ Entries","532,687"
"10/23/2025","CBD Entries","599,125"
"10/23/2025","Bus","1,461,341"
"10/23/2025","BT","990,734"
"10/22/2025","BT","960,587"
"10/22/2025","Subway","4,523,614"
"10/22/2025","SIR","8,324"
"10/22/2025","MNR","243,232"
"10/22/2025","LIRR","275,757"
"10/22/2025","CRZ Entries","516,920"
"10/22/2025","CBD Entries","582,822"
"10/22/2025","Bus","1,467,664"
"10/22/2025","AAR","47,380"
"10/21/2025","MNR","252,266"
"10/21/2025","Subway","4,461,061"
"10/21/2025","SIR","8,052"
"10/21/2025","LIRR","285,947"
"10/21/2025","CRZ Entries","505,504"
"10/21/2025","CBD Entries","571,945"
"10/21/2025","Bus","1,472,383"
"10/21/2025","BT","952,108"
"10/21/2025","AAR","46,279"
"10/20/2025","AAR","40,468"
"10/20/2025","Subway","3,601,800"
"10/20/2025","SIR","6,134"
"10/20/2025","MNR","232,341"
"10/20/2025","LIRR","264,955"
"10/20/2025","CRZ Entries","482,547"
"10/20/2025","CBD Entries","550,195"
"10/20/2025","Bus","1,220,586"
"10/20/2025","BT","927,388"
"10/19/2025","BT","951,447"
"10/19/2025","Subway","2,264,572"
"10/19/2025","SIR","1"
"10/19/2025","MNR","125,200"
"10/19/2025","LIRR","128,355"
"10/19/2025","CRZ Entries","494,717"
"10/19/2025","CBD Entries","554,532"
"10/19/2025","Bus","727,587"
"10/19/2025","AAR","29,387"
"10/18/2025","Bus","903,291"
"10/18/2025","Subway","2,931,765"
"10/18/2025","SIR","42"
"10/18/2025","AAR","28,890"
"10/18/2025","MNR","156,049"
"10/18/2025","LIRR","154,085"
"10/18/2025","CRZ Entries","521,611"
"10/18/2025","CBD Entries","584,687"
"10/18/2025","BT","980,808"
"10/17/2025","AAR","44,786"
"10/17/2025","Subway","4,113,843"
"10/17/2025","SIR","6,689"
"10/17/2025","MNR","240,862"
"10/17/2025","LIRR","269,171"
"10/17/2025","CRZ Entries","540,006"
"10/17/2025","CBD Entries","608,143"
"10/17/2025","Bus","1,364,083"
"10/17/2025","BT","1,021,890"
"10/16/2025","AAR","46,342"
"10/16/2025","Subway","4,462,590"
"10/16/2025","SIR","7,794"
"10/16/2025","MNR","249,181"
"10/16/2025","LIRR","289,634"
"10/16/2025","CRZ Entries","537,918"
"10/16/2025","CBD Entries","603,395"
"10/16/2025","Bus","1,429,707"
"10/16/2025","BT","997,185"
"10/15/2025","BT","960,851"
"10/15/2025","Subway","4,328,358"
"10/15/2025","SIR","7,915"
"10/15/2025","MNR","250,634"
"10/15/2025","LIRR","283,734"
"10/15/2025","CRZ Entries","516,539"
"10/15/2025","CBD Entries","579,030"
"10/15/2025","Bus","1,443,106"
"10/15/2025","AAR","46,081"
"10/14/2025","BT","917,366"
"10/14/2025","Subway","4,190,034"
"10/14/2025","SIR","7,739"
"10/14/2025","MNR","250,229"
"10/14/2025","LIRR","280,029"
"10/14/2025","CRZ Entries","500,773"
"10/14/2025","CBD Entries","561,387"
"10/14/2025","Bus","1,409,939"
"10/14/2025","AAR","42,716"
"10/13/2025","LIRR","226,891"
"10/13/2025","Subway","2,788,416"
"10/13/2025","SIR","3,548"
"10/13/2025","MNR","203,344"
"10/13/2025","CRZ Entries","424,539"
"10/13/2025","CBD Entries","482,865"
"10/13/2025","Bus","891,300"
"10/13/2025","BT","778,635"
"10/13/2025","AAR","27,812"
"10/12/2025","AAR","23,732"
"10/12/2025","Subway","1,968,515"
"10/12/2025","SIR","1,968"
"10/12/2025","MNR","98,164"
"10/12/2025","LIRR","105,833"
"10/12/2025","CRZ Entries","445,752"
"10/12/2025","CBD Entries","503,174"
"10/12/2025","Bus","592,660"
"10/12/2025","BT","761,450"
"10/11/2025","BT","962,632"
"10/11/2025","Subway","2,732,324"
"10/11/2025","SIR","2,926"
"10/11/2025","MNR","145,487"
"10/11/2025","LIRR","155,564"
"10/11/2025","CRZ Entries","516,572"
"10/11/2025","CBD Entries","579,599"
"10/11/2025","Bus","859,727"
"10/11/2025","AAR","28,513"
"10/10/2025","Bus","1,368,369"
"10/10/2025","Subway","4,043,304"
"10/10/2025","SIR","6,790"
"10/10/2025","MNR","245,256"
"10/10/2025","AAR","44,822"
"10/10/2025","LIRR","285,283"
"10/10/2025","CRZ Entries","540,792"
"10/10/2025","CBD Entries","608,468"
"10/10/2025","BT","1,042,761"
"10/09/2025","LIRR","291,108"
"10/09/2025","Subway","4,452,806"
"10/09/2025","SIR","7,996"
"10/09/2025","MNR","250,000"
"10/09/2025","CRZ Entries","537,602"
"10/09/2025","CBD Entries","602,517"
"10/09/2025","Bus","1,452,407"
"10/09/2025","BT","1,010,954"
"10/09/2025","AAR","46,236"
"10/08/2025","AAR","45,158"
"10/08/2025","Subway","4,237,976"
"10/08/2025","SIR","7,903"
"10/08/2025","MNR","249,146"
"10/08/2025","LIRR","269,959"
"10/08/2025","CRZ Entries","515,826"
"10/08/2025","CBD Entries","575,970"
"10/08/2025","Bus","1,395,842"
"10/08/2025","BT","913,834"
"10/07/2025","BT","900,999"
"10/07/2025","Subway","4,212,383"
"10/07/2025","SIR","8,179"
"10/07/2025","MNR","254,323"
"10/07/2025","LIRR","278,786"
"10/07/2025","CRZ Entries","497,959"
"10/07/2025","CBD Entries","557,894"
"10/07/2025","Bus","1,404,064"
"10/07/2025","AAR","44,898"
"10/06/2025","MNR","226,803"
"10/06/2025","Subway","3,927,545"
"10/06/2025","SIR","7,519"
"10/06/2025","LIRR","261,527"
"10/06/2025","CRZ Entries","486,155"
"10/06/2025","CBD Entries","551,459"
"10/06/2025","Bus","1,396,894"
"10/06/2025","BT","929,249"
"10/06/2025","AAR","42,251"
"10/05/2025","AAR","29,332"
"10/05/2025","Subway","2,193,758"
"10/05/2025","SIR","1,940"
"10/05/2025","MNR","109,130"
"10/05/2025","LIRR","120,574"
"10/05/2025","CRZ Entries","483,443"
"10/05/2025","CBD Entries","551,355"
"10/05/2025","Bus","702,569"
"10/05/2025","BT","936,413"
"10/04/2025","BT","965,808"
"10/04/2025","Subway","2,104,373"
"10/04/2025","SIR","2,113"
"10/04/2025","MNR","136,719"
"10/04/2025","LIRR","143,110"
"10/04/2025","CRZ Entries","518,442"
"10/04/2025","CBD Entries","583,919"
"10/04/2025","Bus","718,806"
"10/04/2025","AAR","29,130"
"10/03/2025","Bus","1,434,440"
"10/03/2025","Subway","4,066,815"
"10/03/2025","SIR","6,890"
"10/03/2025","AAR","44,933"
"10/03/2025","MNR","225,487"
"10/03/2025","LIRR","265,055"
"10/03/2025","CRZ Entries","529,663"
"10/03/2025","CBD Entries","598,480"
"10/03/2025","BT","1,008,171"
"10/02/2025","LIRR","257,417"
"10/02/2025","Subway","3,815,531"
"10/02/2025","SIR","6,807"
"10/02/2025","MNR","236,427"
"10/02/2025","CRZ Entries","490,442"
"10/02/2025","CBD Entries","553,064"
"10/02/2025","Bus","1,261,553"
"10/02/2025","BT","913,797"
"10/02/2025","AAR","40,497"
"10/01/2025","AAR","46,020"
"10/01/2025","Subway","4,339,922"
"10/01/2025","SIR","8,212"
"10/01/2025","MNR","243,325"
"10/01/2025","LIRR","259,808"
"10/01/2025","CRZ Entries","498,305"
"10/01/2025","CBD Entries","560,691"
"10/01/2025","Bus","1,473,098"
"10/01/2025","BT","943,997"
"09/30/2025","BT","961,539"
"09/30/2025","Subway","4,440,014"
"09/30/2025","SIR","8,347"
"09/30/2025","MNR","257,469"
"09/30/2025","LIRR","286,693"
"09/30/2025","CRZ Entries","505,841"
"09/30/2025","CBD Entries","570,885"
"09/30/2025","Bus","1,534,316"
"09/30/2025","AAR","45,235"
"09/29/2025","MNR","232,338"
"09/29/2025","Subway","4,061,628"
"09/29/2025","SIR","7,641"
"09/29/2025","LIRR","278,761"
"09/29/2025","CRZ Entries","489,589"
"09/29/2025","CBD Entries","556,266"
"09/29/2025","Bus","1,482,688"
"09/29/2025","BT","950,405"
"09/29/2025","AAR","41,836"
"09/28/2025","AAR","28,439"
"09/28/2025","Subway","2,213,509"
"09/28/2025","SIR","2,589"
"09/28/2025","MNR","114,310"
"09/28/2025","LIRR","149,259"
"09/28/2025","CRZ Entries","487,271"
"09/28/2025","CBD Entries","550,478"
"09/28/2025","Bus","742,362"
"09/28/2025","BT","932,462"
"09/27/2025","BT","997,436"
"09/27/2025","Subway","2,911,538"
"09/27/2025","SIR","3,051"
"09/27/2025","MNR","145,805"
"09/27/2025","LIRR","181,410"
"09/27/2025","CRZ Entries","531,438"
"09/27/2025","CBD Entries","597,376"
"09/27/2025","Bus","933,791"
"09/27/2025","AAR","27,542"
"09/26/2025","CBD Entries","602,233"
"09/26/2025","Subway","4,199,816"
"09/26/2025","SIR","6,937"
"09/26/2025","BT","1,043,628"
"09/26/2025","MNR","240,853"
"09/26/2025","AAR","43,185"
"09/26/2025","LIRR","306,735"
"09/26/2025","CRZ Entries","531,409"
"09/26/2025","Bus","1,455,644"
"09/25/2025","AAR","43,591"
"09/25/2025","Subway","4,423,394"
"09/25/2025","SIR","7,834"
"09/25/2025","MNR","243,174"
"09/25/2025","LIRR","298,380"
"09/25/2025","CRZ Entries","512,347"
"09/25/2025","CBD Entries","578,090"
"09/25/2025","Bus","1,444,408"
"09/25/2025","BT","966,221"
"09/24/2025","AAR","41,928"
"09/24/2025","Subway","4,031,358"
"09/24/2025","SIR","7,537"
"09/24/2025","MNR","246,884"
"09/24/2025","LIRR","301,441"
"09/24/2025","CRZ Entries","490,813"
"09/24/2025","CBD Entries","556,653"
"09/24/2025","Bus","1,312,722"
"09/24/2025","BT","921,997"
"09/23/2025","BT","900,181"
"09/23/2025","Subway","3,913,543"
"09/23/2025","SIR","7,547"
"09/23/2025","MNR","251,491"
"09/23/2025","LIRR","292,843"
"09/23/2025","CRZ Entries","461,632"
"09/23/2025","CBD Entries","521,957"
"09/23/2025","Bus","1,278,886"
"09/23/2025","AAR","39,820"
"09/22/2025","MNR","235,311"
"09/22/2025","Subway","3,931,188"
"09/22/2025","SIR","7,385"
"09/22/2025","LIRR","277,694"
"09/22/2025","CRZ Entries","478,490"
"09/22/2025","CBD Entries","545,829"
"09/22/2025","Bus","1,398,995"
"09/22/2025","BT","942,647"
"09/22/2025","AAR","40,106"
"09/21/2025","AAR","28,507"
"09/21/2025","Subway","2,305,677"
"09/21/2025","SIR","1,826"
"09/21/2025","MNR","119,583"
"09/21/2025","LIRR","138,648"
"09/21/2025","CRZ Entries","486,871"
"09/21/2025","CBD Entries","556,640"
"09/21/2025","Bus","730,328"
"09/21/2025","BT","951,666"
"09/20/2025","BT","1,000,287"
"09/20/2025","Subway","2,907,031"
"09/20/2025","SIR","2,721"
"09/20/2025","MNR","137,816"
"09/20/2025","LIRR","162,463"
"09/20/2025","CRZ Entries","525,352"
"09/20/2025","CBD Entries","588,932"
"09/20/2025","Bus","949,447"
"09/20/2025","AAR","28,263"
"09/19/2025","Bus","1,480,671"
"09/19/2025","Subway","4,177,680"
"09/19/2025","SIR","6,987"
"09/19/2025","AAR","44,232"
"09/19/2025","MNR","231,477"
"09/19/2025","LIRR","286,808"
"09/19/2025","CRZ Entries","539,919"
"09/19/2025","CBD Entries","608,394"
"09/19/2025","BT","1,042,086"
"09/18/2025","AAR","46,174"
"09/18/2025","Subway","4,488,401"
"09/18/2025","SIR","7,949"
"09/18/2025","MNR","239,470"
"09/18/2025","LIRR","281,845"
"09/18/2025","CRZ Entries","538,345"
"09/18/2025","CBD Entries","603,572"
"09/18/2025","Bus","1,550,224"
"09/18/2025","BT","1,006,303"
"09/17/2025","AAR","46,498"
"09/17/2025","Subway","4,446,829"
"09/17/2025","SIR","8,106"
"09/17/2025","MNR","242,860"
"09/17/2025","LIRR","286,428"
"09/17/2025","CRZ Entries","522,265"
"09/17/2025","CBD Entries","589,690"
"09/17/2025","Bus","1,527,852"
"09/17/2025","BT","961,549"
"09/16/2025","BT","964,074"
"09/16/2025","Subway","4,425,430"
"09/16/2025","SIR","8,395"
"09/16/2025","MNR","246,166"
"09/16/2025","LIRR","286,694"
"09/16/2025","CRZ Entries","512,773"
"09/16/2025","CBD Entries","580,138"
"09/16/2025","Bus","1,561,603"
"09/16/2025","AAR","46,067"
"09/15/2025","BT","953,354"
"09/15/2025","Subway","4,046,573"
"09/15/2025","SIR","7,707"
"09/15/2025","MNR","228,659"
"09/15/2025","LIRR","271,084"
"09/15/2025","CRZ Entries","495,828"
"09/15/2025","CBD Entries","563,416"
"09/15/2025","Bus","1,508,135"
"09/15/2025","AAR","41,693"
"09/14/2025","LIRR","128,586"
"09/14/2025","Subway","2,260,774"
"09/14/2025","SIR","1,733"
"09/14/2025","MNR","117,465"
"09/14/2025","CRZ Entries","488,963"
"09/14/2025","CBD Entries","558,337"
"09/14/2025","Bus","759,804"
"09/14/2025","BT","961,790"
"09/14/2025","AAR","29,323"
"09/13/2025","AAR","29,120"
"09/13/2025","Subway","2,916,067"
"09/13/2025","SIR","2,491"
"09/13/2025","MNR","144,805"
"09/13/2025","LIRR","152,575"
"09/13/2025","CRZ Entries","524,411"
"09/13/2025","CBD Entries","588,396"
"09/13/2025","Bus","965,501"
"09/13/2025","BT","996,581"
"09/12/2025","BT","1,034,050"
"09/12/2025","Subway","4,196,585"
"09/12/2025","SIR","6,806"
"09/12/2025","MNR","230,142"
"09/12/2025","LIRR","280,104"
"09/12/2025","CRZ Entries","539,715"
"09/12/2025","CBD Entries","607,463"
"09/12/2025","Bus","1,477,001"
"09/12/2025","AAR","44,800"
"09/11/2025","LIRR","284,101"
"09/11/2025","Subway","4,499,093"
"09/11/2025","SIR","8,324"
"09/11/2025","AAR","45,113"
"09/11/2025","CBD Entries","590,188"
"09/11/2025","Bus","1,550,699"
"09/11/2025","BT","986,086"
"09/11/2025","MNR","239,089"
"09/11/2025","CRZ Entries","524,119"
"09/10/2025","MNR","244,711"
"09/10/2025","Subway","4,472,327"
"09/10/2025","SIR","8,093"
"09/10/2025","LIRR","277,619"
"09/10/2025","CRZ Entries","523,856"
"09/10/2025","CBD Entries","590,074"
"09/10/2025","Bus","1,540,037"
"09/10/2025","BT","963,539"
"09/10/2025","AAR","46,875"
"09/09/2025","AAR","45,766"
"09/09/2025","Subway","4,433,601"
"09/09/2025","SIR","8,282"
"09/09/2025","MNR","249,487"
"09/09/2025","LIRR","278,353"
"09/09/2025","CRZ Entries","507,897"
"09/09/2025","CBD Entries","575,700"
"09/09/2025","Bus","1,551,093"
"09/09/2025","BT","954,339"
"09/08/2025","BT","945,027"
"09/08/2025","Subway","4,051,429"
"09/08/2025","SIR","7,574"
"09/08/2025","MNR","226,542"
"09/08/2025","LIRR","266,996"
"09/08/2025","CRZ Entries","492,346"
"09/08/2025","CBD Entries","559,406"
"09/08/2025","Bus","1,497,567"
"09/08/2025","AAR","41,777"
"09/07/2025","MNR","99,960"
"09/07/2025","Subway","2,058,463"
"09/07/2025","SIR","1,425"
"09/07/2025","LIRR","122,696"
"09/07/2025","CRZ Entries","460,258"
"09/07/2025","CBD Entries","523,680"
"09/07/2025","Bus","684,550"
"09/07/2025","BT","862,573"
"09/07/2025","AAR","28,255"
"09/06/2025","AAR","27,218"
"09/06/2025","Subway","2,589,586"
"09/06/2025","SIR","2,213"
"09/06/2025","MNR","117,043"
"09/06/2025","LIRR","141,330"
"09/06/2025","CRZ Entries","499,423"
"09/06/2025","CBD Entries","560,115"
"09/06/2025","Bus","846,107"
"09/06/2025","BT","917,387"
"09/05/2025","BT","1,005,336"
"09/05/2025","Subway","4,020,205"
"09/05/2025","SIR","6,830"
"09/05/2025","MNR","225,330"
"09/05/2025","LIRR","279,193"
"09/05/2025","CRZ Entries","526,170"
"09/05/2025","CBD Entries","594,321"
"09/05/2025","Bus","1,437,614"
"09/05/2025","AAR","43,782"
"09/04/2025","Bus","1,469,632"
"09/04/2025","Subway","4,258,378"
"09/04/2025","SIR","7,709"
"09/04/2025","AAR","45,376"
"09/04/2025","MNR","232,772"
"09/04/2025","LIRR","289,721"
"09/04/2025","CRZ Entries","518,054"
"09/04/2025","CBD Entries","584,644"
"09/04/2025","BT","966,487"
"09/03/2025","LIRR","293,705"
"09/03/2025","Subway","4,101,293"
"09/03/2025","SIR","7,483"
"09/03/2025","MNR","238,831"
"09/03/2025","CRZ Entries","503,384"
"09/03/2025","CBD Entries","572,264"
"09/03/2025","Bus","1,438,356"
"09/03/2025","BT","960,254"
"09/03/2025","AAR","46,061"
"09/02/2025","AAR","41,991"
"09/02/2025","Subway","3,842,843"
"09/02/2025","SIR","7,277"
"09/02/2025","MNR","228,222"
"09/02/2025","LIRR","277,073"
"09/02/2025","CRZ Entries","494,239"
"09/02/2025","CBD Entries","564,878"
"09/02/2025","Bus","1,346,568"
"09/02/2025","BT","971,199"
"09/01/2025","BT","853,219"
"09/01/2025","Subway","2,092,253"
"09/01/2025","SIR","2,399"
"09/01/2025","MNR","100,886"
"09/01/2025","LIRR","140,632"
"09/01/2025","CRZ Entries","405,009"
"09/01/2025","CBD Entries","470,708"
"09/01/2025","Bus","673,370"
"09/01/2025","AAR","17,488"
"08/31/2025","MNR","113,092"
"08/31/2025","Subway","2,197,950"
"08/31/2025","SIR","2,401"
"08/31/2025","LIRR","152,591"
"08/31/2025","CRZ Entries","451,084"
"08/31/2025","CBD Entries","524,543"
"08/31/2025","Bus","705,740"
"08/31/2025","BT","956,024"
"08/31/2025","AAR","28,459"
"08/30/2025","AAR","27,458"
"08/30/2025","Subway","2,575,973"
"08/30/2025","SIR","3,039"
"08/30/2025","MNR","129,878"
"08/30/2025","LIRR","174,467"
"08/30/2025","CRZ Entries","465,081"
"08/30/2025","CBD Entries","532,571"
"08/30/2025","Bus","895,879"
"08/30/2025","BT","963,358"
"08/29/2025","BT","1,027,183"
"08/29/2025","Subway","3,559,792"
"08/29/2025","SIR","5,796"
"08/29/2025","MNR","205,508"
"08/29/2025","LIRR","284,378"
"08/29/2025","CRZ Entries","500,850"
"08/29/2025","CBD Entries","574,985"
"08/29/2025","Bus","1,289,424"
"08/29/2025","AAR","40,464"
"08/28/2025","CBD Entries","574,538"
"08/28/2025","Subway","3,844,830"
"08/28/2025","SIR","6,992"
"08/28/2025","BT","1,019,765"
"08/28/2025","MNR","212,908"
"08/28/2025","AAR","42,332"
"08/28/2025","LIRR","293,877"
"08/28/2025","CRZ Entries","503,521"
"08/28/2025","Bus","1,363,724"
"08/27/2025","AAR","43,498"
"08/27/2025","Subway","3,959,633"
"08/27/2025","SIR","7,311"
"08/27/2025","MNR","220,687"
"08/27/2025","LIRR","294,556"
"08/27/2025","CRZ Entries","495,649"
"08/27/2025","CBD Entries","565,997"
"08/27/2025","Bus","1,392,630"
"08/27/2025","BT","985,440"
"08/26/2025","AAR","41,461"
"08/26/2025","Subway","3,934,641"
"08/26/2025","SIR","7,249"
"08/26/2025","MNR","222,383"
"08/26/2025","LIRR","294,008"
"08/26/2025","CRZ Entries","484,927"
"08/26/2025","CBD Entries","554,316"
"08/26/2025","Bus","1,381,193"
"08/26/2025","BT","964,498"
"08/25/2025","BT","970,575"
"08/25/2025","Subway","3,499,592"
"08/25/2025","SIR","6,329"
"08/25/2025","MNR","207,511"
"08/25/2025","LIRR","275,475"
"08/25/2025","CRZ Entries","469,466"
"08/25/2025","CBD Entries","540,962"
"08/25/2025","Bus","1,287,007"
"08/25/2025","AAR","37,653"
"08/24/2025","MNR","109,360"
"08/24/2025","Subway","2,154,935"
"08/24/2025","SIR","2,459"
"08/24/2025","LIRR","149,695"
"08/24/2025","CRZ Entries","458,481"
"08/24/2025","CBD Entries","528,050"
"08/24/2025","Bus","739,780"
"08/24/2025","BT","962,150"
"08/24/2025","AAR","26,911"
"08/23/2025","AAR","27,407"
"08/23/2025","Subway","2,669,472"
"08/23/2025","SIR","3,351"
"08/23/2025","MNR","133,514"
"08/23/2025","LIRR","166,882"
"08/23/2025","CRZ Entries","487,215"
"08/23/2025","CBD Entries","553,608"
"08/23/2025","Bus","925,878"
"08/23/2025","BT","1,006,389"
"08/22/2025","BT","1,022,733"
"08/22/2025","Subway","3,640,772"
"08/22/2025","SIR","6,102"
"08/22/2025","MNR","217,013"
"08/22/2025","LIRR","264,414"
"08/22/2025","CRZ Entries","505,286"
"08/22/2025","CBD Entries","576,344"
"08/22/2025","Bus","1,287,328"
"08/22/2025","AAR","40,155"
"08/21/2025","Bus","1,296,398"
"08/21/2025","Subway","3,790,576"
"08/21/2025","SIR","6,538"
"08/21/2025","AAR","41,317"
"08/21/2025","MNR","218,083"
"08/21/2025","LIRR","268,214"
"08/21/2025","CRZ Entries","503,544"
"08/21/2025","CBD Entries","572,855"
"08/21/2025","BT","993,364"
"08/20/2025","AAR","42,821"
"08/20/2025","Subway","3,712,709"
"08/20/2025","SIR","6,673"
"08/20/2025","MNR","208,647"
"08/20/2025","LIRR","255,602"
"08/20/2025","CRZ Entries","487,739"
"08/20/2025","CBD Entries","555,592"
"08/20/2025","Bus","1,265,037"
"08/20/2025","BT","941,839"
"08/19/2025","AAR","41,917"
"08/19/2025","Subway","3,788,813"
"08/19/2025","SIR","7,134"
"08/19/2025","MNR","217,321"
"08/19/2025","LIRR","269,818"
"08/19/2025","CRZ Entries","483,349"
"08/19/2025","CBD Entries","551,588"
"08/19/2025","Bus","1,340,712"
"08/19/2025","BT","954,649"
"08/18/2025","BT","949,948"
"08/18/2025","Subway","3,376,936"
"08/18/2025","SIR","6,475"
"08/18/2025","MNR","200,323"
"08/18/2025","LIRR","246,904"
"08/18/2025","CRZ Entries","466,129"
"08/18/2025","CBD Entries","535,621"
"08/18/2025","Bus","1,264,049"
"08/18/2025","AAR","38,413"
"08/17/2025","BT","960,971"
"08/17/2025","Subway","2,015,821"
"08/17/2025","SIR","1,642"
"08/17/2025","MNR","101,391"
"08/17/2025","LIRR","125,268"
"08/17/2025","CRZ Entries","444,245"
"08/17/2025","CBD Entries","514,796"
"08/17/2025","Bus","725,657"
"08/17/2025","AAR","27,882"
"08/16/2025","LIRR","153,433"
"08/16/2025","Subway","2,568,833"
"08/16/2025","SIR","2,433"
"08/16/2025","MNR","120,490"
"08/16/2025","CRZ Entries","471,921"
"08/16/2025","CBD Entries","540,124"
"08/16/2025","Bus","912,705"
"08/16/2025","BT","990,201"
"08/16/2025","AAR","28,833"
"08/15/2025","AAR","41,588"
"08/15/2025","Subway","3,551,008"
"08/15/2025","SIR","5,990"
"08/15/2025","MNR","203,201"
"08/15/2025","LIRR","258,243"
"08/15/2025","CRZ Entries","503,939"
"08/15/2025","CBD Entries","575,069"
"08/15/2025","Bus","1,308,147"
"08/15/2025","BT","1,028,472"
"08/14/2025","BT","1,012,190"
"08/14/2025","Subway","3,823,077"
"08/14/2025","SIR","6,878"
"08/14/2025","MNR","210,265"
"08/14/2025","LIRR","264,290"
"08/14/2025","CRZ Entries","513,978"
"08/14/2025","CBD Entries","585,499"
"08/14/2025","Bus","1,364,955"
"08/14/2025","AAR","43,367"
"08/13/2025","Bus","1,355,986"
"08/13/2025","Subway","3,880,241"
"08/13/2025","SIR","7,233"
"08/13/2025","MNR","221,321"
"08/13/2025","AAR","44,349"
"08/13/2025","LIRR","267,156"
"08/13/2025","CRZ Entries","500,378"
"08/13/2025","CBD Entries","569,361"
"08/13/2025","BT","971,639"
"08/12/2025","LIRR","272,560"
"08/12/2025","Subway","3,891,327"
"08/12/2025","SIR","7,367"
"08/12/2025","MNR","225,090"
"08/12/2025","CRZ Entries","491,063"
"08/12/2025","CBD Entries","557,546"
"08/12/2025","Bus","1,393,854"
"08/12/2025","BT","966,304"
"08/12/2025","AAR","43,664"
"08/11/2025","AAR","38,985"
"08/11/2025","Subway","3,541,477"
"08/11/2025","SIR","6,657"
"08/11/2025","MNR","211,894"
"08/11/2025","LIRR","254,512"
"08/11/2025","CRZ Entries","474,195"
"08/11/2025","CBD Entries","544,096"
"08/11/2025","Bus","1,325,167"
"08/11/2025","BT","959,647"
"08/10/2025","BT","964,503"
"08/10/2025","Subway","2,201,175"
"08/10/2025","SIR","2,109"
"08/10/2025","MNR","116,733"
"08/10/2025","LIRR","136,708"
"08/10/2025","CRZ Entries","448,299"
"08/10/2025","CBD Entries","516,631"
"08/10/2025","Bus","736,132"
"08/10/2025","AAR","27,679"
"08/09/2025","MNR","131,416"
"08/09/2025","Subway","2,671,051"
"08/09/2025","SIR","2,595"
"08/09/2025","LIRR","153,113"
"08/09/2025","CRZ Entries","470,918"
"08/09/2025","CBD Entries","534,173"
"08/09/2025","Bus","922,892"
"08/09/2025","BT","985,098"
"08/09/2025","AAR","28,414"
"08/08/2025","AAR","41,991"
"08/08/2025","Subway","3,654,469"
"08/08/2025","SIR","6,315"
"08/08/2025","MNR","212,368"
"08/08/2025","LIRR","260,507"
"08/08/2025","CRZ Entries","508,787"
"08/08/2025","CBD Entries","578,625"
"08/08/2025","Bus","1,326,591"
"08/08/2025","BT","1,019,042"
"08/07/2025","BT","1,004,118"
"08/07/2025","Subway","3,944,318"
"08/07/2025","SIR","7,256"
"08/07/2025","MNR","214,868"
"08/07/2025","LIRR","265,143"
"08/07/2025","CRZ Entries","514,904"
"08/07/2025","CBD Entries","586,245"
"08/07/2025","Bus","1,408,353"
"08/07/2025","AAR","43,838"
"08/06/2025","Bus","1,415,758"
"08/06/2025","Subway","3,994,828"
"08/06/2025","SIR","7,627"
"08/06/2025","AAR","44,869"
"08/06/2025","MNR","222,043"
"08/06/2025","LIRR","273,051"
"08/06/2025","CRZ Entries","503,937"
"08/06/2025","CBD Entries","572,039"
"08/06/2025","BT","975,465"
"08/05/2025","LIRR","272,605"
"08/05/2025","Subway","3,990,441"
"08/05/2025","SIR","7,688"
"08/05/2025","MNR","227,260"
"08/05/2025","CRZ Entries","494,700"
"08/05/2025","CBD Entries","563,946"
"08/05/2025","Bus","1,424,105"
"08/05/2025","BT","957,256"
"08/05/2025","AAR","44,101"
"08/04/2025","AAR","39,688"
"08/04/2025","Subway","3,603,453"
"08/04/2025","SIR","6,910"
"08/04/2025","MNR","207,908"
"08/04/2025","LIRR","253,148"
"08/04/2025","CRZ Entries","472,834"
"08/04/2025","CBD Entries","541,255"
"08/04/2025","Bus","1,367,299"
"08/04/2025","BT","963,338"
"08/03/2025","BT","937,381"
"08/03/2025","Subway","2,109,148"
"08/03/2025","SIR","2,438"
"08/03/2025","MNR","102,414"
"08/03/2025","LIRR","131,196"
"08/03/2025","CRZ Entries","443,041"
"08/03/2025","CBD Entries","508,382"
"08/03/2025","Bus","766,036"
"08/03/2025","AAR","27,902"
"08/02/2025","MNR","125,916"
"08/02/2025","Subway","2,661,432"
"08/02/2025","SIR","3,134"
"08/02/2025","LIRR","151,706"
"08/02/2025","CRZ Entries","476,734"
"08/02/2025","CBD Entries","541,316"
"08/02/2025","Bus","924,525"
"08/02/2025","BT","992,084"
"08/02/2025","AAR","28,936"
"08/01/2025","AAR","41,345"
"08/01/2025","Subway","3,597,962"
"08/01/2025","SIR","5,983"
"08/01/2025","MNR","174,071"
"08/01/2025","LIRR","225,675"
"08/01/2025","CRZ Entries","508,733"
"08/01/2025","CBD Entries","579,089"
"08/01/2025","Bus","1,318,643"
"08/01/2025","BT","1,010,258"
"07/31/2025","BT","958,049"
"07/31/2025","Subway","3,718,979"
"07/31/2025","SIR","7,004"
"07/31/2025","MNR","229,384"
"07/31/2025","LIRR","260,275"
"07/31/2025","CRZ Entries","506,462"
"07/31/2025","CBD Entries","572,629"
"07/31/2025","Bus","1,310,912"
"07/31/2025","AAR","42,155"
"07/30/2025","CBD Entries","580,299"
"07/30/2025","Subway","3,995,693"
"07/30/2025","SIR","7,350"
"07/30/2025","BT","978,621"
"07/30/2025","MNR","241,950"
"07/30/2025","AAR","43,086"
"07/30/2025","LIRR","272,520"
"07/30/2025","CRZ Entries","511,770"
"07/30/2025","Bus","1,381,553"
"07/29/2025","AAR","42,045"
"07/29/2025","Subway","3,942,701"
"07/29/2025","SIR","7,230"
"07/29/2025","MNR","240,606"
"07/29/2025","LIRR","275,947"
"07/29/2025","CRZ Entries","506,126"
"07/29/2025","CBD Entries","574,356"
"07/29/2025","Bus","1,391,706"
"07/29/2025","BT","970,476"
"07/28/2025","AAR","38,491"
"07/28/2025","Subway","3,664,264"
"07/28/2025","SIR","6,780"
"07/28/2025","MNR","227,711"
"07/28/2025","LIRR","262,687"
"07/28/2025","CRZ Entries","490,341"
"07/28/2025","CBD Entries","557,783"
"07/28/2025","Bus","1,355,899"
"07/28/2025","BT","975,543"
"07/27/2025","BT","925,287"
"07/27/2025","Subway","2,149,759"
"07/27/2025","SIR","2,128"
"07/27/2025","MNR","112,224"
"07/27/2025","LIRR","127,073"
"07/27/2025","CRZ Entries","457,180"
"07/27/2025","CBD Entries","523,954"
"07/27/2025","Bus","704,038"
"07/27/2025","AAR","25,966"
"07/26/2025","MNR","137,302"
"07/26/2025","Subway","2,790,923"
"07/26/2025","SIR","3,040"
"07/26/2025","LIRR","159,323"
"07/26/2025","CRZ Entries","499,170"
"07/26/2025","CBD Entries","563,385"
"07/26/2025","Bus","922,083"
"07/26/2025","BT","1,015,567"
"07/26/2025","AAR","27,624"
"07/25/2025","AAR","40,952"
"07/25/2025","Subway","3,656,150"
"07/25/2025","SIR","5,508"
"07/25/2025","MNR","222,755"
"07/25/2025","LIRR","262,297"
"07/25/2025","CRZ Entries","518,744"
"07/25/2025","CBD Entries","588,419"
"07/25/2025","Bus","1,280,081"
"07/25/2025","BT","1,015,431"
"07/24/2025","BT","1,016,811"
"07/24/2025","Subway","4,079,094"
"07/24/2025","SIR","7,277"
"07/24/2025","MNR","236,538"
"07/24/2025","LIRR","277,559"
"07/24/2025","CRZ Entries","526,974"
"07/24/2025","CBD Entries","592,456"
"07/24/2025","Bus","1,422,129"
"07/24/2025","AAR","43,574"
"07/23/2025","Bus","1,431,350"
"07/23/2025","Subway","4,124,410"
"07/23/2025","SIR","7,619"
"07/23/2025","AAR","44,930"
"07/23/2025","MNR","240,979"
"07/23/2025","LIRR","298,419"
"07/23/2025","CRZ Entries","515,261"
"07/23/2025","CBD Entries","583,481"
"07/23/2025","BT","981,504"
"07/22/2025","AAR","43,313"
"07/22/2025","Subway","4,085,230"
"07/22/2025","SIR","7,645"
"07/22/2025","MNR","245,466"
"07/22/2025","LIRR","295,419"
"07/22/2025","CRZ Entries","500,828"
"07/22/2025","CBD Entries","566,171"
"07/22/2025","Bus","1,433,292"
"07/22/2025","BT","962,297"
"07/21/2025","AAR","39,272"
"07/21/2025","Subway","3,671,940"
"07/21/2025","SIR","6,941"
"07/21/2025","MNR","224,453"
"07/21/2025","LIRR","267,689"
"07/21/2025","CRZ Entries","485,347"
"07/21/2025","CBD Entries","552,298"
"07/21/2025","Bus","1,361,375"
"07/21/2025","BT","970,671"
"07/20/2025","BT","957,647"
"07/20/2025","Subway","2,111,747"
"07/20/2025","SIR","2,433"
"07/20/2025","MNR","107,317"
"07/20/2025","LIRR","140,696"
"07/20/2025","CRZ Entries","460,599"
"07/20/2025","CBD Entries","526,015"
"07/20/2025","Bus","753,370"
"07/20/2025","AAR","27,099"
"07/19/2025","BT","991,761"
"07/19/2025","Subway","2,655,440"
"07/19/2025","SIR","3,241"
"07/19/2025","MNR","133,834"
"07/19/2025","LIRR","168,171"
"07/19/2025","CRZ Entries","492,020"
"07/19/2025","CBD Entries","555,768"
"07/19/2025","Bus","936,694"
"07/19/2025","AAR","28,090"
"07/18/2025","LIRR","278,160"
"07/18/2025","Subway","3,739,145"
"07/18/2025","SIR","6,115"
"07/18/2025","MNR","223,832"
"07/18/2025","CRZ Entries","522,779"
"07/18/2025","CBD Entries","591,287"
"07/18/2025","Bus","1,335,124"
"07/18/2025","BT","1,034,137"
"07/18/2025","AAR","42,209"
"07/17/2025","AAR","43,352"
"07/17/2025","Subway","4,029,813"
"07/17/2025","SIR","7,131"
"07/17/2025","MNR","230,292"
"07/17/2025","LIRR","272,814"
"07/17/2025","CRZ Entries","529,651"
"07/17/2025","CBD Entries","598,461"
"07/17/2025","Bus","1,405,028"
"07/17/2025","BT","1,012,349"
"07/16/2025","BT","984,544"
"07/16/2025","Subway","4,117,704"
"07/16/2025","SIR","7,572"
"07/16/2025","MNR","239,169"
"07/16/2025","LIRR","274,639"
"07/16/2025","CRZ Entries","517,696"
"07/16/2025","CBD Entries","582,827"
"07/16/2025","Bus","1,448,849"
"07/16/2025","AAR","44,891"
"07/15/2025","CBD Entries","568,443"
"07/15/2025","Subway","4,039,160"
"07/15/2025","SIR","7,585"
"07/15/2025","MNR","240,472"
"07/15/2025","BT","964,769"
"07/15/2025","AAR","42,917"
"07/15/2025","LIRR","273,821"
"07/15/2025","CRZ Entries","505,180"
"07/15/2025","Bus","1,440,912"
"07/14/2025","LIRR","257,985"
"07/14/2025","Subway","3,605,195"
"07/14/2025","SIR","6,862"
"07/14/2025","MNR","218,295"
"07/14/2025","CRZ Entries","488,753"
"07/14/2025","CBD Entries","551,976"
"07/14/2025","Bus","1,339,218"
"07/14/2025","BT","949,245"
"07/14/2025","AAR","39,010"
"07/13/2025","AAR","27,530"
"07/13/2025","Subway","2,144,413"
"07/13/2025","SIR","2,436"
"07/13/2025","MNR","115,440"
"07/13/2025","LIRR","132,047"
"07/13/2025","CRZ Entries","460,304"
"07/13/2025","CBD Entries","512,419"
"07/13/2025","Bus","750,701"
"07/13/2025","BT","947,683"
"07/12/2025","BT","977,883"
"07/12/2025","Subway","2,696,784"
"07/12/2025","SIR","3,333"
"07/12/2025","MNR","135,356"
"07/12/2025","LIRR","149,285"
"07/12/2025","CRZ Entries","489,791"
"07/12/2025","CBD Entries","548,482"
"07/12/2025","Bus","960,786"
"07/12/2025","AAR","27,698"
"07/11/2025","MNR","225,186"
"07/11/2025","Subway","3,752,472"
"07/11/2025","SIR","6,312"
"07/11/2025","LIRR","272,902"
"07/11/2025","CRZ Entries","518,022"
"07/11/2025","CBD Entries","585,622"
"07/11/2025","Bus","1,338,079"
"07/11/2025","BT","1,015,625"
"07/11/2025","AAR","42,338"
"07/10/2025","AAR","43,008"
"07/10/2025","Subway","4,019,506"
"07/10/2025","SIR","7,343"
"07/10/2025","MNR","229,112"
"07/10/2025","LIRR","263,195"
"07/10/2025","CRZ Entries","519,365"
"07/10/2025","CBD Entries","584,824"
"07/10/2025","Bus","1,393,906"
"07/10/2025","BT","991,161"
"07/09/2025","BT","985,054"
"07/09/2025","Subway","4,071,286"
"07/09/2025","SIR","7,633"
"07/09/2025","MNR","236,794"
"07/09/2025","LIRR","266,421"
"07/09/2025","CRZ Entries","511,140"
"07/09/2025","CBD Entries","575,949"
"07/09/2025","Bus","1,451,732"
"07/09/2025","AAR","45,132"
"07/08/2025","Bus","1,411,193"
"07/08/2025","Subway","3,921,235"
"07/08/2025","SIR","7,104"
"07/08/2025","AAR","42,288"
"07/08/2025","MNR","241,553"
"07/08/2025","LIRR","262,625"
"07/08/2025","CRZ Entries","496,160"
"07/08/2025","CBD Entries","562,596"
"07/08/2025","BT","954,114"
"07/07/2025","LIRR","248,037"
"07/07/2025","Subway","3,494,924"
"07/07/2025","SIR","6,657"
"07/07/2025","MNR","211,317"
"07/07/2025","CRZ Entries","472,168"
"07/07/2025","CBD Entries","539,785"
"07/07/2025","Bus","1,345,304"
"07/07/2025","BT","941,314"
"07/07/2025","AAR","39,214"
"07/06/2025","AAR","26,944"
"07/06/2025","Subway","1,991,884"
"07/06/2025","SIR","2,336"
"07/06/2025","MNR","106,648"
"07/06/2025","LIRR","146,359"
"07/06/2025","CRZ Entries","427,051"
"07/06/2025","CBD Entries","495,165"
"07/06/2025","Bus","739,870"
"07/06/2025","BT","928,952"
"07/05/2025","BT","869,114"
"07/05/2025","Subway","2,279,010"
"07/05/2025","SIR","3,032"
"07/05/2025","MNR","108,845"
"07/05/2025","LIRR","147,313"
"07/05/2025","CRZ Entries","417,488"
"07/05/2025","CBD Entries","473,374"
"07/05/2025","Bus","865,914"
"07/05/2025","AAR","23,179"
"07/04/2025","MNR","107,177"
"07/04/2025","Subway","2,325,024"
"07/04/2025","SIR","3,278"
"07/04/2025","LIRR","141,707"
"07/04/2025","CRZ Entries","344,431"
"07/04/2025","CBD Entries","370,595"
"07/04/2025","Bus","777,322"
"07/04/2025","BT","823,510"
"07/04/2025","AAR","23,960"
"07/03/2025","AAR","42,904"
"07/03/2025","Subway","3,599,213"
"07/03/2025","SIR","6,320"
"07/03/2025","MNR","208,213"
"07/03/2025","LIRR","266,204"
"07/03/2025","CRZ Entries","487,405"
"07/03/2025","CBD Entries","559,318"
"07/03/2025","Bus","1,348,055"
"07/03/2025","BT","1,033,884"
"07/02/2025","BT","989,748"
"07/02/2025","Subway","3,850,919"
"07/02/2025","SIR","7,241"
"07/02/2025","MNR","213,549"
"07/02/2025","LIRR","267,728"
"07/02/2025","CRZ Entries","493,313"
"07/02/2025","CBD Entries","560,964"
"07/02/2025","Bus","1,398,660"
"07/02/2025","AAR","44,290"
"07/01/2025","CBD Entries","552,919"
"07/01/2025","Subway","3,827,420"
"07/01/2025","SIR","7,169"
"07/01/2025","BT","962,753"
"07/01/2025","MNR","212,691"
"07/01/2025","AAR","41,983"
"07/01/2025","LIRR","245,375"
"07/01/2025","CRZ Entries","486,400"
"07/01/2025","Bus","1,352,948"
"06/30/2025","AAR","38,466"
"06/30/2025","Subway","3,570,724"
"06/30/2025","SIR","7,013"
"06/30/2025","MNR","226,634"
"06/30/2025","LIRR","265,402"
"06/30/2025","CRZ Entries","484,319"
"06/30/2025","CBD Entries","552,156"
"06/30/2025","Bus","1,322,280"
"06/30/2025","BT","978,738"
"06/29/2025","AAR","27,283"
"06/29/2025","Subway","2,443,017"
"06/29/2025","SIR","2,965"
"06/29/2025","MNR","128,084"
"06/29/2025","LIRR","140,810"
"06/29/2025","CRZ Entries","462,437"
"06/29/2025","CBD Entries","531,999"
"06/29/2025","Bus","747,156"
"06/29/2025","BT","977,389"
"06/28/2025","BT","979,613"
"06/28/2025","Subway","2,779,328"
"06/28/2025","SIR","3,356"
"06/28/2025","MNR","133,369"
"06/28/2025","LIRR","140,546"
"06/28/2025","CRZ Entries","496,660"
"06/28/2025","CBD Entries","562,919"
"06/28/2025","Bus","915,611"
"06/28/2025","AAR","26,021"
"06/27/2025","MNR","236,144"
"06/27/2025","Subway","3,745,156"
"06/27/2025","SIR","6,180"
"06/27/2025","LIRR","269,267"
"06/27/2025","CRZ Entries","527,598"
"06/27/2025","CBD Entries","597,400"
"06/27/2025","Bus","1,309,638"
"06/27/2025","BT","1,035,138"
"06/27/2025","AAR","41,129"
"06/26/2025","AAR","42,597"
"06/26/2025","Subway","4,176,259"
"06/26/2025","SIR","7,544"
"06/26/2025","MNR","237,407"
"06/26/2025","LIRR","284,518"
"06/26/2025","CRZ Entries","530,476"
"06/26/2025","CBD Entries","598,642"
"06/26/2025","Bus","1,430,075"
"06/26/2025","BT","1,043,189"
"06/25/2025","BT","1,022,469"
"06/25/2025","Subway","4,044,532"
"06/25/2025","SIR","7,305"
"06/25/2025","MNR","234,020"
"06/25/2025","LIRR","275,835"
"06/25/2025","CRZ Entries","518,042"
"06/25/2025","CBD Entries","588,529"
"06/25/2025","Bus","1,365,564"
"06/25/2025","AAR","43,104"
"06/24/2025","Bus","1,358,019"
"06/24/2025","Subway","3,857,783"
"06/24/2025","SIR","6,962"
"06/24/2025","AAR","41,227"
"06/24/2025","MNR","228,175"
"06/24/2025","LIRR","274,554"
"06/24/2025","CRZ Entries","508,897"
"06/24/2025","CBD Entries","576,576"
"06/24/2025","BT","1,002,946"
"06/23/2025","AAR","38,543"
"06/23/2025","Subway","3,675,099"
"06/23/2025","SIR","6,749"
"06/23/2025","MNR","220,195"
"06/23/2025","LIRR","267,072"
"06/23/2025","CRZ Entries","493,387"
"06/23/2025","CBD Entries","560,860"
"06/23/2025","Bus","1,364,226"
"06/23/2025","BT","1,004,985"
"06/22/2025","AAR","27,873"
"06/22/2025","Subway","2,036,654"
"06/22/2025","SIR","1,961"
"06/22/2025","MNR","106,241"
"06/22/2025","LIRR","124,808"
"06/22/2025","CRZ Entries","472,985"
"06/22/2025","CBD Entries","540,947"
"06/22/2025","Bus","720,311"
"06/22/2025","BT","958,088"
"06/21/2025","BT","1,012,175"
"06/21/2025","Subway","2,750,049"
"06/21/2025","SIR","3,008"
"06/21/2025","MNR","137,237"
"06/21/2025","LIRR","157,226"
"06/21/2025","CRZ Entries","498,572"
"06/21/2025","CBD Entries","564,325"
"06/21/2025","Bus","976,504"
"06/21/2025","AAR","28,166"
"06/20/2025","BT","1,045,862"
"06/20/2025","Subway","3,917,085"
"06/20/2025","SIR","6,535"
"06/20/2025","MNR","238,453"
"06/20/2025","LIRR","275,003"
"06/20/2025","CRZ Entries","520,330"
"06/20/2025","CBD Entries","590,494"
"06/20/2025","Bus","1,402,524"
"06/20/2025","AAR","42,403"
"06/19/2025","LIRR","151,719"
"06/19/2025","Subway","3,312,985"
"06/19/2025","SIR","4,879"
"06/19/2025","MNR","128,671"
"06/19/2025","CRZ Entries","499,929"
"06/19/2025","CBD Entries","569,203"
"06/19/2025","Bus","1,166,095"
"06/19/2025","BT","986,519"
"06/19/2025","AAR","30,585"
"06/18/2025","AAR","45,681"
"06/18/2025","Subway","4,352,533"
"06/18/2025","SIR","7,816"
"06/18/2025","MNR","258,760"
"06/18/2025","LIRR","287,437"
"06/18/2025","CRZ Entries","524,562"
"06/18/2025","CBD Entries","594,075"
"06/18/2025","Bus","1,488,512"
"06/18/2025","BT","1,022,007"
"06/17/2025","BT","963,515"
"06/17/2025","Subway","4,244,501"
"06/17/2025","SIR","7,787"
"06/17/2025","MNR","252,443"
"06/17/2025","LIRR","278,874"
"06/17/2025","CRZ Entries","506,016"
"06/17/2025","CBD Entries","574,699"
"06/17/2025","Bus","1,462,892"
"06/17/2025","AAR","43,724"
"06/16/2025","Bus","1,422,102"
"06/16/2025","Subway","3,881,697"
"06/16/2025","SIR","7,310"
"06/16/2025","MNR","233,061"
"06/16/2025","AAR","39,076"
"06/16/2025","LIRR","259,549"
"06/16/2025","CRZ Entries","483,183"
"06/16/2025","CBD Entries","551,055"
"06/16/2025","BT","953,519"
"06/15/2025","LIRR","128,639"
"06/15/2025","Subway","2,060,343"
"06/15/2025","SIR","2,227"
"06/15/2025","MNR","107,802"
"06/15/2025","CRZ Entries","456,312"
"06/15/2025","CBD Entries","523,431"
"06/15/2025","Bus","708,559"
"06/15/2025","BT","926,691"
"06/15/2025","AAR","28,137"
"06/14/2025","AAR","27,033"
"06/14/2025","Subway","2,648,754"
"06/14/2025","SIR","2,812"
"06/14/2025","MNR","117,635"
"06/14/2025","LIRR","137,307"
"06/14/2025","CRZ Entries","484,827"
"06/14/2025","CBD Entries","548,137"
"06/14/2025","Bus","848,789"
"06/14/2025","BT","920,854"
"06/13/2025","BT","1,038,680"
"06/13/2025","Subway","4,016,599"
"06/13/2025","SIR","6,646"
"06/13/2025","MNR","223,767"
"06/13/2025","LIRR","271,326"
"06/13/2025","CRZ Entries","529,728"
"06/13/2025","CBD Entries","600,724"
"06/13/2025","Bus","1,440,700"
"06/13/2025","AAR","42,554"
"06/12/2025","MNR","241,736"
"06/12/2025","Subway","4,389,106"
"06/12/2025","SIR","7,676"
"06/12/2025","LIRR","282,071"
"06/12/2025","CRZ Entries","542,010"
"06/12/2025","CBD Entries","613,180"
"06/12/2025","Bus","1,518,029"
"06/12/2025","BT","1,034,603"
"06/12/2025","AAR","45,320"
"06/11/2025","AAR","46,251"
"06/11/2025","Subway","4,389,844"
"06/11/2025","SIR","8,316"
"06/11/2025","MNR","244,814"
"06/11/2025","LIRR","282,392"
"06/11/2025","CRZ Entries","525,009"
"06/11/2025","CBD Entries","593,244"
"06/11/2025","Bus","1,533,682"
"06/11/2025","BT","1,003,515"
"06/10/2025","BT","954,511"
"06/10/2025","Subway","4,242,094"
"06/10/2025","SIR","7,558"
"06/10/2025","MNR","239,058"
"06/10/2025","LIRR","275,576"
"06/10/2025","CRZ Entries","506,704"
"06/10/2025","CBD Entries","572,615"
"06/10/2025","Bus","1,443,471"
"06/10/2025","AAR","42,936"
"06/09/2025","Bus","1,419,682"
"06/09/2025","Subway","3,894,637"
"06/09/2025","SIR","7,392"
"06/09/2025","AAR","40,161"
"06/09/2025","MNR","222,549"
"06/09/2025","LIRR","255,303"
"06/09/2025","CRZ Entries","492,176"
"06/09/2025","CBD Entries","561,829"
"06/09/2025","BT","961,646"
"06/08/2025","LIRR","135,005"
"06/08/2025","Subway","2,419,073"
"06/08/2025","SIR","2,486"
"06/08/2025","MNR","125,365"
"06/08/2025","CRZ Entries","479,586"
"06/08/2025","CBD Entries","547,858"
"06/08/2025","Bus","756,088"
"06/08/2025","BT","968,131"
"06/08/2025","AAR","27,726"
"06/07/2025","AAR","26,651"
"06/07/2025","Subway","2,746,462"
"06/07/2025","SIR","2,939"
"06/07/2025","MNR","128,292"
"06/07/2025","LIRR","142,141"
"06/07/2025","CRZ Entries","496,566"
"06/07/2025","CBD Entries","560,695"
"06/07/2025","Bus","914,494"
"06/07/2025","BT","953,498"
"06/06/2025","BT","1,041,083"
"06/06/2025","Subway","3,971,366"
"06/06/2025","SIR","6,642"
"06/06/2025","MNR","232,473"
"06/06/2025","LIRR","275,908"
"06/06/2025","CRZ Entries","518,370"
"06/06/2025","CBD Entries","588,357"
"06/06/2025","Bus","1,387,859"
"06/06/2025","AAR","41,920"
"06/05/2025","MNR","239,951"
"06/05/2025","Subway","4,209,248"
"06/05/2025","SIR","7,400"
"06/05/2025","LIRR","276,354"
"06/05/2025","CRZ Entries","539,708"
"06/05/2025","CBD Entries","610,503"
"06/05/2025","Bus","1,435,569"
"06/05/2025","BT","1,030,065"
"06/05/2025","AAR","43,649"
"06/04/2025","AAR","45,757"
"06/04/2025","Subway","4,453,078"
"06/04/2025","SIR","8,434"
"06/04/2025","MNR","245,882"
"06/04/2025","LIRR","282,470"
"06/04/2025","CRZ Entries","527,257"
"06/04/2025","CBD Entries","597,848"
"06/04/2025","Bus","1,542,346"
"06/04/2025","BT","1,017,096"
"06/03/2025","BT","926,194"
"06/03/2025","Subway","4,277,676"
"06/03/2025","SIR","8,081"
"06/03/2025","MNR","245,856"
"06/03/2025","LIRR","263,483"
"06/03/2025","CRZ Entries","500,569"
"06/03/2025","CBD Entries","563,793"
"06/03/2025","Bus","1,504,149"
"06/03/2025","AAR","42,931"
"06/02/2025","CBD Entries","536,609"
"06/02/2025","Subway","3,825,105"
"06/02/2025","SIR","7,190"
"06/02/2025","BT","896,736"
"06/02/2025","MNR","207,612"
"06/02/2025","AAR","37,700"
"06/02/2025","LIRR","232,864"
"06/02/2025","CRZ Entries","475,683"
"06/02/2025","Bus","1,433,260"
"06/01/2025","AAR","27,401"
"06/01/2025","Subway","2,216,471"
"06/01/2025","SIR","2,520"
"06/01/2025","MNR","99,548"
"06/01/2025","LIRR","121,796"
"06/01/2025","CRZ Entries","471,081"
"06/01/2025","CBD Entries","537,110"
"06/01/2025","Bus","757,386"
"06/01/2025","BT","910,180"
"05/31/2025","AAR","25,399"
"05/31/2025","Subway","2,703,804"
"05/31/2025","SIR","2,743"
"05/31/2025","MNR","116,390"
"05/31/2025","LIRR","145,270"
"05/31/2025","CRZ Entries","498,973"
"05/31/2025","CBD Entries","563,611"
"05/31/2025","Bus","928,331"
"05/31/2025","BT","910,906"
"05/30/2025","BT","1,015,385"
"05/30/2025","Subway","4,013,939"
"05/30/2025","SIR","6,788"
"05/30/2025","MNR","220,334"
"05/30/2025","LIRR","267,632"
"05/30/2025","CRZ Entries","533,129"
"05/30/2025","CBD Entries","601,404"
"05/30/2025","Bus","1,417,061"
"05/30/2025","AAR","42,154"
"05/29/2025","MNR","233,835"
"05/29/2025","Subway","4,330,609"
"05/29/2025","SIR","7,730"
"05/29/2025","LIRR","272,341"
"05/29/2025","CRZ Entries","534,290"
"05/29/2025","CBD Entries","603,540"
"05/29/2025","Bus","1,451,583"
"05/29/2025","BT","990,565"
"05/29/2025","AAR","42,557"
"05/28/2025","AAR","43,951"
"05/28/2025","Subway","4,319,577"
"05/28/2025","SIR","7,971"
"05/28/2025","MNR","241,099"
"05/28/2025","LIRR","273,219"
"05/28/2025","CRZ Entries","517,078"
"05/28/2025","CBD Entries","585,014"
"05/28/2025","Bus","1,439,867"
"05/28/2025","BT","960,376"
"05/27/2025","BT","970,362"
"05/27/2025","Subway","4,131,820"
"05/27/2025","SIR","7,983"
"05/27/2025","MNR","243,011"
"05/27/2025","LIRR","281,318"
"05/27/2025","CRZ Entries","504,691"
"05/27/2025","CBD Entries","574,207"
"05/27/2025","Bus","1,458,610"
"05/27/2025","AAR","41,019"
"05/26/2025","Bus","796,572"
"05/26/2025","Subway","2,225,230"
"05/26/2025","SIR","3,307"
"05/26/2025","AAR","18,515"
"05/26/2025","MNR","108,449"
"05/26/2025","LIRR","130,049"
"05/26/2025","CRZ Entries","399,174"
"05/26/2025","CBD Entries","463,543"
"05/26/2025","BT","840,714"
"05/25/2025","AAR","26,605"
"05/25/2025","Subway","2,265,268"
"05/25/2025","SIR","2,743"
"05/25/2025","MNR","114,432"
"05/25/2025","LIRR","134,252"
"05/25/2025","CRZ Entries","443,567"
"05/25/2025","CBD Entries","512,342"
"05/25/2025","Bus","734,847"
"05/25/2025","BT","900,233"
"05/24/2025","AAR","24,931"
"05/24/2025","Subway","2,613,079"
"05/24/2025","SIR","3,341"
"05/24/2025","MNR","123,603"
"05/24/2025","LIRR","150,831"
"05/24/2025","CRZ Entries","468,696"
"05/24/2025","CBD Entries","532,950"
"05/24/2025","Bus","892,650"
"05/24/2025","BT","913,459"
"05/23/2025","BT","1,031,719"
"05/23/2025","Subway","3,867,945"
"05/23/2025","SIR","6,449"
"05/23/2025","MNR","222,482"
"05/23/2025","LIRR","276,688"
"05/23/2025","CRZ Entries","524,190"
"05/23/2025","CBD Entries","594,017"
"05/23/2025","Bus","1,350,033"
"05/23/2025","AAR","39,780"
"05/22/2025","BT","998,261"
"05/22/2025","Subway","4,177,436"
"05/22/2025","SIR","7,259"
"05/22/2025","MNR","226,023"
"05/22/2025","LIRR","262,440"
"05/22/2025","CRZ Entries","530,563"
"05/22/2025","CBD Entries","595,992"
"05/22/2025","Bus","1,360,223"
"05/22/2025","AAR","41,619"
"05/21/2025","LIRR","277,010"
"05/21/2025","Subway","4,359,486"
"05/21/2025","SIR","7,997"
"05/21/2025","MNR","239,556"
"05/21/2025","CRZ Entries","532,201"
"05/21/2025","CBD Entries","599,643"
"05/21/2025","Bus","1,435,870"
"05/21/2025","BT","980,696"
"05/21/2025","AAR","43,061"
"05/20/2025","AAR","43,311"
"05/20/2025","Subway","4,288,364"
"05/20/2025","SIR","7,694"
"05/20/2025","MNR","255,638"
"05/20/2025","LIRR","285,050"
"05/20/2025","CRZ Entries","524,091"
"05/20/2025","CBD Entries","594,230"
"05/20/2025","Bus","1,526,811"
"05/20/2025","BT","991,236"
"05/19/2025","BT","982,764"
"05/19/2025","Subway","3,859,712"
"05/19/2025","SIR","7,084"
"05/19/2025","MNR","226,926"
"05/19/2025","LIRR","261,500"
"05/19/2025","CRZ Entries","508,135"
"05/19/2025","CBD Entries","577,706"
"05/19/2025","Bus","1,383,215"
"05/19/2025","AAR","39,503"
"05/18/2025","CRZ Entries","498,434"
"05/18/2025","Subway","2,348,810"
"05/18/2025","SIR","2,779"
"05/18/2025","MNR","118,803"
"05/18/2025","Bus","735,919"
"05/18/2025","BT","982,949"
"05/18/2025","AAR","27,587"
"05/18/2025","LIRR","128,018"
"05/18/2025","CBD Entries","567,796"
"05/17/2025","LIRR","147,850"
"05/17/2025","Subway","2,806,907"
"05/17/2025","SIR","2,161"
"05/17/2025","MNR","141,007"
"05/17/2025","CRZ Entries","533,116"
"05/17/2025","CBD Entries","598,384"
"05/17/2025","Bus","758,100"
"05/17/2025","BT","1,000,935"
"05/17/2025","AAR","26,202"
"05/16/2025","AAR","41,634"
"05/16/2025","Subway","3,917,793"
"05/16/2025","SIR","6,109"
"05/16/2025","MNR","234,569"
"05/16/2025","LIRR","273,352"
"05/16/2025","CRZ Entries","555,978"
"05/16/2025","CBD Entries","627,406"
"05/16/2025","Bus","1,290,844"
"05/16/2025","BT","1,059,003"
"05/15/2025","BT","1,029,707"
"05/15/2025","Subway","4,226,351"
"05/15/2025","SIR","8,217"
"05/15/2025","MNR","233,021"
"05/15/2025","LIRR","269,831"
"05/15/2025","CRZ Entries","548,622"
"05/15/2025","CBD Entries","619,201"
"05/15/2025","Bus","1,490,616"
"05/15/2025","AAR","43,184"
"05/14/2025","MNR","231,338"
"05/14/2025","Subway","4,325,655"
"05/14/2025","SIR","7,815"
"05/14/2025","LIRR","268,675"
"05/14/2025","CRZ Entries","521,406"
"05/14/2025","CBD Entries","582,744"
"05/14/2025","Bus","1,410,385"
"05/14/2025","BT","952,819"
"05/14/2025","AAR","43,850"
"05/13/2025","AAR","42,501"
"05/13/2025","Subway","4,101,901"
"05/13/2025","SIR","7,899"
"05/13/2025","MNR","236,762"
"05/13/2025","LIRR","273,175"
"05/13/2025","CRZ Entries","517,598"
"05/13/2025","CBD Entries","584,027"
"05/13/2025","Bus","1,499,466"
"05/13/2025","BT","955,146"
"05/12/2025","BT","973,174"
"05/12/2025","Subway","3,950,681"
"05/12/2025","SIR","7,463"
"05/12/2025","MNR","225,151"
"05/12/2025","LIRR","267,260"
"05/12/2025","CRZ Entries","500,550"
"05/12/2025","CBD Entries","569,158"
"05/12/2025","Bus","1,454,909"
"05/12/2025","AAR","37,902"
"05/11/2025","Bus","727,298"
"05/11/2025","Subway","2,177,273"
"05/11/2025","SIR","2,398"
"05/11/2025","AAR","31,380"
"05/11/2025","MNR","118,279"
"05/11/2025","LIRR","137,582"
"05/11/2025","CRZ Entries","497,206"
"05/11/2025","CBD Entries","570,347"
"05/11/2025","BT","991,991"
"05/10/2025","LIRR","156,932"
"05/10/2025","Subway","2,895,080"
"05/10/2025","SIR","3,309"
"05/10/2025","MNR","132,365"
"05/10/2025","CRZ Entries","525,743"
"05/10/2025","CBD Entries","595,494"
"05/10/2025","Bus","971,181"
"05/10/2025","BT","1,011,526"
"05/10/2025","AAR","27,783"
"05/09/2025","AAR","41,254"
"05/09/2025","Subway","3,893,760"
"05/09/2025","SIR","6,262"
"05/09/2025","MNR","207,842"
"05/09/2025","LIRR","253,493"
"05/09/2025","CRZ Entries","536,945"
"05/09/2025","CBD Entries","604,005"
"05/09/2025","Bus","1,331,879"
"05/09/2025","BT","1,006,355"
"05/08/2025","BT","1,009,991"
"05/08/2025","Subway","4,380,539"
"05/08/2025","SIR","7,976"
"05/08/2025","MNR","228,124"
"05/08/2025","LIRR","267,298"
"05/08/2025","CRZ Entries","546,625"
"05/08/2025","CBD Entries","613,194"
"05/08/2025","Bus","1,519,593"
"05/08/2025","AAR","44,027"
"05/07/2025","MNR","237,348"
"05/07/2025","Subway","4,438,683"
"05/07/2025","SIR","8,339"
"05/07/2025","LIRR","265,244"
"05/07/2025","CRZ Entries","527,186"
"05/07/2025","CBD Entries","594,746"
"05/07/2025","Bus","1,534,698"
"05/07/2025","BT","989,240"
"05/07/2025","AAR","44,564"
"05/06/2025","AAR","42,573"
"05/06/2025","Subway","4,289,517"
"05/06/2025","SIR","7,802"
"05/06/2025","MNR","230,786"
"05/06/2025","LIRR","259,823"
"05/06/2025","CRZ Entries","515,890"
"05/06/2025","CBD Entries","581,190"
"05/06/2025","Bus","1,474,148"
"05/06/2025","BT","943,342"
"05/05/2025","BT","925,086"
"05/05/2025","Subway","3,924,272"
"05/05/2025","SIR","7,248"
"05/05/2025","MNR","209,710"
"05/05/2025","LIRR","245,700"
"05/05/2025","CRZ Entries","497,467"
"05/05/2025","CBD Entries","563,368"
"05/05/2025","Bus","1,374,815"
"05/05/2025","AAR","39,989"
"05/04/2025","CBD Entries","517,540"
"05/04/2025","Subway","2,175,053"
"05/04/2025","SIR","2,965"
"05/04/2025","BT","857,229"
"05/04/2025","MNR","96,550"
"05/04/2025","AAR","25,492"
"05/04/2025","LIRR","110,229"
"05/04/2025","CRZ Entries","461,843"
"05/04/2025","Bus","704,772"
"05/03/2025","AAR","26,948"
"05/03/2025","Subway","2,896,423"
"05/03/2025","SIR","3,171"
"05/03/2025","MNR","122,132"
"05/03/2025","LIRR","133,711"
"05/03/2025","CRZ Entries","518,920"
"05/03/2025","CBD Entries","585,030"
"05/03/2025","Bus","997,122"
"05/03/2025","BT","966,765"
"05/02/2025","AAR","41,919"
"05/02/2025","Subway","4,120,612"
"05/02/2025","SIR","7,035"
"05/02/2025","MNR","208,851"
"05/02/2025","LIRR","241,602"
"05/02/2025","CRZ Entries","541,649"
"05/02/2025","CBD Entries","612,115"
"05/02/2025","Bus","1,481,552"
"05/02/2025","BT","1,022,746"
"05/01/2025","BT","1,001,289"
"05/01/2025","Subway","4,440,098"
"05/01/2025","SIR","8,065"
"05/01/2025","MNR","217,184"
"05/01/2025","LIRR","255,295"
"05/01/2025","CRZ Entries","536,725"
"05/01/2025","CBD Entries","603,047"
"05/01/2025","Bus","1,544,986"
"05/01/2025","AAR","42,862"
"04/30/2025","MNR","235,657"
"04/30/2025","Subway","4,406,705"
"04/30/2025","SIR","8,233"
"04/30/2025","LIRR","274,421"
"04/30/2025","CRZ Entries","527,609"
"04/30/2025","CBD Entries","596,109"
"04/30/2025","Bus","1,562,345"
"04/30/2025","BT","985,425"
"04/30/2025","AAR","44,071"
"04/29/2025","AAR","42,717"
"04/29/2025","Subway","4,350,681"
"04/29/2025","SIR","8,166"
"04/29/2025","MNR","236,516"
"04/29/2025","LIRR","275,022"
"04/29/2025","CRZ Entries","511,123"
"04/29/2025","CBD Entries","578,955"
"04/29/2025","Bus","1,556,823"
"04/29/2025","BT","959,501"
"04/28/2025","BT","948,022"
"04/28/2025","Subway","3,946,503"
"04/28/2025","SIR","7,535"
"04/28/2025","MNR","219,281"
"04/28/2025","LIRR","252,796"
"04/28/2025","CRZ Entries","491,503"
"04/28/2025","CBD Entries","555,769"
"04/28/2025","Bus","1,490,933"
"04/28/2025","AAR","38,772"
"04/27/2025","Bus","763,308"
"04/27/2025","Subway","2,329,464"
"04/27/2025","SIR","2,308"
"04/27/2025","AAR","26,217"
"04/27/2025","MNR","104,529"
"04/27/2025","LIRR","116,980"
"04/27/2025","CRZ Entries","480,205"
"04/27/2025","CBD Entries","545,298"
"04/27/2025","BT","940,981"
"04/26/2025","AAR","24,813"
"04/26/2025","Subway","2,696,077"
"04/26/2025","SIR","2,947"
"04/26/2025","MNR","112,915"
"04/26/2025","LIRR","128,572"
"04/26/2025","CRZ Entries","511,520"
"04/26/2025","CBD Entries","571,111"
"04/26/2025","Bus","937,070"
"04/26/2025","BT","926,498"
"04/25/2025","AAR","41,123"
"04/25/2025","Subway","4,124,744"
"04/25/2025","SIR","6,775"
"04/25/2025","MNR","225,725"
"04/25/2025","LIRR","256,108"
"04/25/2025","CRZ Entries","540,167"
"04/25/2025","CBD Entries","604,563"
"04/25/2025","Bus","1,477,842"
"04/25/2025","BT","1,021,430"
"04/24/2025","BT","1,003,124"
"04/24/2025","Subway","4,419,648"
"04/24/2025","SIR","8,126"
"04/24/2025","MNR","237,334"
"04/24/2025","LIRR","269,508"
"04/24/2025","CRZ Entries","538,173"
"04/24/2025","CBD Entries","601,402"
"04/24/2025","Bus","1,542,577"
"04/24/2025","AAR","42,722"
"04/23/2025","BT","977,457"
"04/23/2025","Subway","4,402,438"
"04/23/2025","SIR","8,204"
"04/23/2025","MNR","236,130"
"04/23/2025","LIRR","273,441"
"04/23/2025","CRZ Entries","520,755"
"04/23/2025","CBD Entries","589,635"
"04/23/2025","Bus","1,547,077"
"04/23/2025","AAR","43,714"
"04/22/2025","LIRR","270,985"
"04/22/2025","Subway","4,307,321"
"04/22/2025","SIR","8,048"
"04/22/2025","MNR","237,443"
"04/22/2025","CRZ Entries","505,174"
"04/22/2025","CBD Entries","571,632"
"04/22/2025","Bus","1,534,439"
"04/22/2025","BT","955,091"
"04/22/2025","AAR","41,427"
"04/21/2025","AAR","35,874"
"04/21/2025","Subway","3,806,992"
"04/21/2025","SIR","7,174"
"04/21/2025","MNR","220,681"
"04/21/2025","LIRR","258,848"
"04/21/2025","CRZ Entries","484,304"
"04/21/2025","CBD Entries","553,116"
"04/21/2025","Bus","1,424,279"
"04/21/2025","BT","952,531"
"04/20/2025","BT","917,009"
"04/20/2025","Subway","2,100,218"
"04/20/2025","SIR","2,284"
"04/20/2025","MNR","110,984"
"04/20/2025","LIRR","124,079"
"04/20/2025","CRZ Entries","454,215"
"04/20/2025","CBD Entries","520,381"
"04/20/2025","Bus","682,601"
"04/20/2025","AAR","28,290"
"04/19/2025","Bus","942,925"
"04/19/2025","Subway","2,880,379"
"04/19/2025","SIR","3,316"
"04/19/2025","MNR","134,808"
"04/19/2025","AAR","26,086"
"04/19/2025","LIRR","152,672"
"04/19/2025","CRZ Entries","491,853"
"04/19/2025","CBD Entries","556,677"
"04/19/2025","BT","930,835"
"04/18/2025","LIRR","260,413"
"04/18/2025","Subway","3,551,334"
"04/18/2025","SIR","5,534"
"04/18/2025","MNR","224,930"
"04/18/2025","CRZ Entries","498,479"
"04/18/2025","CBD Entries","565,946"
"04/18/2025","Bus","1,218,484"
"04/18/2025","BT","961,407"
"04/18/2025","AAR","36,191"
"04/17/2025","AAR","40,017"
"04/17/2025","Subway","4,077,460"
"04/17/2025","SIR","6,960"
"04/17/2025","MNR","233,477"
"04/17/2025","LIRR","275,186"
"04/17/2025","CRZ Entries","527,358"
"04/17/2025","CBD Entries","596,243"
"04/17/2025","Bus","1,364,437"
"04/17/2025","BT","999,371"
"04/16/2025","BT","953,357"
"04/16/2025","Subway","4,059,487"
"04/16/2025","SIR","7,174"
"04/16/2025","MNR","236,314"
"04/16/2025","LIRR","262,626"
"04/16/2025","CRZ Entries","515,168"
"04/16/2025","CBD Entries","585,075"
"04/16/2025","Bus","1,368,776"
"04/16/2025","AAR","40,487"
"04/15/2025","MNR","239,573"
"04/15/2025","Subway","3,997,927"
"04/15/2025","SIR","7,232"
"04/15/2025","LIRR","270,809"
"04/15/2025","CRZ Entries","497,077"
"04/15/2025","CBD Entries","557,724"
"04/15/2025","Bus","1,368,277"
"04/15/2025","BT","929,248"
"04/15/2025","AAR","40,080"
"04/14/2025","AAR","35,872"
"04/14/2025","Subway","3,598,255"
"04/14/2025","SIR","6,681"
"04/14/2025","MNR","224,282"
"04/14/2025","LIRR","246,154"
"04/14/2025","CRZ Entries","459,677"
"04/14/2025","CBD Entries","523,285"
"04/14/2025","Bus","1,309,503"
"04/14/2025","BT","876,586"
"04/13/2025","BT","829,487"
"04/13/2025","Subway","2,180,093"
"04/13/2025","SIR","1,844"
"04/13/2025","MNR","102,506"
"04/13/2025","LIRR","108,197"
"04/13/2025","CRZ Entries","443,646"
"04/13/2025","CBD Entries","507,105"
"04/13/2025","Bus","734,980"
"04/13/2025","AAR","25,731"
"04/12/2025","Bus","842,497"
"04/12/2025","Subway","2,528,127"
"04/12/2025","SIR","2,092"
"04/12/2025","AAR","25,806"
"04/12/2025","MNR","111,344"
"04/12/2025","LIRR","122,395"
"04/12/2025","CRZ Entries","484,258"
"04/12/2025","CBD Entries","547,463"
"04/12/2025","BT","889,346"
"04/11/2025","LIRR","247,547"
"04/11/2025","Subway","3,864,826"
"04/11/2025","SIR","6,310"
"04/11/2025","MNR","210,055"
"04/11/2025","CRZ Entries","520,242"
"04/11/2025","CBD Entries","587,965"
"04/11/2025","Bus","1,396,300"
"04/11/2025","BT","974,076"
"04/11/2025","AAR","40,728"
"04/10/2025","AAR","43,061"
"04/10/2025","Subway","4,299,477"
"04/10/2025","SIR","7,667"
"04/10/2025","MNR","220,604"
"04/10/2025","LIRR","263,157"
"04/10/2025","CRZ Entries","527,664"
"04/10/2025","CBD Entries","595,541"
"04/10/2025","Bus","1,524,644"
"04/10/2025","BT","967,534"
"04/09/2025","BT","953,471"
"04/09/2025","Subway","4,343,794"
"04/09/2025","SIR","8,147"
"04/09/2025","MNR","226,464"
"04/09/2025","LIRR","262,570"
"04/09/2025","CRZ Entries","517,277"
"04/09/2025","CBD Entries","585,774"
"04/09/2025","Bus","1,548,648"
"04/09/2025","AAR","44,074"
"04/08/2025","MNR","228,166"
"04/08/2025","Subway","4,324,220"
"04/08/2025","SIR","8,014"
"04/08/2025","LIRR","263,712"
"04/08/2025","CRZ Entries","501,321"
"04/08/2025","CBD Entries","568,509"
"04/08/2025","Bus","1,536,222"
"04/08/2025","BT","924,243"
"04/08/2025","AAR","42,949"
"04/07/2025","AAR","39,237"
"04/07/2025","Subway","3,848,628"
"04/07/2025","SIR","7,069"
"04/07/2025","MNR","207,119"
"04/07/2025","LIRR","244,565"
"04/07/2025","CRZ Entries","481,752"
"04/07/2025","CBD Entries","548,089"
"04/07/2025","Bus","1,424,204"
"04/07/2025","BT","897,227"
"04/06/2025","BT","874,481"
"04/06/2025","Subway","2,059,867"
"04/06/2025","SIR","2,049"
"04/06/2025","MNR","87,900"
"04/06/2025","LIRR","115,809"
"04/06/2025","CRZ Entries","452,789"
"04/06/2025","CBD Entries","518,166"
"04/06/2025","Bus","742,341"
"04/06/2025","AAR","25,576"
"04/05/2025","CBD Entries","560,449"
"04/05/2025","Subway","2,658,935"
"04/05/2025","SIR","2,723"
"04/05/2025","BT","887,812"
"04/05/2025","MNR","110,701"
"04/05/2025","AAR","25,947"
"04/05/2025","LIRR","128,321"
"04/05/2025","CRZ Entries","499,636"
"04/05/2025","Bus","915,296"
"04/04/2025","AAR","41,478"
"04/04/2025","Subway","3,990,036"
"04/04/2025","SIR","6,568"
"04/04/2025","MNR","208,594"
"04/04/2025","LIRR","260,319"
"04/04/2025","CRZ Entries","528,688"
"04/04/2025","CBD Entries","596,123"
"04/04/2025","Bus","1,465,455"
"04/04/2025","BT","984,269"
"04/03/2025","AAR","43,300"
"04/03/2025","Subway","4,286,943"
"04/03/2025","SIR","7,699"
"04/03/2025","MNR","226,170"
"04/03/2025","LIRR","257,460"
"04/03/2025","CRZ Entries","529,341"
"04/03/2025","CBD Entries","599,173"
"04/03/2025","Bus","1,515,578"
"04/03/2025","BT","972,326"
"04/02/2025","BT","939,753"
"04/02/2025","Subway","4,320,984"
"04/02/2025","SIR","8,005"
"04/02/2025","MNR","227,068"
"04/02/2025","LIRR","258,088"
"04/02/2025","CRZ Entries","511,842"
"04/02/2025","CBD Entries","582,257"
"04/02/2025","Bus","1,543,145"
"04/02/2025","AAR","43,403"
"04/01/2025","MNR","226,059"
"04/01/2025","Subway","4,247,056"
"04/01/2025","SIR","7,891"
"04/01/2025","LIRR","257,703"
"04/01/2025","CRZ Entries","503,362"
"04/01/2025","CBD Entries","574,765"
"04/01/2025","Bus","1,536,805"
"04/01/2025","BT","940,353"
"04/01/2025","AAR","42,115"
"03/31/2025","AAR","35,803"
"03/31/2025","Subway","3,414,357"
"03/31/2025","SIR","6,372"
"03/31/2025","MNR","209,348"
"03/31/2025","LIRR","244,921"
"03/31/2025","CRZ Entries","472,319"
"03/31/2025","CBD Entries","542,248"
"03/31/2025","Bus","1,276,763"
"03/31/2025","BT","905,432"
"03/30/2025","BT","872,549"
"03/30/2025","Subway","2,055,899"
"03/30/2025","SIR","1,926"
"03/30/2025","MNR","95,708"
"03/30/2025","LIRR","115,125"
"03/30/2025","CRZ Entries","442,499"
"03/30/2025","CBD Entries","512,458"
"03/30/2025","Bus","726,124"
"03/30/2025","AAR","25,162"
"03/29/2025","Bus","993,714"
"03/29/2025","Subway","2,887,283"
"03/29/2025","SIR","3,110"
"03/29/2025","AAR","27,168"
"03/29/2025","MNR","136,492"
"03/29/2025","LIRR","148,404"
"03/29/2025","CRZ Entries","504,591"
"03/29/2025","CBD Entries","571,180"
"03/29/2025","BT","938,810"
"03/28/2025","AAR","40,495"
"03/28/2025","Subway","3,878,481"
"03/28/2025","SIR","6,472"
"03/28/2025","MNR","209,792"
"03/28/2025","LIRR","246,718"
"03/28/2025","CRZ Entries","521,515"
"03/28/2025","CBD Entries","594,099"
"03/28/2025","Bus","1,439,850"
"03/28/2025","BT","983,409"
"03/27/2025","AAR","42,147"
"03/27/2025","Subway","4,263,378"
"03/27/2025","SIR","7,726"
"03/27/2025","MNR","231,056"
"03/27/2025","LIRR","261,311"
"03/27/2025","CRZ Entries","521,457"
"03/27/2025","CBD Entries","592,112"
"03/27/2025","Bus","1,524,578"
"03/27/2025","BT","973,696"
"03/26/2025","BT","928,230"
"03/26/2025","Subway","4,237,196"
"03/26/2025","SIR","7,952"
"03/26/2025","MNR","223,047"
"03/26/2025","LIRR","265,709"
"03/26/2025","CRZ Entries","505,041"
"03/26/2025","CBD Entries","574,849"
"03/26/2025","Bus","1,532,389"
"03/26/2025","AAR","42,958"
"03/25/2025","BT","917,614"
"03/25/2025","Subway","4,214,256"
"03/25/2025","SIR","8,132"
"03/25/2025","MNR","228,951"
"03/25/2025","LIRR","265,289"
"03/25/2025","CRZ Entries","494,496"
"03/25/2025","CBD Entries","563,311"
"03/25/2025","Bus","1,536,843"
"03/25/2025","AAR","42,011"
"03/24/2025","LIRR","242,261"
"03/24/2025","Subway","3,650,582"
"03/24/2025","SIR","6,849"
"03/24/2025","MNR","204,177"
"03/24/2025","CRZ Entries","469,230"
"03/24/2025","CBD Entries","534,647"
"03/24/2025","Bus","1,354,459"
"03/24/2025","BT","877,499"
"03/24/2025","AAR","37,607"
"03/23/2025","AAR","25,724"
"03/23/2025","Subway","2,007,695"
"03/23/2025","SIR","2,143"
"03/23/2025","MNR","91,061"
"03/23/2025","LIRR","105,102"
"03/23/2025","CRZ Entries","453,188"
"03/23/2025","CBD Entries","521,146"
"03/23/2025","Bus","736,298"
"03/23/2025","BT","867,282"
"03/22/2025","BT","913,756"
"03/22/2025","Subway","2,653,512"
"03/22/2025","SIR","3,089"
"03/22/2025","MNR","117,875"
"03/22/2025","LIRR","140,466"
"03/22/2025","CRZ Entries","496,127"
"03/22/2025","CBD Entries","563,278"
"03/22/2025","Bus","961,713"
"03/22/2025","AAR","25,458"
"03/21/2025","CBD Entries","587,811"
"03/21/2025","Subway","3,873,120"
"03/21/2025","SIR","6,422"
"03/21/2025","MNR","208,980"
"03/21/2025","BT","975,048"
"03/21/2025","AAR","40,163"
"03/21/2025","LIRR","248,037"
"03/21/2025","CRZ Entries","518,927"
"03/21/2025","Bus","1,436,059"
"03/20/2025","LIRR","261,511"
"03/20/2025","Subway","4,191,910"
"03/20/2025","SIR","7,492"
"03/20/2025","MNR","220,117"
"03/20/2025","CRZ Entries","521,956"
"03/20/2025","CBD Entries","592,129"
"03/20/2025","Bus","1,509,884"
"03/20/2025","BT","953,667"
"03/20/2025","AAR","41,308"
"03/19/2025","AAR","43,453"
"03/19/2025","Subway","4,274,997"
"03/19/2025","SIR","8,090"
"03/19/2025","MNR","225,253"
"03/19/2025","LIRR","260,031"
"03/19/2025","CRZ Entries","508,370"
"03/19/2025","CBD Entries","578,088"
"03/19/2025","Bus","1,558,820"
"03/19/2025","BT","939,086"
"03/18/2025","BT","921,714"
"03/18/2025","Subway","4,232,297"
"03/18/2025","SIR","7,913"
"03/18/2025","MNR","230,580"
"03/18/2025","LIRR","264,924"
"03/18/2025","CRZ Entries","501,213"
"03/18/2025","CBD Entries","566,074"
"03/18/2025","Bus","1,544,388"
"03/18/2025","AAR","42,071"
"03/17/2025","MNR","210,355"
"03/17/2025","Subway","3,751,313"
"03/17/2025","SIR","7,185"
"03/17/2025","LIRR","246,824"
"03/17/2025","CRZ Entries","466,563"
"03/17/2025","CBD Entries","531,847"
"03/17/2025","Bus","1,386,978"
"03/17/2025","BT","880,331"
"03/17/2025","AAR","37,228"
"03/16/2025","AAR","24,499"
"03/16/2025","Subway","2,111,229"
"03/16/2025","SIR","2,114"
"03/16/2025","MNR","88,439"
"03/16/2025","LIRR","113,968"
"03/16/2025","CRZ Entries","443,664"
"03/16/2025","CBD Entries","499,751"
"03/16/2025","Bus","682,090"
"03/16/2025","BT","839,409"
"03/15/2025","BT","914,293"
"03/15/2025","Subway","2,686,698"
"03/15/2025","SIR","2,900"
"03/15/2025","MNR","119,626"
"03/15/2025","LIRR","142,839"
"03/15/2025","CRZ Entries","506,043"
"03/15/2025","CBD Entries","571,554"
"03/15/2025","Bus","957,923"
"03/15/2025","AAR","25,703"
"03/14/2025","Bus","1,461,424"
"03/14/2025","Subway","3,926,685"
"03/14/2025","SIR","6,547"
"03/14/2025","AAR","40,590"
"03/14/2025","MNR","213,317"
"03/14/2025","LIRR","258,621"
"03/14/2025","CRZ Entries","527,511"
"03/14/2025","CBD Entries","599,204"
"03/14/2025","BT","985,018"
"03/13/2025","LIRR","262,786"
"03/13/2025","Subway","4,265,918"
"03/13/2025","SIR","7,723"
"03/13/2025","MNR","224,898"
"03/13/2025","CRZ Entries","527,771"
"03/13/2025","CBD Entries","598,216"
"03/13/2025","Bus","1,545,407"
"03/13/2025","BT","961,852"
"03/13/2025","AAR","41,922"
"03/12/2025","AAR","43,034"
"03/12/2025","Subway","4,273,439"
"03/12/2025","SIR","7,992"
"03/12/2025","MNR","226,656"
"03/12/2025","LIRR","259,006"
"03/12/2025","CRZ Entries","515,887"
"03/12/2025","CBD Entries","583,170"
"03/12/2025","Bus","1,558,707"
"03/12/2025","BT","929,995"
"03/11/2025","BT","916,601"
"03/11/2025","Subway","4,220,071"
"03/11/2025","SIR","8,162"
"03/11/2025","MNR","228,328"
"03/11/2025","LIRR","261,433"
"03/11/2025","CRZ Entries","503,968"
"03/11/2025","CBD Entries","567,866"
"03/11/2025","Bus","1,547,477"
"03/11/2025","AAR","42,531"
"03/10/2025","MNR","209,606"
"03/10/2025","Subway","3,849,712"
"03/10/2025","SIR","7,331"
"03/10/2025","LIRR","249,300"
"03/10/2025","CRZ Entries","480,608"
"03/10/2025","CBD Entries","546,535"
"03/10/2025","Bus","1,480,720"
"03/10/2025","BT","907,327"
"03/10/2025","AAR","38,272"
"03/09/2025","AAR","25,436"
"03/09/2025","Subway","1,991,779"
"03/09/2025","SIR","1,898"
"03/09/2025","MNR","86,431"
"03/09/2025","LIRR","104,989"
"03/09/2025","CRZ Entries","441,854"
"03/09/2025","CBD Entries","505,972"
"03/09/2025","Bus","717,213"
"03/09/2025","BT","814,195"
"03/08/2025","BT","888,491"
"03/08/2025","Subway","2,662,053"
"03/08/2025","SIR","2,614"
"03/08/2025","MNR","110,319"
"03/08/2025","LIRR","124,078"
"03/08/2025","CRZ Entries","492,920"
"03/08/2025","CBD Entries","557,011"
"03/08/2025","Bus","946,022"
"03/08/2025","AAR","25,318"
"03/07/2025","CBD Entries","591,133"
"03/07/2025","Subway","3,877,969"
"03/07/2025","SIR","6,389"
"03/07/2025","BT","972,404"
"03/07/2025","MNR","203,928"
"03/07/2025","AAR","40,968"
"03/07/2025","LIRR","243,527"
"03/07/2025","CRZ Entries","523,770"
"03/07/2025","Bus","1,436,637"
"03/06/2025","AAR","41,928"
"03/06/2025","Subway","4,177,390"
"03/06/2025","SIR","7,537"
"03/06/2025","MNR","214,413"
"03/06/2025","LIRR","248,999"
"03/06/2025","CRZ Entries","521,249"
"03/06/2025","CBD Entries","592,139"
"03/06/2025","Bus","1,506,745"
"03/06/2025","BT","950,398"
"03/05/2025","AAR","41,857"
"03/05/2025","Subway","4,139,402"
"03/05/2025","SIR","7,738"
"03/05/2025","MNR","211,791"
"03/05/2025","LIRR","246,143"
"03/05/2025","CRZ Entries","499,816"
"03/05/2025","CBD Entries","563,880"
"03/05/2025","Bus","1,464,569"
"03/05/2025","BT","891,406"
"03/04/2025","BT","894,951"
"03/04/2025","Subway","4,178,706"
"03/04/2025","SIR","7,997"
"03/04/2025","MNR","222,055"
"03/04/2025","LIRR","257,066"
"03/04/2025","CRZ Entries","496,134"
"03/04/2025","CBD Entries","563,736"
"03/04/2025","Bus","1,530,724"
"03/04/2025","AAR","42,252"
"03/03/2025","MNR","190,695"
"03/03/2025","Subway","3,783,633"
"03/03/2025","SIR","7,226"
"03/03/2025","LIRR","227,656"
"03/03/2025","CRZ Entries","473,220"
"03/03/2025","CBD Entries","539,800"
"03/03/2025","Bus","1,446,066"
"03/03/2025","BT","879,963"
"03/03/2025","AAR","38,493"
"03/02/2025","AAR","24,730"
"03/02/2025","Subway","1,943,509"
"03/02/2025","SIR","1,887"
"03/02/2025","MNR","75,153"
"03/02/2025","LIRR","90,230"
"03/02/2025","CRZ Entries","440,009"
"03/02/2025","CBD Entries","505,319"
"03/02/2025","Bus","685,236"
"03/02/2025","BT","797,986"
"03/01/2025","BT","890,866"
"03/01/2025","Subway","2,655,494"
"03/01/2025","SIR","2,847"
"03/01/2025","MNR","104,535"
"03/01/2025","LIRR","124,608"
"03/01/2025","CRZ Entries","492,535"
"03/01/2025","CBD Entries","557,335"
"03/01/2025","Bus","947,470"
"03/01/2025","AAR","25,348"
"02/28/2025","Bus","1,444,353"
"02/28/2025","Subway","3,867,670"
"02/28/2025","SIR","6,564"
"02/28/2025","AAR","40,313"
"02/28/2025","MNR","202,576"
"02/28/2025","LIRR","241,045"
"02/28/2025","CRZ Entries","518,463"
"02/28/2025","CBD Entries","588,989"
"02/28/2025","BT","981,859"
"02/27/2025","AAR","40,994"
"02/27/2025","Subway","4,123,434"
"02/27/2025","SIR","7,617"
"02/27/2025","MNR","213,554"
"02/27/2025","LIRR","249,988"
"02/27/2025","CRZ Entries","521,067"
"02/27/2025","CBD Entries","591,045"
"02/27/2025","Bus","1,491,904"
"02/27/2025","BT","942,667"
"02/26/2025","AAR","42,667"
"02/26/2025","Subway","4,202,962"
"02/26/2025","SIR","8,103"
"02/26/2025","MNR","217,753"
"02/26/2025","LIRR","254,446"
"02/26/2025","CRZ Entries","509,920"
"02/26/2025","CBD Entries","578,328"
"02/26/2025","Bus","1,532,417"
"02/26/2025","BT","927,095"
"02/25/2025","BT","897,388"
"02/25/2025","Subway","4,094,456"
"02/25/2025","SIR","7,891"
"02/25/2025","MNR","220,142"
"02/25/2025","LIRR","258,241"
"02/25/2025","CRZ Entries","489,948"
"02/25/2025","CBD Entries","557,580"
"02/25/2025","Bus","1,517,387"
"02/25/2025","AAR","41,177"
"02/24/2025","BT","872,577"
"02/24/2025","Subway","3,722,403"
"02/24/2025","SIR","6,915"
"02/24/2025","MNR","201,187"
"02/24/2025","LIRR","234,816"
"02/24/2025","CRZ Entries","468,446"
"02/24/2025","CBD Entries","534,172"
"02/24/2025","Bus","1,454,401"
"02/24/2025","AAR","37,883"
"02/23/2025","LIRR","105,060"
"02/23/2025","Subway","1,905,750"
"02/23/2025","SIR","1,885"
"02/23/2025","MNR","85,701"
"02/23/2025","CRZ Entries","441,386"
"02/23/2025","CBD Entries","506,040"
"02/23/2025","Bus","698,394"
"02/23/2025","BT","812,302"
"02/23/2025","AAR","24,345"
"02/22/2025","AAR","24,126"
"02/22/2025","Subway","2,492,096"
"02/22/2025","SIR","2,428"
"02/22/2025","MNR","101,509"
"02/22/2025","LIRR","116,852"
"02/22/2025","CRZ Entries","484,591"
"02/22/2025","CBD Entries","547,786"
"02/22/2025","Bus","871,144"
"02/22/2025","BT","856,224"
"02/21/2025","BT","918,000"
"02/21/2025","Subway","3,481,093"
"02/21/2025","SIR","5,592"
"02/21/2025","MNR","191,570"
"02/21/2025","LIRR","228,844"
"02/21/2025","CRZ Entries","505,296"
"02/21/2025","CBD Entries","572,942"
"02/21/2025","Bus","1,231,306"
"02/21/2025","AAR","37,660"
"02/20/2025","Bus","1,300,291"
"02/20/2025","Subway","3,822,211"
"02/20/2025","SIR","6,768"
"02/20/2025","MNR","203,840"
"02/20/2025","AAR","37,671"
"02/20/2025","LIRR","241,345"
"02/20/2025","CRZ Entries","504,613"
"02/20/2025","CBD Entries","567,313"
"02/20/2025","BT","887,540"
"02/19/2025","LIRR","243,335"
"02/19/2025","Subway","3,830,039"
"02/19/2025","SIR","6,951"
"02/19/2025","MNR","207,633"
"02/19/2025","CRZ Entries","492,804"
"02/19/2025","CBD Entries","556,395"
"02/19/2025","Bus","1,318,256"
"02/19/2025","BT","889,255"
"02/19/2025","AAR","40,363"
"02/18/2025","AAR","38,691"
"02/18/2025","Subway","3,698,061"
"02/18/2025","SIR","6,826"
"02/18/2025","MNR","210,850"
"02/18/2025","LIRR","243,993"
"02/18/2025","CRZ Entries","486,106"
"02/18/2025","CBD Entries","552,516"
"02/18/2025","Bus","1,279,762"
"02/18/2025","BT","883,917"
"02/17/2025","BT","788,209"
"02/17/2025","Subway","2,458,343"
"02/17/2025","SIR","3,045"
"02/17/2025","MNR","84,372"
"02/17/2025","LIRR","101,826"
"02/17/2025","CRZ Entries","414,453"
"02/17/2025","CBD Entries","478,275"
"02/17/2025","Bus","911,285"
"02/17/2025","AAR","21,581"
"02/16/2025","MNR","71,059"
"02/16/2025","Subway","1,809,213"
"02/16/2025","SIR","1,674"
"02/16/2025","LIRR","93,199"
"02/16/2025","CRZ Entries","401,965"
"02/16/2025","CBD Entries","456,663"
"02/16/2025","Bus","588,331"
"02/16/2025","BT","669,880"
"02/16/2025","AAR","20,949"
"02/15/2025","AAR","21,226"
"02/15/2025","Subway","2,355,977"
"02/15/2025","SIR","2,390"
"02/15/2025","MNR","91,906"
"02/15/2025","LIRR","105,976"
"02/15/2025","CRZ Entries","450,300"
"02/15/2025","CBD Entries","507,992"
"02/15/2025","Bus","748,078"
"02/15/2025","BT","761,009"
"02/14/2025","BT","985,525"
"02/14/2025","Subway","3,855,445"
"02/14/2025","SIR","6,065"
"02/14/2025","MNR","198,806"
"02/14/2025","LIRR","233,715"
"02/14/2025","CRZ Entries","533,624"
"02/14/2025","CBD Entries","600,664"
"02/14/2025","Bus","1,392,764"
"02/14/2025","AAR","40,125"
"02/13/2025","Bus","1,467,576"
"02/13/2025","Subway","4,098,104"
"02/13/2025","SIR","7,310"
"02/13/2025","AAR","39,932"
"02/13/2025","MNR","205,656"
"02/13/2025","LIRR","243,915"
"02/13/2025","CRZ Entries","511,719"
"02/13/2025","CBD Entries","579,674"
"02/13/2025","BT","915,759"
"02/12/2025","LIRR","235,576"
"02/12/2025","Subway","3,940,993"
"02/12/2025","SIR","6,682"
"02/12/2025","MNR","205,325"
"02/12/2025","CRZ Entries","483,102"
"02/12/2025","CBD Entries","546,966"
"02/12/2025","Bus","1,400,354"
"02/12/2025","BT","831,747"
"02/12/2025","AAR","38,659"
"02/11/2025","AAR","40,378"
"02/11/2025","Subway","4,111,749"
"02/11/2025","SIR","7,709"
"02/11/2025","MNR","215,260"
"02/11/2025","LIRR","247,848"
"02/11/2025","CRZ Entries","481,261"
"02/11/2025","CBD Entries","545,412"
"02/11/2025","Bus","1,492,601"
"02/11/2025","BT","865,810"
"02/10/2025","BT","875,734"
"02/10/2025","Subway","3,746,029"
"02/10/2025","SIR","6,972"
"02/10/2025","MNR","198,962"
"02/10/2025","LIRR","234,725"
"02/10/2025","CRZ Entries","469,934"
"02/10/2025","CBD Entries","535,204"
"02/10/2025","Bus","1,429,999"
"02/10/2025","AAR","37,718"
"02/09/2025","MNR","69,578"
"02/09/2025","Subway","1,850,257"
"02/09/2025","SIR","1,839"
"02/09/2025","LIRR","83,513"
"02/09/2025","CRZ Entries","370,794"
"02/09/2025","CBD Entries","423,383"
"02/09/2025","Bus","571,270"
"02/09/2025","BT","612,435"
"02/09/2025","AAR","20,935"
"02/08/2025","AAR","23,849"
"02/08/2025","Subway","2,538,395"
"02/08/2025","SIR","2,681"
"02/08/2025","MNR","96,754"
"02/08/2025","LIRR","113,264"
"02/08/2025","CRZ Entries","447,300"
"02/08/2025","CBD Entries","505,573"
"02/08/2025","Bus","817,924"
"02/08/2025","BT","783,842"
"02/07/2025","BT","942,213"
"02/07/2025","Subway","3,861,700"
"02/07/2025","SIR","6,441"
"02/07/2025","MNR","197,152"
"02/07/2025","LIRR","236,121"
"02/07/2025","CRZ Entries","515,515"
"02/07/2025","CBD Entries","583,245"
"02/07/2025","Bus","1,443,307"
"02/07/2025","AAR","39,874"
"02/06/2025","CBD Entries","541,083"
"02/06/2025","Subway","3,885,191"
"02/06/2025","SIR","6,686"
"02/06/2025","BT","801,999"
"02/06/2025","MNR","182,951"
"02/06/2025","AAR","37,073"
"02/06/2025","LIRR","229,479"
"02/06/2025","CRZ Entries","480,986"
"02/06/2025","Bus","1,369,499"
"02/05/2025","AAR","41,896"
"02/05/2025","Subway","4,182,058"
"02/05/2025","SIR","8,108"
"02/05/2025","MNR","213,793"
"02/05/2025","LIRR","248,050"
"02/05/2025","CRZ Entries","506,354"
"02/05/2025","CBD Entries","572,999"
"02/05/2025","Bus","1,520,952"
"02/05/2025","BT","892,163"
"02/04/2025","AAR","40,893"
"02/04/2025","Subway","4,150,390"
"02/04/2025","SIR","8,018"
"02/04/2025","MNR","219,042"
"02/04/2025","LIRR","259,976"
"02/04/2025","CRZ Entries","495,393"
"02/04/2025","CBD Entries","556,635"
"02/04/2025","Bus","1,495,880"
"02/04/2025","BT","873,398"
"02/03/2025","BT","848,713"
"02/03/2025","Subway","3,695,940"
"02/03/2025","SIR","7,289"
"02/03/2025","MNR","183,417"
"02/03/2025","LIRR","223,504"
"02/03/2025","CRZ Entries","466,399"
"02/03/2025","CBD Entries","531,887"
"02/03/2025","Bus","1,432,408"
"02/03/2025","AAR","38,076"
"02/02/2025","MNR","72,681"
"02/02/2025","Subway","1,848,424"
"02/02/2025","SIR","1,875"
"02/02/2025","LIRR","132,846"
"02/02/2025","CRZ Entries","434,613"
"02/02/2025","CBD Entries","496,048"
"02/02/2025","Bus","678,873"
"02/02/2025","BT","752,428"
"02/02/2025","AAR","24,063"
"02/01/2025","AAR","47,702"
"02/01/2025","Subway","2,483,263"
"02/01/2025","SIR","2,563"
"02/01/2025","MNR","94,588"
"02/01/2025","LIRR","114,523"
"02/01/2025","CRZ Entries","479,554"
"02/01/2025","CBD Entries","539,605"
"02/01/2025","Bus","895,648"
"02/01/2025","BT","818,559"
"01/31/2025","BT","904,420"
"01/31/2025","Subway","3,624,121"
"01/31/2025","SIR","6,031"
"01/31/2025","MNR","190,971"
"01/31/2025","LIRR","225,159"
"01/31/2025","CRZ Entries","505,016"
"01/31/2025","CBD Entries","571,207"
"01/31/2025","Bus","1,358,908"
"01/31/2025","AAR","75,450"
"01/30/2025","Bus","1,470,801"
"01/30/2025","Subway","4,088,389"
"01/30/2025","SIR","7,370"
"01/30/2025","AAR","39,342"
"01/30/2025","MNR","210,602"
"01/30/2025","LIRR","243,926"
"01/30/2025","CRZ Entries","522,538"
"01/30/2025","CBD Entries","589,219"
"01/30/2025","BT","913,838"
"01/29/2025","AAR","39,355"
"01/29/2025","Subway","3,735,444"
"01/29/2025","SIR","6,678"
"01/29/2025","MNR","213,599"
"01/29/2025","LIRR","246,641"
"01/29/2025","CRZ Entries","498,937"
"01/29/2025","CBD Entries","563,827"
"01/29/2025","Bus","1,295,961"
"01/29/2025","BT","862,094"
"01/28/2025","AAR","39,676"
"01/28/2025","Subway","4,057,100"
"01/28/2025","SIR","7,596"
"01/28/2025","MNR","218,807"
"01/28/2025","LIRR","260,461"
"01/28/2025","CRZ Entries","488,692"
"01/28/2025","CBD Entries","553,013"
"01/28/2025","Bus","1,479,059"
"01/28/2025","BT","874,166"
"01/27/2025","BT","853,170"
"01/27/2025","Subway","3,612,704"
"01/27/2025","SIR","6,779"
"01/27/2025","MNR","200,074"
"01/27/2025","LIRR","239,834"
"01/27/2025","CRZ Entries","466,181"
"01/27/2025","CBD Entries","528,877"
"01/27/2025","Bus","1,385,882"
"01/27/2025","AAR","36,731"
"01/26/2025","BT","750,444"
"01/26/2025","Subway","1,882,291"
"01/26/2025","SIR","1,964"
"01/26/2025","MNR","82,565"
"01/26/2025","LIRR","100,305"
"01/26/2025","CRZ Entries","431,926"
"01/26/2025","CBD Entries","492,995"
"01/26/2025","Bus","689,249"
"01/26/2025","AAR","23,439"
"01/25/2025","LIRR","130,818"
"01/25/2025","Subway","2,486,799"
"01/25/2025","SIR","2,559"
"01/25/2025","MNR","103,192"
"01/25/2025","CRZ Entries","492,129"
"01/25/2025","CBD Entries","550,554"
"01/25/2025","Bus","868,042"
"01/25/2025","BT","816,805"
"01/25/2025","AAR","22,654"
"01/24/2025","AAR","37,509"
"01/24/2025","Subway","3,584,146"
"01/24/2025","SIR","5,802"
"01/24/2025","MNR","195,169"
"01/24/2025","LIRR","234,056"
"01/24/2025","CRZ Entries","509,786"
"01/24/2025","CBD Entries","574,846"
"01/24/2025","Bus","1,318,449"
"01/24/2025","BT","905,789"
"01/23/2025","BT","886,799"
"01/23/2025","Subway","3,870,712"
"01/23/2025","SIR","6,992"
"01/23/2025","MNR","209,534"
"01/23/2025","LIRR","242,403"
"01/23/2025","CRZ Entries","516,809"
"01/23/2025","CBD Entries","581,646"
"01/23/2025","Bus","1,361,328"
"01/23/2025","AAR","38,358"
"01/22/2025","MNR","209,338"
"01/22/2025","Subway","3,745,833"
"01/22/2025","SIR","6,840"
"01/22/2025","AAR","37,701"
"01/22/2025","CRZ Entries","497,768"
"01/22/2025","CBD Entries","559,666"
"01/22/2025","Bus","1,289,449"
"01/22/2025","BT","845,278"
"01/22/2025","LIRR","239,508"
"01/21/2025","Bus","1,252,532"
"01/21/2025","Subway","3,624,134"
"01/21/2025","SIR","6,563"
"01/21/2025","MNR","212,861"
"01/21/2025","LIRR","240,724"
"01/21/2025","CRZ Entries","487,435"
"01/21/2025","CBD Entries","549,720"
"01/21/2025","BT","844,346"
"01/21/2025","AAR","35,218"
"01/20/2025","AAR","17,801"
"01/20/2025","Subway","2,216,281"
"01/20/2025","SIR","2,849"
"01/20/2025","MNR","78,479"
"01/20/2025","LIRR","96,444"
"01/20/2025","CRZ Entries","375,494"
"01/20/2025","CBD Entries","428,175"
"01/20/2025","Bus","797,268"
"01/20/2025","BT","706,001"
"01/19/2025","BT","608,391"
"01/19/2025","Subway","1,828,934"
"01/19/2025","SIR","1,709"
"01/19/2025","MNR","75,906"
"01/19/2025","LIRR","87,352"
"01/19/2025","CRZ Entries","352,565"
"01/19/2025","CBD Entries","399,484"
"01/19/2025","Bus","586,622"
"01/19/2025","AAR","20,610"
"01/18/2025","MNR","103,091"
"01/18/2025","Subway","2,336,087"
"01/18/2025","SIR","2,244"
"01/18/2025","LIRR","122,763"
"01/18/2025","CRZ Entries","464,644"
"01/18/2025","CBD Entries","526,690"
"01/18/2025","Bus","831,369"
"01/18/2025","BT","830,805"
"01/18/2025","AAR","23,229"
"01/17/2025","AAR","38,857"
"01/17/2025","Subway","3,604,425"
"01/17/2025","SIR","6,235"
"01/17/2025","MNR","197,835"
"01/17/2025","LIRR","231,166"
"01/17/2025","CRZ Entries","508,351"
"01/17/2025","CBD Entries","573,957"
"01/17/2025","Bus","1,356,698"
"01/17/2025","BT","935,757"
"01/16/2025","BT","904,987"
"01/16/2025","Subway","3,919,882"
"01/16/2025","SIR","7,319"
"01/16/2025","MNR","210,063"
"01/16/2025","LIRR","244,145"
"01/16/2025","CRZ Entries","513,344"
"01/16/2025","CBD Entries","575,713"
"01/16/2025","Bus","1,394,686"
"01/16/2025","AAR","39,239"
"01/15/2025","Bus","1,391,070"
"01/15/2025","Subway","3,927,198"
"01/15/2025","SIR","7,739"
"01/15/2025","AAR","40,471"
"01/15/2025","MNR","211,912"
"01/15/2025","LIRR","237,904"
"01/15/2025","CRZ Entries","497,584"
"01/15/2025","CBD Entries","561,608"
"01/15/2025","BT","877,344"
"01/14/2025","AAR","39,810"
"01/14/2025","Subway","3,901,919"
"01/14/2025","SIR","7,600"
"01/14/2025","MNR","218,691"
"01/14/2025","LIRR","252,417"
"01/14/2025","CRZ Entries","481,826"
"01/14/2025","CBD Entries","547,385"
"01/14/2025","Bus","1,395,685"
"01/14/2025","BT","869,282"
"01/13/2025","AAR","37,067"
"01/13/2025","Subway","3,565,093"
"01/13/2025","SIR","7,013"
"01/13/2025","MNR","202,056"
"01/13/2025","LIRR","232,624"
"01/13/2025","CRZ Entries","460,607"
"01/13/2025","CBD Entries","522,542"
"01/13/2025","Bus","1,366,764"
"01/13/2025","BT","850,931"
"01/12/2025","BT","751,235"
"01/12/2025","Subway","1,832,507"
"01/12/2025","SIR","1,748"
"01/12/2025","MNR","82,736"
"01/12/2025","LIRR","98,780"
"01/12/2025","CRZ Entries","420,030"
"01/12/2025","CBD Entries","480,261"
"01/12/2025","Bus","667,294"
"01/12/2025","AAR","23,573"
"01/11/2025","BT","775,008"
"01/11/2025","Subway","2,333,104"
"01/11/2025","SIR","2,397"
"01/11/2025","MNR","96,491"
"01/11/2025","LIRR","121,021"
"01/11/2025","CRZ Entries","460,372"
"01/11/2025","CBD Entries","520,145"
"01/11/2025","Bus","814,312"
"01/11/2025","AAR","21,718"
"01/10/2025","LIRR","226,639"
"01/10/2025","Subway","3,561,095"
"01/10/2025","SIR","6,232"
"01/10/2025","MNR","189,644"
"01/10/2025","CRZ Entries","492,600"
"01/10/2025","CBD Entries","556,459"
"01/10/2025","Bus","1,326,845"
"01/10/2025","BT","902,970"
"01/10/2025","AAR","38,183"
"01/09/2025","AAR","38,431"
"01/09/2025","Subway","3,757,580"
"01/09/2025","SIR","6,845"
"01/09/2025","MNR","198,894"
"01/09/2025","LIRR","229,804"
"01/09/2025","CRZ Entries","489,135"
"01/09/2025","CBD Entries","553,214"
"01/09/2025","Bus","1,306,116"
"01/09/2025","BT","873,408"
"01/08/2025","BT","856,981"
"01/08/2025","Subway","3,834,806"
"01/08/2025","SIR","7,799"
"01/08/2025","MNR","209,550"
"01/08/2025","LIRR","239,444"
"01/08/2025","CRZ Entries","479,247"
"01/08/2025","CBD Entries","542,412"
"01/08/2025","Bus","1,329,939"
"01/08/2025","AAR","39,406"
"01/07/2025","Bus","1,315,134"
"01/07/2025","Subway","3,784,051"
"01/07/2025","SIR","7,410"
"01/07/2025","MNR","220,945"
"01/07/2025","AAR","38,048"
"01/07/2025","LIRR","245,930"
"01/07/2025","CRZ Entries","469,821"
"01/07/2025","CBD Entries","529,634"
"01/07/2025","BT","846,978"
"01/06/2025","SIR","6,888"
"01/06/2025","Subway","3,437,198"
"01/06/2025","MNR","202,575"
"01/06/2025","LIRR","229,503"
"01/06/2025","CRZ Entries","437,698"
"01/06/2025","CBD Entries","494,915"
"01/06/2025","Bus","1,270,655"
"01/06/2025","BT","796,514"
"01/06/2025","AAR","35,840"
"01/05/2025","AAR","23,665"
"01/05/2025","Subway","1,791,537"
"01/05/2025","SIR","2,039"
"01/05/2025","MNR","79,761"
"01/05/2025","LIRR","96,683"
"01/05/2025","CRZ Entries","417,890"
"01/05/2025","CBD Entries","474,551"
"01/05/2025","Bus","626,644"
"01/05/2025","BT","729,102"
"01/04/2025","BT","791,790"
"01/04/2025","Subway","2,315,791"
"01/04/2025","SIR","2,673"
"01/04/2025","MNR","100,579"
"01/04/2025","LIRR","117,004"
"01/04/2025","Bus","781,198"
"01/04/2025","AAR","21,999"
"01/03/2025","BT","850,636"
"01/03/2025","Subway","3,413,456"
"01/03/2025","SIR","6,243"
"01/03/2025","MNR","163,577"
"01/03/2025","LIRR","203,652"
"01/03/2025","Bus","1,234,565"
"01/03/2025","AAR","35,900"
"01/02/2025","BT","834,692"
"01/02/2025","Subway","3,377,364"
"01/02/2025","SIR","6,548"
"01/02/2025","MNR","165,475"
"01/02/2025","LIRR","210,914"
"01/02/2025","Bus","1,208,636"
"01/02/2025","AAR","31,265"
"01/01/2025","AAR","12,417"
"01/01/2025","Subway","1,779,501"
"01/01/2025","SIR","2,040"
"01/01/2025","MNR","74,690"
"01/01/2025","LIRR","90,318"
"01/01/2025","Bus","496,604"
"01/01/2025","BT","680,486"
"12/31/2024","BT","822,039"
"12/31/2024","Subway","2,874,166"
"12/31/2024","SIR","4,926"
"12/31/2024","MNR","186,037"
"12/31/2024","LIRR","223,942"
"12/31/2024","Bus","985,813"
"12/31/2024","AAR","31,482"
"12/30/2024","BT","900,106"
"12/30/2024","Subway","3,316,046"
"12/30/2024","SIR","6,159"
"12/30/2024","MNR","209,077"
"12/30/2024","LIRR","248,532"
"12/30/2024","Bus","1,111,524"
"12/30/2024","AAR","31,713"
"12/29/2024","AAR","22,149"
"12/29/2024","Subway","2,122,120"
"12/29/2024","SIR","2,629"
"12/29/2024","MNR","107,415"
"12/29/2024","LIRR","127,153"
"12/29/2024","Bus","664,694"
"12/29/2024","BT","813,671"
"12/28/2024","SIR","2,757"
"12/28/2024","Subway","2,268,511"
"12/28/2024","MNR","119,418"
"12/28/2024","LIRR","139,519"
"12/28/2024","Bus","726,217"
"12/28/2024","BT","815,989"
"12/28/2024","AAR","19,881"
"12/27/2024","AAR","30,638"
"12/27/2024","Subway","3,161,486"
"12/27/2024","SIR","5,656"
"12/27/2024","MNR","225,114"
"12/27/2024","LIRR","254,609"
"12/27/2024","Bus","1,058,666"
"12/27/2024","BT","909,970"
"12/26/2024","BT","872,652"
"12/26/2024","Subway","2,852,679"
"12/26/2024","SIR","5,222"
"12/26/2024","MNR","203,127"
"12/26/2024","LIRR","240,534"
"12/26/2024","Bus","982,867"
"12/26/2024","AAR","25,211"
"12/25/2024","BT","749,496"
"12/25/2024","Subway","1,378,374"
"12/25/2024","SIR","1,848"
"12/25/2024","MNR","66,693"
"12/25/2024","LIRR","87,185"
"12/25/2024","Bus","417,229"
"12/25/2024","AAR","18,972"
"12/24/2024","AAR","29,443"
"12/24/2024","Subway","2,546,394"
"12/24/2024","SIR","4,272"
"12/24/2024","MNR","173,267"
"12/24/2024","LIRR","211,807"
"12/24/2024","Bus","906,044"
"12/24/2024","BT","894,279"
"12/23/2024","AAR","33,496"
"12/23/2024","Subway","3,216,875"
"12/23/2024","SIR","5,776"
"12/23/2024","MNR","210,375"
"12/23/2024","LIRR","253,495"
"12/23/2024","Bus","1,087,369"
"12/23/2024","BT","942,818"
"12/22/2024","MNR","110,023"
"12/22/2024","Subway","2,061,173"
"12/22/2024","SIR","2,330"
"12/22/2024","LIRR","121,379"
"12/22/2024","Bus","607,735"
"12/22/2024","BT","833,463"
"12/22/2024","AAR","23,526"
"12/21/2024","BT","902,693"
"12/21/2024","Subway","2,645,323"
"12/21/2024","SIR","2,973"
"12/21/2024","AAR","23,289"
"12/21/2024","MNR","138,248"
"12/21/2024","LIRR","147,327"
"12/21/2024","Bus","788,267"
"12/20/2024","LIRR","247,250"
"12/20/2024","AAR","38,582"
"12/20/2024","BT","991,204"
"12/20/2024","Subway","3,842,344"
"12/20/2024","SIR","6,493"
"12/20/2024","MNR","213,269"
"12/20/2024","Bus","1,296,068"
"12/19/2024","Subway","4,255,466"
"12/19/2024","SIR","7,861"
"12/19/2024","MNR","227,613"
"12/19/2024","LIRR","267,033"
"12/19/2024","Bus","1,431,183"
"12/19/2024","BT","1,000,668"
"12/19/2024","AAR","40,565"
"12/18/2024","AAR","41,792"
"12/18/2024","Subway","4,292,792"
"12/18/2024","SIR","8,068"
"12/18/2024","MNR","229,302"
"12/18/2024","LIRR","266,741"
"12/18/2024","Bus","1,430,923"
"12/18/2024","BT","970,284"
"12/17/2024","BT","951,799"
"12/17/2024","Subway","4,341,385"
"12/17/2024","SIR","8,439"
"12/17/2024","MNR","237,348"
"12/17/2024","LIRR","266,960"
"12/17/2024","Bus","1,457,557"
"12/17/2024","AAR","40,830"
"12/16/2024","BT","898,674"
"12/16/2024","Subway","3,866,550"
"12/16/2024","SIR","7,096"
"12/16/2024","MNR","206,160"
"12/16/2024","LIRR","239,706"
"12/16/2024","Bus","1,277,624"
"12/16/2024","AAR","37,015"
"12/15/2024","AAR","24,831"
"12/15/2024","Subway","2,337,436"
"12/15/2024","SIR","2,376"
"12/15/2024","MNR","108,880"
"12/15/2024","LIRR","120,386"
"12/15/2024","Bus","694,080"
"12/15/2024","BT","871,064"
"12/14/2024","AAR","25,602"
"12/14/2024","Subway","3,123,454"
"12/14/2024","SIR","3,452"
"12/14/2024","MNR","159,083"
"12/14/2024","LIRR","161,398"
"12/14/2024","Bus","882,335"
"12/14/2024","BT","952,890"
"12/13/2024","BT","1,018,065"
"12/13/2024","Subway","4,178,812"
"12/13/2024","SIR","6,931"
"12/13/2024","MNR","222,096"
"12/13/2024","LIRR","248,254"
"12/13/2024","Bus","1,347,451"
"12/13/2024","AAR","39,020"
"12/12/2024","BT","998,457"
"12/12/2024","Subway","4,527,892"
"12/12/2024","SIR","8,108"
"12/12/2024","MNR","236,210"
"12/12/2024","LIRR","269,149"
"12/12/2024","Bus","1,431,599"
"12/12/2024","AAR","41,074"
"12/11/2024","BT","908,825"
"12/11/2024","Subway","4,255,328"
"12/11/2024","SIR","7,923"
"12/11/2024","MNR","222,538"
"12/11/2024","LIRR","253,052"
"12/11/2024","Bus","1,353,141"
"12/11/2024","AAR","39,455"
"12/10/2024","MNR","234,161"
"12/10/2024","Subway","4,374,063"
"12/10/2024","SIR","8,214"
"12/10/2024","LIRR","265,077"
"12/10/2024","Bus","1,444,209"
"12/10/2024","BT","939,890"
"12/10/2024","AAR","40,973"
"12/09/2024","AAR","36,847"
"12/09/2024","Subway","3,941,361"
"12/09/2024","SIR","7,292"
"12/09/2024","MNR","211,638"
"12/09/2024","LIRR","243,001"
"12/09/2024","Bus","1,369,917"
"12/09/2024","BT","904,158"
"12/08/2024","BT","854,879"
"12/08/2024","Subway","2,348,950"
"12/08/2024","SIR","2,395"
"12/08/2024","MNR","107,390"
"12/08/2024","LIRR","122,147"
"12/08/2024","Bus","708,798"
"12/08/2024","AAR","24,671"
"12/07/2024","BT","922,341"
"12/07/2024","Subway","3,017,208"
"12/07/2024","SIR","2,926"
"12/07/2024","MNR","139,193"
"12/07/2024","LIRR","149,946"
"12/07/2024","Bus","883,693"
"12/07/2024","AAR","24,071"
"12/06/2024","AAR","38,598"
"12/06/2024","Subway","4,121,085"
"12/06/2024","SIR","6,812"
"12/06/2024","MNR","206,009"
"12/06/2024","LIRR","242,555"
"12/06/2024","Bus","1,340,421"
"12/06/2024","BT","992,202"
"12/05/2024","AAR","39,358"
"12/05/2024","Subway","4,354,863"
"12/05/2024","SIR","7,971"
"12/05/2024","MNR","215,246"
"12/05/2024","LIRR","254,255"
"12/05/2024","Bus","1,401,376"
"12/05/2024","BT","956,993"
"12/04/2024","BT","951,063"
"12/04/2024","Subway","4,374,883"
"12/04/2024","SIR","8,265"
"12/04/2024","MNR","224,379"
"12/04/2024","LIRR","254,632"
"12/04/2024","Bus","1,446,527"
"12/04/2024","AAR","41,858"
"12/03/2024","BT","947,535"
"12/03/2024","Subway","4,240,442"
"12/03/2024","SIR","8,289"
"12/03/2024","MNR","234,201"
"12/03/2024","LIRR","266,544"
"12/03/2024","Bus","1,455,281"
"12/03/2024","AAR","40,193"
"12/02/2024","Bus","1,371,135"
"12/02/2024","Subway","3,813,795"
"12/02/2024","SIR","7,622"
"12/02/2024","AAR","36,224"
"12/02/2024","MNR","209,021"
"12/02/2024","LIRR","240,375"
"12/02/2024","BT","939,767"
"12/01/2024","AAR","22,046"
"12/01/2024","Subway","1,893,492"
"12/01/2024","SIR","2,006"
"12/01/2024","MNR","103,768"
"12/01/2024","LIRR","116,806"
"12/01/2024","Bus","629,660"
"12/01/2024","BT","898,099"
"11/30/2024","AAR","19,542"
"11/30/2024","Subway","2,319,981"
"11/30/2024","SIR","2,916"
"11/30/2024","MNR","135,368"
"11/30/2024","LIRR","148,820"
"11/30/2024","Bus","787,685"
"11/30/2024","BT","896,098"
"11/29/2024","BT","833,275"
"11/29/2024","Subway","2,677,499"
"11/29/2024","SIR","4,139"
"11/29/2024","MNR","219,251"
"11/29/2024","LIRR","243,219"
"11/29/2024","Bus","910,730"
"11/29/2024","AAR","19,887"
"11/28/2024","BT","872,215"
"11/28/2024","Subway","1,513,447"
"11/28/2024","SIR","2,095"
"11/28/2024","MNR","103,402"
"11/28/2024","LIRR","115,895"
"11/28/2024","Bus","462,819"
"11/28/2024","AAR","26,674"
"11/27/2024","AAR","35,540"
"11/27/2024","Subway","3,710,430"
"11/27/2024","SIR","7,495"
"11/27/2024","MNR","243,529"
"11/27/2024","LIRR","284,694"
"11/27/2024","Bus","1,370,366"
"11/27/2024","BT","1,011,962"
"11/26/2024","AAR","39,718"
"11/26/2024","Subway","4,030,009"
"11/26/2024","SIR","8,100"
"11/26/2024","MNR","233,673"
"11/26/2024","LIRR","263,231"
"11/26/2024","Bus","1,412,275"
"11/26/2024","BT","985,462"
"11/25/2024","BT","930,619"
"11/25/2024","Subway","3,914,213"
"11/25/2024","SIR","8,190"
"11/25/2024","MNR","221,649"
"11/25/2024","LIRR","259,180"
"11/25/2024","Bus","1,440,435"
"11/25/2024","AAR","37,257"
"11/24/2024","BT","850,067"
"11/24/2024","Subway","2,075,015"
"11/24/2024","SIR","2,333"
"11/24/2024","MNR","104,157"
"11/24/2024","LIRR","115,037"
"11/24/2024","Bus","712,523"
"11/24/2024","AAR","24,470"
"11/23/2024","BT","928,381"
"11/23/2024","Subway","2,720,244"
"11/23/2024","SIR","3,057"
"11/23/2024","MNR","134,514"
"11/23/2024","LIRR","144,950"
"11/23/2024","Bus","903,100"
"11/23/2024","AAR","23,654"
"11/22/2024","AAR","37,694"
"11/22/2024","Subway","3,854,860"
"11/22/2024","SIR","6,493"
"11/22/2024","MNR","205,229"
"11/22/2024","LIRR","240,803"
"11/22/2024","Bus","1,304,306"
"11/22/2024","BT","968,176"
"11/21/2024","AAR","38,930"
"11/21/2024","Subway","4,217,744"
"11/21/2024","SIR","7,755"
"11/21/2024","MNR","217,248"
"11/21/2024","LIRR","247,779"
"11/21/2024","Bus","1,352,576"
"11/21/2024","BT","932,654"
"11/20/2024","BT","959,174"
"11/20/2024","Subway","4,298,945"
"11/20/2024","SIR","8,694"
"11/20/2024","MNR","232,558"
"11/20/2024","LIRR","261,795"
"11/20/2024","Bus","1,508,975"
"11/20/2024","AAR","41,321"
"11/19/2024","BT","930,306"
"11/19/2024","Subway","4,277,932"
"11/19/2024","SIR","8,396"
"11/19/2024","MNR","235,198"
"11/19/2024","LIRR","260,621"
"11/19/2024","Bus","1,504,152"
"11/19/2024","AAR","39,803"
"11/18/2024","BT","912,553"
"11/18/2024","Subway","3,900,958"
"11/18/2024","SIR","7,739"
"11/18/2024","MNR","214,015"
"11/18/2024","LIRR","246,602"
"11/18/2024","Bus","1,442,803"
"11/18/2024","AAR","36,682"
"11/17/2024","MNR","101,707"
"11/17/2024","Subway","2,101,806"
"11/17/2024","SIR","2,403"
"11/17/2024","LIRR","118,405"
"11/17/2024","Bus","719,084"
"11/17/2024","BT","868,401"
"11/17/2024","AAR","24,320"
"11/16/2024","AAR","24,556"
"11/16/2024","Subway","2,789,132"
"11/16/2024","SIR","3,013"
"11/16/2024","MNR","132,742"
"11/16/2024","LIRR","137,240"
"11/16/2024","Bus","919,983"
"11/16/2024","BT","925,881"
"11/15/2024","BT","991,883"
"11/15/2024","Subway","3,986,526"
"11/15/2024","SIR","6,829"
"11/15/2024","MNR","214,139"
"11/15/2024","LIRR","247,886"
"11/15/2024","Bus","1,386,340"
"11/15/2024","AAR","39,068"
"11/14/2024","BT","965,409"
"11/14/2024","Subway","4,296,568"
"11/14/2024","SIR","8,022"
"11/14/2024","MNR","217,969"
"11/14/2024","LIRR","251,765"
"11/14/2024","Bus","1,476,496"
"11/14/2024","AAR","40,039"
"11/13/2024","LIRR","257,349"
"11/13/2024","AAR","41,143"
"11/13/2024","Subway","4,331,024"
"11/13/2024","BT","939,051"
"11/13/2024","SIR","8,342"
"11/13/2024","MNR","229,455"
"11/13/2024","Bus","1,496,105"
"11/12/2024","Bus","1,487,306"
"11/12/2024","Subway","4,263,199"
"11/12/2024","SIR","8,595"
"11/12/2024","MNR","234,752"
"11/12/2024","LIRR","264,372"
"11/12/2024","BT","927,474"
"11/12/2024","AAR","39,828"
"11/11/2024","AAR","28,032"
"11/11/2024","Subway","3,277,617"
"11/11/2024","SIR","5,534"
"11/11/2024","MNR","206,579"
"11/11/2024","LIRR","236,005"
"11/11/2024","Bus","1,173,328"
"11/11/2024","BT","869,107"
"11/10/2024","BT","873,934"
"11/10/2024","Subway","2,117,144"
"11/10/2024","SIR","2,321"
"11/10/2024","MNR","103,048"
"11/10/2024","LIRR","105,256"
"11/10/2024","Bus","713,083"
"11/10/2024","AAR","23,972"
"11/09/2024","BT","929,261"
"11/09/2024","Subway","2,770,474"
"11/09/2024","SIR","3,270"
"11/09/2024","MNR","134,651"
"11/09/2024","LIRR","133,329"
"11/09/2024","Bus","920,210"
"11/09/2024","AAR","24,198"
"11/08/2024","AAR","38,062"
"11/08/2024","Subway","3,971,878"
"11/08/2024","SIR","7,038"
"11/08/2024","MNR","213,611"
"11/08/2024","LIRR","245,087"
"11/08/2024","Bus","1,428,851"
"11/08/2024","BT","996,532"
"11/07/2024","AAR","39,248"
"11/07/2024","Subway","4,232,190"
"11/07/2024","SIR","8,177"
"11/07/2024","MNR","226,007"
"11/07/2024","LIRR","259,228"
"11/07/2024","Bus","1,499,670"
"11/07/2024","BT","964,142"
"11/06/2024","BT","933,303"
"11/06/2024","Subway","4,113,411"
"11/06/2024","SIR","8,324"
"11/06/2024","MNR","221,461"
"11/06/2024","LIRR","256,311"
"11/06/2024","Bus","1,490,566"
"11/06/2024","AAR","40,044"
"11/05/2024","BT","862,543"
"11/05/2024","Subway","3,640,246"
"11/05/2024","SIR","6,691"
"11/05/2024","MNR","213,516"
"11/05/2024","LIRR","244,078"
"11/05/2024","Bus","1,321,929"
"11/05/2024","AAR","36,106"
"11/04/2024","BT","912,585"
"11/04/2024","Subway","3,949,699"
"11/04/2024","SIR","7,765"
"11/04/2024","MNR","216,014"
"11/04/2024","LIRR","243,884"
"11/04/2024","Bus","1,450,761"
"11/04/2024","AAR","36,716"
"11/03/2024","MNR","123,028"
"11/03/2024","Subway","2,602,870"
"11/03/2024","SIR","4,095"
"11/03/2024","LIRR","132,720"
"11/03/2024","Bus","647,668"
"11/03/2024","BT","794,485"
"11/03/2024","AAR","21,758"
"11/02/2024","AAR","24,481"
"11/02/2024","Subway","2,817,106"
"11/02/2024","SIR","3,273"
"11/02/2024","MNR","134,522"
"11/02/2024","LIRR","138,761"
"11/02/2024","Bus","924,453"
"11/02/2024","BT","945,493"
"11/01/2024","BT","991,957"
"11/01/2024","Subway","3,780,874"
"11/01/2024","SIR","6,363"
"11/01/2024","MNR","185,052"
"11/01/2024","LIRR","213,535"
"11/01/2024","Bus","1,290,003"
"11/01/2024","AAR","37,306"
"10/31/2024","BT","957,578"
"10/31/2024","Subway","4,340,272"
"10/31/2024","SIR","8,741"
"10/31/2024","MNR","221,856"
"10/31/2024","LIRR","257,756"
"10/31/2024","Bus","1,423,507"
"10/31/2024","AAR","37,639"
"10/30/2024","AAR","40,468"
"10/30/2024","Subway","4,417,951"
"10/30/2024","SIR","9,878"
"10/30/2024","MNR","246,035"
"10/30/2024","LIRR","267,007"
"10/30/2024","Bus","1,533,630"
"10/30/2024","BT","975,195"
"10/29/2024","AAR","38,621"
"10/29/2024","Subway","4,378,791"
"10/29/2024","SIR","9,803"
"10/29/2024","MNR","249,585"
"10/29/2024","LIRR","272,526"
"10/29/2024","Bus","1,514,830"
"10/29/2024","BT","944,545"
"10/28/2024","BT","931,469"
"10/28/2024","Subway","3,983,168"
"10/28/2024","SIR","8,936"
"10/28/2024","MNR","229,873"
"10/28/2024","LIRR","253,923"
"10/28/2024","Bus","1,473,020"
"10/28/2024","AAR","35,666"
"10/27/2024","BT","922,563"
"10/27/2024","Subway","2,208,683"
"10/27/2024","SIR","2,556"
"10/27/2024","MNR","115,917"
"10/27/2024","LIRR","120,849"
"10/27/2024","Bus","740,417"
"10/27/2024","AAR","23,888"
"10/26/2024","Bus","960,099"
"10/26/2024","Subway","2,828,539"
"10/26/2024","SIR","3,423"
"10/26/2024","AAR","24,066"
"10/26/2024","MNR","148,103"
"10/26/2024","LIRR","143,111"
"10/26/2024","BT","992,081"
"10/25/2024","AAR","36,635"
"10/25/2024","Subway","4,019,790"
"10/25/2024","SIR","8,083"
"10/25/2024","MNR","223,941"
"10/25/2024","LIRR","262,815"
"10/25/2024","Bus","1,376,080"
"10/25/2024","BT","988,880"
"10/24/2024","AAR","36,754"
"10/24/2024","Subway","4,304,831"
"10/24/2024","SIR","9,653"
"10/24/2024","MNR","232,459"
"10/24/2024","LIRR","260,193"
"10/24/2024","Bus","1,484,054"
"10/24/2024","BT","936,511"
"10/23/2024","BT","934,747"
"10/23/2024","Subway","4,276,606"
"10/23/2024","SIR","9,629"
"10/23/2024","MNR","233,881"
"10/23/2024","LIRR","257,031"
"10/23/2024","Bus","1,537,563"
"10/23/2024","AAR","39,211"
"10/22/2024","BT","937,004"
"10/22/2024","Subway","4,218,881"
"10/22/2024","SIR","9,628"
"10/22/2024","MNR","237,771"
"10/22/2024","LIRR","268,294"
"10/22/2024","Bus","1,528,809"
"10/22/2024","AAR","38,656"
"10/21/2024","AAR","35,133"
"10/21/2024","Subway","3,842,315"
"10/21/2024","SIR","8,975"
"10/21/2024","MNR","219,983"
"10/21/2024","LIRR","247,857"
"10/21/2024","Bus","1,471,964"
"10/21/2024","BT","942,132"
"10/20/2024","AAR","24,069"
"10/20/2024","Subway","2,176,476"
"10/20/2024","SIR","2,606"
"10/20/2024","MNR","122,789"
"10/20/2024","LIRR","127,452"
"10/20/2024","Bus","733,271"
"10/20/2024","BT","943,247"
"10/19/2024","BT","985,303"
"10/19/2024","Subway","2,752,350"
"10/19/2024","SIR","3,588"
"10/19/2024","MNR","147,214"
"10/19/2024","LIRR","156,212"
"10/19/2024","Bus","930,951"
"10/19/2024","AAR","24,053"
"10/18/2024","BT","998,473"
"10/18/2024","Subway","4,030,998"
"10/18/2024","SIR","8,258"
"10/18/2024","MNR","229,999"
"10/18/2024","LIRR","272,133"
"10/18/2024","Bus","1,443,165"
"10/18/2024","AAR","36,732"
"10/17/2024","BT","946,905"
"10/17/2024","Subway","4,309,633"
"10/17/2024","SIR","9,362"
"10/17/2024","MNR","237,000"
"10/17/2024","LIRR","277,906"
"10/17/2024","Bus","1,496,057"
"10/17/2024","AAR","37,093"
"10/16/2024","AAR","39,579"
"10/16/2024","Subway","4,357,117"
"10/16/2024","SIR","9,783"
"10/16/2024","MNR","236,091"
"10/16/2024","LIRR","279,608"
"10/16/2024","Bus","1,495,298"
"10/16/2024","BT","955,971"
"10/15/2024","AAR","38,788"
"10/15/2024","Subway","4,284,818"
"10/15/2024","SIR","9,369"
"10/15/2024","MNR","249,266"
"10/15/2024","LIRR","270,652"
"10/15/2024","Bus","1,487,706"
"10/15/2024","BT","960,559"
"10/14/2024","BT","915,402"
"10/14/2024","Subway","3,066,851"
"10/14/2024","SIR","5,124"
"10/14/2024","MNR","225,263"
"10/14/2024","LIRR","240,501"
"10/14/2024","Bus","1,076,828"
"10/14/2024","AAR","26,827"
"10/13/2024","BT","915,669"
"10/13/2024","Subway","2,153,429"
"10/13/2024","SIR","3,574"
"10/13/2024","MNR","120,235"
"10/13/2024","LIRR","127,619"
"10/13/2024","Bus","744,866"
"10/13/2024","AAR","23,354"
"10/12/2024","BT","961,732"
"10/12/2024","Subway","2,587,128"
"10/12/2024","SIR","3,409"
"10/12/2024","MNR","144,234"
"10/12/2024","LIRR","149,093"
"10/12/2024","Bus","940,999"
"10/12/2024","AAR","23,525"
"10/11/2024","MNR","224,122"
"10/11/2024","Subway","3,868,564"
"10/11/2024","SIR","7,977"
"10/11/2024","LIRR","257,460"
"10/11/2024","Bus","1,435,476"
"10/11/2024","BT","1,026,778"
"10/11/2024","AAR","37,027"
"10/10/2024","AAR","38,911"
"10/10/2024","Subway","4,329,161"
"10/10/2024","SIR","9,495"
"10/10/2024","MNR","233,710"
"10/10/2024","LIRR","272,428"
"10/10/2024","Bus","1,534,201"
"10/10/2024","BT","995,629"
"10/09/2024","BT","962,957"
"10/09/2024","Subway","4,313,211"
"10/09/2024","SIR","9,926"
"10/09/2024","MNR","234,694"
"10/09/2024","LIRR","275,026"
"10/09/2024","Bus","1,555,422"
"10/09/2024","AAR","39,877"
"10/08/2024","BT","950,149"
"10/08/2024","Subway","4,256,950"
"10/08/2024","SIR","10,259"
"10/08/2024","MNR","235,974"
"10/08/2024","LIRR","275,934"
"10/08/2024","Bus","1,554,839"
"10/08/2024","AAR","39,100"
"10/07/2024","Bus","1,478,576"
"10/07/2024","Subway","3,847,055"
"10/07/2024","SIR","8,833"
"10/07/2024","AAR","35,754"
"10/07/2024","MNR","220,335"
"10/07/2024","LIRR","250,063"
"10/07/2024","BT","921,480"
"10/06/2024","AAR","23,677"
"10/06/2024","Subway","2,065,294"
"10/06/2024","SIR","2,534"
"10/06/2024","MNR","105,906"
"10/06/2024","LIRR","111,257"
"10/06/2024","Bus","737,760"
"10/06/2024","BT","916,583"
"10/05/2024","AAR","23,775"
"10/05/2024","Subway","2,710,146"
"10/05/2024","SIR","4,086"
"10/05/2024","MNR","148,928"
"10/05/2024","LIRR","142,657"
"10/05/2024","Bus","953,356"
"10/05/2024","BT","970,842"
"10/04/2024","BT","951,311"
"10/04/2024","Subway","3,506,654"
"10/04/2024","SIR","6,361"
"10/04/2024","MNR","215,328"
"10/04/2024","LIRR","251,723"
"10/04/2024","Bus","1,313,232"
"10/04/2024","AAR","35,371"
"10/03/2024","BT","930,814"
"10/03/2024","Subway","3,627,528"
"10/03/2024","SIR","7,273"
"10/03/2024","MNR","217,197"
"10/03/2024","LIRR","246,586"
"10/03/2024","Bus","1,333,760"
"10/03/2024","AAR","35,952"
"10/02/2024","AAR","38,330"
"10/02/2024","Subway","4,068,073"
"10/02/2024","SIR","9,543"
"10/02/2024","MNR","227,124"
"10/02/2024","LIRR","258,854"
"10/02/2024","Bus","1,504,660"
"10/02/2024","BT","945,685"
"10/01/2024","AAR","38,299"
"10/01/2024","Subway","4,179,363"
"10/01/2024","SIR","9,716"
"10/01/2024","MNR","218,836"
"10/01/2024","LIRR","247,737"
"10/01/2024","Bus","1,546,620"
"10/01/2024","BT","926,619"
"09/30/2024","BT","929,271"
"09/30/2024","Subway","3,849,138"
"09/30/2024","SIR","7,845"
"09/30/2024","MNR","217,897"
"09/30/2024","LIRR","256,547"
"09/30/2024","Bus","1,486,507"
"09/30/2024","AAR","34,701"
"09/29/2024","BT","867,370"
"09/29/2024","Subway","1,959,363"
"09/29/2024","SIR","2,782"
"09/29/2024","MNR","102,805"
"09/29/2024","LIRR","117,572"
"09/29/2024","Bus","664,367"
"09/29/2024","AAR","22,340"
"09/28/2024","BT","925,863"
"09/28/2024","Subway","2,557,982"
"09/28/2024","SIR","2,928"
"09/28/2024","MNR","132,177"
"09/28/2024","LIRR","134,408"
"09/28/2024","Bus","863,284"
"09/28/2024","AAR","22,142"
"09/27/2024","AAR","35,968"
"09/27/2024","Subway","3,945,383"
"09/27/2024","SIR","6,992"
"09/27/2024","MNR","221,034"
"09/27/2024","LIRR","258,258"
"09/27/2024","Bus","1,438,524"
"09/27/2024","BT","1,015,362"
"09/26/2024","AAR","37,117"
"09/26/2024","Subway","4,295,723"
"09/26/2024","SIR","8,216"
"09/26/2024","MNR","228,971"
"09/26/2024","LIRR","264,141"
"09/26/2024","Bus","1,467,648"
"09/26/2024","BT","970,082"
"09/25/2024","BT","945,383"
"09/25/2024","Subway","4,335,945"
"09/25/2024","SIR","8,904"
"09/25/2024","MNR","236,202"
"09/25/2024","LIRR","267,471"
"09/25/2024","Bus","1,487,149"
"09/25/2024","AAR","37,829"
"09/24/2024","BT","936,254"
"09/24/2024","Subway","4,323,708"
"09/24/2024","SIR","8,938"
"09/24/2024","MNR","240,779"
"09/24/2024","LIRR","270,524"
"09/24/2024","Bus","1,500,066"
"09/24/2024","AAR","37,488"
"09/23/2024","BT","931,098"
"09/23/2024","Subway","3,898,806"
"09/23/2024","SIR","7,994"
"09/23/2024","MNR","218,237"
"09/23/2024","LIRR","250,701"
"09/23/2024","Bus","1,457,916"
"09/23/2024","AAR","34,543"
"09/22/2024","MNR","102,752"
"09/22/2024","Subway","2,131,910"
"09/22/2024","SIR","2,560"
"09/22/2024","LIRR","131,192"
"09/22/2024","Bus","737,715"
"09/22/2024","BT","945,072"
"09/22/2024","AAR","23,164"
"09/21/2024","AAR","23,611"
"09/21/2024","Subway","2,744,632"
"09/21/2024","SIR","3,736"
"09/21/2024","MNR","133,469"
"09/21/2024","LIRR","160,150"
"09/21/2024","Bus","950,423"
"09/21/2024","BT","988,882"
"09/20/2024","BT","1,029,142"
"09/20/2024","Subway","3,933,048"
"09/20/2024","SIR","7,029"
"09/20/2024","MNR","215,673"
"09/20/2024","LIRR","270,065"
"09/20/2024","Bus","1,471,585"
"09/20/2024","AAR","36,687"
"09/19/2024","BT","1,006,254"
"09/19/2024","Subway","4,255,184"
"09/19/2024","SIR","8,367"
"09/19/2024","MNR","226,944"
"09/19/2024","LIRR","272,725"
"09/19/2024","Bus","1,547,727"
"09/19/2024","AAR","38,515"
"09/18/2024","Bus","1,539,412"
"09/18/2024","Subway","4,232,888"
"09/18/2024","SIR","8,603"
"09/18/2024","AAR","39,300"
"09/18/2024","MNR","229,697"
"09/18/2024","LIRR","281,624"
"09/18/2024","BT","971,180"
"09/17/2024","MNR","232,809"
"09/17/2024","Subway","4,189,311"
"09/17/2024","SIR","8,503"
"09/17/2024","LIRR","268,678"
"09/17/2024","Bus","1,536,675"
"09/17/2024","BT","953,515"
"09/17/2024","AAR","38,667"
"09/16/2024","AAR","35,319"
"09/16/2024","Subway","3,821,428"
"09/16/2024","SIR","7,734"
"09/16/2024","MNR","215,601"
"09/16/2024","LIRR","254,618"
"09/16/2024","Bus","1,473,843"
"09/16/2024","BT","942,442"
"09/15/2024","BT","954,266"
"09/15/2024","Subway","2,161,737"
"09/15/2024","SIR","2,605"
"09/15/2024","MNR","118,303"
"09/15/2024","LIRR","128,174"
"09/15/2024","Bus","705,080"
"09/15/2024","AAR","24,154"
"09/14/2024","BT","1,010,708"
"09/14/2024","Subway","2,706,474"
"09/14/2024","SIR","3,402"
"09/14/2024","MNR","136,864"
"09/14/2024","LIRR","145,099"
"09/14/2024","Bus","913,017"
"09/14/2024","AAR","24,473"
"09/13/2024","AAR","37,297"
"09/13/2024","Subway","3,911,412"
"09/13/2024","SIR","6,989"
"09/13/2024","MNR","219,747"
"09/13/2024","LIRR","254,945"
"09/13/2024","Bus","1,442,741"
"09/13/2024","BT","1,024,954"
"09/12/2024","AAR","38,778"
"09/12/2024","Subway","4,232,214"
"09/12/2024","SIR","8,174"
"09/12/2024","MNR","228,985"
"09/12/2024","LIRR","263,539"
"09/12/2024","Bus","1,515,496"
"09/12/2024","BT","993,520"
"09/11/2024","BT","929,727"
"09/11/2024","Subway","4,214,707"
"09/11/2024","SIR","9,107"
"09/11/2024","MNR","228,252"
"09/11/2024","LIRR","263,710"
"09/11/2024","Bus","1,489,570"
"09/11/2024","AAR","39,031"
"09/10/2024","BT","959,320"
"09/10/2024","Subway","4,182,405"
"09/10/2024","SIR","8,495"
"09/10/2024","MNR","233,290"
"09/10/2024","LIRR","263,027"
"09/10/2024","Bus","1,510,358"
"09/10/2024","AAR","38,230"
"09/09/2024","BT","938,320"
"09/09/2024","Subway","3,811,344"
"09/09/2024","SIR","7,724"
"09/09/2024","MNR","214,384"
"09/09/2024","LIRR","247,296"
"09/09/2024","Bus","1,458,059"
"09/09/2024","AAR","35,327"
"09/08/2024","AAR","23,760"
"09/08/2024","Subway","2,101,048"
"09/08/2024","SIR","2,280"
"09/08/2024","MNR","98,767"
"09/08/2024","LIRR","120,584"
"09/08/2024","Bus","724,969"
"09/08/2024","BT","921,697"
"09/07/2024","AAR","21,477"
"09/07/2024","Subway","2,479,639"
"09/07/2024","SIR","2,874"
"09/07/2024","MNR","105,974"
"09/07/2024","LIRR","137,291"
"09/07/2024","Bus","841,695"
"09/07/2024","BT","919,901"
"09/06/2024","BT","1,008,024"
"09/06/2024","Subway","3,794,952"
"09/06/2024","SIR","6,606"
"09/06/2024","MNR","202,757"
"09/06/2024","LIRR","258,126"
"09/06/2024","Bus","1,397,369"
"09/06/2024","AAR","36,478"
"09/05/2024","BT","974,389"
"09/05/2024","Subway","4,033,322"
"09/05/2024","SIR","7,475"
"09/05/2024","MNR","220,098"
"09/05/2024","LIRR","262,639"
"09/05/2024","Bus","1,434,726"
"09/05/2024","AAR","37,475"
"09/04/2024","BT","943,233"
"09/04/2024","Subway","3,868,854"
"09/04/2024","SIR","7,588"
"09/04/2024","MNR","225,508"
"09/04/2024","LIRR","271,660"
"09/04/2024","Bus","1,372,412"
"09/04/2024","AAR","38,623"
"09/03/2024","MNR","220,831"
"09/03/2024","Subway","3,629,404"
"09/03/2024","SIR","7,337"
"09/03/2024","LIRR","263,763"
"09/03/2024","Bus","1,323,572"
"09/03/2024","BT","967,455"
"09/03/2024","AAR","35,977"
"09/02/2024","AAR","14,939"
"09/02/2024","Subway","2,007,446"
"09/02/2024","SIR","2,571"
"09/02/2024","MNR","95,598"
"09/02/2024","LIRR","134,118"
"09/02/2024","Bus","629,636"
"09/02/2024","BT","861,398"
"09/01/2024","BT","903,778"
"09/01/2024","Subway","1,969,350"
"09/01/2024","SIR","2,149"
"09/01/2024","MNR","95,622"
"09/01/2024","LIRR","120,499"
"09/01/2024","Bus","658,803"
"09/01/2024","AAR","22,880"
"08/31/2024","BT","931,420"
"08/31/2024","Subway","2,158,004"
"08/31/2024","SIR","2,471"
"08/31/2024","MNR","119,313"
"08/31/2024","LIRR","149,890"
"08/31/2024","Bus","771,634"
"08/31/2024","AAR","21,518"
"08/30/2024","LIRR","255,954"
"08/30/2024","Subway","3,152,242"
"08/30/2024","SIR","5,287"
"08/30/2024","Bus","1,132,406"
"08/30/2024","BT","1,012,878"
"08/30/2024","MNR","195,334"
"08/30/2024","AAR","33,968"
"08/29/2024","Subway","3,438,760"
"08/29/2024","SIR","6,446"
"08/29/2024","MNR","192,714"
"08/29/2024","LIRR","261,935"
"08/29/2024","Bus","1,203,629"
"08/29/2024","BT","1,001,235"
"08/29/2024","AAR","35,044"
"08/28/2024","AAR","36,079"
"08/28/2024","Subway","3,516,674"
"08/28/2024","SIR","6,656"
"08/28/2024","MNR","195,873"
"08/28/2024","LIRR","257,194"
"08/28/2024","Bus","1,203,770"
"08/28/2024","BT","980,250"
"08/27/2024","BT","957,321"
"08/27/2024","Subway","3,477,101"
"08/27/2024","SIR","6,713"
"08/27/2024","MNR","201,834"
"08/27/2024","LIRR","261,771"
"08/27/2024","Bus","1,177,841"
"08/27/2024","AAR","34,997"
"08/26/2024","BT","943,802"
"08/26/2024","Subway","3,113,498"
"08/26/2024","SIR","5,896"
"08/26/2024","MNR","186,630"
"08/26/2024","LIRR","244,138"
"08/26/2024","Bus","1,104,199"
"08/26/2024","AAR","31,233"
"08/25/2024","AAR","22,347"
"08/25/2024","Subway","1,905,818"
"08/25/2024","SIR","2,309"
"08/25/2024","MNR","101,267"
"08/25/2024","LIRR","130,885"
"08/25/2024","Bus","629,302"
"08/25/2024","BT","954,450"
"08/24/2024","AAR","22,523"
"08/24/2024","Subway","2,332,624"
"08/24/2024","SIR","3,025"
"08/24/2024","MNR","119,252"
"08/24/2024","LIRR","146,684"
"08/24/2024","Bus","776,019"
"08/24/2024","BT","982,981"
"08/23/2024","BT","1,008,033"
"08/23/2024","Subway","3,209,666"
"08/23/2024","SIR","5,827"
"08/23/2024","MNR","196,218"
"08/23/2024","LIRR","235,738"
"08/23/2024","Bus","1,095,768"
"08/23/2024","AAR","33,653"
"08/22/2024","BT","993,618"
"08/22/2024","Subway","3,427,911"
"08/22/2024","SIR","6,458"
"08/22/2024","MNR","199,777"
"08/22/2024","LIRR","245,912"
"08/22/2024","Bus","1,140,225"
"08/22/2024","AAR","34,997"
"08/21/2024","BT","966,702"
"08/21/2024","Subway","3,498,651"
"08/21/2024","SIR","6,910"
"08/21/2024","MNR","204,853"
"08/21/2024","LIRR","247,076"
"08/21/2024","Bus","1,159,036"
"08/21/2024","AAR","36,401"
"08/20/2024","MNR","211,051"
"08/20/2024","Subway","3,475,888"
"08/20/2024","SIR","6,877"
"08/20/2024","LIRR","250,304"
"08/20/2024","Bus","1,164,259"
"08/20/2024","BT","960,477"
"08/20/2024","AAR","34,985"
"08/19/2024","AAR","31,668"
"08/19/2024","Subway","3,076,559"
"08/19/2024","SIR","5,870"
"08/19/2024","MNR","183,503"
"08/19/2024","LIRR","224,656"
"08/19/2024","Bus","1,090,594"
"08/19/2024","BT","939,487"
"08/18/2024","BT","860,623"
"08/18/2024","Subway","1,713,050"
"08/18/2024","SIR","1,953"
"08/18/2024","MNR","82,177"
"08/18/2024","LIRR","106,004"
"08/18/2024","Bus","578,595"
"08/18/2024","AAR","20,897"
"08/17/2024","BT","962,245"
"08/17/2024","Subway","2,256,233"
"08/17/2024","SIR","2,880"
"08/17/2024","MNR","112,928"
"08/17/2024","LIRR","135,948"
"08/17/2024","Bus","767,022"
"08/17/2024","AAR","22,797"
"08/16/2024","AAR","34,676"
"08/16/2024","Subway","3,198,733"
"08/16/2024","SIR","5,596"
"08/16/2024","MNR","185,953"
"08/16/2024","LIRR","235,035"
"08/16/2024","Bus","1,123,673"
"08/16/2024","BT","1,013,229"
"08/15/2024","AAR","36,343"
"08/15/2024","Subway","3,495,671"
"08/15/2024","SIR","6,528"
"08/15/2024","MNR","196,106"
"08/15/2024","LIRR","241,573"
"08/15/2024","Bus","1,182,864"
"08/15/2024","BT","1,006,980"
"08/14/2024","BT","970,112"
"08/14/2024","Subway","3,544,668"
"08/14/2024","SIR","7,028"
"08/14/2024","MNR","202,330"
"08/14/2024","LIRR","242,186"
"08/14/2024","Bus","1,182,980"
"08/14/2024","AAR","37,606"
"08/13/2024","BT","914,295"
"08/13/2024","Subway","3,491,612"
"08/13/2024","SIR","7,002"
"08/13/2024","MNR","205,674"
"08/13/2024","LIRR","242,459"
"08/13/2024","Bus","1,158,412"
"08/13/2024","AAR","35,503"
"08/12/2024","Bus","1,106,072"
"08/12/2024","Subway","3,169,180"
"08/12/2024","SIR","6,337"
"08/12/2024","AAR","33,127"
"08/12/2024","MNR","191,415"
"08/12/2024","LIRR","231,099"
"08/12/2024","BT","932,729"
"08/11/2024","AAR","22,996"
"08/11/2024","Subway","1,918,748"
"08/11/2024","SIR","2,552"
"08/11/2024","MNR","103,975"
"08/11/2024","LIRR","121,004"
"08/11/2024","Bus","614,435"
"08/11/2024","BT","932,245"
"08/10/2024","AAR","22,199"
"08/10/2024","Subway","2,356,405"
"08/10/2024","SIR","3,156"
"08/10/2024","MNR","119,101"
"08/10/2024","LIRR","133,623"
"08/10/2024","Bus","777,613"
"08/10/2024","BT","956,186"
"08/09/2024","BT","914,501"
"08/09/2024","Subway","3,041,276"
"08/09/2024","SIR","5,202"
"08/09/2024","MNR","170,622"
"08/09/2024","LIRR","215,973"
"08/09/2024","Bus","1,039,488"
"08/09/2024","AAR","32,193"
"08/08/2024","BT","948,381"
"08/08/2024","Subway","3,490,217"
"08/08/2024","SIR","6,466"
"08/08/2024","MNR","196,259"
"08/08/2024","LIRR","230,083"
"08/08/2024","Bus","1,108,956"
"08/08/2024","AAR","35,509"
"08/07/2024","AAR","36,667"
"08/07/2024","Subway","3,511,253"
"08/07/2024","SIR","6,593"
"08/07/2024","MNR","202,867"
"08/07/2024","LIRR","239,223"
"08/07/2024","Bus","1,117,450"
"08/07/2024","BT","928,763"
"08/06/2024","AAR","35,331"
"08/06/2024","Subway","3,462,581"
"08/06/2024","SIR","6,974"
"08/06/2024","MNR","207,212"
"08/06/2024","LIRR","234,650"
"08/06/2024","Bus","1,130,325"
"08/06/2024","BT","905,339"
"08/05/2024","BT","963,223"
"08/05/2024","Subway","3,222,601"
"08/05/2024","SIR","6,375"
"08/05/2024","MNR","192,078"
"08/05/2024","LIRR","234,345"
"08/05/2024","Bus","1,154,644"
"08/05/2024","AAR","33,112"
"08/04/2024","BT","891,954"
"08/04/2024","Subway","1,752,861"
"08/04/2024","SIR","2,099"
"08/04/2024","MNR","92,383"
"08/04/2024","LIRR","108,959"
"08/04/2024","Bus","588,249"
"08/04/2024","AAR","22,186"
"08/03/2024","BT","945,280"
"08/03/2024","Subway","2,200,373"
"08/03/2024","SIR","2,852"
"08/03/2024","MNR","109,769"
"08/03/2024","LIRR","123,922"
"08/03/2024","Bus","741,482"
"08/03/2024","AAR","22,133"
"08/02/2024","AAR","34,487"
"08/02/2024","Subway","3,153,955"
"08/02/2024","SIR","5,784"
"08/02/2024","MNR","181,008"
"08/02/2024","LIRR","215,453"
"08/02/2024","Bus","1,111,340"
"08/02/2024","BT","995,583"
"08/01/2024","AAR","35,878"
"08/01/2024","Subway","3,544,663"
"08/01/2024","SIR","6,902"
"08/01/2024","MNR","194,439"
"08/01/2024","LIRR","229,131"
"08/01/2024","Bus","1,208,275"
"08/01/2024","BT","1,016,033"
"07/31/2024","BT","963,202"
"07/31/2024","Subway","3,576,343"
"07/31/2024","SIR","7,018"
"07/31/2024","MNR","213,562"
"07/31/2024","LIRR","248,316"
"07/31/2024","Bus","1,213,507"
"07/31/2024","AAR","35,765"
"07/30/2024","BT","941,243"
"07/30/2024","Subway","3,590,241"
"07/30/2024","SIR","7,217"
"07/30/2024","MNR","220,120"
"07/30/2024","LIRR","251,398"
"07/30/2024","Bus","1,228,387"
"07/30/2024","AAR","34,911"
"07/29/2024","BT","932,158"
"07/29/2024","Subway","3,202,281"
"07/29/2024","SIR","6,240"
"07/29/2024","MNR","200,999"
"07/29/2024","LIRR","233,537"
"07/29/2024","Bus","1,147,023"
"07/29/2024","AAR","32,067"
"07/28/2024","MNR","99,516"
"07/28/2024","Subway","1,851,383"
"07/28/2024","SIR","2,214"
"07/28/2024","LIRR","121,226"
"07/28/2024","Bus","645,704"
"07/28/2024","BT","954,855"
"07/28/2024","AAR","22,027"
"07/27/2024","AAR","22,582"
"07/27/2024","Subway","2,306,948"
"07/27/2024","SIR","2,991"
"07/27/2024","MNR","125,101"
"07/27/2024","LIRR","138,344"
"07/27/2024","Bus","809,660"
"07/27/2024","BT","986,456"
"07/26/2024","BT","1,016,330"
"07/26/2024","Subway","3,288,849"
"07/26/2024","SIR","5,946"
"07/26/2024","MNR","201,321"
"07/26/2024","LIRR","247,475"
"07/26/2024","Bus","1,154,709"
"07/26/2024","AAR","34,431"
"07/25/2024","BT","995,084"
"07/25/2024","Subway","3,638,351"
"07/25/2024","SIR","6,850"
"07/25/2024","MNR","214,281"
"07/25/2024","LIRR","255,367"
"07/25/2024","Bus","1,220,056"
"07/25/2024","AAR","35,373"
"07/24/2024","Bus","1,220,410"
"07/24/2024","Subway","3,656,472"
"07/24/2024","SIR","7,260"
"07/24/2024","AAR","36,652"
"07/24/2024","MNR","224,862"
"07/24/2024","LIRR","249,158"
"07/24/2024","BT","952,083"
"07/23/2024","MNR","229,841"
"07/23/2024","Subway","3,606,656"
"07/23/2024","SIR","7,177"
"07/23/2024","LIRR","247,915"
"07/23/2024","Bus","1,211,237"
"07/23/2024","BT","932,660"
"07/23/2024","AAR","35,110"
"07/22/2024","AAR","32,431"
"07/22/2024","Subway","3,235,343"
"07/22/2024","SIR","6,510"
"07/22/2024","MNR","215,087"
"07/22/2024","LIRR","231,813"
"07/22/2024","Bus","1,168,226"
"07/22/2024","BT","942,623"
"07/21/2024","BT","966,494"
"07/21/2024","Subway","1,877,704"
"07/21/2024","SIR","2,080"
"07/21/2024","MNR","111,438"
"07/21/2024","LIRR","126,169"
"07/21/2024","Bus","659,004"
"07/21/2024","AAR","21,664"
"07/20/2024","BT","984,535"
"07/20/2024","Subway","2,269,647"
"07/20/2024","SIR","2,688"
"07/20/2024","MNR","125,050"
"07/20/2024","LIRR","131,910"
"07/20/2024","Bus","803,868"
"07/20/2024","AAR","19,961"
"07/19/2024","AAR","34,718"
"07/19/2024","Subway","3,372,874"
"07/19/2024","SIR","6,480"
"07/19/2024","MNR","206,922"
"07/19/2024","LIRR","243,438"
"07/19/2024","Bus","1,207,102"
"07/19/2024","BT","1,022,607"
"07/18/2024","AAR","36,119"
"07/18/2024","Subway","3,637,826"
"07/18/2024","SIR","7,085"
"07/18/2024","MNR","211,370"
"07/18/2024","LIRR","241,785"
"07/18/2024","Bus","1,218,605"
"07/18/2024","BT","1,010,443"
"07/17/2024","BT","960,518"
"07/17/2024","Subway","3,651,756"
"07/17/2024","SIR","6,845"
"07/17/2024","MNR","214,137"
"07/17/2024","LIRR","248,424"
"07/17/2024","Bus","1,210,515"
"07/17/2024","AAR","36,547"
"07/16/2024","BT","948,164"
"07/16/2024","Subway","3,594,150"
"07/16/2024","SIR","6,828"
"07/16/2024","MNR","220,620"
"07/16/2024","LIRR","249,559"
"07/16/2024","Bus","1,209,152"
"07/16/2024","AAR","35,468"
"07/15/2024","BT","954,918"
"07/15/2024","Subway","3,259,800"
"07/15/2024","SIR","6,398"
"07/15/2024","MNR","202,008"
"07/15/2024","LIRR","233,209"
"07/15/2024","Bus","1,160,722"
"07/15/2024","AAR","32,763"
"07/14/2024","MNR","97,038"
"07/14/2024","Subway","1,869,670"
"07/14/2024","SIR","2,160"
"07/14/2024","LIRR","119,283"
"07/14/2024","Bus","633,752"
"07/14/2024","BT","950,803"
"07/14/2024","AAR","22,682"
"07/13/2024","AAR","20,949"
"07/13/2024","Subway","2,203,283"
"07/13/2024","SIR","2,700"
"07/13/2024","MNR","107,166"
"07/13/2024","LIRR","123,988"
"07/13/2024","Bus","743,154"
"07/13/2024","BT","916,511"
"07/12/2024","BT","983,536"
"07/12/2024","Subway","3,261,074"
"07/12/2024","SIR","5,586"
"07/12/2024","MNR","191,828"
"07/12/2024","LIRR","231,084"
"07/12/2024","Bus","1,120,310"
"07/12/2024","AAR","34,090"
"07/11/2024","BT","997,744"
"07/11/2024","Subway","3,688,029"
"07/11/2024","SIR","6,914"
"07/11/2024","MNR","209,174"
"07/11/2024","LIRR","246,250"
"07/11/2024","Bus","1,233,678"
"07/11/2024","AAR","35,691"
"07/10/2024","AAR","37,417"
"07/10/2024","Subway","3,691,835"
"07/10/2024","SIR","7,393"
"07/10/2024","MNR","210,993"
"07/10/2024","LIRR","249,781"
"07/10/2024","Bus","1,252,733"
"07/10/2024","BT","961,413"
"07/09/2024","AAR","35,500"
"07/09/2024","Subway","3,605,032"
"07/09/2024","SIR","7,176"
"07/09/2024","MNR","219,843"
"07/09/2024","LIRR","249,970"
"07/09/2024","Bus","1,236,657"
"07/09/2024","BT","956,804"
"07/08/2024","BT","949,660"
"07/08/2024","Subway","3,228,784"
"07/08/2024","SIR","6,499"
"07/08/2024","MNR","199,454"
"07/08/2024","LIRR","226,613"
"07/08/2024","Bus","1,176,713"
"07/08/2024","AAR","33,105"
"07/07/2024","BT","912,740"
"07/07/2024","Subway","1,804,572"
"07/07/2024","SIR","2,167"
"07/07/2024","MNR","105,041"
"07/07/2024","LIRR","120,316"
"07/07/2024","Bus","642,652"
"07/07/2024","AAR","22,640"
"07/06/2024","Bus","758,425"
"07/06/2024","Subway","2,100,877"
"07/06/2024","SIR","2,688"
"07/06/2024","AAR","19,730"
"07/06/2024","MNR","110,386"
"07/06/2024","LIRR","119,417"
"07/06/2024","BT","860,697"
"07/05/2024","AAR","28,776"
"07/05/2024","Subway","2,700,734"
"07/05/2024","SIR","4,563"
"07/05/2024","MNR","183,222"
"07/05/2024","LIRR","207,314"
"07/05/2024","Bus","1,001,854"
"07/05/2024","BT","857,429"
"07/04/2024","AAR","17,646"
"07/04/2024","Subway","1,992,244"
"07/04/2024","SIR","2,939"
"07/04/2024","MNR","101,274"
"07/04/2024","LIRR","117,030"
"07/04/2024","Bus","643,119"
"07/04/2024","BT","755,272"
"07/03/2024","BT","1,007,199"
"07/03/2024","Subway","3,409,357"
"07/03/2024","SIR","6,758"
"07/03/2024","MNR","205,176"
"07/03/2024","LIRR","237,577"
"07/03/2024","Bus","1,198,766"
"07/03/2024","AAR","36,949"
"07/02/2024","BT","956,076"
"07/02/2024","Subway","3,542,073"
"07/02/2024","SIR","7,431"
"07/02/2024","MNR","207,844"
"07/02/2024","LIRR","234,535"
"07/02/2024","Bus","1,216,755"
"07/02/2024","AAR","35,200"
"07/01/2024","AAR","32,979"
"07/01/2024","Subway","3,273,546"
"07/01/2024","SIR","6,947"
"07/01/2024","MNR","185,943"
"07/01/2024","LIRR","216,906"
"07/01/2024","Bus","1,156,904"
"07/01/2024","BT","959,030"
"06/30/2024","AAR","20,851"
"06/30/2024","Subway","2,002,269"
"06/30/2024","SIR","2,268"
"06/30/2024","MNR","108,244"
"06/30/2024","LIRR","126,526"
"06/30/2024","Bus","583,751"
"06/30/2024","BT","888,565"
"06/29/2024","BT","981,000"
"06/29/2024","Subway","2,454,997"
"06/29/2024","SIR","2,948"
"06/29/2024","MNR","119,738"
"06/29/2024","LIRR","138,769"
"06/29/2024","Bus","780,229"
"06/29/2024","AAR","21,904"
"06/28/2024","BT","1,042,093"
"06/28/2024","Subway","3,522,732"
"06/28/2024","SIR","6,305"
"06/28/2024","MNR","211,914"
"06/28/2024","LIRR","255,739"
"06/28/2024","Bus","1,141,168"
"06/28/2024","AAR","34,111"
"06/27/2024","BT","1,037,346"
"06/27/2024","Subway","3,776,811"
"06/27/2024","SIR","7,170"
"06/27/2024","MNR","227,648"
"06/27/2024","LIRR","255,215"
"06/27/2024","Bus","1,214,263"
"06/27/2024","AAR","35,155"
"06/26/2024","AAR","36,344"
"06/26/2024","Subway","3,901,100"
"06/26/2024","SIR","7,314"
"06/26/2024","MNR","226,518"
"06/26/2024","LIRR","264,126"
"06/26/2024","Bus","1,267,408"
"06/26/2024","BT","1,027,462"
"06/25/2024","AAR","36,669"
"06/25/2024","Subway","3,831,447"
"06/25/2024","SIR","7,685"
"06/25/2024","MNR","232,410"
"06/25/2024","LIRR","271,783"
"06/25/2024","Bus","1,269,567"
"06/25/2024","BT","1,006,891"
"06/24/2024","BT","980,166"
"06/24/2024","Subway","3,467,845"
"06/24/2024","SIR","6,820"
"06/24/2024","MNR","213,904"
"06/24/2024","LIRR","246,269"
"06/24/2024","Bus","1,227,231"
"06/24/2024","AAR","33,300"
"06/23/2024","BT","957,537"
"06/23/2024","Subway","1,908,786"
"06/23/2024","SIR","2,061"
"06/23/2024","MNR","103,892"
"06/23/2024","LIRR","118,067"
"06/23/2024","Bus","648,887"
"06/23/2024","AAR","21,789"
"06/22/2024","BT","981,220"
"06/22/2024","Subway","2,385,207"
"06/22/2024","SIR","2,743"
"06/22/2024","MNR","119,962"
"06/22/2024","LIRR","133,102"
"06/22/2024","Bus","793,674"
"06/22/2024","AAR","21,970"
"06/21/2024","MNR","211,543"
"06/21/2024","Subway","3,500,365"
"06/21/2024","SIR","6,166"
"06/21/2024","LIRR","244,215"
"06/21/2024","Bus","1,191,812"
"06/21/2024","BT","1,027,492"
"06/21/2024","AAR","34,695"
"06/20/2024","AAR","36,445"
"06/20/2024","Subway","3,857,797"
"06/20/2024","SIR","7,217"
"06/20/2024","MNR","227,113"
"06/20/2024","LIRR","255,683"
"06/20/2024","Bus","1,275,626"
"06/20/2024","BT","1,025,738"
"06/19/2024","BT","973,450"
"06/19/2024","Subway","3,046,320"
"06/19/2024","SIR","4,527"
"06/19/2024","MNR","206,582"
"06/19/2024","LIRR","232,540"
"06/19/2024","Bus","1,068,172"
"06/19/2024","AAR","26,431"
"06/18/2024","BT","993,635"
"06/18/2024","Subway","3,920,839"
"06/18/2024","SIR","7,713"
"06/18/2024","MNR","242,116"
"06/18/2024","LIRR","260,538"
"06/18/2024","Bus","1,314,338"
"06/18/2024","AAR","36,105"
"06/17/2024","LIRR","242,993"
"06/17/2024","Subway","3,325,104"
"06/17/2024","SIR","6,466"
"06/17/2024","BT","961,183"
"06/17/2024","AAR","31,993"
"06/17/2024","MNR","215,241"
"06/17/2024","Bus","1,172,762"
"06/16/2024","AAR","24,200"
"06/16/2024","Subway","1,897,201"
"06/16/2024","SIR","2,245"
"06/16/2024","MNR","109,303"
"06/16/2024","LIRR","130,133"
"06/16/2024","Bus","653,946"
"06/16/2024","BT","1,001,387"
"06/15/2024","AAR","23,580"
"06/15/2024","Subway","2,431,810"
"06/15/2024","SIR","3,104"
"06/15/2024","MNR","122,409"
"06/15/2024","LIRR","142,102"
"06/15/2024","Bus","851,502"
"06/15/2024","BT","1,033,025"
"06/14/2024","BT","1,017,050"
"06/14/2024","Subway","3,517,062"
"06/14/2024","SIR","5,973"
"06/14/2024","MNR","204,586"
"06/14/2024","LIRR","247,019"
"06/14/2024","Bus","1,212,740"
"06/14/2024","AAR","34,757"
"06/13/2024","BT","969,399"
"06/13/2024","Subway","3,936,941"
"06/13/2024","SIR","7,675"
"06/13/2024","MNR","221,855"
"06/13/2024","LIRR","254,575"
"06/13/2024","Bus","1,310,210"
"06/13/2024","AAR","35,363"
"06/12/2024","AAR","36,693"
"06/12/2024","Subway","3,977,760"
"06/12/2024","SIR","8,138"
"06/12/2024","MNR","224,305"
"06/12/2024","LIRR","256,255"
"06/12/2024","Bus","1,355,294"
"06/12/2024","BT","952,603"
"06/11/2024","AAR","36,206"
"06/11/2024","Subway","3,995,425"
"06/11/2024","SIR","8,500"
"06/11/2024","MNR","230,796"
"06/11/2024","LIRR","259,101"
"06/11/2024","Bus","1,390,440"
"06/11/2024","BT","955,762"
"06/10/2024","BT","964,238"
"06/10/2024","Subway","3,702,212"
"06/10/2024","SIR","7,701"
"06/10/2024","MNR","211,542"
"06/10/2024","LIRR","240,121"
"06/10/2024","Bus","1,355,986"
"06/10/2024","AAR","32,970"
"06/09/2024","BT","966,063"
"06/09/2024","Subway","2,134,551"
"06/09/2024","SIR","2,492"
"06/09/2024","MNR","107,497"
"06/09/2024","LIRR","132,945"
"06/09/2024","Bus","680,981"
"06/09/2024","AAR","22,435"
"06/08/2024","BT","1,002,254"
"06/08/2024","Subway","2,673,220"
"06/08/2024","SIR","3,150"
"06/08/2024","MNR","135,138"
"06/08/2024","LIRR","159,020"
"06/08/2024","Bus","842,779"
"06/08/2024","AAR","23,371"
"06/07/2024","MNR","214,062"
"06/07/2024","Subway","3,752,412"
"06/07/2024","SIR","6,393"
"06/07/2024","LIRR","252,098"
"06/07/2024","Bus","1,254,339"
"06/07/2024","BT","1,040,780"
"06/07/2024","AAR","35,464"
"06/06/2024","AAR","35,234"
"06/06/2024","Subway","3,774,324"
"06/06/2024","SIR","7,059"
"06/06/2024","MNR","219,447"
"06/06/2024","LIRR","245,631"
"06/06/2024","Bus","1,207,899"
"06/06/2024","BT","993,746"
"06/05/2024","BT","990,705"
"06/05/2024","Subway","4,051,943"
"06/05/2024","SIR","7,942"
"06/05/2024","MNR","230,173"
"06/05/2024","LIRR","264,512"
"06/05/2024","Bus","1,338,427"
"06/05/2024","AAR","37,800"
"06/04/2024","BT","964,701"
"06/04/2024","Subway","3,979,793"
"06/04/2024","SIR","7,800"
"06/04/2024","MNR","233,237"
"06/04/2024","LIRR","255,090"
"06/04/2024","Bus","1,327,963"
"06/04/2024","AAR","36,865"
"06/03/2024","AAR","33,679"
"06/03/2024","Subway","3,611,491"
"06/03/2024","SIR","7,168"
"06/03/2024","MNR","197,640"
"06/03/2024","LIRR","225,413"
"06/03/2024","Bus","1,294,956"
"06/03/2024","BT","951,379"
"06/02/2024","AAR","22,640"
"06/02/2024","Subway","1,978,037"
"06/02/2024","SIR","2,339"
"06/02/2024","MNR","92,567"
"06/02/2024","LIRR","114,504"
"06/02/2024","Bus","651,637"
"06/02/2024","BT","944,876"
"06/01/2024","BT","1,003,362"
"06/01/2024","Subway","2,446,153"
"06/01/2024","SIR","2,980"
"06/01/2024","MNR","110,948"
"06/01/2024","LIRR","128,555"
"06/01/2024","Bus","848,601"
"06/01/2024","AAR","22,726"
"05/31/2024","BT","1,025,661"
"05/31/2024","Subway","3,688,627"
"05/31/2024","SIR","6,644"
"05/31/2024","MNR","211,027"
"05/31/2024","LIRR","245,017"
"05/31/2024","Bus","1,257,526"
"05/31/2024","AAR","35,020"
"05/30/2024","Bus","1,301,028"
"05/30/2024","Subway","3,979,959"
"05/30/2024","SIR","7,550"
"05/30/2024","AAR","35,372"
"05/30/2024","MNR","219,887"
"05/30/2024","LIRR","253,843"
"05/30/2024","BT","1,002,919"
"05/29/2024","AAR","36,435"
"05/29/2024","Subway","4,006,764"
"05/29/2024","SIR","8,090"
"05/29/2024","MNR","227,379"
"05/29/2024","LIRR","254,749"
"05/29/2024","Bus","1,309,889"
"05/29/2024","BT","959,947"
"05/28/2024","AAR","34,485"
"05/28/2024","Subway","3,825,781"
"05/28/2024","SIR","7,609"
"05/28/2024","MNR","227,311"
"05/28/2024","LIRR","257,078"
"05/28/2024","Bus","1,300,611"
"05/28/2024","BT","972,840"
"05/27/2024","BT","745,291"
"05/27/2024","Subway","1,667,890"
"05/27/2024","SIR","2,123"
"05/27/2024","MNR","81,042"
"05/27/2024","LIRR","99,975"
"05/27/2024","Bus","594,031"
"05/27/2024","AAR","12,673"
"05/26/2024","BT","908,474"
"05/26/2024","Subway","2,019,012"
"05/26/2024","SIR","2,710"
"05/26/2024","MNR","101,017"
"05/26/2024","LIRR","120,709"
"05/26/2024","Bus","652,393"
"05/26/2024","AAR","22,762"
"05/25/2024","AAR","20,733"
"05/25/2024","Subway","2,347,159"
"05/25/2024","SIR","3,031"
"05/25/2024","MNR","120,036"
"05/25/2024","LIRR","135,961"
"05/25/2024","Bus","805,680"
"05/25/2024","BT","928,412"
"05/24/2024","AAR","33,663"
"05/24/2024","Subway","3,583,244"
"05/24/2024","SIR","6,663"
"05/24/2024","MNR","209,130"
"05/24/2024","LIRR","250,907"
"05/24/2024","Bus","1,243,655"
"05/24/2024","BT","1,039,719"
"05/23/2024","BT","1,016,554"
"05/23/2024","Subway","3,863,099"
"05/23/2024","SIR","7,442"
"05/23/2024","MNR","215,083"
"05/23/2024","LIRR","250,848"
"05/23/2024","Bus","1,275,297"
"05/23/2024","AAR","34,785"
"05/22/2024","BT","996,779"
"05/22/2024","Subway","4,104,021"
"05/22/2024","SIR","8,086"
"05/22/2024","MNR","233,098"
"05/22/2024","LIRR","258,544"
"05/22/2024","Bus","1,357,841"
"05/22/2024","AAR","36,940"
"05/21/2024","BT","966,865"
"05/21/2024","Subway","4,029,557"
"05/21/2024","SIR","7,775"
"05/21/2024","MNR","234,587"
"05/21/2024","LIRR","252,506"
"05/21/2024","Bus","1,349,876"
"05/21/2024","AAR","35,819"
"05/20/2024","AAR","32,417"
"05/20/2024","Subway","3,682,061"
"05/20/2024","SIR","7,160"
"05/20/2024","MNR","216,450"
"05/20/2024","LIRR","236,846"
"05/20/2024","Bus","1,291,703"
"05/20/2024","BT","961,239"
"05/19/2024","AAR","22,305"
"05/19/2024","Subway","2,121,485"
"05/19/2024","SIR","2,228"
"05/19/2024","MNR","106,408"
"05/19/2024","LIRR","112,130"
"05/19/2024","Bus","657,256"
"05/19/2024","BT","942,844"
"05/18/2024","BT","972,936"
"05/18/2024","Subway","2,691,368"
"05/18/2024","SIR","2,855"
"05/18/2024","MNR","130,279"
"05/18/2024","LIRR","131,709"
"05/18/2024","Bus","792,454"
"05/18/2024","AAR","21,562"
"05/17/2024","BT","1,028,502"
"05/17/2024","Subway","3,816,914"
"05/17/2024","SIR","6,569"
"05/17/2024","MNR","215,838"
"05/17/2024","LIRR","241,980"
"05/17/2024","Bus","1,270,674"
"05/17/2024","AAR","34,945"
"05/16/2024","BT","990,185"
"05/16/2024","Subway","4,105,026"
"05/16/2024","SIR","7,590"
"05/16/2024","MNR","215,601"
"05/16/2024","LIRR","243,988"
"05/16/2024","Bus","1,306,481"
"05/16/2024","AAR","35,940"
"05/15/2024","MNR","219,840"
"05/15/2024","Subway","4,114,615"
"05/15/2024","SIR","7,856"
"05/15/2024","LIRR","248,434"
"05/15/2024","Bus","1,288,427"
"05/15/2024","BT","947,214"
"05/15/2024","AAR","36,951"
"05/14/2024","AAR","35,800"
"05/14/2024","Subway","4,116,655"
"05/14/2024","SIR","7,698"
"05/14/2024","MNR","226,656"
"05/14/2024","LIRR","260,745"
"05/14/2024","Bus","1,343,633"
"05/14/2024","BT","968,597"
"05/13/2024","BT","957,789"
"05/13/2024","Subway","3,703,066"
"05/13/2024","SIR","7,137"
"05/13/2024","MNR","209,794"
"05/13/2024","LIRR","244,216"
"05/13/2024","Bus","1,264,180"
"05/13/2024","AAR","31,980"
"05/12/2024","BT","933,869"
"05/12/2024","Subway","1,858,872"
"05/12/2024","SIR","1,755"
"05/12/2024","MNR","98,717"
"05/12/2024","LIRR","114,118"
"05/12/2024","Bus","559,614"
"05/12/2024","AAR","24,531"
"05/11/2024","Bus","845,713"
"05/11/2024","Subway","2,648,580"
"05/11/2024","SIR","3,078"
"05/11/2024","AAR","22,810"
"05/11/2024","MNR","117,308"
"05/11/2024","LIRR","134,051"
"05/11/2024","BT","1,007,785"
"05/10/2024","AAR","34,539"
"05/10/2024","Subway","3,677,268"
"05/10/2024","SIR","5,894"
"05/10/2024","MNR","195,091"
"05/10/2024","LIRR","228,020"
"05/10/2024","Bus","1,212,090"
"05/10/2024","BT","1,006,475"
"05/09/2024","AAR","35,927"
"05/09/2024","Subway","4,086,528"
"05/09/2024","SIR","7,344"
"05/09/2024","MNR","218,370"
"05/09/2024","LIRR","247,959"
"05/09/2024","Bus","1,354,139"
"05/09/2024","BT","1,004,630"
"05/08/2024","BT","973,565"
"05/08/2024","Subway","4,087,477"
"05/08/2024","SIR","7,623"
"05/08/2024","MNR","221,059"
"05/08/2024","LIRR","244,202"
"05/08/2024","Bus","1,350,511"
"05/08/2024","AAR","36,981"
"05/07/2024","BT","959,055"
"05/07/2024","Subway","4,098,321"
"05/07/2024","SIR","7,966"
"05/07/2024","MNR","227,303"
"05/07/2024","LIRR","250,953"
"05/07/2024","Bus","1,375,535"
"05/07/2024","AAR","36,309"
"05/06/2024","AAR","33,424"
"05/06/2024","Subway","3,652,105"
"05/06/2024","SIR","6,869"
"05/06/2024","MNR","200,506"
"05/06/2024","LIRR","229,643"
"05/06/2024","Bus","1,295,794"
"05/06/2024","BT","934,306"
"05/05/2024","AAR","20,709"
"05/05/2024","Subway","1,889,174"
"05/05/2024","SIR","2,571"
"05/05/2024","MNR","87,988"
"05/05/2024","LIRR","99,491"
"05/05/2024","Bus","578,132"
"05/05/2024","BT","823,309"
"05/04/2024","BT","954,647"
"05/04/2024","Subway","2,563,658"
"05/04/2024","SIR","2,769"
"05/04/2024","MNR","122,719"
"05/04/2024","LIRR","123,516"
"05/04/2024","Bus","849,249"
"05/04/2024","AAR","22,523"
"05/03/2024","BT","1,009,380"
"05/03/2024","Subway","3,780,888"
"05/03/2024","SIR","6,516"
"05/03/2024","MNR","204,190"
"05/03/2024","LIRR","226,880"
"05/03/2024","Bus","1,285,012"
"05/03/2024","AAR","34,860"
"05/02/2024","BT","985,377"
"05/02/2024","Subway","4,061,242"
"05/02/2024","SIR","7,475"
"05/02/2024","MNR","210,951"
"05/02/2024","LIRR","235,003"
"05/02/2024","Bus","1,349,838"
"05/02/2024","AAR","36,244"
"05/01/2024","AAR","35,701"
"05/01/2024","Subway","4,032,791"
"05/01/2024","SIR","7,757"
"05/01/2024","MNR","205,030"
"05/01/2024","LIRR","230,682"
"05/01/2024","Bus","1,350,660"
"05/01/2024","BT","959,302"
"04/30/2024","AAR","32,717"
"04/30/2024","Subway","3,638,986"
"04/30/2024","SIR","6,886"
"04/30/2024","MNR","218,592"
"04/30/2024","LIRR","240,862"
"04/30/2024","Bus","1,193,514"
"04/30/2024","BT","876,200"
"04/29/2024","BT","870,512"
"04/29/2024","Subway","3,323,706"
"04/29/2024","SIR","6,385"
"04/29/2024","MNR","201,385"
"04/29/2024","LIRR","225,362"
"04/29/2024","Bus","1,161,990"
"04/29/2024","AAR","30,504"
"04/28/2024","BT","884,153"
"04/28/2024","Subway","2,084,950"
"04/28/2024","SIR","1,965"
"04/28/2024","MNR","91,619"
"04/28/2024","LIRR","100,214"
"04/28/2024","Bus","649,572"
"04/28/2024","AAR","21,057"
"04/27/2024","BT","915,285"
"04/27/2024","Subway","2,506,779"
"04/27/2024","SIR","2,479"
"04/27/2024","MNR","109,447"
"04/27/2024","LIRR","123,192"
"04/27/2024","Bus","801,494"
"04/27/2024","AAR","20,591"
"04/26/2024","MNR","198,590"
"04/26/2024","Subway","3,431,590"
"04/26/2024","SIR","5,647"
"04/26/2024","LIRR","229,885"
"04/26/2024","Bus","1,143,792"
"04/26/2024","BT","960,070"
"04/26/2024","AAR","31,859"
"04/25/2024","AAR","32,999"
"04/25/2024","Subway","3,723,894"
"04/25/2024","SIR","6,820"
"04/25/2024","MNR","217,219"
"04/25/2024","LIRR","242,243"
"04/25/2024","Bus","1,191,480"
"04/25/2024","BT","966,560"
"04/24/2024","BT","884,275"
"04/24/2024","Subway","3,608,010"
"04/24/2024","SIR","6,847"
"04/24/2024","MNR","215,927"
"04/24/2024","LIRR","233,010"
"04/24/2024","Bus","1,180,243"
"04/24/2024","AAR","32,658"
"04/23/2024","BT","873,846"
"04/23/2024","Subway","3,522,218"
"04/23/2024","SIR","7,063"
"04/23/2024","MNR","221,191"
"04/23/2024","LIRR","238,274"
"04/23/2024","Bus","1,176,798"
"04/23/2024","AAR","31,727"
"04/22/2024","Bus","1,146,285"
"04/22/2024","Subway","3,219,677"
"04/22/2024","SIR","6,171"
"04/22/2024","AAR","29,919"
"04/22/2024","MNR","206,229"
"04/22/2024","LIRR","229,680"
"04/22/2024","BT","906,928"
"04/21/2024","MNR","98,834"
"04/21/2024","Subway","1,918,237"
"04/21/2024","SIR","2,017"
"04/21/2024","LIRR","101,817"
"04/21/2024","Bus","651,681"
"04/21/2024","BT","876,733"
"04/21/2024","AAR","20,807"
"04/20/2024","AAR","21,228"
"04/20/2024","Subway","2,537,525"
"04/20/2024","SIR","2,793"
"04/20/2024","MNR","123,804"
"04/20/2024","LIRR","125,999"
"04/20/2024","Bus","830,016"
"04/20/2024","BT","952,549"
"04/19/2024","BT","1,005,000"
"04/19/2024","Subway","3,705,782"
"04/19/2024","SIR","6,252"
"04/19/2024","MNR","205,809"
"04/19/2024","LIRR","223,518"
"04/19/2024","Bus","1,278,086"
"04/19/2024","AAR","33,749"
"04/18/2024","BT","960,125"
"04/18/2024","Subway","3,966,226"
"04/18/2024","SIR","7,271"
"04/18/2024","MNR","203,859"
"04/18/2024","LIRR","230,634"
"04/18/2024","Bus","1,303,010"
"04/18/2024","AAR","34,816"
"04/17/2024","AAR","35,970"
"04/17/2024","Subway","4,021,256"
"04/17/2024","SIR","7,805"
"04/17/2024","MNR","214,829"
"04/17/2024","LIRR","243,323"
"04/17/2024","Bus","1,347,870"
"04/17/2024","BT","946,559"
"04/16/2024","AAR","35,869"
"04/16/2024","Subway","4,033,514"
"04/16/2024","SIR","8,017"
"04/16/2024","MNR","220,030"
"04/16/2024","LIRR","243,835"
"04/16/2024","Bus","1,370,151"
"04/16/2024","BT","946,250"
"04/15/2024","BT","938,045"
"04/15/2024","Subway","3,704,177"
"04/15/2024","SIR","7,374"
"04/15/2024","MNR","203,835"
"04/15/2024","LIRR","233,386"
"04/15/2024","Bus","1,319,005"
"04/15/2024","AAR","32,975"
"04/14/2024","BT","900,793"
"04/14/2024","Subway","2,068,885"
"04/14/2024","SIR","2,145"
"04/14/2024","MNR","93,633"
"04/14/2024","LIRR","103,711"
"04/14/2024","Bus","664,358"
"04/14/2024","AAR","21,766"
"04/13/2024","BT","934,171"
"04/13/2024","Subway","2,535,112"
"04/13/2024","SIR","2,609"
"04/13/2024","MNR","110,542"
"04/13/2024","LIRR","120,351"
"04/13/2024","Bus","824,356"
"04/13/2024","AAR","21,606"
"04/12/2024","AAR","33,701"
"04/12/2024","Subway","3,668,439"
"04/12/2024","SIR","6,265"
"04/12/2024","MNR","191,755"
"04/12/2024","LIRR","225,168"
"04/12/2024","Bus","1,240,823"
"04/12/2024","BT","984,025"
"04/11/2024","AAR","35,354"
"04/11/2024","Subway","4,000,485"
"04/11/2024","SIR","7,326"
"04/11/2024","MNR","205,013"
"04/11/2024","LIRR","241,215"
"04/11/2024","Bus","1,315,916"
"04/11/2024","BT","968,131"
"04/10/2024","BT","950,832"
"04/10/2024","Subway","3,791,945"
"04/10/2024","SIR","7,115"
"04/10/2024","MNR","216,591"
"04/10/2024","LIRR","235,585"
"04/10/2024","Bus","1,245,909"
"04/10/2024","AAR","35,534"
"04/09/2024","BT","970,225"
"04/09/2024","Subway","4,042,674"
"04/09/2024","SIR","7,937"
"04/09/2024","MNR","228,390"
"04/09/2024","LIRR","251,964"
"04/09/2024","Bus","1,366,571"
"04/09/2024","AAR","36,151"
"04/08/2024","BT","883,899"
"04/08/2024","Subway","3,506,719"
"04/08/2024","SIR","6,873"
"04/08/2024","MNR","194,106"
"04/08/2024","LIRR","220,359"
"04/08/2024","Bus","1,258,402"
"04/08/2024","AAR","31,777"
"04/07/2024","MNR","94,103"
"04/07/2024","Subway","1,899,641"
"04/07/2024","SIR","2,033"
"04/07/2024","LIRR","101,624"
"04/07/2024","Bus","651,153"
"04/07/2024","BT","878,338"
"04/07/2024","AAR","21,759"
"04/06/2024","AAR","21,444"
"04/06/2024","Subway","2,477,127"
"04/06/2024","SIR","2,555"
"04/06/2024","MNR","117,095"
"04/06/2024","LIRR","128,106"
"04/06/2024","Bus","822,825"
"04/06/2024","BT","931,595"
"04/05/2024","BT","986,253"
"04/05/2024","Subway","3,800,800"
"04/05/2024","SIR","6,309"
"04/05/2024","MNR","202,580"
"04/05/2024","LIRR","225,107"
"04/05/2024","Bus","1,263,607"
"04/05/2024","AAR","34,503"
"04/04/2024","BT","961,556"
"04/04/2024","Subway","4,100,733"
"04/04/2024","SIR","7,180"
"04/04/2024","MNR","201,745"
"04/04/2024","LIRR","232,730"
"04/04/2024","Bus","1,339,531"
"04/04/2024","AAR","34,712"
"04/03/2024","MNR","195,001"
"04/03/2024","AAR","34,971"
"04/03/2024","Subway","3,890,305"
"04/03/2024","Bus","1,162,660"
"04/03/2024","BT","856,109"
"04/03/2024","SIR","6,815"
"04/03/2024","LIRR","222,764"
"04/02/2024","Bus","1,247,638"
"04/02/2024","Subway","3,900,061"
"04/02/2024","SIR","7,289"
"04/02/2024","MNR","206,753"
"04/02/2024","LIRR","234,615"
"04/02/2024","BT","894,314"
"04/02/2024","AAR","34,415"
"04/01/2024","AAR","30,083"
"04/01/2024","Subway","3,321,989"
"04/01/2024","SIR","6,053"
"04/01/2024","MNR","180,107"
"04/01/2024","LIRR","208,291"
"04/01/2024","Bus","1,168,598"
"04/01/2024","BT","921,607"
"03/31/2024","BT","936,601"
"03/31/2024","Subway","1,936,295"
"03/31/2024","SIR","2,096"
"03/31/2024","MNR","98,458"
"03/31/2024","LIRR","121,273"
"03/31/2024","Bus","606,411"
"03/31/2024","AAR","23,316"
"03/30/2024","BT","909,745"
"03/30/2024","Subway","2,526,569"
"03/30/2024","SIR","2,748"
"03/30/2024","MNR","111,061"
"03/30/2024","LIRR","135,355"
"03/30/2024","Bus","801,723"
"03/30/2024","AAR","19,891"
"03/29/2024","AAR","30,293"
"03/29/2024","Subway","3,372,535"
"03/29/2024","SIR","5,092"
"03/29/2024","MNR","198,343"
"03/29/2024","LIRR","241,583"
"03/29/2024","Bus","1,096,254"
"03/29/2024","BT","970,592"
"03/28/2024","AAR","34,416"
"03/28/2024","Subway","3,910,547"
"03/28/2024","SIR","6,780"
"03/28/2024","MNR","200,583"
"03/28/2024","LIRR","239,840"
"03/28/2024","Bus","1,223,847"
"03/28/2024","BT","958,838"
"03/27/2024","BT","948,272"
"03/27/2024","Subway","4,014,011"
"03/27/2024","SIR","7,628"
"03/27/2024","MNR","207,744"
"03/27/2024","LIRR","241,268"
"03/27/2024","Bus","1,342,695"
"03/27/2024","AAR","35,627"
"03/26/2024","BT","919,136"
"03/26/2024","Subway","3,969,793"
"03/26/2024","SIR","7,754"
"03/26/2024","MNR","211,566"
"03/26/2024","LIRR","239,790"
"03/26/2024","Bus","1,355,991"
"03/26/2024","AAR","34,874"
"03/25/2024","BT","906,615"
"03/25/2024","Subway","3,583,716"
"03/25/2024","SIR","7,032"
"03/25/2024","MNR","192,720"
"03/25/2024","LIRR","224,068"
"03/25/2024","Bus","1,281,676"
"03/25/2024","AAR","31,947"
"03/24/2024","MNR","80,451"
"03/24/2024","Subway","1,912,946"
"03/24/2024","SIR","1,890"
"03/24/2024","LIRR","95,973"
"03/24/2024","Bus","653,413"
"03/24/2024","BT","864,706"
"03/24/2024","AAR","22,334"
"03/23/2024","AAR","17,633"
"03/23/2024","Subway","1,863,863"
"03/23/2024","SIR","1,766"
"03/23/2024","MNR","77,331"
"03/23/2024","LIRR","95,770"
"03/23/2024","Bus","587,004"
"03/23/2024","BT","736,622"
"03/22/2024","BT","980,093"
"03/22/2024","Subway","3,581,959"
"03/22/2024","SIR","6,299"
"03/22/2024","MNR","187,489"
"03/22/2024","LIRR","225,175"
"03/22/2024","Bus","1,251,225"
"03/22/2024","AAR","33,549"
"03/21/2024","BT","951,848"
"03/21/2024","Subway","3,862,248"
"03/21/2024","SIR","7,292"
"03/21/2024","MNR","200,037"
"03/21/2024","LIRR","228,782"
"03/21/2024","Bus","1,317,112"
"03/21/2024","AAR","35,097"
"03/20/2024","AAR","35,998"
"03/20/2024","Subway","3,886,104"
"03/20/2024","SIR","7,700"
"03/20/2024","MNR","206,030"
"03/20/2024","LIRR","234,446"
"03/20/2024","Bus","1,334,002"
"03/20/2024","BT","931,986"
"03/19/2024","AAR","34,899"
"03/19/2024","Subway","3,869,116"
"03/19/2024","SIR","7,795"
"03/19/2024","MNR","210,028"
"03/19/2024","LIRR","242,771"
"03/19/2024","Bus","1,336,910"
"03/19/2024","BT","913,930"
"03/18/2024","BT","899,570"
"03/18/2024","Subway","3,482,565"
"03/18/2024","SIR","7,072"
"03/18/2024","MNR","190,770"
"03/18/2024","LIRR","221,451"
"03/18/2024","Bus","1,296,423"
"03/18/2024","AAR","31,905"
"03/17/2024","BT","865,840"
"03/17/2024","Subway","1,972,170"
"03/17/2024","SIR","2,078"
"03/17/2024","MNR","86,964"
"03/17/2024","LIRR","103,993"
"03/17/2024","Bus","625,861"
"03/17/2024","AAR","20,237"
"03/16/2024","Bus","838,318"
"03/16/2024","Subway","2,553,056"
"03/16/2024","SIR","3,108"
"03/16/2024","AAR","20,796"
"03/16/2024","MNR","129,667"
"03/16/2024","LIRR","138,156"
"03/16/2024","BT","927,686"
"03/15/2024","AAR","33,266"
"03/15/2024","Subway","3,643,013"
"03/15/2024","SIR","6,558"
"03/15/2024","MNR","199,285"
"03/15/2024","LIRR","227,481"
"03/15/2024","Bus","1,275,542"
"03/15/2024","BT","991,245"
"03/14/2024","AAR","36,111"
"03/14/2024","Subway","4,049,186"
"03/14/2024","SIR","7,658"
"03/14/2024","MNR","211,962"
"03/14/2024","LIRR","240,124"
"03/14/2024","Bus","1,368,263"
"03/14/2024","BT","974,694"
"03/13/2024","BT","942,026"
"03/13/2024","Subway","4,024,943"
"03/13/2024","SIR","8,100"
"03/13/2024","MNR","212,582"
"03/13/2024","LIRR","237,603"
"03/13/2024","Bus","1,377,062"
"03/13/2024","AAR","36,469"
"03/12/2024","BT","915,856"
"03/12/2024","Subway","3,988,438"
"03/12/2024","SIR","7,820"
"03/12/2024","MNR","213,584"
"03/12/2024","LIRR","239,002"
"03/12/2024","Bus","1,370,319"
"03/12/2024","AAR","34,978"
"03/11/2024","AAR","31,600"
"03/11/2024","Subway","3,497,588"
"03/11/2024","SIR","6,854"
"03/11/2024","MNR","188,108"
"03/11/2024","LIRR","218,755"
"03/11/2024","Bus","1,270,081"
"03/11/2024","BT","873,234"
"03/10/2024","AAR","20,080"
"03/10/2024","Subway","1,803,578"
"03/10/2024","SIR","1,750"
"03/10/2024","MNR","77,768"
"03/10/2024","LIRR","90,567"
"03/10/2024","Bus","630,566"
"03/10/2024","BT","821,120"
"03/09/2024","BT","860,563"
"03/09/2024","Subway","2,128,635"
"03/09/2024","SIR","2,174"
"03/09/2024","MNR","97,183"
"03/09/2024","LIRR","113,368"
"03/09/2024","Bus","747,405"
"03/09/2024","AAR","19,661"
"03/08/2024","BT","992,246"
"03/08/2024","Subway","3,685,219"
"03/08/2024","SIR","6,588"
"03/08/2024","MNR","192,899"
"03/08/2024","LIRR","226,372"
"03/08/2024","Bus","1,291,469"
"03/08/2024","AAR","34,613"
"03/07/2024","BT","946,074"
"03/07/2024","Subway","3,893,731"
"03/07/2024","SIR","7,414"
"03/07/2024","MNR","197,659"
"03/07/2024","LIRR","226,926"
"03/07/2024","Bus","1,334,827"
"03/07/2024","AAR","34,235"
"03/06/2024","AAR","35,207"
"03/06/2024","Subway","3,865,589"
"03/06/2024","SIR","7,555"
"03/06/2024","MNR","198,040"
"03/06/2024","LIRR","225,080"
"03/06/2024","Bus","1,273,337"
"03/06/2024","BT","894,426"
"03/05/2024","AAR","34,277"
"03/05/2024","Subway","3,819,514"
"03/05/2024","SIR","7,344"
"03/05/2024","MNR","204,515"
"03/05/2024","LIRR","236,999"
"03/05/2024","Bus","1,263,377"
"03/05/2024","BT","872,846"
"03/04/2024","BT","891,094"
"03/04/2024","Subway","3,539,671"
"03/04/2024","SIR","7,229"
"03/04/2024","MNR","188,845"
"03/04/2024","LIRR","219,565"
"03/04/2024","Bus","1,319,592"
"03/04/2024","AAR","32,231"
"03/03/2024","BT","860,095"
"03/03/2024","Subway","1,961,510"
"03/03/2024","SIR","1,981"
"03/03/2024","MNR","85,095"
"03/03/2024","LIRR","93,906"
"03/03/2024","Bus","686,787"
"03/03/2024","AAR","21,351"
"03/02/2024","BT","826,820"
"03/02/2024","Subway","2,094,029"
"03/02/2024","SIR","2,084"
"03/02/2024","MNR","85,586"
"03/02/2024","LIRR","98,266"
"03/02/2024","Bus","689,029"
"03/02/2024","AAR","19,380"
"03/01/2024","MNR","157,348"
"03/01/2024","Subway","3,573,658"
"03/01/2024","SIR","6,220"
"03/01/2024","LIRR","181,633"
"03/01/2024","Bus","1,276,428"
"03/01/2024","BT","973,371"
"03/01/2024","AAR","33,416"
"02/29/2024","AAR","33,637"
"02/29/2024","Subway","3,905,888"
"02/29/2024","SIR","7,295"
"02/29/2024","MNR","204,828"
"02/29/2024","LIRR","232,010"
"02/29/2024","Bus","1,334,777"
"02/29/2024","BT","962,146"
"02/28/2024","BT","893,814"
"02/28/2024","Subway","3,784,177"
"02/28/2024","SIR","7,428"
"02/28/2024","MNR","199,671"
"02/28/2024","LIRR","228,110"
"02/28/2024","Bus","1,290,829"
"02/28/2024","AAR","33,664"
"02/27/2024","BT","897,691"
"02/27/2024","Subway","3,802,458"
"02/27/2024","SIR","7,659"
"02/27/2024","MNR","208,042"
"02/27/2024","LIRR","233,207"
"02/27/2024","Bus","1,332,209"
"02/27/2024","AAR","33,571"
"02/26/2024","Bus","1,275,320"
"02/26/2024","Subway","3,439,079"
"02/26/2024","SIR","6,969"
"02/26/2024","AAR","30,867"
"02/26/2024","MNR","187,542"
"02/26/2024","LIRR","217,914"
"02/26/2024","BT","877,847"
"02/25/2024","MNR","78,248"
"02/25/2024","Subway","1,740,477"
"02/25/2024","SIR","1,800"
"02/25/2024","LIRR","88,104"
"02/25/2024","Bus","608,010"
"02/25/2024","BT","825,580"
"02/25/2024","AAR","19,822"
"02/24/2024","AAR","19,456"
"02/24/2024","Subway","2,308,808"
"02/24/2024","SIR","2,407"
"02/24/2024","MNR","98,942"
"02/24/2024","LIRR","114,816"
"02/24/2024","Bus","788,962"
"02/24/2024","BT","869,440"
"02/23/2024","BT","920,820"
"02/23/2024","Subway","3,219,121"
"02/23/2024","SIR","5,479"
"02/23/2024","MNR","182,348"
"02/23/2024","LIRR","208,527"
"02/23/2024","Bus","1,126,271"
"02/23/2024","AAR","30,262"
"02/22/2024","BT","928,655"
"02/22/2024","Subway","3,588,173"
"02/22/2024","SIR","6,674"
"02/22/2024","MNR","195,315"
"02/22/2024","LIRR","225,465"
"02/22/2024","Bus","1,212,903"
"02/22/2024","AAR","32,702"
"02/21/2024","AAR","33,590"
"02/21/2024","Subway","3,591,484"
"02/21/2024","SIR","7,112"
"02/21/2024","MNR","201,074"
"02/21/2024","LIRR","230,058"
"02/21/2024","Bus","1,222,440"
"02/21/2024","BT","896,387"
"02/20/2024","AAR","32,208"
"02/20/2024","Subway","3,490,990"
"02/20/2024","SIR","7,023"
"02/20/2024","MNR","207,099"
"02/20/2024","LIRR","233,827"
"02/20/2024","Bus","1,201,850"
"02/20/2024","BT","899,285"
"02/19/2024","BT","817,600"
"02/19/2024","Subway","2,244,741"
"02/19/2024","SIR","3,007"
"02/19/2024","MNR","85,973"
"02/19/2024","LIRR","96,569"
"02/19/2024","Bus","842,548"
"02/19/2024","AAR","17,585"
"02/18/2024","BT","797,397"
"02/18/2024","Subway","1,850,840"
"02/18/2024","SIR","1,720"
"02/18/2024","MNR","81,659"
"02/18/2024","LIRR","89,877"
"02/18/2024","Bus","604,537"
"02/18/2024","AAR","18,975"
"02/17/2024","BT","772,481"
"02/17/2024","Subway","2,178,047"
"02/17/2024","SIR","2,038"
"02/17/2024","MNR","92,423"
"02/17/2024","LIRR","95,271"
"02/17/2024","Bus","680,638"
"02/17/2024","AAR","17,545"
"02/16/2024","MNR","186,547"
"02/16/2024","Subway","3,504,536"
"02/16/2024","SIR","6,269"
"02/16/2024","LIRR","210,552"
"02/16/2024","Bus","1,225,865"
"02/16/2024","BT","966,657"
"02/16/2024","AAR","32,442"
"02/15/2024","AAR","33,402"
"02/15/2024","Subway","3,874,860"
"02/15/2024","SIR","7,500"
"02/15/2024","MNR","202,704"
"02/15/2024","LIRR","228,885"
"02/15/2024","Bus","1,305,830"
"02/15/2024","BT","952,529"
"02/14/2024","BT","913,181"
"02/14/2024","Subway","3,963,628"
"02/14/2024","SIR","7,645"
"02/14/2024","MNR","201,686"
"02/14/2024","LIRR","230,505"
"02/14/2024","Bus","1,282,121"
"02/14/2024","AAR","32,796"
"02/13/2024","BT","482,279"
"02/13/2024","Subway","2,273,584"
"02/13/2024","SIR","3,641"
"02/13/2024","MNR","134,355"
"02/13/2024","LIRR","166,803"
"02/13/2024","Bus","724,893"
"02/13/2024","AAR","23,271"
"02/12/2024","AAR","30,323"
"02/12/2024","Subway","3,374,596"
"02/12/2024","SIR","6,132"
"02/12/2024","MNR","185,118"
"02/12/2024","LIRR","212,628"
"02/12/2024","Bus","1,254,403"
"02/12/2024","BT","892,930"
"02/11/2024","AAR","20,610"
"02/11/2024","Subway","1,774,698"
"02/11/2024","SIR","1,769"
"02/11/2024","MNR","73,614"
"02/11/2024","LIRR","83,832"
"02/11/2024","Bus","628,400"
"02/11/2024","BT","762,790"
"02/10/2024","BT","880,000"
"02/10/2024","Subway","2,385,448"
"02/10/2024","SIR","2,596"
"02/10/2024","MNR","99,942"
"02/10/2024","LIRR","118,074"
"02/10/2024","Bus","795,892"
"02/10/2024","AAR","20,462"
"02/09/2024","BT","957,789"
"02/09/2024","Subway","3,547,321"
"02/09/2024","SIR","6,121"
"02/09/2024","MNR","185,475"
"02/09/2024","LIRR","218,909"
"02/09/2024","Bus","1,268,268"
"02/09/2024","AAR","32,233"
"02/08/2024","Bus","1,350,925"
"02/08/2024","Subway","3,903,673"
"02/08/2024","SIR","7,442"
"02/08/2024","AAR","34,386"
"02/08/2024","MNR","198,010"
"02/08/2024","LIRR","232,069"
"02/08/2024","BT","941,702"
"02/07/2024","AAR","34,799"
"02/07/2024","Subway","3,900,992"
"02/07/2024","SIR","7,655"
"02/07/2024","MNR","202,871"
"02/07/2024","LIRR","229,426"
"02/07/2024","Bus","1,341,486"
"02/07/2024","BT","900,800"
"02/06/2024","AAR","33,618"
"02/06/2024","Subway","3,857,533"
"02/06/2024","SIR","7,709"
"02/06/2024","MNR","208,252"
"02/06/2024","LIRR","233,524"
"02/06/2024","Bus","1,346,868"
"02/06/2024","BT","884,477"
"02/05/2024","BT","859,195"
"02/05/2024","Subway","3,481,777"
"02/05/2024","SIR","7,053"
"02/05/2024","MNR","190,181"
"02/05/2024","LIRR","218,879"
"02/05/2024","Bus","1,297,578"
"02/05/2024","AAR","31,372"
"02/04/2024","BT","793,254"
"02/04/2024","Subway","1,742,107"
"02/04/2024","SIR","1,746"
"02/04/2024","MNR","77,083"
"02/04/2024","LIRR","86,327"
"02/04/2024","Bus","626,299"
"02/04/2024","AAR","20,480"
"02/03/2024","AAR","20,070"
"02/03/2024","Subway","2,324,038"
"02/03/2024","SIR","2,357"
"02/03/2024","MNR","102,310"
"02/03/2024","LIRR","113,576"
"02/03/2024","Bus","808,103"
"02/03/2024","BT","849,004"
"02/02/2024","AAR","32,175"
"02/02/2024","Subway","3,457,807"
"02/02/2024","SIR","6,207"
"02/02/2024","MNR","174,044"
"02/02/2024","LIRR","200,395"
"02/02/2024","Bus","1,239,617"
"02/02/2024","BT","921,659"
"02/01/2024","BT","916,087"
"02/01/2024","Subway","3,814,682"
"02/01/2024","SIR","7,465"
"02/01/2024","MNR","189,621"
"02/01/2024","LIRR","214,275"
"02/01/2024","Bus","1,337,508"
"02/01/2024","AAR","33,540"
"01/31/2024","BT","886,952"
"01/31/2024","Subway","3,808,584"
"01/31/2024","SIR","7,651"
"01/31/2024","MNR","204,353"
"01/31/2024","LIRR","228,148"
"01/31/2024","Bus","1,325,692"
"01/31/2024","AAR","33,417"
"01/30/2024","BT","872,485"
"01/30/2024","Subway","3,717,520"
"01/30/2024","SIR","7,744"
"01/30/2024","MNR","207,896"
"01/30/2024","LIRR","230,931"
"01/30/2024","Bus","1,284,597"
"01/30/2024","AAR","32,782"
"01/29/2024","AAR","29,367"
"01/29/2024","Subway","3,297,571"
"01/29/2024","SIR","6,755"
"01/29/2024","MNR","187,702"
"01/29/2024","LIRR","214,890"
"01/29/2024","Bus","1,211,703"
"01/29/2024","BT","842,719"
"01/28/2024","AAR","17,473"
"01/28/2024","Subway","1,549,077"
"01/28/2024","SIR","1,455"
"01/28/2024","MNR","66,794"
"01/28/2024","LIRR","75,177"
"01/28/2024","Bus","535,857"
"01/28/2024","BT","715,214"
"01/27/2024","BT","856,146"
"01/27/2024","Subway","2,283,244"
"01/27/2024","SIR","2,409"
"01/27/2024","MNR","102,600"
"01/27/2024","LIRR","117,555"
"01/27/2024","Bus","801,262"
"01/27/2024","AAR","19,099"
"01/26/2024","BT","917,534"
"01/26/2024","Subway","3,380,816"
"01/26/2024","SIR","5,681"
"01/26/2024","MNR","184,511"
"01/26/2024","LIRR","213,749"
"01/26/2024","Bus","1,193,175"
"01/26/2024","AAR","31,329"
"01/25/2024","BT","894,518"
"01/25/2024","Subway","3,681,867"
"01/25/2024","SIR","6,845"
"01/25/2024","MNR","199,560"
"01/25/2024","LIRR","223,766"
"01/25/2024","Bus","1,256,481"
"01/25/2024","AAR","32,517"
"01/24/2024","MNR","201,969"
"01/24/2024","Subway","3,666,907"
"01/24/2024","SIR","7,027"
"01/24/2024","LIRR","223,928"
"01/24/2024","Bus","1,247,798"
"01/24/2024","BT","870,903"
"01/24/2024","AAR","33,082"
"01/23/2024","AAR","33,111"
"01/23/2024","Subway","3,652,488"
"01/23/2024","SIR","7,194"
"01/23/2024","MNR","205,300"
"01/23/2024","LIRR","233,311"
"01/23/2024","Bus","1,264,199"
"01/23/2024","BT","868,625"
"01/22/2024","BT","845,081"
"01/22/2024","Subway","3,305,387"
"01/22/2024","SIR","6,558"
"01/22/2024","MNR","185,181"
"01/22/2024","LIRR","209,302"
"01/22/2024","Bus","1,210,644"
"01/22/2024","AAR","30,092"
"01/21/2024","BT","721,445"
"01/21/2024","Subway","1,576,126"
"01/21/2024","SIR","1,482"
"01/21/2024","MNR","66,955"
"01/21/2024","LIRR","78,041"
"01/21/2024","Bus","548,497"
"01/21/2024","AAR","17,147"
"01/20/2024","LIRR","96,128"
"01/20/2024","Subway","2,024,041"
"01/20/2024","SIR","1,926"
"01/20/2024","BT","761,763"
"01/20/2024","AAR","15,487"
"01/20/2024","MNR","82,817"
"01/20/2024","Bus","677,335"
"01/19/2024","AAR","27,175"
"01/19/2024","Subway","3,176,408"
"01/19/2024","SIR","5,330"
"01/19/2024","MNR","171,490"
"01/19/2024","LIRR","191,999"
"01/19/2024","Bus","1,109,408"
"01/19/2024","BT","797,009"
"01/18/2024","AAR","32,318"
"01/18/2024","Subway","3,655,850"
"01/18/2024","SIR","7,014"
"01/18/2024","MNR","197,257"
"01/18/2024","LIRR","217,911"
"01/18/2024","Bus","1,235,693"
"01/18/2024","BT","900,897"
"01/17/2024","BT","867,429"
"01/17/2024","Subway","3,616,923"
"01/17/2024","SIR","6,891"
"01/17/2024","MNR","199,986"
"01/17/2024","LIRR","217,173"
"01/17/2024","Bus","1,193,111"
"01/17/2024","AAR","32,054"
"01/16/2024","BT","716,475"
"01/16/2024","Subway","3,235,935"
"01/16/2024","SIR","5,414"
"01/16/2024","MNR","178,389"
"01/16/2024","LIRR","205,716"
"01/16/2024","Bus","1,078,860"
"01/16/2024","AAR","29,826"
"01/15/2024","AAR","16,502"
"01/15/2024","Subway","2,169,917"
"01/15/2024","SIR","3,017"
"01/15/2024","MNR","80,498"
"01/15/2024","LIRR","91,887"
"01/15/2024","Bus","783,032"
"01/15/2024","BT","820,151"
"01/14/2024","AAR","18,588"
"01/14/2024","Subway","1,743,556"
"01/14/2024","SIR","1,745"
"01/14/2024","MNR","78,197"
"01/14/2024","LIRR","85,521"
"01/14/2024","Bus","588,809"
"01/14/2024","BT","752,646"
"01/13/2024","BT","822,986"
"01/13/2024","Subway","2,167,383"
"01/13/2024","SIR","2,210"
"01/13/2024","MNR","97,439"
"01/13/2024","LIRR","101,558"
"01/13/2024","Bus","755,670"
"01/13/2024","AAR","17,168"
"01/12/2024","BT","934,166"
"01/12/2024","Subway","3,365,791"
"01/12/2024","SIR","6,286"
"01/12/2024","MNR","182,896"
"01/12/2024","LIRR","207,670"
"01/12/2024","Bus","1,228,696"
"01/12/2024","AAR","31,096"
"01/11/2024","BT","925,357"
"01/11/2024","Subway","3,688,916"
"01/11/2024","SIR","7,337"
"01/11/2024","MNR","199,799"
"01/11/2024","LIRR","229,117"
"01/11/2024","Bus","1,293,940"
"01/11/2024","AAR","32,790"
"01/10/2024","MNR","191,221"
"01/10/2024","Subway","3,557,166"
"01/10/2024","SIR","7,216"
"01/10/2024","LIRR","217,461"
"01/10/2024","Bus","1,248,493"
"01/10/2024","BT","848,541"
"01/10/2024","AAR","31,338"
"01/09/2024","AAR","30,430"
"01/09/2024","Subway","3,353,192"
"01/09/2024","SIR","6,944"
"01/09/2024","MNR","188,888"
"01/09/2024","LIRR","213,699"
"01/09/2024","Bus","1,135,694"
"01/09/2024","BT","784,130"
"01/08/2024","BT","848,891"
"01/08/2024","Subway","3,303,727"
"01/08/2024","SIR","7,001"
"01/08/2024","MNR","184,150"
"01/08/2024","LIRR","208,960"
"01/08/2024","Bus","1,226,783"
"01/08/2024","AAR","28,890"
"01/07/2024","BT","568,828"
"01/07/2024","Subway","1,472,438"
"01/07/2024","SIR","1,533"
"01/07/2024","MNR","57,280"
"01/07/2024","LIRR","72,971"
"01/07/2024","Bus","502,518"
"01/07/2024","AAR","13,723"
"01/06/2024","AAR","15,850"
"01/06/2024","Subway","1,942,458"
"01/06/2024","SIR","2,070"
"01/06/2024","MNR","82,890"
"01/06/2024","LIRR","92,741"
"01/06/2024","Bus","684,686"
"01/06/2024","BT","724,404"
"01/05/2024","AAR","30,480"
"01/05/2024","Subway","3,263,064"
"01/05/2024","SIR","5,963"
"01/05/2024","MNR","173,362"
"01/05/2024","LIRR","199,441"
"01/05/2024","Bus","1,185,046"
"01/05/2024","BT","891,156"
"01/04/2024","BT","871,863"
"01/04/2024","Subway","3,560,703"
"01/04/2024","SIR","7,450"
"01/04/2024","MNR","190,588"
"01/04/2024","LIRR","212,217"
"01/04/2024","Bus","1,242,971"
"01/04/2024","AAR","31,233"
"01/03/2024","BT","860,670"
"01/03/2024","Subway","3,555,082"
"01/03/2024","SIR","7,565"
"01/03/2024","MNR","194,441"
"01/03/2024","LIRR","217,373"
"01/03/2024","Bus","1,212,761"
"01/03/2024","AAR","31,304"
"01/02/2024","Bus","1,091,104"
"01/02/2024","Subway","3,290,639"
"01/02/2024","SIR","7,107"
"01/02/2024","AAR","25,961"
"01/02/2024","MNR","184,978"
"01/02/2024","LIRR","209,680"
"01/02/2024","BT","833,562"
"01/01/2024","AAR","9,165"
"01/01/2024","Subway","1,648,734"
"01/01/2024","SIR","2,018"
"01/01/2024","MNR","73,957"
"01/01/2024","LIRR","82,811"
"01/01/2024","Bus","455,965"
"01/01/2024","BT","733,254"
"12/31/2023","AAR","20,005"
"12/31/2023","Subway","1,934,651"
"12/31/2023","SIR","2,029"
"12/31/2023","MNR","89,554"
"12/31/2023","LIRR","99,817"
"12/31/2023","Bus","548,344"
"12/31/2023","BT","674,200"
"12/30/2023","BT","836,447"
"12/30/2023","Subway","2,440,211"
"12/30/2023","SIR","2,780"
"12/30/2023","MNR","121,647"
"12/30/2023","LIRR","121,688"
"12/30/2023","Bus","720,564"
"12/30/2023","AAR","16,983"
"12/29/2023","BT","912,592"
"12/29/2023","Subway","3,198,885"
"12/29/2023","SIR","5,784"
"12/29/2023","MNR","210,361"
"12/29/2023","LIRR","237,781"
"12/29/2023","Bus","1,007,697"
"12/29/2023","AAR","26,892"
"12/28/2023","AAR","26,462"
"12/28/2023","Subway","3,064,841"
"12/28/2023","SIR","5,395"
"12/28/2023","MNR","193,235"
"12/28/2023","LIRR","218,546"
"12/28/2023","Bus","969,231"
"12/28/2023","BT","891,277"
"12/27/2023","AAR","25,945"
"12/27/2023","Subway","2,912,007"
"12/27/2023","SIR","5,373"
"12/27/2023","MNR","186,541"
"12/27/2023","LIRR","220,010"
"12/27/2023","Bus","955,890"
"12/27/2023","BT","884,586"
"12/26/2023","BT","870,326"
"12/26/2023","Subway","2,668,642"
"12/26/2023","SIR","5,158"
"12/26/2023","MNR","192,910"
"12/26/2023","LIRR","219,149"
"12/26/2023","Bus","906,670"
"12/26/2023","AAR","20,706"
"12/25/2023","BT","750,568"
"12/25/2023","Subway","1,273,729"
"12/25/2023","SIR","1,668"
"12/25/2023","MNR","65,350"
"12/25/2023","LIRR","80,587"
"12/25/2023","Bus","381,879"
"12/25/2023","AAR","14,750"
"12/24/2023","BT","795,756"
"12/24/2023","Subway","1,657,096"
"12/24/2023","SIR","1,912"
"12/24/2023","MNR","77,874"
"12/24/2023","LIRR","92,540"
"12/24/2023","Bus","549,448"
"12/24/2023","AAR","20,241"
"12/23/2023","AAR","17,627"
"12/23/2023","Subway","2,244,175"
"12/23/2023","SIR","2,700"
"12/23/2023","MNR","130,053"
"12/23/2023","LIRR","139,904"
"12/23/2023","Bus","708,808"
"12/23/2023","BT","880,249"
"12/22/2023","AAR","29,324"
"12/22/2023","Subway","3,372,318"
"12/22/2023","SIR","5,878"
"12/22/2023","MNR","206,169"
"12/22/2023","LIRR","231,036"
"12/22/2023","Bus","1,110,555"
"12/22/2023","BT","984,185"
"12/21/2023","BT","981,368"
"12/21/2023","Subway","3,675,448"
"12/21/2023","SIR","6,860"
"12/21/2023","MNR","199,411"
"12/21/2023","LIRR","229,252"
"12/21/2023","Bus","1,200,899"
"12/21/2023","AAR","31,713"
"12/20/2023","BT","968,890"
"12/20/2023","Subway","3,838,407"
"12/20/2023","SIR","7,363"
"12/20/2023","MNR","206,420"
"12/20/2023","LIRR","236,060"
"12/20/2023","Bus","1,245,547"
"12/20/2023","AAR","33,205"
"12/19/2023","BT","951,055"
"12/19/2023","Subway","3,912,934"
"12/19/2023","SIR","7,555"
"12/19/2023","MNR","213,625"
"12/19/2023","LIRR","244,031"
"12/19/2023","Bus","1,275,002"
"12/19/2023","AAR","32,542"
"12/18/2023","MNR","174,850"
"12/18/2023","Subway","3,314,782"
"12/18/2023","SIR","5,381"
"12/18/2023","LIRR","201,289"
"12/18/2023","Bus","1,082,334"
"12/18/2023","BT","813,192"
"12/18/2023","AAR","28,309"
"12/17/2023","AAR","18,445"
"12/17/2023","Subway","1,954,707"
"12/17/2023","SIR","1,787"
"12/17/2023","MNR","88,502"
"12/17/2023","LIRR","96,415"
"12/17/2023","Bus","569,005"
"12/17/2023","BT","812,194"
"12/16/2023","BT","976,161"
"12/16/2023","Subway","2,866,544"
"12/16/2023","SIR","3,085"
"12/16/2023","MNR","149,013"
"12/16/2023","LIRR","149,340"
"12/16/2023","Bus","814,457"
"12/16/2023","AAR","20,483"
"12/15/2023","BT","1,016,256"
"12/15/2023","Subway","3,845,234"
"12/15/2023","SIR","6,540"
"12/15/2023","MNR","208,572"
"12/15/2023","LIRR","235,800"
"12/15/2023","Bus","1,246,465"
"12/15/2023","AAR","32,517"
"12/14/2023","Bus","1,296,909"
"12/14/2023","Subway","4,122,091"
"12/14/2023","SIR","7,414"
"12/14/2023","AAR","33,406"
"12/14/2023","MNR","213,415"
"12/14/2023","LIRR","236,516"
"12/14/2023","BT","993,921"
"12/13/2023","AAR","34,323"
"12/13/2023","Subway","4,067,457"
"12/13/2023","SIR","7,859"
"12/13/2023","MNR","215,546"
"12/13/2023","LIRR","238,451"
"12/13/2023","Bus","1,314,167"
"12/13/2023","BT","964,293"
"12/12/2023","AAR","33,458"
"12/12/2023","Subway","4,051,574"
"12/12/2023","SIR","7,655"
"12/12/2023","MNR","219,393"
"12/12/2023","LIRR","236,348"
"12/12/2023","Bus","1,309,303"
"12/12/2023","BT","940,173"
"12/11/2023","BT","898,311"
"12/11/2023","Subway","3,642,743"
"12/11/2023","SIR","6,949"
"12/11/2023","MNR","191,110"
"12/11/2023","LIRR","219,022"
"12/11/2023","Bus","1,213,923"
"12/11/2023","AAR","29,271"
"12/10/2023","BT","782,143"
"12/10/2023","Subway","1,838,048"
"12/10/2023","SIR","1,648"
"12/10/2023","MNR","82,225"
"12/10/2023","LIRR","90,884"
"12/10/2023","Bus","539,117"
"12/10/2023","AAR","17,542"
"12/09/2023","AAR","20,580"
"12/09/2023","Subway","2,922,085"
"12/09/2023","SIR","3,181"
"12/09/2023","MNR","147,745"
"12/09/2023","LIRR","156,237"
"12/09/2023","Bus","828,894"
"12/09/2023","BT","947,836"
"12/08/2023","AAR","31,875"
"12/08/2023","Subway","3,863,961"
"12/08/2023","SIR","6,435"
"12/08/2023","MNR","198,539"
"12/08/2023","LIRR","225,208"
"12/08/2023","Bus","1,261,796"
"12/08/2023","BT","976,366"
"12/07/2023","BT","965,045"
"12/07/2023","Subway","4,088,438"
"12/07/2023","SIR","7,424"
"12/07/2023","MNR","204,586"
"12/07/2023","LIRR","231,114"
"12/07/2023","Bus","1,314,833"
"12/07/2023","AAR","32,511"
"12/06/2023","BT","941,055"
"12/06/2023","Subway","4,116,059"
"12/06/2023","SIR","7,951"
"12/06/2023","MNR","211,076"
"12/06/2023","LIRR","230,920"
"12/06/2023","Bus","1,350,594"
"12/06/2023","AAR","33,502"
"12/05/2023","BT","918,842"
"12/05/2023","Subway","3,991,835"
"12/05/2023","SIR","7,964"
"12/05/2023","MNR","224,065"
"12/05/2023","LIRR","243,329"
"12/05/2023","Bus","1,346,216"
"12/05/2023","AAR","33,235"
"12/04/2023","AAR","30,841"
"12/04/2023","Subway","3,709,458"
"12/04/2023","SIR","7,559"
"12/04/2023","MNR","201,080"
"12/04/2023","LIRR","223,257"
"12/04/2023","Bus","1,312,507"
"12/04/2023","BT","904,209"
"12/03/2023","AAR","18,450"
"12/03/2023","Subway","1,827,959"
"12/03/2023","SIR","1,633"
"12/03/2023","MNR","76,999"
"12/03/2023","LIRR","87,340"
"12/03/2023","Bus","553,618"
"12/03/2023","BT","780,908"
"12/02/2023","BT","906,791"
"12/02/2023","Subway","2,748,170"
"12/02/2023","SIR","2,618"
"12/02/2023","MNR","125,483"
"12/02/2023","LIRR","126,374"
"12/02/2023","Bus","826,725"
"12/02/2023","AAR","19,675"
"12/01/2023","BT","951,594"
"12/01/2023","Subway","3,723,171"
"12/01/2023","SIR","6,432"
"12/01/2023","MNR","164,628"
"12/01/2023","LIRR","185,151"
"12/01/2023","Bus","1,226,677"
"12/01/2023","AAR","31,284"
"11/30/2023","BT","950,509"
"11/30/2023","Subway","4,072,271"
"11/30/2023","SIR","7,737"
"11/30/2023","MNR","210,592"
"11/30/2023","LIRR","236,142"
"11/30/2023","Bus","1,340,370"
"11/30/2023","AAR","32,650"
"11/29/2023","MNR","212,929"
"11/29/2023","Subway","4,032,882"
"11/29/2023","SIR","7,851"
"11/29/2023","LIRR","234,738"
"11/29/2023","Bus","1,268,990"
"11/29/2023","BT","919,642"
"11/29/2023","AAR","32,809"
"11/28/2023","AAR","31,716"
"11/28/2023","Subway","3,916,476"
"11/28/2023","SIR","7,835"
"11/28/2023","MNR","216,450"
"11/28/2023","LIRR","234,794"
"11/28/2023","Bus","1,279,327"
"11/28/2023","BT","918,691"
"11/27/2023","BT","925,515"
"11/27/2023","Subway","3,523,494"
"11/27/2023","SIR","7,294"
"11/27/2023","MNR","200,017"
"11/27/2023","LIRR","228,127"
"11/27/2023","Bus","1,253,990"
"11/27/2023","AAR","29,418"
"11/26/2023","BT","867,663"
"11/26/2023","Subway","1,686,490"
"11/26/2023","SIR","1,834"
"11/26/2023","MNR","95,729"
"11/26/2023","LIRR","101,486"
"11/26/2023","Bus","566,395"
"11/26/2023","AAR","16,900"
"11/25/2023","Bus","696,466"
"11/25/2023","Subway","2,123,590"
"11/25/2023","SIR","2,454"
"11/25/2023","AAR","14,245"
"11/25/2023","MNR","117,682"
"11/25/2023","LIRR","124,716"
"11/25/2023","BT","869,749"
"11/24/2023","MNR","197,178"
"11/24/2023","Subway","2,457,591"
"11/24/2023","SIR","3,718"
"11/24/2023","LIRR","215,833"
"11/24/2023","Bus","807,221"
"11/24/2023","BT","822,045"
"11/24/2023","AAR","15,381"
"11/23/2023","AAR","21,741"
"11/23/2023","Subway","1,628,385"
"11/23/2023","SIR","2,257"
"11/23/2023","MNR","107,690"
"11/23/2023","LIRR","116,969"
"11/23/2023","Bus","471,662"
"11/23/2023","BT","901,251"
"11/22/2023","BT","989,611"
"11/22/2023","Subway","3,378,351"
"11/22/2023","SIR","6,524"
"11/22/2023","MNR","220,030"
"11/22/2023","LIRR","254,968"
"11/22/2023","Bus","1,160,847"
"11/22/2023","AAR","28,409"
"11/21/2023","BT","982,079"
"11/21/2023","Subway","3,774,952"
"11/21/2023","SIR","7,467"
"11/21/2023","MNR","213,162"
"11/21/2023","LIRR","236,079"
"11/21/2023","Bus","1,254,277"
"11/21/2023","AAR","32,139"
"11/20/2023","AAR","30,889"
"11/20/2023","Subway","3,647,283"
"11/20/2023","SIR","7,426"
"11/20/2023","MNR","203,599"
"11/20/2023","LIRR","228,502"
"11/20/2023","Bus","1,300,978"
"11/20/2023","BT","929,887"
"11/19/2023","AAR","19,835"
"11/19/2023","Subway","1,943,926"
"11/19/2023","SIR","2,058"
"11/19/2023","MNR","100,924"
"11/19/2023","LIRR","100,792"
"11/19/2023","Bus","657,965"
"11/19/2023","BT","870,740"
"11/18/2023","BT","949,904"
"11/18/2023","Subway","2,477,547"
"11/18/2023","SIR","2,630"
"11/18/2023","MNR","120,273"
"11/18/2023","LIRR","124,053"
"11/18/2023","Bus","831,053"
"11/18/2023","AAR","19,452"
"11/17/2023","BT","1,004,113"
"11/17/2023","Subway","3,741,391"
"11/17/2023","SIR","6,792"
"11/17/2023","MNR","201,231"
"11/17/2023","LIRR","227,909"
"11/17/2023","Bus","1,303,240"
"11/17/2023","AAR","31,496"
"11/16/2023","BT","982,627"
"11/16/2023","Subway","4,048,862"
"11/16/2023","SIR","8,010"
"11/16/2023","MNR","207,671"
"11/16/2023","LIRR","235,070"
"11/16/2023","Bus","1,391,273"
"11/16/2023","AAR","34,102"
"11/15/2023","AAR","34,166"
"11/15/2023","Subway","4,036,442"
"11/15/2023","SIR","8,322"
"11/15/2023","MNR","214,486"
"11/15/2023","LIRR","235,718"
"11/15/2023","Bus","1,389,217"
"11/15/2023","BT","946,469"
"11/14/2023","AAR","33,027"
"11/14/2023","Subway","3,991,767"
"11/14/2023","SIR","8,271"
"11/14/2023","MNR","214,218"
"11/14/2023","LIRR","235,487"
"11/14/2023","Bus","1,382,768"
"11/14/2023","BT","926,140"
"11/13/2023","BT","911,380"
"11/13/2023","Subway","3,597,029"
"11/13/2023","SIR","7,353"
"11/13/2023","MNR","194,691"
"11/13/2023","LIRR","225,204"
"11/13/2023","Bus","1,320,693"
"11/13/2023","AAR","30,479"
"11/12/2023","BT","894,864"
"11/12/2023","Subway","1,947,270"
"11/12/2023","SIR","1,958"
"11/12/2023","MNR","91,623"
"11/12/2023","LIRR","99,171"
"11/12/2023","Bus","642,431"
"11/12/2023","AAR","19,187"
"11/11/2023","BT","942,845"
"11/11/2023","Subway","2,588,540"
"11/11/2023","SIR","2,712"
"11/11/2023","MNR","118,398"
"11/11/2023","LIRR","122,170"
"11/11/2023","Bus","817,146"
"11/11/2023","AAR","18,654"
"11/10/2023","MNR","200,669"
"11/10/2023","Subway","3,611,367"
"11/10/2023","SIR","5,596"
"11/10/2023","LIRR","224,512"
"11/10/2023","Bus","1,250,528"
"11/10/2023","BT","979,328"
"11/10/2023","AAR","25,506"
"11/09/2023","AAR","32,982"
"11/09/2023","Subway","4,020,939"
"11/09/2023","SIR","7,929"
"11/09/2023","MNR","210,130"
"11/09/2023","LIRR","235,844"
"11/09/2023","Bus","1,376,822"
"11/09/2023","BT","984,726"
"11/08/2023","BT","941,982"
"11/08/2023","Subway","4,066,029"
"11/08/2023","SIR","8,306"
"11/08/2023","MNR","213,738"
"11/08/2023","LIRR","238,727"
"11/08/2023","Bus","1,401,268"
"11/08/2023","AAR","33,515"
"11/07/2023","BT","895,625"
"11/07/2023","Subway","3,655,078"
"11/07/2023","SIR","6,785"
"11/07/2023","MNR","215,344"
"11/07/2023","LIRR","238,656"
"11/07/2023","Bus","1,270,763"
"11/07/2023","AAR","30,843"
"11/06/2023","LIRR","225,898"
"11/06/2023","Subway","3,686,141"
"11/06/2023","SIR","7,474"
"11/06/2023","BT","927,692"
"11/06/2023","AAR","30,167"
"11/06/2023","MNR","198,934"
"11/06/2023","Bus","1,349,481"
"11/05/2023","AAR","16,889"
"11/05/2023","Subway","2,310,457"
"11/05/2023","SIR","3,407"
"11/05/2023","MNR","109,891"
"11/05/2023","LIRR","109,258"
"11/05/2023","Bus","614,666"
"11/05/2023","BT","794,306"
"11/04/2023","AAR","19,920"
"11/04/2023","Subway","2,588,115"
"11/04/2023","SIR","2,582"
"11/04/2023","MNR","123,922"
"11/04/2023","LIRR","122,433"
"11/04/2023","Bus","832,986"
"11/04/2023","BT","948,635"
"11/03/2023","BT","984,731"
"11/03/2023","Subway","3,808,235"
"11/03/2023","SIR","6,755"
"11/03/2023","MNR","193,580"
"11/03/2023","LIRR","218,703"
"11/03/2023","Bus","1,307,247"
"11/03/2023","AAR","31,816"
"11/02/2023","BT","957,528"
"11/02/2023","Subway","4,082,807"
"11/02/2023","SIR","7,997"
"11/02/2023","MNR","206,350"
"11/02/2023","LIRR","231,370"
"11/02/2023","Bus","1,380,510"
"11/02/2023","AAR","32,242"
"11/01/2023","AAR","32,374"
"11/01/2023","Subway","4,043,524"
"11/01/2023","SIR","8,010"
"11/01/2023","MNR","208,249"
"11/01/2023","LIRR","226,067"
"11/01/2023","Bus","1,369,637"
"11/01/2023","BT","931,361"
"10/31/2023","AAR","30,712"
"10/31/2023","Subway","4,016,482"
"10/31/2023","SIR","7,789"
"10/31/2023","MNR","203,951"
"10/31/2023","LIRR","224,816"
"10/31/2023","Bus","1,334,020"
"10/31/2023","BT","877,390"
"10/30/2023","BT","897,401"
"10/30/2023","Subway","3,623,778"
"10/30/2023","SIR","7,287"
"10/30/2023","MNR","197,550"
"10/30/2023","LIRR","225,140"
"10/30/2023","Bus","1,314,380"
"10/30/2023","AAR","29,075"
"10/29/2023","BT","874,635"
"10/29/2023","Subway","1,834,459"
"10/29/2023","SIR","1,766"
"10/29/2023","MNR","80,705"
"10/29/2023","LIRR","86,843"
"10/29/2023","Bus","589,929"
"10/29/2023","AAR","18,145"
"10/28/2023","BT","1,023,178"
"10/28/2023","Subway","2,743,759"
"10/28/2023","SIR","2,995"
"10/28/2023","MNR","139,276"
"10/28/2023","LIRR","124,172"
"10/28/2023","Bus","874,941"
"10/28/2023","AAR","20,126"
"10/27/2023","MNR","203,068"
"10/27/2023","Subway","3,853,546"
"10/27/2023","SIR","6,705"
"10/27/2023","LIRR","229,895"
"10/27/2023","Bus","1,348,576"
"10/27/2023","BT","1,031,620"
"10/27/2023","AAR","31,164"
"10/26/2023","AAR","32,549"
"10/26/2023","Subway","4,142,420"
"10/26/2023","SIR","8,147"
"10/26/2023","MNR","215,171"
"10/26/2023","LIRR","242,021"
"10/26/2023","Bus","1,431,016"
"10/26/2023","BT","989,646"
"10/25/2023","BT","951,107"
"10/25/2023","Subway","4,120,011"
"10/25/2023","SIR","8,368"
"10/25/2023","MNR","217,420"
"10/25/2023","LIRR","237,292"
"10/25/2023","Bus","1,443,766"
"10/25/2023","AAR","32,821"
"10/24/2023","BT","937,091"
"10/24/2023","Subway","4,040,571"
"10/24/2023","SIR","8,176"
"10/24/2023","MNR","218,201"
"10/24/2023","LIRR","241,544"
"10/24/2023","Bus","1,431,006"
"10/24/2023","AAR","31,757"
"10/23/2023","AAR","29,261"
"10/23/2023","Subway","3,667,240"
"10/23/2023","SIR","7,615"
"10/23/2023","MNR","199,199"
"10/23/2023","LIRR","221,569"
"10/23/2023","Bus","1,375,311"
"10/23/2023","BT","929,345"
"10/22/2023","AAR","18,954"
"10/22/2023","Subway","1,983,271"
"10/22/2023","SIR","2,021"
"10/22/2023","MNR","93,659"
"10/22/2023","LIRR","98,471"
"10/22/2023","Bus","678,536"
"10/22/2023","BT","931,564"
"10/21/2023","BT","910,190"
"10/21/2023","Subway","2,438,387"
"10/21/2023","SIR","2,464"
"10/21/2023","MNR","101,963"
"10/21/2023","LIRR","113,139"
"10/21/2023","Bus","793,917"
"10/21/2023","AAR","17,530"
"10/20/2023","BT","965,899"
"10/20/2023","Subway","3,616,336"
"10/20/2023","SIR","6,272"
"10/20/2023","MNR","192,383"
"10/20/2023","LIRR","222,385"
"10/20/2023","Bus","1,232,782"
"10/20/2023","AAR","29,766"
"10/19/2023","Bus","1,440,111"
"10/19/2023","Subway","4,121,563"
"10/19/2023","SIR","8,148"
"10/19/2023","AAR","32,909"
"10/19/2023","MNR","212,946"
"10/19/2023","LIRR","234,999"
"10/19/2023","BT","990,784"
"10/18/2023","AAR","33,615"
"10/18/2023","Subway","4,074,460"
"10/18/2023","SIR","8,356"
"10/18/2023","MNR","213,952"
"10/18/2023","LIRR","236,072"
"10/18/2023","Bus","1,440,292"
"10/18/2023","BT","953,178"
"10/17/2023","AAR","31,921"
"10/17/2023","Subway","4,021,342"
"10/17/2023","SIR","8,354"
"10/17/2023","MNR","222,110"
"10/17/2023","LIRR","243,917"
"10/17/2023","Bus","1,439,468"
"10/17/2023","BT","948,433"
"10/16/2023","BT","929,946"
"10/16/2023","Subway","3,661,144"
"10/16/2023","SIR","7,735"
"10/16/2023","MNR","203,627"
"10/16/2023","LIRR","228,147"
"10/16/2023","Bus","1,381,665"
"10/16/2023","AAR","29,453"
"10/15/2023","BT","914,805"
"10/15/2023","Subway","2,013,096"
"10/15/2023","SIR","2,148"
"10/15/2023","MNR","100,633"
"10/15/2023","LIRR","102,493"
"10/15/2023","Bus","689,581"
"10/15/2023","AAR","18,455"
"10/14/2023","AAR","17,155"
"10/14/2023","Subway","2,219,786"
"10/14/2023","SIR","2,298"
"10/14/2023","MNR","96,158"
"10/14/2023","LIRR","110,177"
"10/14/2023","Bus","717,223"
"10/14/2023","BT","876,531"
"10/13/2023","AAR","31,134"
"10/13/2023","Subway","3,560,964"
"10/13/2023","SIR","6,429"
"10/13/2023","MNR","193,658"
"10/13/2023","LIRR","226,873"
"10/13/2023","Bus","1,322,576"
"10/13/2023","BT","1,006,573"
"10/12/2023","BT","993,406"
"10/12/2023","Subway","4,104,598"
"10/12/2023","SIR","8,255"
"10/12/2023","MNR","215,284"
"10/12/2023","LIRR","248,974"
"10/12/2023","Bus","1,436,967"
"10/12/2023","AAR","32,865"
"10/11/2023","BT","954,481"
"10/11/2023","Subway","4,056,504"
"10/11/2023","SIR","8,630"
"10/11/2023","MNR","214,437"
"10/11/2023","LIRR","236,033"
"10/11/2023","Bus","1,451,764"
"10/11/2023","AAR","33,382"
"10/10/2023","BT","939,835"
"10/10/2023","Subway","3,954,925"
"10/10/2023","SIR","8,356"
"10/10/2023","MNR","220,445"
"10/10/2023","LIRR","239,967"
"10/10/2023","Bus","1,423,532"
"10/10/2023","AAR","31,970"
"10/09/2023","AAR","21,655"
"10/09/2023","Subway","2,833,654"
"10/09/2023","SIR","4,576"
"10/09/2023","MNR","189,567"
"10/09/2023","LIRR","206,491"
"10/09/2023","Bus","1,023,375"
"10/09/2023","BT","909,254"
"10/08/2023","AAR","18,471"
"10/08/2023","Subway","2,044,534"
"10/08/2023","SIR","2,722"
"10/08/2023","MNR","105,952"
"10/08/2023","LIRR","98,315"
"10/08/2023","Bus","654,443"
"10/08/2023","BT","899,451"
"10/07/2023","BT","845,459"
"10/07/2023","Subway","2,199,478"
"10/07/2023","SIR","2,010"
"10/07/2023","MNR","95,026"
"10/07/2023","LIRR","105,975"
"10/07/2023","Bus","720,734"
"10/07/2023","AAR","16,919"
"10/06/2023","BT","1,004,758"
"10/06/2023","Subway","3,639,729"
"10/06/2023","SIR","6,284"
"10/06/2023","MNR","193,065"
"10/06/2023","LIRR","225,040"
"10/06/2023","Bus","1,325,428"
"10/06/2023","AAR","30,643"
"10/05/2023","BT","977,772"
"10/05/2023","Subway","4,030,304"
"10/05/2023","SIR","7,814"
"10/05/2023","MNR","207,356"
"10/05/2023","LIRR","233,470"
"10/05/2023","Bus","1,457,151"
"10/05/2023","AAR","32,414"
"10/04/2023","MNR","209,399"
"10/04/2023","Subway","4,026,878"
"10/04/2023","SIR","7,928"
"10/04/2023","LIRR","231,999"
"10/04/2023","Bus","1,467,384"
"10/04/2023","BT","953,731"
"10/04/2023","AAR","33,186"
"10/03/2023","AAR","32,295"
"10/03/2023","Subway","4,008,201"
"10/03/2023","SIR","7,953"
"10/03/2023","MNR","214,111"
"10/03/2023","LIRR","235,305"
"10/03/2023","Bus","1,471,939"
"10/03/2023","BT","941,175"
"10/02/2023","BT","935,087"
"10/02/2023","Subway","3,649,389"
"10/02/2023","SIR","7,289"
"10/02/2023","MNR","183,892"
"10/02/2023","LIRR","208,901"
"10/02/2023","Bus","1,390,842"
"10/02/2023","AAR","28,672"
"10/01/2023","BT","901,140"
"10/01/2023","Subway","1,995,361"
"10/01/2023","SIR","1,984"
"10/01/2023","MNR","92,724"
"10/01/2023","LIRR","94,222"
"10/01/2023","Bus","669,243"
"10/01/2023","AAR","18,586"
"09/30/2023","Bus","789,587"
"09/30/2023","Subway","2,205,573"
"09/30/2023","SIR","1,936"
"09/30/2023","AAR","16,536"
"09/30/2023","MNR","100,703"
"09/30/2023","LIRR","104,842"
"09/30/2023","BT","867,826"
"09/29/2023","AAR","29,054"
"09/29/2023","Subway","2,467,295"
"09/29/2023","SIR","5,183"
"09/29/2023","MNR","128,570"
"09/29/2023","LIRR","188,008"
"09/29/2023","Bus","1,053,306"
"09/29/2023","BT","830,295"
"09/28/2023","AAR","31,804"
"09/28/2023","Subway","4,051,444"
"09/28/2023","SIR","7,587"
"09/28/2023","MNR","201,304"
"09/28/2023","LIRR","227,819"
"09/28/2023","Bus","1,433,729"
"09/28/2023","BT","969,705"
"09/27/2023","BT","947,790"
"09/27/2023","Subway","4,074,930"
"09/27/2023","SIR","7,877"
"09/27/2023","MNR","212,978"
"09/27/2023","LIRR","232,823"
"09/27/2023","Bus","1,463,309"
"09/27/2023","AAR","32,758"
"09/26/2023","BT","913,826"
"09/26/2023","Subway","3,946,624"
"09/26/2023","SIR","7,655"
"09/26/2023","MNR","214,987"
"09/26/2023","LIRR","235,620"
"09/26/2023","Bus","1,393,963"
"09/26/2023","AAR","30,558"
"09/25/2023","AAR","24,609"
"09/25/2023","Subway","2,885,921"
"09/25/2023","SIR","5,320"
"09/25/2023","MNR","175,651"
"09/25/2023","LIRR","194,611"
"09/25/2023","Bus","1,035,021"
"09/25/2023","BT","816,113"
"09/24/2023","AAR","15,255"
"09/24/2023","Subway","1,701,656"
"09/24/2023","SIR","1,863"
"09/24/2023","MNR","75,103"
"09/24/2023","LIRR","83,669"
"09/24/2023","Bus","562,224"
"09/24/2023","BT","750,320"
"09/23/2023","BT","806,230"
"09/23/2023","Subway","2,116,140"
"09/23/2023","SIR","2,012"
"09/23/2023","MNR","86,985"
"09/23/2023","LIRR","96,073"
"09/23/2023","Bus","682,092"
"09/23/2023","AAR","15,680"
"09/22/2023","BT","1,024,575"
"09/22/2023","Subway","3,840,412"
"09/22/2023","SIR","7,175"
"09/22/2023","MNR","194,197"
"09/22/2023","LIRR","223,821"
"09/22/2023","Bus","1,403,811"
"09/22/2023","AAR","30,086"
"09/21/2023","BT","983,182"
"09/21/2023","Subway","4,139,288"
"09/21/2023","SIR","8,554"
"09/21/2023","MNR","211,375"
"09/21/2023","LIRR","232,409"
"09/21/2023","Bus","1,478,606"
"09/21/2023","AAR","31,455"
"09/20/2023","AAR","32,181"
"09/20/2023","Subway","4,179,861"
"09/20/2023","SIR","8,671"
"09/20/2023","MNR","219,540"
"09/20/2023","LIRR","242,203"
"09/20/2023","Bus","1,478,618"
"09/20/2023","BT","962,794"
"09/19/2023","AAR","31,109"
"09/19/2023","Subway","4,140,301"
"09/19/2023","SIR","8,652"
"09/19/2023","MNR","224,426"
"09/19/2023","LIRR","241,135"
"09/19/2023","Bus","1,480,863"
"09/19/2023","BT","938,743"
"09/18/2023","BT","880,290"
"09/18/2023","Subway","3,539,047"
"09/18/2023","SIR","7,010"
"09/18/2023","MNR","192,103"
"09/18/2023","LIRR","215,151"
"09/18/2023","Bus","1,294,777"
"09/18/2023","AAR","28,341"
"09/17/2023","BT","906,081"
"09/17/2023","Subway","1,988,003"
"09/17/2023","SIR","2,197"
"09/17/2023","MNR","96,229"
"09/17/2023","LIRR","107,302"
"09/17/2023","Bus","666,392"
"09/17/2023","AAR","18,330"
"09/16/2023","BT","976,614"
"09/16/2023","Subway","2,446,139"
"09/16/2023","SIR","2,864"
"09/16/2023","MNR","115,065"
"09/16/2023","LIRR","117,997"
"09/16/2023","Bus","881,354"
"09/16/2023","AAR","18,923"
"09/15/2023","MNR","192,398"
"09/15/2023","Subway","3,694,845"
"09/15/2023","SIR","6,429"
"09/15/2023","LIRR","225,904"
"09/15/2023","Bus","1,398,937"
"09/15/2023","BT","1,026,636"
"09/15/2023","AAR","30,957"
"09/14/2023","AAR","32,717"
"09/14/2023","Subway","4,045,169"
"09/14/2023","SIR","7,847"
"09/14/2023","MNR","206,374"
"09/14/2023","LIRR","232,039"
"09/14/2023","Bus","1,517,040"
"09/14/2023","BT","993,640"
"09/13/2023","BT","940,261"
"09/13/2023","Subway","3,938,516"
"09/13/2023","SIR","7,787"
"09/13/2023","MNR","210,001"
"09/13/2023","LIRR","229,765"
"09/13/2023","Bus","1,482,320"
"09/13/2023","AAR","31,900"
"09/12/2023","BT","959,651"
"09/12/2023","Subway","4,014,480"
"09/12/2023","SIR","8,031"
"09/12/2023","MNR","221,092"
"09/12/2023","LIRR","241,196"
"09/12/2023","Bus","1,519,571"
"09/12/2023","AAR","31,779"
"09/11/2023","Bus","1,400,268"
"09/11/2023","Subway","3,596,538"
"09/11/2023","SIR","7,182"
"09/11/2023","AAR","29,057"
"09/11/2023","MNR","191,592"
"09/11/2023","LIRR","213,280"
"09/11/2023","BT","915,527"
"09/10/2023","MNR","81,850"
"09/10/2023","Subway","1,822,230"
"09/10/2023","SIR","1,623"
"09/10/2023","LIRR","96,835"
"09/10/2023","Bus","626,222"
"09/10/2023","BT","873,853"
"09/10/2023","AAR","17,916"
"09/09/2023","AAR","17,897"
"09/09/2023","Subway","2,425,515"
"09/09/2023","SIR","2,575"
"09/09/2023","MNR","102,373"
"09/09/2023","LIRR","125,177"
"09/09/2023","Bus","840,378"
"09/09/2023","BT","956,282"
"09/08/2023","BT","1,020,080"
"09/08/2023","Subway","3,609,701"
"09/08/2023","SIR","6,257"
"09/08/2023","MNR","183,785"
"09/08/2023","LIRR","225,125"
"09/08/2023","Bus","1,365,283"
"09/08/2023","AAR","30,083"
"09/07/2023","BT","985,607"
"09/07/2023","Subway","3,867,746"
"09/07/2023","SIR","7,044"
"09/07/2023","MNR","206,910"
"09/07/2023","LIRR","226,937"
"09/07/2023","Bus","1,441,437"
"09/07/2023","AAR","31,704"
"09/06/2023","AAR","32,290"
"09/06/2023","Subway","3,712,071"
"09/06/2023","SIR","6,909"
"09/06/2023","MNR","211,126"
"09/06/2023","LIRR","238,477"
"09/06/2023","Bus","1,395,521"
"09/06/2023","BT","968,041"
"09/05/2023","AAR","29,869"
"09/05/2023","Subway","3,483,755"
"09/05/2023","SIR","6,739"
"09/05/2023","MNR","218,899"
"09/05/2023","LIRR","239,334"
"09/05/2023","Bus","1,349,438"
"09/05/2023","BT","973,978"
"09/04/2023","BT","858,764"
"09/04/2023","Subway","1,879,819"
"09/04/2023","SIR","2,188"
"09/04/2023","MNR","87,538"
"09/04/2023","LIRR","114,475"
"09/04/2023","Bus","686,326"
"09/04/2023","AAR","12,292"
"09/03/2023","BT","942,979"
"09/03/2023","Subway","2,013,506"
"09/03/2023","SIR","2,185"
"09/03/2023","MNR","90,729"
"09/03/2023","LIRR","119,566"
"09/03/2023","Bus","692,079"
"09/03/2023","AAR","19,598"
"09/02/2023","BT","943,312"
"09/02/2023","Subway","2,307,416"
"09/02/2023","SIR","2,633"
"09/02/2023","MNR","107,230"
"09/02/2023","LIRR","132,551"
"09/02/2023","Bus","842,591"
"09/02/2023","AAR","18,536"
"09/01/2023","AAR","28,920"
"09/01/2023","Subway","3,196,284"
"09/01/2023","SIR","5,372"
"09/01/2023","MNR","152,974"
"09/01/2023","LIRR","202,450"
"09/01/2023","Bus","1,225,370"
"09/01/2023","BT","1,029,684"
"08/31/2023","AAR","29,312"
"08/31/2023","Subway","3,450,532"
"08/31/2023","SIR","6,537"
"08/31/2023","MNR","176,676"
"08/31/2023","LIRR","229,477"
"08/31/2023","Bus","1,315,113"
"08/31/2023","BT","1,021,542"
"08/30/2023","BT","964,068"
"08/30/2023","Subway","3,462,970"
"08/30/2023","SIR","6,639"
"08/30/2023","MNR","180,304"
"08/30/2023","LIRR","230,912"
"08/30/2023","Bus","1,267,435"
"08/30/2023","AAR","29,450"
"08/29/2023","BT","934,319"
"08/29/2023","Subway","3,401,088"
"08/29/2023","SIR","6,677"
"08/29/2023","MNR","189,077"
"08/29/2023","LIRR","235,092"
"08/29/2023","Bus","1,284,953"
"08/29/2023","AAR","28,250"
"08/28/2023","BT","936,061"
"08/28/2023","Subway","3,121,505"
"08/28/2023","SIR","6,179"
"08/28/2023","MNR","170,897"
"08/28/2023","LIRR","215,843"
"08/28/2023","Bus","1,240,688"
"08/28/2023","AAR","26,613"
"08/27/2023","MNR","85,878"
"08/27/2023","Subway","1,909,806"
"08/27/2023","SIR","2,088"
"08/27/2023","LIRR","106,913"
"08/27/2023","Bus","702,984"
"08/27/2023","BT","946,702"
"08/27/2023","AAR","18,022"
"08/26/2023","AAR","18,024"
"08/26/2023","Subway","2,281,885"
"08/26/2023","SIR","2,700"
"08/26/2023","MNR","100,194"
"08/26/2023","LIRR","122,930"
"08/26/2023","Bus","844,428"
"08/26/2023","BT","958,115"
"08/25/2023","BT","956,698"
"08/25/2023","Subway","3,034,255"
"08/25/2023","SIR","4,891"
"08/25/2023","MNR","153,854"
"08/25/2023","LIRR","191,119"
"08/25/2023","Bus","1,143,010"
"08/25/2023","AAR","26,511"
"08/24/2023","BT","963,101"
"08/24/2023","Subway","3,297,927"
"08/24/2023","SIR","6,191"
"08/24/2023","MNR","176,827"
"08/24/2023","LIRR","204,439"
"08/24/2023","Bus","1,201,155"
"08/24/2023","AAR","28,689"
"08/23/2023","LIRR","215,258"
"08/23/2023","Subway","3,412,842"
"08/23/2023","SIR","6,566"
"08/23/2023","BT","958,369"
"08/23/2023","AAR","30,187"
"08/23/2023","MNR","192,053"
"08/23/2023","Bus","1,272,485"
"08/22/2023","MNR","194,321"
"08/22/2023","Subway","3,352,769"
"08/22/2023","SIR","6,463"
"08/22/2023","LIRR","213,724"
"08/22/2023","Bus","1,263,459"
"08/22/2023","BT","932,713"
"08/22/2023","AAR","28,913"
"08/21/2023","AAR","26,325"
"08/21/2023","Subway","2,971,166"
"08/21/2023","SIR","5,857"
"08/21/2023","MNR","170,102"
"08/21/2023","LIRR","198,534"
"08/21/2023","Bus","1,199,440"
"08/21/2023","BT","933,844"
"08/20/2023","BT","962,550"
"08/20/2023","Subway","1,870,625"
"08/20/2023","SIR","2,065"
"08/20/2023","MNR","94,332"
"08/20/2023","LIRR","101,351"
"08/20/2023","Bus","689,829"
"08/20/2023","AAR","18,004"
"08/19/2023","BT","987,283"
"08/19/2023","Subway","2,358,962"
"08/19/2023","SIR","2,665"
"08/19/2023","MNR","124,069"
"08/19/2023","LIRR","144,076"
"08/19/2023","Bus","856,814"
"08/19/2023","AAR","19,246"
"08/18/2023","AAR","27,468"
"08/18/2023","Subway","3,182,516"
"08/18/2023","SIR","5,361"
"08/18/2023","MNR","174,410"
"08/18/2023","LIRR","208,639"
"08/18/2023","Bus","1,208,502"
"08/18/2023","BT","1,003,717"
"08/17/2023","AAR","30,045"
"08/17/2023","Subway","3,385,056"
"08/17/2023","SIR","6,360"
"08/17/2023","MNR","180,631"
"08/17/2023","LIRR","212,321"
"08/17/2023","Bus","1,275,993"
"08/17/2023","BT","978,905"
"08/16/2023","BT","960,221"
"08/16/2023","Subway","3,447,648"
"08/16/2023","SIR","6,652"
"08/16/2023","MNR","190,267"
"08/16/2023","LIRR","217,398"
"08/16/2023","Bus","1,300,953"
"08/16/2023","AAR","30,763"
"08/15/2023","BT","927,808"
"08/15/2023","Subway","3,385,996"
"08/15/2023","SIR","6,680"
"08/15/2023","MNR","187,441"
"08/15/2023","LIRR","212,116"
"08/15/2023","Bus","1,273,782"
"08/15/2023","AAR","29,122"
"08/14/2023","BT","943,570"
"08/14/2023","Subway","3,092,801"
"08/14/2023","SIR","6,051"
"08/14/2023","MNR","168,873"
"08/14/2023","LIRR","201,352"
"08/14/2023","Bus","1,246,445"
"08/14/2023","AAR","27,185"
"08/13/2023","MNR","93,730"
"08/13/2023","Subway","1,953,558"
"08/13/2023","SIR","2,196"
"08/13/2023","LIRR","112,932"
"08/13/2023","Bus","690,541"
"08/13/2023","BT","968,282"
"08/13/2023","AAR","18,071"
"08/12/2023","AAR","18,390"
"08/12/2023","Subway","2,366,787"
"08/12/2023","SIR","2,835"
"08/12/2023","MNR","109,269"
"08/12/2023","LIRR","131,586"
"08/12/2023","Bus","844,749"
"08/12/2023","BT","973,522"
"08/11/2023","BT","1,022,642"
"08/11/2023","Subway","3,311,714"
"08/11/2023","SIR","6,119"
"08/11/2023","MNR","171,116"
"08/11/2023","LIRR","206,947"
"08/11/2023","Bus","1,275,618"
"08/11/2023","AAR","29,109"
"08/10/2023","BT","960,916"
"08/10/2023","Subway","3,429,304"
"08/10/2023","SIR","6,333"
"08/10/2023","MNR","178,768"
"08/10/2023","LIRR","208,782"
"08/10/2023","Bus","1,262,073"
"08/10/2023","AAR","29,758"
"08/09/2023","AAR","30,849"
"08/09/2023","Subway","3,613,062"
"08/09/2023","SIR","6,858"
"08/09/2023","MNR","192,028"
"08/09/2023","LIRR","224,241"
"08/09/2023","Bus","1,369,095"
"08/09/2023","BT","963,902"
"08/08/2023","AAR","29,435"
"08/08/2023","Subway","3,510,047"
"08/08/2023","SIR","7,035"
"08/08/2023","MNR","193,867"
"08/08/2023","LIRR","218,555"
"08/08/2023","Bus","1,339,073"
"08/08/2023","BT","937,561"
"08/07/2023","BT","905,952"
"08/07/2023","Subway","3,041,001"
"08/07/2023","SIR","5,884"
"08/07/2023","MNR","163,799"
"08/07/2023","LIRR","191,530"
"08/07/2023","Bus","1,208,443"
"08/07/2023","AAR","27,174"
"08/06/2023","BT","959,846"
"08/06/2023","Subway","1,910,841"
"08/06/2023","SIR","2,171"
"08/06/2023","MNR","96,010"
"08/06/2023","LIRR","107,399"
"08/06/2023","Bus","715,130"
"08/06/2023","AAR","18,805"
"08/05/2023","Bus","879,423"
"08/05/2023","Subway","2,364,364"
"08/05/2023","SIR","2,838"
"08/05/2023","AAR","18,835"
"08/05/2023","MNR","114,660"
"08/05/2023","LIRR","122,596"
"08/05/2023","BT","974,419"
"08/04/2023","AAR","28,128"
"08/04/2023","Subway","3,228,510"
"08/04/2023","SIR","5,593"
"08/04/2023","MNR","171,533"
"08/04/2023","LIRR","193,528"
"08/04/2023","Bus","1,241,122"
"08/04/2023","BT","993,082"
"08/03/2023","AAR","30,483"
"08/03/2023","Subway","3,609,076"
"08/03/2023","SIR","6,753"
"08/03/2023","MNR","197,044"
"08/03/2023","LIRR","220,565"
"08/03/2023","Bus","1,350,472"
"08/03/2023","BT","1,000,263"
"08/02/2023","BT","970,610"
"08/02/2023","Subway","3,640,307"
"08/02/2023","SIR","6,913"
"08/02/2023","MNR","201,003"
"08/02/2023","LIRR","219,641"
"08/02/2023","Bus","1,359,233"
"08/02/2023","AAR","30,380"
"08/01/2023","BT","959,997"
"08/01/2023","Subway","3,598,379"
"08/01/2023","SIR","7,060"
"08/01/2023","MNR","199,547"
"08/01/2023","LIRR","221,518"
"08/01/2023","Bus","1,357,252"
"08/01/2023","AAR","29,354"
"07/31/2023","AAR","26,682"
"07/31/2023","Subway","3,204,920"
"07/31/2023","SIR","6,161"
"07/31/2023","MNR","185,348"
"07/31/2023","LIRR","205,976"
"07/31/2023","Bus","1,283,835"
"07/31/2023","BT","975,380"
"07/30/2023","AAR","17,450"
"07/30/2023","Subway","1,952,433"
"07/30/2023","SIR","2,077"
"07/30/2023","MNR","91,861"
"07/30/2023","LIRR","116,784"
"07/30/2023","Bus","705,279"
"07/30/2023","BT","993,750"
"07/29/2023","BT","961,474"
"07/29/2023","Subway","2,251,524"
"07/29/2023","SIR","2,314"
"07/29/2023","MNR","100,508"
"07/29/2023","LIRR","120,457"
"07/29/2023","Bus","856,921"
"07/29/2023","AAR","16,747"
"07/28/2023","BT","1,029,826"
"07/28/2023","Subway","3,266,199"
"07/28/2023","SIR","5,631"
"07/28/2023","MNR","170,128"
"07/28/2023","LIRR","205,845"
"07/28/2023","Bus","1,246,295"
"07/28/2023","AAR","27,522"
"07/27/2023","BT","977,139"
"07/27/2023","Subway","3,580,012"
"07/27/2023","SIR","6,788"
"07/27/2023","MNR","187,729"
"07/27/2023","LIRR","219,460"
"07/27/2023","Bus","1,313,385"
"07/27/2023","AAR","28,692"
"07/26/2023","AAR","30,501"
"07/26/2023","Subway","3,758,378"
"07/26/2023","SIR","7,298"
"07/26/2023","MNR","210,315"
"07/26/2023","LIRR","226,363"
"07/26/2023","Bus","1,382,345"
"07/26/2023","BT","981,362"
"07/25/2023","AAR","29,285"
"07/25/2023","Subway","3,630,414"
"07/25/2023","SIR","7,050"
"07/25/2023","MNR","211,053"
"07/25/2023","LIRR","226,651"
"07/25/2023","Bus","1,307,716"
"07/25/2023","BT","944,312"
"07/24/2023","BT","952,072"
"07/24/2023","Subway","3,255,379"
"07/24/2023","SIR","6,175"
"07/24/2023","MNR","180,716"
"07/24/2023","LIRR","206,025"
"07/24/2023","Bus","1,302,964"
"07/24/2023","AAR","27,222"
"07/23/2023","BT","991,418"
"07/23/2023","Subway","1,984,503"
"07/23/2023","SIR","1,511"
"07/23/2023","MNR","94,729"
"07/23/2023","LIRR","116,485"
"07/23/2023","Bus","723,774"
"07/23/2023","AAR","18,021"
"07/22/2023","BT","1,008,471"
"07/22/2023","Subway","2,459,990"
"07/22/2023","SIR","2,117"
"07/22/2023","MNR","93,215"
"07/22/2023","LIRR","133,328"
"07/22/2023","Bus","894,490"
"07/22/2023","AAR","18,283"
"07/21/2023","MNR","176,892"
"07/21/2023","Subway","3,227,154"
"07/21/2023","SIR","5,389"
"07/21/2023","LIRR","201,177"
"07/21/2023","Bus","1,211,839"
"07/21/2023","BT","1,004,083"
"07/21/2023","AAR","27,485"
"07/20/2023","AAR","29,745"
"07/20/2023","Subway","3,711,017"
"07/20/2023","SIR","6,858"
"07/20/2023","MNR","197,400"
"07/20/2023","LIRR","224,327"
"07/20/2023","Bus","1,333,607"
"07/20/2023","BT","1,008,154"
"07/19/2023","BT","974,843"
"07/19/2023","Subway","3,679,343"
"07/19/2023","SIR","6,938"
"07/19/2023","MNR","203,857"
"07/19/2023","LIRR","224,202"
"07/19/2023","Bus","1,342,781"
"07/19/2023","AAR","30,527"
"07/18/2023","BT","947,817"
"07/18/2023","Subway","3,584,819"
"07/18/2023","SIR","6,766"
"07/18/2023","MNR","204,203"
"07/18/2023","LIRR","225,299"
"07/18/2023","Bus","1,313,665"
"07/18/2023","AAR","29,105"
"07/17/2023","Bus","1,310,810"
"07/17/2023","Subway","3,282,092"
"07/17/2023","SIR","6,345"
"07/17/2023","AAR","27,637"
"07/17/2023","MNR","182,216"
"07/17/2023","LIRR","205,378"
"07/17/2023","BT","968,319"
"07/16/2023","AAR","16,496"
"07/16/2023","Subway","1,599,858"
"07/16/2023","SIR","1,559"
"07/16/2023","MNR","72,406"
"07/16/2023","LIRR","89,763"
"07/16/2023","Bus","583,645"
"07/16/2023","BT","820,005"
"07/15/2023","AAR","18,043"
"07/15/2023","Subway","2,326,054"
"07/15/2023","SIR","2,409"
"07/15/2023","MNR","107,124"
"07/15/2023","LIRR","124,007"
"07/15/2023","Bus","889,709"
"07/15/2023","BT","986,294"
"07/14/2023","BT","991,539"
"07/14/2023","Subway","3,209,393"
"07/14/2023","SIR","5,588"
"07/14/2023","MNR","163,840"
"07/14/2023","LIRR","198,119"
"07/14/2023","Bus","1,231,624"
"07/14/2023","AAR","28,489"
"07/13/2023","BT","995,972"
"07/13/2023","Subway","3,648,007"
"07/13/2023","SIR","6,888"
"07/13/2023","MNR","190,952"
"07/13/2023","LIRR","218,715"
"07/13/2023","Bus","1,359,302"
"07/13/2023","AAR","29,980"
"07/12/2023","AAR","31,015"
"07/12/2023","Subway","3,696,737"
"07/12/2023","SIR","6,901"
"07/12/2023","MNR","199,169"
"07/12/2023","LIRR","218,097"
"07/12/2023","Bus","1,383,484"
"07/12/2023","BT","982,757"
"07/11/2023","AAR","30,085"
"07/11/2023","Subway","3,613,670"
"07/11/2023","SIR","7,149"
"07/11/2023","MNR","200,151"
"07/11/2023","LIRR","221,923"
"07/11/2023","Bus","1,381,701"
"07/11/2023","BT","957,146"
"07/10/2023","BT","929,061"
"07/10/2023","Subway","3,208,730"
"07/10/2023","SIR","6,175"
"07/10/2023","MNR","171,497"
"07/10/2023","LIRR","196,506"
"07/10/2023","Bus","1,307,297"
"07/10/2023","AAR","27,354"
"07/09/2023","BT","872,162"
"07/09/2023","Subway","1,776,607"
"07/09/2023","SIR","1,914"
"07/09/2023","MNR","83,783"
"07/09/2023","LIRR","95,243"
"07/09/2023","Bus","651,953"
"07/09/2023","AAR","16,695"
"07/08/2023","BT","951,872"
"07/08/2023","Subway","2,308,794"
"07/08/2023","SIR","2,695"
"07/08/2023","MNR","107,854"
"07/08/2023","LIRR","120,931"
"07/08/2023","Bus","867,047"
"07/08/2023","AAR","17,879"
"07/07/2023","AAR","28,609"
"07/07/2023","Subway","3,292,266"
"07/07/2023","SIR","5,868"
"07/07/2023","MNR","171,597"
"07/07/2023","LIRR","197,892"
"07/07/2023","Bus","1,273,900"
"07/07/2023","BT","980,680"
"07/06/2023","AAR","29,894"
"07/06/2023","Subway","3,494,806"
"07/06/2023","SIR","6,608"
"07/06/2023","MNR","186,822"
"07/06/2023","LIRR","209,335"
"07/06/2023","Bus","1,333,630"
"07/06/2023","BT","963,279"
"07/05/2023","BT","966,845"
"07/05/2023","Subway","3,318,379"
"07/05/2023","SIR","6,472"
"07/05/2023","MNR","189,434"
"07/05/2023","LIRR","211,448"
"07/05/2023","Bus","1,296,583"
"07/05/2023","AAR","28,774"
"07/04/2023","BT","717,501"
"07/04/2023","Subway","1,791,179"
"07/04/2023","SIR","2,305"
"07/04/2023","MNR","84,010"
"07/04/2023","LIRR","96,458"
"07/04/2023","Bus","631,937"
"07/04/2023","AAR","13,059"
"07/03/2023","BT","863,548"
"07/03/2023","Subway","2,662,052"
"07/03/2023","SIR","4,718"
"07/03/2023","MNR","128,417"
"07/03/2023","LIRR","149,641"
"07/03/2023","Bus","1,117,930"
"07/03/2023","AAR","23,795"
"07/02/2023","MNR","74,415"
"07/02/2023","Subway","1,783,757"
"07/02/2023","SIR","1,988"
"07/02/2023","LIRR","92,780"
"07/02/2023","Bus","668,297"
"07/02/2023","BT","835,292"
"07/02/2023","AAR","16,717"
"07/01/2023","AAR","17,093"
"07/01/2023","Subway","2,239,529"
"07/01/2023","SIR","2,745"
"07/01/2023","MNR","99,597"
"07/01/2023","LIRR","120,270"
"07/01/2023","Bus","859,295"
"07/01/2023","BT","959,822"
"06/30/2023","BT","1,047,133"
"06/30/2023","Subway","3,259,767"
"06/30/2023","SIR","5,817"
"06/30/2023","MNR","178,064"
"06/30/2023","LIRR","219,673"
"06/30/2023","Bus","1,248,822"
"06/30/2023","AAR","28,028"
"06/29/2023","BT","1,041,647"
"06/29/2023","Subway","3,653,631"
"06/29/2023","SIR","6,946"
"06/29/2023","MNR","200,724"
"06/29/2023","LIRR","233,625"
"06/29/2023","Bus","1,307,649"
"06/29/2023","AAR","28,876"
"06/28/2023","Bus","1,305,832"
"06/28/2023","Subway","3,634,270"
"06/28/2023","SIR","6,762"
"06/28/2023","AAR","29,092"
"06/28/2023","MNR","207,293"
"06/28/2023","LIRR","233,457"
"06/28/2023","BT","991,652"
"06/27/2023","MNR","209,234"
"06/27/2023","Subway","3,744,227"
"06/27/2023","SIR","7,633"
"06/27/2023","LIRR","231,738"
"06/27/2023","Bus","1,391,914"
"06/27/2023","BT","973,069"
"06/27/2023","AAR","29,246"
"06/26/2023","AAR","26,823"
"06/26/2023","Subway","3,341,322"
"06/26/2023","SIR","6,516"
"06/26/2023","MNR","185,070"
"06/26/2023","LIRR","218,393"
"06/26/2023","Bus","1,314,743"
"06/26/2023","BT","966,376"
"06/25/2023","BT","950,896"
"06/25/2023","Subway","2,222,704"
"06/25/2023","SIR","2,248"
"06/25/2023","MNR","113,238"
"06/25/2023","LIRR","123,527"
"06/25/2023","Bus","689,020"
"06/25/2023","AAR","17,103"
"06/24/2023","BT","954,162"
"06/24/2023","Subway","2,467,994"
"06/24/2023","SIR","2,551"
"06/24/2023","MNR","109,217"
"06/24/2023","LIRR","128,075"
"06/24/2023","Bus","844,674"
"06/24/2023","AAR","16,937"
"06/23/2023","AAR","28,619"
"06/23/2023","Subway","3,470,575"
"06/23/2023","SIR","6,167"
"06/23/2023","MNR","188,373"
"06/23/2023","LIRR","222,283"
"06/23/2023","Bus","1,282,954"
"06/23/2023","BT","1,026,311"
"06/22/2023","AAR","29,220"
"06/22/2023","Subway","3,782,472"
"06/22/2023","SIR","6,956"
"06/22/2023","MNR","208,969"
"06/22/2023","LIRR","233,588"
"06/22/2023","Bus","1,367,709"
"06/22/2023","BT","1,016,955"
"06/21/2023","BT","1,002,707"
"06/21/2023","Subway","3,902,298"
"06/21/2023","SIR","7,551"
"06/21/2023","MNR","221,141"
"06/21/2023","LIRR","242,162"
"06/21/2023","Bus","1,430,476"
"06/21/2023","AAR","31,019"
"06/20/2023","BT","982,510"
"06/20/2023","Subway","3,782,810"
"06/20/2023","SIR","7,540"
"06/20/2023","MNR","224,371"
"06/20/2023","LIRR","235,806"
"06/20/2023","Bus","1,434,258"
"06/20/2023","AAR","29,482"
"06/19/2023","BT","967,279"
"06/19/2023","Subway","2,636,887"
"06/19/2023","SIR","4,094"
"06/19/2023","MNR","168,591"
"06/19/2023","LIRR","196,645"
"06/19/2023","Bus","1,075,747"
"06/19/2023","AAR","17,494"
"06/18/2023","AAR","19,384"
"06/18/2023","Subway","1,977,582"
"06/18/2023","SIR","2,029"
"06/18/2023","MNR","95,597"
"06/18/2023","LIRR","119,996"
"06/18/2023","Bus","707,615"
"06/18/2023","BT","974,352"
"06/17/2023","AAR","17,967"
"06/17/2023","Subway","2,399,521"
"06/17/2023","SIR","2,632"
"06/17/2023","MNR","111,460"
"06/17/2023","LIRR","138,654"
"06/17/2023","Bus","872,453"
"06/17/2023","BT","1,002,673"
"06/16/2023","BT","1,028,981"
"06/16/2023","Subway","3,395,938"
"06/16/2023","SIR","5,960"
"06/16/2023","MNR","177,916"
"06/16/2023","LIRR","214,883"
"06/16/2023","Bus","1,300,751"
"06/16/2023","AAR","28,693"
"06/15/2023","BT","1,032,651"
"06/15/2023","Subway","3,928,393"
"06/15/2023","SIR","7,390"
"06/15/2023","MNR","206,188"
"06/15/2023","LIRR","228,608"
"06/15/2023","Bus","1,475,300"
"06/15/2023","AAR","31,298"
"06/14/2023","BT","976,395"
"06/14/2023","Subway","3,893,073"
"06/14/2023","SIR","7,234"
"06/14/2023","MNR","207,746"
"06/14/2023","LIRR","235,667"
"06/14/2023","Bus","1,434,687"
"06/14/2023","AAR","30,661"
"06/13/2023","MNR","212,364"
"06/13/2023","Subway","3,968,160"
"06/13/2023","SIR","7,850"
"06/13/2023","LIRR","233,588"
"06/13/2023","Bus","1,500,122"
"06/13/2023","BT","975,618"
"06/13/2023","AAR","30,441"
"06/12/2023","AAR","27,520"
"06/12/2023","Subway","3,479,404"
"06/12/2023","SIR","6,744"
"06/12/2023","MNR","185,343"
"06/12/2023","LIRR","202,015"
"06/12/2023","Bus","1,394,575"
"06/12/2023","BT","942,514"
"06/11/2023","BT","979,587"
"06/11/2023","Subway","2,075,651"
"06/11/2023","SIR","1,582"
"06/11/2023","MNR","98,115"
"06/11/2023","LIRR","106,971"
"06/11/2023","Bus","695,200"
"06/11/2023","AAR","17,958"
"06/10/2023","BT","994,069"
"06/10/2023","Subway","2,608,756"
"06/10/2023","SIR","1,978"
"06/10/2023","MNR","117,616"
"06/10/2023","LIRR","139,304"
"06/10/2023","Bus","892,936"
"06/10/2023","AAR","17,996"
"06/09/2023","MNR","185,677"
"06/09/2023","Subway","3,425,232"
"06/09/2023","SIR","5,482"
"06/09/2023","BT","1,009,368"
"06/09/2023","AAR","25,845"
"06/09/2023","Bus","1,256,670"
"06/09/2023","LIRR","214,001"
"06/08/2023","Bus","1,216,291"
"06/08/2023","AAR","27,689"
"06/08/2023","BT","935,501"
"06/08/2023","LIRR","189,487"
"06/08/2023","MNR","176,985"
"06/08/2023","SIR","5,503"
"06/08/2023","Subway","3,268,529"
"06/07/2023","AAR","31,147"
"06/07/2023","Subway","3,743,889"
"06/07/2023","SIR","7,334"
"06/07/2023","MNR","202,951"
"06/07/2023","LIRR","212,982"
"06/07/2023","Bus","1,390,834"
"06/07/2023","BT","945,356"
"06/06/2023","BT","948,843"
"06/06/2023","Subway","3,929,131"
"06/06/2023","SIR","7,795"
"06/06/2023","MNR","213,292"
"06/06/2023","LIRR","218,376"
"06/06/2023","Bus","1,474,317"
"06/06/2023","AAR","29,999"
"06/05/2023","BT","942,164"
"06/05/2023","Subway","3,544,106"
"06/05/2023","SIR","6,892"
"06/05/2023","MNR","183,510"
"06/05/2023","LIRR","200,806"
"06/05/2023","Bus","1,432,156"
"06/05/2023","AAR","27,920"
"06/04/2023","AAR","18,429"
"06/04/2023","Subway","1,988,330"
"06/04/2023","SIR","1,573"
"06/04/2023","MNR","88,859"
"06/04/2023","LIRR","103,120"
"06/04/2023","Bus","714,218"
"06/04/2023","BT","934,091"
"06/03/2023","AAR","18,118"
"06/03/2023","Subway","2,411,704"
"06/03/2023","SIR","1,837"
"06/03/2023","MNR","102,668"
"06/03/2023","LIRR","115,723"
"06/03/2023","Bus","899,212"
"06/03/2023","BT","961,080"
"06/02/2023","BT","1,014,684"
"06/02/2023","Subway","3,626,490"
"06/02/2023","SIR","6,470"
"06/02/2023","MNR","170,399"
"06/02/2023","LIRR","202,543"
"06/02/2023","Bus","1,399,462"
"06/02/2023","AAR","29,570"
"06/01/2023","BT","1,009,838"
"06/01/2023","Subway","3,894,167"
"06/01/2023","SIR","7,152"
"06/01/2023","MNR","191,410"
"06/01/2023","LIRR","210,483"
"06/01/2023","Bus","1,457,503"
"06/01/2023","AAR","30,088"
"05/31/2023","BT","975,279"
"05/31/2023","Subway","3,911,382"
"05/31/2023","SIR","7,691"
"05/31/2023","MNR","211,998"
"05/31/2023","LIRR","229,227"
"05/31/2023","Bus","1,480,801"
"05/31/2023","AAR","30,078"
"05/30/2023","MNR","205,661"
"05/30/2023","Subway","3,714,864"
"05/30/2023","SIR","7,398"
"05/30/2023","LIRR","227,623"
"05/30/2023","Bus","1,438,285"
"05/30/2023","BT","963,187"
"05/30/2023","AAR","27,645"
"05/29/2023","AAR","12,121"
"05/29/2023","Subway","1,952,779"
"05/29/2023","SIR","2,520"
"05/29/2023","MNR","86,149"
"05/29/2023","LIRR","99,456"
"05/29/2023","Bus","758,893"
"05/29/2023","BT","838,833"
"05/28/2023","BT","908,353"
"05/28/2023","Subway","2,029,088"
"05/28/2023","SIR","2,426"
"05/28/2023","MNR","102,009"
"05/28/2023","LIRR","102,985"
"05/28/2023","Bus","707,787"
"05/28/2023","AAR","17,527"
"05/27/2023","BT","928,210"
"05/27/2023","Subway","2,375,741"
"05/27/2023","SIR","2,913"
"05/27/2023","MNR","120,011"
"05/27/2023","LIRR","116,439"
"05/27/2023","Bus","848,442"
"05/27/2023","AAR","16,731"
"05/26/2023","AAR","27,037"
"05/26/2023","Subway","3,496,511"
"05/26/2023","SIR","5,747"
"05/26/2023","MNR","187,188"
"05/26/2023","LIRR","207,347"
"05/26/2023","Bus","1,370,252"
"05/26/2023","BT","997,340"
"05/25/2023","AAR","29,311"
"05/25/2023","Subway","3,859,385"
"05/25/2023","SIR","7,183"
"05/25/2023","MNR","201,855"
"05/25/2023","LIRR","215,946"
"05/25/2023","Bus","1,459,601"
"05/25/2023","BT","1,011,009"
"05/24/2023","BT","987,191"
"05/24/2023","Subway","3,960,264"
"05/24/2023","SIR","7,667"
"05/24/2023","MNR","208,487"
"05/24/2023","LIRR","219,886"
"05/24/2023","Bus","1,499,943"
"05/24/2023","AAR","30,495"
"05/23/2023","BT","957,083"
"05/23/2023","Subway","3,929,003"
"05/23/2023","SIR","7,928"
"05/23/2023","MNR","214,621"
"05/23/2023","LIRR","219,619"
"05/23/2023","Bus","1,500,973"
"05/23/2023","AAR","29,538"
"05/22/2023","Bus","1,446,015"
"05/22/2023","Subway","3,571,748"
"05/22/2023","SIR","6,935"
"05/22/2023","AAR","27,038"
"05/22/2023","MNR","186,008"
"05/22/2023","LIRR","203,122"
"05/22/2023","BT","946,119"
"05/21/2023","AAR","17,545"
"05/21/2023","Subway","2,132,724"
"05/21/2023","SIR","1,919"
"05/21/2023","MNR","91,335"
"05/21/2023","LIRR","103,484"
"05/21/2023","Bus","727,850"
"05/21/2023","BT","962,612"
"05/20/2023","AAR","16,570"
"05/20/2023","Subway","2,314,672"
"05/20/2023","SIR","1,970"
"05/20/2023","MNR","95,625"
"05/20/2023","LIRR","102,957"
"05/20/2023","Bus","760,830"
"05/20/2023","BT","891,497"
"05/19/2023","BT","1,027,639"
"05/19/2023","Subway","3,789,929"
"05/19/2023","SIR","6,362"
"05/19/2023","MNR","181,114"
"05/19/2023","LIRR","208,310"
"05/19/2023","Bus","1,431,269"
"05/19/2023","AAR","28,381"
"05/18/2023","BT","1,012,638"
"05/18/2023","Subway","4,082,154"
"05/18/2023","SIR","7,530"
"05/18/2023","MNR","198,433"
"05/18/2023","LIRR","218,955"
"05/18/2023","Bus","1,492,657"
"05/18/2023","AAR","29,842"
"05/17/2023","AAR","30,423"
"05/17/2023","Subway","4,104,786"
"05/17/2023","SIR","7,118"
"05/17/2023","MNR","206,630"
"05/17/2023","LIRR","223,059"
"05/17/2023","Bus","1,518,546"
"05/17/2023","BT","989,383"
"05/16/2023","AAR","29,747"
"05/16/2023","Subway","4,002,015"
"05/16/2023","SIR","7,930"
"05/16/2023","MNR","207,484"
"05/16/2023","LIRR","227,489"
"05/16/2023","Bus","1,519,397"
"05/16/2023","BT","968,611"
"05/15/2023","BT","951,297"
"05/15/2023","Subway","3,553,443"
"05/15/2023","SIR","6,956"
"05/15/2023","MNR","184,909"
"05/15/2023","LIRR","201,209"
"05/15/2023","Bus","1,440,741"
"05/15/2023","AAR","25,892"
"05/14/2023","BT","983,677"
"05/14/2023","Subway","1,926,966"
"05/14/2023","SIR","1,654"
"05/14/2023","MNR","101,088"
"05/14/2023","LIRR","102,178"
"05/14/2023","Bus","690,606"
"05/14/2023","AAR","20,222"
"05/13/2023","BT","1,011,144"
"05/13/2023","Subway","2,487,178"
"05/13/2023","SIR","1,973"
"05/13/2023","MNR","109,940"
"05/13/2023","LIRR","113,810"
"05/13/2023","Bus","918,257"
"05/13/2023","AAR","18,340"
"05/12/2023","AAR","29,397"
"05/12/2023","Subway","3,723,192"
"05/12/2023","SIR","6,629"
"05/12/2023","MNR","185,027"
"05/12/2023","LIRR","201,367"
"05/12/2023","Bus","1,436,385"
"05/12/2023","BT","1,047,377"
"05/11/2023","AAR","30,899"
"05/11/2023","Subway","4,015,942"
"05/11/2023","SIR","7,619"
"05/11/2023","MNR","201,006"
"05/11/2023","LIRR","210,683"
"05/11/2023","Bus","1,535,264"
"05/11/2023","BT","1,020,419"
"05/10/2023","BT","985,250"
"05/10/2023","Subway","4,014,009"
"05/10/2023","SIR","7,998"
"05/10/2023","MNR","203,414"
"05/10/2023","LIRR","221,747"
"05/10/2023","Bus","1,528,140"
"05/10/2023","AAR","31,360"
"05/09/2023","BT","958,452"
"05/09/2023","Subway","3,925,555"
"05/09/2023","SIR","7,827"
"05/09/2023","MNR","205,069"
"05/09/2023","LIRR","221,290"
"05/09/2023","Bus","1,524,892"
"05/09/2023","AAR","29,923"
"05/08/2023","BT","938,331"
"05/08/2023","Subway","3,563,340"
"05/08/2023","SIR","7,196"
"05/08/2023","MNR","180,789"
"05/08/2023","LIRR","198,056"
"05/08/2023","Bus","1,460,932"
"05/08/2023","AAR","27,771"
"05/07/2023","MNR","83,007"
"05/07/2023","Subway","2,033,790"
"05/07/2023","SIR","2,705"
"05/07/2023","LIRR","92,076"
"05/07/2023","Bus","705,419"
"05/07/2023","BT","905,666"
"05/07/2023","AAR","17,822"
"05/06/2023","AAR","18,349"
"05/06/2023","Subway","2,563,102"
"05/06/2023","SIR","2,584"
"05/06/2023","MNR","103,318"
"05/06/2023","LIRR","111,525"
"05/06/2023","Bus","934,630"
"05/06/2023","BT","979,269"
"05/05/2023","BT","1,015,003"
"05/05/2023","Subway","3,759,375"
"05/05/2023","SIR","6,514"
"05/05/2023","MNR","170,610"
"05/05/2023","LIRR","200,675"
"05/05/2023","Bus","1,450,598"
"05/05/2023","AAR","28,952"
"05/04/2023","BT","970,445"
"05/04/2023","Subway","3,985,001"
"05/04/2023","SIR","7,417"
"05/04/2023","MNR","189,538"
"05/04/2023","LIRR","206,323"
"05/04/2023","Bus","1,497,427"
"05/04/2023","AAR","30,449"
"05/03/2023","Bus","1,533,714"
"05/03/2023","Subway","4,030,601"
"05/03/2023","SIR","7,862"
"05/03/2023","AAR","30,850"
"05/03/2023","MNR","195,363"
"05/03/2023","LIRR","209,450"
"05/03/2023","BT","944,262"
"05/02/2023","MNR","197,217"
"05/02/2023","Subway","3,961,858"
"05/02/2023","SIR","7,749"
"05/02/2023","LIRR","211,550"
"05/02/2023","Bus","1,498,566"
"05/02/2023","BT","919,816"
"05/02/2023","AAR","29,472"
"05/01/2023","AAR","27,445"
"05/01/2023","Subway","3,664,755"
"05/01/2023","SIR","6,960"
"05/01/2023","MNR","167,178"
"05/01/2023","LIRR","188,566"
"05/01/2023","Bus","1,465,598"
"05/01/2023","BT","926,155"
"04/30/2023","BT","788,424"
"04/30/2023","Subway","1,744,098"
"04/30/2023","SIR","1,355"
"04/30/2023","MNR","65,334"
"04/30/2023","LIRR","75,065"
"04/30/2023","Bus","578,075"
"04/30/2023","AAR","15,451"
"04/29/2023","BT","834,977"
"04/29/2023","Subway","2,179,978"
"04/29/2023","SIR","1,871"
"04/29/2023","MNR","77,009"
"04/29/2023","LIRR","85,167"
"04/29/2023","Bus","715,608"
"04/29/2023","AAR","15,688"
"04/28/2023","AAR","28,306"
"04/28/2023","Subway","3,703,088"
"04/28/2023","SIR","6,441"
"04/28/2023","MNR","160,861"
"04/28/2023","LIRR","195,436"
"04/28/2023","Bus","1,424,078"
"04/28/2023","BT","1,000,104"
"04/27/2023","AAR","29,969"
"04/27/2023","Subway","3,999,831"
"04/27/2023","SIR","7,564"
"04/27/2023","MNR","184,365"
"04/27/2023","LIRR","216,674"
"04/27/2023","Bus","1,506,783"
"04/27/2023","BT","985,725"
"04/26/2023","BT","950,826"
"04/26/2023","Subway","3,994,837"
"04/26/2023","SIR","7,758"
"04/26/2023","MNR","191,885"
"04/26/2023","LIRR","216,097"
"04/26/2023","Bus","1,531,476"
"04/26/2023","AAR","30,191"
"04/25/2023","BT","930,969"
"04/25/2023","Subway","3,956,922"
"04/25/2023","SIR","7,806"
"04/25/2023","MNR","192,115"
"04/25/2023","LIRR","216,767"
"04/25/2023","Bus","1,529,162"
"04/25/2023","AAR","29,504"
"04/24/2023","BT","915,193"
"04/24/2023","Subway","3,561,262"
"04/24/2023","SIR","7,020"
"04/24/2023","MNR","173,997"
"04/24/2023","LIRR","196,593"
"04/24/2023","Bus","1,466,762"
"04/24/2023","AAR","27,254"
"04/23/2023","MNR","79,003"
"04/23/2023","Subway","1,923,243"
"04/23/2023","SIR","1,326"
"04/23/2023","LIRR","87,793"
"04/23/2023","Bus","673,668"
"04/23/2023","BT","883,222"
"04/23/2023","AAR","15,947"
"04/22/2023","AAR","16,865"
"04/22/2023","Subway","2,506,140"
"04/22/2023","SIR","1,715"
"04/22/2023","MNR","106,032"
"04/22/2023","LIRR","106,134"
"04/22/2023","Bus","893,014"
"04/22/2023","BT","933,795"
"04/21/2023","BT","998,040"
"04/21/2023","Subway","3,492,257"
"04/21/2023","SIR","6,005"
"04/21/2023","MNR","174,727"
"04/21/2023","LIRR","195,442"
"04/21/2023","Bus","1,310,737"
"04/21/2023","AAR","27,777"
"04/20/2023","BT","1,018,712"
"04/20/2023","Subway","4,002,433"
"04/20/2023","SIR","7,577"
"04/20/2023","MNR","189,699"
"04/20/2023","LIRR","208,664"
"04/20/2023","Bus","1,520,258"
"04/20/2023","AAR","30,106"
"04/19/2023","AAR","30,829"
"04/19/2023","Subway","3,927,706"
"04/19/2023","SIR","7,889"
"04/19/2023","MNR","195,085"
"04/19/2023","LIRR","206,116"
"04/19/2023","Bus","1,530,452"
"04/19/2023","BT","956,628"
"04/18/2023","AAR","29,658"
"04/18/2023","Subway","3,862,133"
"04/18/2023","SIR","7,879"
"04/18/2023","MNR","194,548"
"04/18/2023","LIRR","207,882"
"04/18/2023","Bus","1,526,133"
"04/18/2023","BT","933,048"
"04/17/2023","BT","900,400"
"04/17/2023","Subway","3,418,834"
"04/17/2023","SIR","6,926"
"04/17/2023","MNR","167,759"
"04/17/2023","LIRR","188,445"
"04/17/2023","Bus","1,438,043"
"04/17/2023","AAR","27,611"
"04/16/2023","BT","884,284"
"04/16/2023","Subway","1,864,753"
"04/16/2023","SIR","1,309"
"04/16/2023","MNR","85,026"
"04/16/2023","LIRR","80,318"
"04/16/2023","Bus","728,462"
"04/16/2023","AAR","16,835"
"04/15/2023","Bus","890,050"
"04/15/2023","Subway","2,365,464"
"04/15/2023","SIR","1,743"
"04/15/2023","AAR","16,804"
"04/15/2023","MNR","103,902"
"04/15/2023","LIRR","99,793"
"04/15/2023","BT","918,597"
"04/14/2023","AAR","27,514"
"04/14/2023","Subway","3,471,420"
"04/14/2023","SIR","5,869"
"04/14/2023","MNR","173,790"
"04/14/2023","LIRR","190,858"
"04/14/2023","Bus","1,294,357"
"04/14/2023","BT","992,290"
"04/13/2023","AAR","28,451"
"04/13/2023","Subway","3,628,304"
"04/13/2023","SIR","6,668"
"04/13/2023","MNR","183,658"
"04/13/2023","LIRR","200,072"
"04/13/2023","Bus","1,311,906"
"04/13/2023","BT","942,469"
"04/12/2023","BT","893,905"
"04/12/2023","Subway","3,576,687"
"04/12/2023","SIR","6,863"
"04/12/2023","MNR","191,574"
"04/12/2023","LIRR","207,802"
"04/12/2023","Bus","1,311,418"
"04/12/2023","AAR","28,326"
"04/11/2023","BT","898,409"
"04/11/2023","Subway","3,537,843"
"04/11/2023","SIR","7,081"
"04/11/2023","MNR","193,831"
"04/11/2023","LIRR","210,828"
"04/11/2023","Bus","1,316,710"
"04/11/2023","AAR","27,777"
"04/10/2023","AAR","24,135"
"04/10/2023","Subway","3,142,740"
"04/10/2023","SIR","6,121"
"04/10/2023","MNR","170,713"
"04/10/2023","LIRR","191,412"
"04/10/2023","Bus","1,236,634"
"04/10/2023","BT","925,671"
"04/09/2023","AAR","19,026"
"04/09/2023","Subway","1,855,826"
"04/09/2023","SIR","1,916"
"04/09/2023","MNR","85,620"
"04/09/2023","LIRR","98,030"
"04/09/2023","Bus","654,259"
"04/09/2023","BT","906,826"
"04/08/2023","BT","875,057"
"04/08/2023","Subway","2,393,347"
"04/08/2023","SIR","2,393"
"04/08/2023","MNR","99,273"
"04/08/2023","LIRR","108,740"
"04/08/2023","Bus","882,727"
"04/08/2023","AAR","16,256"
"04/07/2023","BT","903,596"
"04/07/2023","Subway","3,130,675"
"04/07/2023","SIR","4,925"
"04/07/2023","MNR","159,262"
"04/07/2023","LIRR","187,800"
"04/07/2023","Bus","1,150,222"
"04/07/2023","AAR","23,831"
"04/06/2023","BT","917,991"
"04/06/2023","Subway","3,421,271"
"04/06/2023","SIR","6,122"
"04/06/2023","MNR","169,192"
"04/06/2023","LIRR","193,340"
"04/06/2023","Bus","1,264,311"
"04/06/2023","AAR","27,061"
"04/05/2023","AAR","29,462"
"04/05/2023","Subway","3,799,965"
"04/05/2023","SIR","7,163"
"04/05/2023","MNR","185,283"
"04/05/2023","LIRR","205,060"
"04/05/2023","Bus","1,432,322"
"04/05/2023","BT","942,019"
"04/04/2023","AAR","29,698"
"04/04/2023","Subway","3,906,882"
"04/04/2023","SIR","7,633"
"04/04/2023","MNR","188,769"
"04/04/2023","LIRR","200,063"
"04/04/2023","Bus","1,519,740"
"04/04/2023","BT","916,790"
"04/03/2023","BT","905,182"
"04/03/2023","Subway","3,597,785"
"04/03/2023","SIR","7,076"
"04/03/2023","MNR","162,370"
"04/03/2023","LIRR","182,947"
"04/03/2023","Bus","1,475,017"
"04/03/2023","AAR","27,387"
"04/02/2023","BT","861,110"
"04/02/2023","Subway","1,949,665"
"04/02/2023","SIR","1,319"
"04/02/2023","MNR","79,027"
"04/02/2023","LIRR","76,059"
"04/02/2023","Bus","716,880"
"04/02/2023","AAR","17,660"
"04/01/2023","BT","859,055"
"04/01/2023","Subway","2,283,533"
"04/01/2023","SIR","1,520"
"04/01/2023","MNR","88,096"
"04/01/2023","LIRR","82,140"
"04/01/2023","Bus","842,213"
"04/01/2023","AAR","16,428"
"03/31/2023","MNR","158,879"
"03/31/2023","Subway","3,573,735"
"03/31/2023","SIR","6,426"
"03/31/2023","LIRR","184,342"
"03/31/2023","Bus","1,423,686"
"03/31/2023","BT","981,946"
"03/31/2023","AAR","28,599"
"03/30/2023","AAR","29,363"
"03/30/2023","Subway","3,860,289"
"03/30/2023","SIR","7,512"
"03/30/2023","MNR","187,344"
"03/30/2023","LIRR","200,601"
"03/30/2023","Bus","1,486,845"
"03/30/2023","BT","961,724"
"03/29/2023","BT","926,369"
"03/29/2023","Subway","3,872,948"
"03/29/2023","SIR","7,825"
"03/29/2023","MNR","187,520"
"03/29/2023","LIRR","208,736"
"03/29/2023","Bus","1,521,968"
"03/29/2023","AAR","29,771"
"03/28/2023","BT","898,266"
"03/28/2023","Subway","3,765,920"
"03/28/2023","SIR","7,541"
"03/28/2023","MNR","189,294"
"03/28/2023","LIRR","207,837"
"03/28/2023","Bus","1,490,842"
"03/28/2023","AAR","28,923"
"03/27/2023","LIRR","192,461"
"03/27/2023","Subway","3,397,258"
"03/27/2023","SIR","6,675"
"03/27/2023","BT","888,364"
"03/27/2023","AAR","26,394"
"03/27/2023","MNR","166,543"
"03/27/2023","Bus","1,426,226"
"03/26/2023","AAR","16,878"
"03/26/2023","Subway","1,939,984"
"03/26/2023","SIR","1,648"
"03/26/2023","MNR","81,819"
"03/26/2023","LIRR","83,054"
"03/26/2023","Bus","724,870"
"03/26/2023","BT","874,244"
"03/25/2023","AAR","15,556"
"03/25/2023","Subway","2,153,554"
"03/25/2023","SIR","1,765"
"03/25/2023","MNR","82,702"
"03/25/2023","LIRR","89,101"
"03/25/2023","Bus","784,068"
"03/25/2023","BT","833,067"
"03/24/2023","BT","962,444"
"03/24/2023","Subway","3,534,300"
"03/24/2023","SIR","6,133"
"03/24/2023","MNR","159,574"
"03/24/2023","LIRR","188,352"
"03/24/2023","Bus","1,420,346"
"03/24/2023","AAR","27,883"
"03/23/2023","BT","937,995"
"03/23/2023","Subway","3,774,396"
"03/23/2023","SIR","7,208"
"03/23/2023","MNR","177,877"
"03/23/2023","LIRR","200,870"
"03/23/2023","Bus","1,466,839"
"03/23/2023","AAR","29,189"
"03/22/2023","AAR","29,999"
"03/22/2023","Subway","3,797,399"
"03/22/2023","SIR","7,589"
"03/22/2023","MNR","184,321"
"03/22/2023","LIRR","202,826"
"03/22/2023","Bus","1,509,096"
"03/22/2023","BT","923,517"
"03/21/2023","AAR","29,466"
"03/21/2023","Subway","3,801,084"
"03/21/2023","SIR","7,850"
"03/21/2023","MNR","189,925"
"03/21/2023","LIRR","213,026"
"03/21/2023","Bus","1,511,670"
"03/21/2023","BT","922,043"
"03/20/2023","BT","899,348"
"03/20/2023","Subway","3,442,589"
"03/20/2023","SIR","6,895"
"03/20/2023","MNR","167,256"
"03/20/2023","LIRR","191,367"
"03/20/2023","Bus","1,444,823"
"03/20/2023","AAR","26,951"
"03/19/2023","BT","882,846"
"03/19/2023","Subway","1,894,476"
"03/19/2023","SIR","1,247"
"03/19/2023","MNR","72,936"
"03/19/2023","LIRR","82,032"
"03/19/2023","Bus","661,736"
"03/19/2023","AAR","16,471"
"03/18/2023","BT","926,819"
"03/18/2023","Subway","2,417,873"
"03/18/2023","SIR","1,839"
"03/18/2023","MNR","101,788"
"03/18/2023","LIRR","102,021"
"03/18/2023","Bus","921,569"
"03/18/2023","AAR","16,828"
"03/17/2023","MNR","171,443"
"03/17/2023","Subway","3,661,519"
"03/17/2023","SIR","6,790"
"03/17/2023","LIRR","199,191"
"03/17/2023","Bus","1,408,472"
"03/17/2023","BT","968,504"
"03/17/2023","AAR","28,094"
"03/16/2023","AAR","30,151"
"03/16/2023","Subway","3,949,788"
"03/16/2023","SIR","7,562"
"03/16/2023","MNR","187,573"
"03/16/2023","LIRR","209,838"
"03/16/2023","Bus","1,522,248"
"03/16/2023","BT","979,778"
"03/15/2023","BT","920,214"
"03/15/2023","Subway","3,912,366"
"03/15/2023","SIR","7,473"
"03/15/2023","MNR","187,128"
"03/15/2023","LIRR","205,092"
"03/15/2023","Bus","1,493,605"
"03/15/2023","AAR","29,687"
"03/14/2023","BT","778,145"
"03/14/2023","Subway","3,577,250"
"03/14/2023","SIR","6,866"
"03/14/2023","MNR","159,031"
"03/14/2023","LIRR","189,402"
"03/14/2023","Bus","1,360,497"
"03/14/2023","AAR","26,262"
"03/13/2023","AAR","26,027"
"03/13/2023","Subway","3,352,388"
"03/13/2023","SIR","6,358"
"03/13/2023","MNR","157,310"
"03/13/2023","LIRR","179,787"
"03/13/2023","Bus","1,377,045"
"03/13/2023","BT","856,102"
"03/12/2023","AAR","16,644"
"03/12/2023","Subway","1,773,585"
"03/12/2023","SIR","1,547"
"03/12/2023","MNR","70,403"
"03/12/2023","LIRR","75,970"
"03/12/2023","Bus","686,039"
"03/12/2023","BT","835,281"
"03/11/2023","BT","844,597"
"03/11/2023","Subway","2,230,530"
"03/11/2023","SIR","1,796"
"03/11/2023","MNR","88,667"
"03/11/2023","LIRR","78,979"
"03/11/2023","Bus","821,990"
"03/11/2023","AAR","15,493"
"03/10/2023","BT","968,598"
"03/10/2023","Subway","3,502,339"
"03/10/2023","SIR","6,135"
"03/10/2023","MNR","160,550"
"03/10/2023","LIRR","182,873"
"03/10/2023","Bus","1,408,909"
"03/10/2023","AAR","28,209"
"03/09/2023","Bus","1,515,155"
"03/09/2023","Subway","3,827,656"
"03/09/2023","SIR","7,211"
"03/09/2023","AAR","29,847"
"03/09/2023","MNR","186,197"
"03/09/2023","LIRR","201,711"
"03/09/2023","BT","947,895"
"03/08/2023","AAR","30,476"
"03/08/2023","Subway","3,842,861"
"03/08/2023","SIR","7,452"
"03/08/2023","MNR","186,940"
"03/08/2023","LIRR","203,258"
"03/08/2023","Bus","1,514,182"
"03/08/2023","BT","921,778"
"03/07/2023","AAR","28,417"
"03/07/2023","Subway","3,773,780"
"03/07/2023","SIR","7,607"
"03/07/2023","MNR","186,615"
"03/07/2023","LIRR","205,559"
"03/07/2023","Bus","1,490,272"
"03/07/2023","BT","890,482"
"03/06/2023","BT","879,007"
"03/06/2023","Subway","3,427,019"
"03/06/2023","SIR","6,849"
"03/06/2023","MNR","163,314"
"03/06/2023","LIRR","185,896"
"03/06/2023","Bus","1,460,599"
"03/06/2023","AAR","27,550"
"03/05/2023","BT","833,993"
"03/05/2023","Subway","1,772,121"
"03/05/2023","SIR","1,215"
"03/05/2023","MNR","72,918"
"03/05/2023","LIRR","81,079"
"03/05/2023","Bus","712,408"
"03/05/2023","AAR","16,956"
"03/04/2023","AAR","16,263"
"03/04/2023","Subway","2,173,217"
"03/04/2023","SIR","1,449"
"03/04/2023","MNR","84,352"
"03/04/2023","LIRR","96,720"
"03/04/2023","Bus","870,341"
"03/04/2023","BT","847,470"
"03/03/2023","AAR","27,298"
"03/03/2023","Subway","3,481,830"
"03/03/2023","SIR","6,167"
"03/03/2023","MNR","150,603"
"03/03/2023","LIRR","172,623"
"03/03/2023","Bus","1,417,670"
"03/03/2023","BT","937,815"
"03/02/2023","BT","938,334"
"03/02/2023","Subway","3,765,925"
"03/02/2023","SIR","7,434"
"03/02/2023","MNR","176,678"
"03/02/2023","LIRR","195,243"
"03/02/2023","Bus","1,493,623"
"03/02/2023","AAR","28,978"
"03/01/2023","BT","905,202"
"03/01/2023","Subway","3,780,713"
"03/01/2023","SIR","7,403"
"03/01/2023","MNR","176,661"
"03/01/2023","LIRR","192,142"
"03/01/2023","Bus","1,511,792"
"03/01/2023","AAR","29,449"
"02/28/2023","BT","754,778"
"02/28/2023","Subway","3,412,079"
"02/28/2023","SIR","6,690"
"02/28/2023","MNR","139,326"
"02/28/2023","LIRR","177,532"
"02/28/2023","Bus","1,349,173"
"02/28/2023","AAR","26,116"
"02/27/2023","AAR","26,730"
"02/27/2023","Subway","3,337,916"
"02/27/2023","SIR","6,752"
"02/27/2023","MNR","160,346"
"02/27/2023","LIRR","180,277"
"02/27/2023","Bus","1,423,292"
"02/27/2023","BT","858,126"
"02/26/2023","AAR","15,891"
"02/26/2023","Subway","1,625,191"
"02/26/2023","SIR","1,095"
"02/26/2023","MNR","67,702"
"02/26/2023","LIRR","74,226"
"02/26/2023","Bus","676,041"
"02/26/2023","BT","810,038"
"02/25/2023","BT","834,300"
"02/25/2023","Subway","2,043,635"
"02/25/2023","SIR","1,396"
"02/25/2023","MNR","81,742"
"02/25/2023","LIRR","86,403"
"02/25/2023","Bus","800,947"
"02/25/2023","AAR","15,461"
"02/24/2023","BT","931,517"
"02/24/2023","Subway","3,246,699"
"02/24/2023","SIR","5,551"
"02/24/2023","MNR","153,058"
"02/24/2023","LIRR","179,793"
"02/24/2023","Bus","1,246,797"
"02/24/2023","AAR","26,077"
"02/23/2023","BT","910,017"
"02/23/2023","Subway","3,498,367"
"02/23/2023","SIR","6,695"
"02/23/2023","MNR","167,193"
"02/23/2023","LIRR","188,438"
"02/23/2023","Bus","1,328,927"
"02/23/2023","AAR","27,336"
"02/22/2023","MNR","171,187"
"02/22/2023","Subway","3,454,362"
"02/22/2023","SIR","6,538"
"02/22/2023","LIRR","193,753"
"02/22/2023","Bus","1,305,744"
"02/22/2023","BT","873,583"
"02/22/2023","AAR","27,895"
"02/21/2023","AAR","27,224"
"02/21/2023","Subway","3,325,542"
"02/21/2023","SIR","6,525"
"02/21/2023","MNR","174,283"
"02/21/2023","LIRR","194,967"
"02/21/2023","Bus","1,273,578"
"02/21/2023","BT","867,500"
"02/20/2023","BT","812,364"
"02/20/2023","Subway","2,238,557"
"02/20/2023","SIR","1,547"
"02/20/2023","MNR","79,984"
"02/20/2023","LIRR","90,371"
"02/20/2023","Bus","929,439"
"02/20/2023","AAR","14,818"
"02/19/2023","BT","787,041"
"02/19/2023","Subway","1,824,136"
"02/19/2023","SIR","959"
"02/19/2023","MNR","75,064"
"02/19/2023","LIRR","75,448"
"02/19/2023","Bus","639,980"
"02/19/2023","AAR","16,165"
"02/18/2023","Bus","822,505"
"02/18/2023","Subway","2,271,106"
"02/18/2023","SIR","1,266"
"02/18/2023","AAR","15,612"
"02/18/2023","MNR","93,213"
"02/18/2023","LIRR","91,478"
"02/18/2023","BT","863,499"
"02/17/2023","AAR","26,759"
"02/17/2023","Subway","3,253,165"
"02/17/2023","SIR","5,892"
"02/17/2023","MNR","150,151"
"02/17/2023","LIRR","172,113"
"02/17/2023","Bus","1,315,466"
"02/17/2023","BT","940,247"
"02/16/2023","AAR","28,364"
"02/16/2023","Subway","3,683,782"
"02/16/2023","SIR","7,318"
"02/16/2023","MNR","172,189"
"02/16/2023","LIRR","189,802"
"02/16/2023","Bus","1,461,093"
"02/16/2023","BT","919,686"
"02/15/2023","BT","908,598"
"02/15/2023","Subway","3,762,817"
"02/15/2023","SIR","7,491"
"02/15/2023","MNR","181,992"
"02/15/2023","LIRR","197,344"
"02/15/2023","Bus","1,499,155"
"02/15/2023","AAR","29,119"
"02/14/2023","BT","901,909"
"02/14/2023","Subway","3,812,943"
"02/14/2023","SIR","7,557"
"02/14/2023","MNR","179,811"
"02/14/2023","LIRR","200,327"
"02/14/2023","Bus","1,480,867"
"02/14/2023","AAR","29,001"
"02/13/2023","AAR","25,900"
"02/13/2023","Subway","3,303,337"
"02/13/2023","SIR","6,188"
"02/13/2023","MNR","159,741"
"02/13/2023","LIRR","180,002"
"02/13/2023","Bus","1,381,524"
"02/13/2023","BT","858,301"
"02/12/2023","AAR","16,305"
"02/12/2023","Subway","1,746,099"
"02/12/2023","SIR","1,227"
"02/12/2023","MNR","63,383"
"02/12/2023","LIRR","67,457"
"02/12/2023","Bus","659,496"
"02/12/2023","BT","751,947"
"02/11/2023","BT","868,299"
"02/11/2023","Subway","2,333,625"
"02/11/2023","SIR","1,615"
"02/11/2023","MNR","88,281"
"02/11/2023","LIRR","94,434"
"02/11/2023","Bus","865,782"
"02/11/2023","AAR","16,638"
"02/10/2023","BT","951,629"
"02/10/2023","Subway","3,539,529"
"02/10/2023","SIR","6,477"
"02/10/2023","MNR","154,760"
"02/10/2023","LIRR","179,637"
"02/10/2023","Bus","1,422,781"
"02/10/2023","AAR","28,094"
"02/09/2023","BT","912,777"
"02/09/2023","Subway","3,754,859"
"02/09/2023","SIR","7,403"
"02/09/2023","MNR","172,507"
"02/09/2023","LIRR","193,326"
"02/09/2023","Bus","1,462,622"
"02/09/2023","AAR","28,515"
"02/08/2023","AAR","29,653"
"02/08/2023","Subway","3,780,682"
"02/08/2023","SIR","7,647"
"02/08/2023","MNR","180,852"
"02/08/2023","LIRR","197,370"
"02/08/2023","Bus","1,513,135"
"02/08/2023","BT","888,483"
"02/07/2023","AAR","28,688"
"02/07/2023","Subway","3,738,539"
"02/07/2023","SIR","7,736"
"02/07/2023","MNR","183,389"
"02/07/2023","LIRR","201,438"
"02/07/2023","Bus","1,491,417"
"02/07/2023","BT","871,447"
"02/06/2023","BT","852,589"
"02/06/2023","Subway","3,372,445"
"02/06/2023","SIR","7,068"
"02/06/2023","MNR","157,813"
"02/06/2023","LIRR","181,320"
"02/06/2023","Bus","1,431,232"
"02/06/2023","AAR","26,639"
"02/05/2023","BT","761,094"
"02/05/2023","Subway","1,625,375"
"02/05/2023","SIR","1,522"
"02/05/2023","MNR","62,639"
"02/05/2023","LIRR","69,379"
"02/05/2023","Bus","650,623"
"02/05/2023","AAR","15,413"
"02/04/2023","BT","739,636"
"02/04/2023","Subway","1,742,435"
"02/04/2023","SIR","1,555"
"02/04/2023","MNR","64,032"
"02/04/2023","LIRR","69,433"
"02/04/2023","Bus","598,818"
"02/04/2023","AAR","13,439"
"02/03/2023","MNR","135,908"
"02/03/2023","Subway","3,189,550"
"02/03/2023","SIR","5,819"
"02/03/2023","LIRR","158,579"
"02/03/2023","Bus","1,246,821"
"02/03/2023","BT","891,051"
"02/03/2023","AAR","26,238"
"02/02/2023","AAR","27,917"
"02/02/2023","Subway","3,699,932"
"02/02/2023","SIR","7,457"
"02/02/2023","MNR","169,864"
"02/02/2023","LIRR","187,799"
"02/02/2023","Bus","1,478,477"
"02/02/2023","BT","898,391"
"02/01/2023","BT","872,149"
"02/01/2023","Subway","3,682,758"
"02/01/2023","SIR","7,588"
"02/01/2023","MNR","169,846"
"02/01/2023","LIRR","184,043"
"02/01/2023","Bus","1,460,146"
"02/01/2023","AAR","28,492"
"01/31/2023","BT","856,512"
"01/31/2023","Subway","3,654,404"
"01/31/2023","SIR","7,593"
"01/31/2023","MNR","183,484"
"01/31/2023","LIRR","198,755"
"01/31/2023","Bus","1,365,926"
"01/31/2023","AAR","27,308"
"01/30/2023","Bus","1,371,537"
"01/30/2023","Subway","3,223,530"
"01/30/2023","SIR","6,624"
"01/30/2023","AAR","25,676"
"01/30/2023","MNR","159,176"
"01/30/2023","LIRR","180,476"
"01/30/2023","BT","855,064"
"01/29/2023","MNR","65,422"
"01/29/2023","Subway","1,637,398"
"01/29/2023","SIR","1,694"
"01/29/2023","LIRR","73,109"
"01/29/2023","Bus","647,923"
"01/29/2023","BT","767,359"
"01/29/2023","AAR","15,371"
"01/28/2023","AAR","15,577"
"01/28/2023","Subway","2,248,107"
"01/28/2023","SIR","2,333"
"01/28/2023","MNR","89,845"
"01/28/2023","LIRR","98,609"
"01/28/2023","Bus","861,680"
"01/28/2023","BT","844,952"
"01/27/2023","BT","923,980"
"01/27/2023","Subway","3,335,372"
"01/27/2023","SIR","6,051"
"01/27/2023","MNR","149,763"
"01/27/2023","LIRR","178,881"
"01/27/2023","Bus","1,341,589"
"01/27/2023","AAR","26,826"
"01/26/2023","BT","894,362"
"01/26/2023","Subway","3,629,029"
"01/26/2023","SIR","7,093"
"01/26/2023","MNR","173,696"
"01/26/2023","LIRR","190,219"
"01/26/2023","Bus","1,408,545"
"01/26/2023","AAR","27,061"
"01/25/2023","AAR","26,738"
"01/25/2023","Subway","3,511,071"
"01/25/2023","SIR","6,937"
"01/25/2023","MNR","171,748"
"01/25/2023","LIRR","188,247"
"01/25/2023","Bus","1,342,717"
"01/25/2023","BT","818,572"
"01/24/2023","AAR","27,701"
"01/24/2023","Subway","3,566,756"
"01/24/2023","SIR","7,335"
"01/24/2023","MNR","182,127"
"01/24/2023","LIRR","196,319"
"01/24/2023","Bus","1,410,676"
"01/24/2023","BT","867,402"
"01/23/2023","BT","812,462"
"01/23/2023","Subway","3,135,214"
"01/23/2023","SIR","6,210"
"01/23/2023","MNR","155,439"
"01/23/2023","LIRR","172,927"
"01/23/2023","Bus","1,281,037"
"01/23/2023","AAR","25,087"
"01/22/2023","BT","746,681"
"01/22/2023","Subway","1,593,386"
"01/22/2023","SIR","1,479"
"01/22/2023","MNR","61,728"
"01/22/2023","LIRR","64,883"
"01/22/2023","Bus","611,151"
"01/22/2023","AAR","14,721"
"01/21/2023","BT","829,548"
"01/21/2023","Subway","2,137,169"
"01/21/2023","SIR","2,058"
"01/21/2023","MNR","84,763"
"01/21/2023","LIRR","88,435"
"01/21/2023","Bus","823,236"
"01/21/2023","AAR","15,580"
"01/20/2023","AAR","26,548"
"01/20/2023","Subway","3,375,887"
"01/20/2023","SIR","6,192"
"01/20/2023","MNR","150,003"
"01/20/2023","LIRR","173,943"
"01/20/2023","Bus","1,383,181"
"01/20/2023","BT","918,497"
"01/19/2023","AAR","26,737"
"01/19/2023","Subway","3,492,226"
"01/19/2023","SIR","6,925"
"01/19/2023","MNR","170,122"
"01/19/2023","LIRR","179,752"
"01/19/2023","Bus","1,327,804"
"01/19/2023","BT","865,972"
"01/18/2023","BT","881,030"
"01/18/2023","Subway","3,603,344"
"01/18/2023","SIR","7,488"
"01/18/2023","MNR","182,209"
"01/18/2023","LIRR","198,264"
"01/18/2023","Bus","1,449,590"
"01/18/2023","AAR","29,223"
"01/17/2023","BT","874,293"
"01/17/2023","Subway","3,451,604"
"01/17/2023","SIR","7,492"
"01/17/2023","MNR","183,674"
"01/17/2023","LIRR","193,345"
"01/17/2023","Bus","1,399,573"
"01/17/2023","AAR","27,214"
"01/16/2023","BT","815,207"
"01/16/2023","Subway","2,172,218"
"01/16/2023","SIR","3,140"
"01/16/2023","MNR","75,892"
"01/16/2023","LIRR","82,416"
"01/16/2023","Bus","884,152"
"01/16/2023","AAR","14,617"
"01/15/2023","MNR","70,493"
"01/15/2023","Subway","1,705,804"
"01/15/2023","SIR","1,510"
"01/15/2023","LIRR","72,479"
"01/15/2023","Bus","621,041"
"01/15/2023","BT","760,062"
"01/15/2023","AAR","15,198"
"01/14/2023","AAR","15,407"
"01/14/2023","Subway","2,072,387"
"01/14/2023","SIR","2,059"
"01/14/2023","MNR","83,565"
"01/14/2023","LIRR","84,718"
"01/14/2023","Bus","785,952"
"01/14/2023","BT","820,548"
"01/13/2023","BT","926,298"
"01/13/2023","Subway","3,270,020"
"01/13/2023","SIR","6,042"
"01/13/2023","MNR","147,885"
"01/13/2023","LIRR","167,475"
"01/13/2023","Bus","1,345,748"
"01/13/2023","AAR","26,085"
"01/12/2023","BT","885,122"
"01/12/2023","Subway","3,472,709"
"01/12/2023","SIR","7,150"
"01/12/2023","MNR","168,701"
"01/12/2023","LIRR","188,850"
"01/12/2023","Bus","1,364,715"
"01/12/2023","AAR","27,119"
"01/11/2023","LIRR","188,904"
"01/11/2023","Subway","3,508,962"
"01/11/2023","SIR","7,166"
"01/11/2023","BT","867,649"
"01/11/2023","AAR","27,991"
"01/11/2023","MNR","174,349"
"01/11/2023","Bus","1,421,914"
"01/10/2023","MNR","179,530"
"01/10/2023","Subway","3,469,177"
"01/10/2023","SIR","7,414"
"01/10/2023","LIRR","196,817"
"01/10/2023","Bus","1,412,543"
"01/10/2023","BT","863,402"
"01/10/2023","AAR","27,309"
"01/09/2023","AAR","24,923"
"01/09/2023","Subway","3,145,743"
"01/09/2023","SIR","6,629"
"01/09/2023","MNR","157,335"
"01/09/2023","LIRR","173,594"
"01/09/2023","Bus","1,353,638"
"01/09/2023","BT","832,659"
"01/08/2023","BT","742,022"
"01/08/2023","Subway","1,610,764"
"01/08/2023","SIR","1,529"
"01/08/2023","MNR","64,893"
"01/08/2023","LIRR","68,647"
"01/08/2023","Bus","628,612"
"01/08/2023","AAR","15,157"
"01/07/2023","BT","811,276"
"01/07/2023","Subway","2,116,138"
"01/07/2023","SIR","2,297"
"01/07/2023","MNR","85,244"
"01/07/2023","LIRR","87,215"
"01/07/2023","Bus","806,981"
"01/07/2023","AAR","14,828"
"01/06/2023","AAR","25,824"
"01/06/2023","Subway","3,229,858"
"01/06/2023","SIR","6,050"
"01/06/2023","MNR","142,524"
"01/06/2023","LIRR","161,259"
"01/06/2023","Bus","1,319,595"
"01/06/2023","BT","878,051"
"01/05/2023","AAR","26,808"
"01/05/2023","Subway","3,428,520"
"01/05/2023","SIR","7,042"
"01/05/2023","MNR","166,642"
"01/05/2023","LIRR","175,278"
"01/05/2023","Bus","1,378,698"
"01/05/2023","BT","864,461"
"01/04/2023","BT","843,875"
"01/04/2023","Subway","3,413,052"
"01/04/2023","SIR","7,282"
"01/04/2023","MNR","170,847"
"01/04/2023","LIRR","182,834"
"01/04/2023","Bus","1,391,449"
"01/04/2023","AAR","26,848"
"01/03/2023","BT","818,603"
"01/03/2023","Subway","3,175,777"
"01/03/2023","SIR","6,853"
"01/03/2023","MNR","167,136"
"01/03/2023","LIRR","179,109"
"01/03/2023","Bus","1,268,913"
"01/03/2023","AAR","24,868"
"01/02/2023","BT","695,181"
"01/02/2023","Subway","1,938,154"
"01/02/2023","SIR","2,671"
"01/02/2023","MNR","72,403"
"01/02/2023","LIRR","76,247"
"01/02/2023","Bus","739,507"
"01/02/2023","AAR","10,136"
"01/01/2023","MNR","66,309"
"01/01/2023","Subway","1,675,507"
"01/01/2023","SIR","1,771"
"01/01/2023","LIRR","67,722"
"01/01/2023","Bus","475,226"
"01/01/2023","BT","739,832"
"01/01/2023","AAR","11,476"
"12/31/2022","AAR","14,090"
"12/31/2022","Subway","1,927,101"
"12/31/2022","SIR","1,847"
"12/31/2022","MNR","81,198"
"12/31/2022","LIRR","81,590"
"12/31/2022","Bus","651,474"
"12/31/2022","BT","688,653"
"12/30/2022","BT","930,119"
"12/30/2022","Subway","3,063,480"
"12/30/2022","SIR","5,338"
"12/30/2022","MNR","176,215"
"12/30/2022","LIRR","193,989"
"12/30/2022","Bus","1,087,122"
"12/30/2022","AAR","22,951"
"12/29/2022","BT","919,855"
"12/29/2022","Subway","3,039,432"
"12/29/2022","SIR","5,597"
"12/29/2022","MNR","167,129"
"12/29/2022","LIRR","189,075"
"12/29/2022","Bus","1,099,513"
"12/29/2022","AAR","23,200"
"12/28/2022","AAR","23,571"
"12/28/2022","Subway","2,947,028"
"12/28/2022","SIR","5,407"
"12/28/2022","MNR","163,499"
"12/28/2022","LIRR","182,226"
"12/28/2022","Bus","1,088,279"
"12/28/2022","BT","895,059"
"12/27/2022","AAR","21,363"
"12/27/2022","Subway","2,729,514"
"12/27/2022","SIR","5,228"
"12/27/2022","MNR","156,503"
"12/27/2022","LIRR","178,880"
"12/27/2022","Bus","1,027,687"
"12/27/2022","BT","885,227"
"12/26/2022","BT","767,127"
"12/26/2022","Subway","1,812,842"
"12/26/2022","SIR","2,214"
"12/26/2022","MNR","89,137"
"12/26/2022","LIRR","87,401"
"12/26/2022","Bus","644,828"
"12/26/2022","AAR","9,327"
"12/25/2022","BT","732,924"
"12/25/2022","Subway","1,008,452"
"12/25/2022","SIR","1,005"
"12/25/2022","MNR","47,454"
"12/25/2022","LIRR","51,896"
"12/25/2022","Bus","321,245"
"12/25/2022","AAR","13,709"
"12/24/2022","Bus","497,129"
"12/24/2022","Subway","1,411,469"
"12/24/2022","SIR","1,304"
"12/24/2022","AAR","12,759"
"12/24/2022","MNR","60,373"
"12/24/2022","LIRR","61,701"
"12/24/2022","BT","748,638"
"12/23/2022","AAR","20,359"
"12/23/2022","Subway","2,738,016"
"12/23/2022","SIR","4,523"
"12/23/2022","MNR","138,857"
"12/23/2022","LIRR","163,716"
"12/23/2022","Bus","1,057,686"
"12/23/2022","BT","816,096"
"12/22/2022","AAR","25,244"
"12/22/2022","Subway","3,187,083"
"12/22/2022","SIR","5,728"
"12/22/2022","MNR","147,366"
"12/22/2022","LIRR","177,675"
"12/22/2022","Bus","1,269,330"
"12/22/2022","BT","940,403"
"12/21/2022","BT","957,512"
"12/21/2022","Subway","3,563,236"
"12/21/2022","SIR","6,993"
"12/21/2022","MNR","168,379"
"12/21/2022","LIRR","191,684"
"12/21/2022","Bus","1,393,290"
"12/21/2022","AAR","28,480"
"12/20/2022","BT","927,027"
"12/20/2022","Subway","3,586,084"
"12/20/2022","SIR","7,046"
"12/20/2022","MNR","173,346"
"12/20/2022","LIRR","191,991"
"12/20/2022","Bus","1,398,728"
"12/20/2022","AAR","27,148"
"12/19/2022","AAR","25,529"
"12/19/2022","Subway","3,381,411"
"12/19/2022","SIR","6,591"
"12/19/2022","MNR","159,383"
"12/19/2022","LIRR","178,278"
"12/19/2022","Bus","1,352,455"
"12/19/2022","BT","890,263"
"12/18/2022","AAR","16,036"
"12/18/2022","Subway","1,967,199"
"12/18/2022","SIR","1,487"
"12/18/2022","MNR","87,425"
"12/18/2022","LIRR","87,146"
"12/18/2022","Bus","668,994"
"12/18/2022","BT","845,630"
"12/17/2022","BT","936,674"
"12/17/2022","Subway","2,577,771"
"12/17/2022","SIR","2,071"
"12/17/2022","MNR","123,286"
"12/17/2022","LIRR","114,272"
"12/17/2022","Bus","884,283"
"12/17/2022","AAR","16,788"
"12/16/2022","BT","920,830"
"12/16/2022","Subway","3,270,016"
"12/16/2022","SIR","5,823"
"12/16/2022","MNR","151,244"
"12/16/2022","LIRR","170,615"
"12/16/2022","Bus","1,221,634"
"12/16/2022","AAR","24,074"
"12/15/2022","BT","935,757"
"12/15/2022","Subway","3,726,154"
"12/15/2022","SIR","7,001"
"12/15/2022","MNR","173,709"
"12/15/2022","LIRR","191,261"
"12/15/2022","Bus","1,363,160"
"12/15/2022","AAR","27,034"
"12/14/2022","AAR","29,081"
"12/14/2022","Subway","3,777,173"
"12/14/2022","SIR","7,400"
"12/14/2022","MNR","183,484"
"12/14/2022","LIRR","196,921"
"12/14/2022","Bus","1,435,020"
"12/14/2022","BT","944,777"
"12/13/2022","AAR","28,234"
"12/13/2022","Subway","3,763,568"
"12/13/2022","SIR","7,570"
"12/13/2022","MNR","183,214"
"12/13/2022","LIRR","197,613"
"12/13/2022","Bus","1,437,228"
"12/13/2022","BT","911,982"
"12/12/2022","BT","879,951"
"12/12/2022","Subway","3,466,978"
"12/12/2022","SIR","6,838"
"12/12/2022","MNR","163,516"
"12/12/2022","LIRR","182,973"
"12/12/2022","Bus","1,384,864"
"12/12/2022","AAR","25,771"
"12/11/2022","BT","780,359"
"12/11/2022","Subway","1,865,579"
"12/11/2022","SIR","1,103"
"12/11/2022","MNR","74,273"
"12/11/2022","LIRR","77,607"
"12/11/2022","Bus","618,870"
"12/11/2022","AAR","14,949"
"12/10/2022","BT","902,924"
"12/10/2022","Subway","2,663,493"
"12/10/2022","SIR","1,873"
"12/10/2022","MNR","119,858"
"12/10/2022","LIRR","112,142"
"12/10/2022","Bus","869,320"
"12/10/2022","AAR","16,232"
"12/09/2022","MNR","165,147"
"12/09/2022","Subway","3,710,928"
"12/09/2022","SIR","6,379"
"12/09/2022","LIRR","185,104"
"12/09/2022","Bus","1,386,473"
"12/09/2022","BT","967,823"
"12/09/2022","AAR","26,213"
"12/08/2022","AAR","28,292"
"12/08/2022","Subway","3,931,499"
"12/08/2022","SIR","7,541"
"12/08/2022","MNR","182,314"
"12/08/2022","LIRR","192,958"
"12/08/2022","Bus","1,480,877"
"12/08/2022","BT","951,837"
"12/07/2022","BT","902,541"
"12/07/2022","Subway","3,835,333"
"12/07/2022","SIR","7,526"
"12/07/2022","MNR","178,345"
"12/07/2022","LIRR","194,436"
"12/07/2022","Bus","1,442,871"
"12/07/2022","AAR","27,941"
"12/06/2022","BT","881,978"
"12/06/2022","Subway","3,753,299"
"12/06/2022","SIR","7,447"
"12/06/2022","MNR","178,862"
"12/06/2022","LIRR","195,892"
"12/06/2022","Bus","1,414,979"
"12/06/2022","AAR","27,305"
"12/05/2022","Bus","1,429,308"
"12/05/2022","Subway","3,481,640"
"12/05/2022","SIR","7,013"
"12/05/2022","AAR","26,409"
"12/05/2022","MNR","164,873"
"12/05/2022","LIRR","183,238"
"12/05/2022","BT","877,396"
"12/04/2022","MNR","80,173"
"12/04/2022","Subway","1,990,479"
"12/04/2022","SIR","1,266"
"12/04/2022","LIRR","81,381"
"12/04/2022","Bus","681,713"
"12/04/2022","BT","806,711"
"12/04/2022","AAR","15,763"
"12/03/2022","AAR","15,540"
"12/03/2022","Subway","2,291,687"
"12/03/2022","SIR","1,467"
"12/03/2022","MNR","89,976"
"12/03/2022","LIRR","87,730"
"12/03/2022","Bus","760,109"
"12/03/2022","BT","818,524"
"12/02/2022","BT","936,922"
"12/02/2022","Subway","3,600,504"
"12/02/2022","SIR","6,576"
"12/02/2022","MNR","152,746"
"12/02/2022","LIRR","172,860"
"12/02/2022","Bus","1,395,642"
"12/02/2022","AAR","27,007"
"12/01/2022","BT","935,192"
"12/01/2022","Subway","3,770,495"
"12/01/2022","SIR","7,538"
"12/01/2022","MNR","166,856"
"12/01/2022","LIRR","181,825"
"12/01/2022","Bus","1,459,934"
"12/01/2022","AAR","27,018"
"11/30/2022","AAR","26,469"
"11/30/2022","Subway","3,568,413"
"11/30/2022","SIR","7,204"
"11/30/2022","MNR","177,367"
"11/30/2022","LIRR","189,152"
"11/30/2022","Bus","1,356,729"
"11/30/2022","BT","861,393"
"11/29/2022","AAR","27,009"
"11/29/2022","Subway","3,596,894"
"11/29/2022","SIR","7,510"
"11/29/2022","MNR","181,370"
"11/29/2022","LIRR","192,494"
"11/29/2022","Bus","1,455,294"
"11/29/2022","BT","894,717"
"11/28/2022","BT","908,669"
"11/28/2022","Subway","3,265,971"
"11/28/2022","SIR","7,120"
"11/28/2022","MNR","163,694"
"11/28/2022","LIRR","186,710"
"11/28/2022","Bus","1,397,963"
"11/28/2022","AAR","24,969"
"11/27/2022","BT","817,212"
"11/27/2022","Subway","1,476,228"
"11/27/2022","SIR","1,408"
"11/27/2022","MNR","76,680"
"11/27/2022","LIRR","79,973"
"11/27/2022","Bus","562,073"
"11/27/2022","AAR","13,063"
"11/26/2022","BT","855,586"
"11/26/2022","Subway","1,999,608"
"11/26/2022","SIR","2,286"
"11/26/2022","MNR","106,685"
"11/26/2022","LIRR","105,304"
"11/26/2022","Bus","781,665"
"11/26/2022","AAR","12,576"
"11/25/2022","MNR","148,368"
"11/25/2022","Subway","2,058,658"
"11/25/2022","SIR","3,361"
"11/25/2022","LIRR","163,354"
"11/25/2022","Bus","842,892"
"11/25/2022","BT","768,844"
"11/25/2022","AAR","12,834"
"11/24/2022","AAR","18,369"
"11/24/2022","Subway","1,382,266"
"11/24/2022","SIR","2,006"
"11/24/2022","MNR","90,057"
"11/24/2022","LIRR","90,771"
"11/24/2022","Bus","515,903"
"11/24/2022","BT","861,586"
"11/23/2022","BT","987,510"
"11/23/2022","Subway","3,263,998"
"11/23/2022","SIR","6,862"
"11/23/2022","MNR","184,135"
"11/23/2022","LIRR","210,438"
"11/23/2022","Bus","1,358,016"
"11/23/2022","AAR","25,032"
"11/22/2022","BT","986,860"
"11/22/2022","Subway","3,548,882"
"11/22/2022","SIR","7,462"
"11/22/2022","MNR","183,771"
"11/22/2022","LIRR","200,264"
"11/22/2022","Bus","1,447,618"
"11/22/2022","AAR","27,957"
"11/21/2022","AAR","25,766"
"11/21/2022","Subway","3,363,626"
"11/21/2022","SIR","7,017"
"11/21/2022","MNR","166,517"
"11/21/2022","LIRR","185,570"
"11/21/2022","Bus","1,393,031"
"11/21/2022","BT","900,276"
"11/20/2022","AAR","15,556"
"11/20/2022","Subway","1,721,187"
"11/20/2022","SIR","1,079"
"11/20/2022","MNR","74,870"
"11/20/2022","LIRR","74,524"
"11/20/2022","Bus","645,986"
"11/20/2022","BT","833,468"
"11/19/2022","BT","932,718"
"11/19/2022","Subway","2,323,449"
"11/19/2022","SIR","1,630"
"11/19/2022","MNR","101,076"
"11/19/2022","LIRR","97,654"
"11/19/2022","Bus","864,766"
"11/19/2022","AAR","16,076"
"11/18/2022","BT","985,239"
"11/18/2022","Subway","3,539,202"
"11/18/2022","SIR","6,546"
"11/18/2022","MNR","161,777"
"11/18/2022","LIRR","183,576"
"11/18/2022","Bus","1,412,974"
"11/18/2022","AAR","27,236"
"11/17/2022","Bus","1,493,119"
"11/17/2022","Subway","3,797,815"
"11/17/2022","SIR","7,633"
"11/17/2022","AAR","28,778"
"11/17/2022","MNR","178,147"
"11/17/2022","LIRR","193,797"
"11/17/2022","BT","966,718"
"11/16/2022","AAR","28,574"
"11/16/2022","Subway","3,751,773"
"11/16/2022","SIR","7,589"
"11/16/2022","MNR","179,233"
"11/16/2022","LIRR","194,893"
"11/16/2022","Bus","1,484,607"
"11/16/2022","BT","916,270"
"11/15/2022","AAR","28,155"
"11/15/2022","Subway","3,713,627"
"11/15/2022","SIR","7,776"
"11/15/2022","MNR","182,790"
"11/15/2022","LIRR","196,179"
"11/15/2022","Bus","1,483,782"
"11/15/2022","BT","907,032"
"11/14/2022","BT","893,380"
"11/14/2022","Subway","3,401,075"
"11/14/2022","SIR","7,135"
"11/14/2022","MNR","165,573"
"11/14/2022","LIRR","181,582"
"11/14/2022","Bus","1,441,705"
"11/14/2022","AAR","25,728"
"11/13/2022","BT","862,586"
"11/13/2022","Subway","1,794,024"
"11/13/2022","SIR","1,658"
"11/13/2022","MNR","76,460"
"11/13/2022","LIRR","76,869"
"11/13/2022","Bus","662,034"
"11/13/2022","AAR","15,544"
"11/12/2022","AAR","15,153"
"11/12/2022","Subway","2,431,419"
"11/12/2022","SIR","2,262"
"11/12/2022","MNR","106,101"
"11/12/2022","LIRR","94,911"
"11/12/2022","Bus","893,837"
"11/12/2022","BT","891,655"
"11/11/2022","AAR","20,634"
"11/11/2022","Subway","2,994,708"
"11/11/2022","SIR","4,558"
"11/11/2022","MNR","154,511"
"11/11/2022","LIRR","172,756"
"11/11/2022","Bus","1,077,574"
"11/11/2022","BT","873,263"
"11/10/2022","BT","980,730"
"11/10/2022","Subway","3,802,230"
"11/10/2022","SIR","7,749"
"11/10/2022","MNR","180,584"
"11/10/2022","LIRR","203,722"
"11/10/2022","Bus","1,516,812"
"11/10/2022","AAR","28,385"
"11/09/2022","BT","925,217"
"11/09/2022","Subway","3,772,030"
"11/09/2022","SIR","7,722"
"11/09/2022","MNR","180,581"
"11/09/2022","LIRR","199,030"
"11/09/2022","Bus","1,517,250"
"11/09/2022","AAR","28,589"
"11/08/2022","BT","892,069"
"11/08/2022","Subway","3,431,700"
"11/08/2022","SIR","6,463"
"11/08/2022","MNR","183,142"
"11/08/2022","LIRR","201,028"
"11/08/2022","Bus","1,356,894"
"11/08/2022","AAR","25,939"
"11/07/2022","AAR","26,193"
"11/07/2022","Subway","3,456,868"
"11/07/2022","SIR","7,365"
"11/07/2022","MNR","168,401"
"11/07/2022","LIRR","190,295"
"11/07/2022","Bus","1,478,731"
"11/07/2022","BT","905,434"
"11/06/2022","AAR","13,926"
"11/06/2022","Subway","2,116,063"
"11/06/2022","SIR","3,122"
"11/06/2022","MNR","94,517"
"11/06/2022","LIRR","92,648"
"11/06/2022","Bus","648,085"
"11/06/2022","BT","776,918"
"11/05/2022","BT","943,182"
"11/05/2022","Subway","2,449,943"
"11/05/2022","SIR","2,628"
"11/05/2022","MNR","110,793"
"11/05/2022","LIRR","96,845"
"11/05/2022","Bus","918,127"
"11/05/2022","AAR","16,790"
"11/04/2022","BT","979,007"
"11/04/2022","Subway","3,586,358"
"11/04/2022","SIR","6,813"
"11/04/2022","MNR","161,378"
"11/04/2022","LIRR","180,084"
"11/04/2022","Bus","1,459,619"
"11/04/2022","AAR","27,340"
"11/03/2022","BT","945,430"
"11/03/2022","Subway","3,802,455"
"11/03/2022","SIR","7,676"
"11/03/2022","MNR","178,498"
"11/03/2022","LIRR","197,940"
"11/03/2022","Bus","1,521,975"
"11/03/2022","AAR","28,364"
"11/02/2022","MNR","181,158"
"11/02/2022","Subway","3,788,123"
"11/02/2022","SIR","7,788"
"11/02/2022","LIRR","198,277"
"11/02/2022","Bus","1,549,724"
"11/02/2022","BT","923,006"
"11/02/2022","AAR","28,493"
"11/01/2022","AAR","26,993"
"11/01/2022","Subway","3,706,707"
"11/01/2022","SIR","7,756"
"11/01/2022","MNR","178,425"
"11/01/2022","LIRR","196,102"
"11/01/2022","Bus","1,501,329"
"11/01/2022","BT","915,166"
"10/31/2022","BT","865,933"
"10/31/2022","Subway","3,410,892"
"10/31/2022","SIR","6,759"
"10/31/2022","MNR","157,055"
"10/31/2022","LIRR","177,547"
"10/31/2022","Bus","1,394,453"
"10/31/2022","AAR","24,178"
"10/30/2022","BT","905,820"
"10/30/2022","Subway","1,875,953"
"10/30/2022","SIR","5"
"10/30/2022","MNR","80,576"
"10/30/2022","LIRR","69,358"
"10/30/2022","Bus","711,004"
"10/30/2022","AAR","15,324"
"10/29/2022","LIRR","86,888"
"10/29/2022","Subway","2,440,601"
"10/29/2022","SIR","42"
"10/29/2022","BT","952,084"
"10/29/2022","AAR","15,778"
"10/29/2022","MNR","102,975"
"10/29/2022","Bus","912,721"
"10/28/2022","AAR","26,237"
"10/28/2022","Subway","3,624,748"
"10/28/2022","SIR","6,647"
"10/28/2022","MNR","159,109"
"10/28/2022","LIRR","179,633"
"10/28/2022","Bus","1,455,834"
"10/28/2022","BT","996,162"
"10/27/2022","AAR","28,035"
"10/27/2022","Subway","3,892,985"
"10/27/2022","SIR","7,848"
"10/27/2022","MNR","179,032"
"10/27/2022","LIRR","196,789"
"10/27/2022","Bus","1,543,031"
"10/27/2022","BT","975,470"
"10/26/2022","BT","935,935"
"10/26/2022","Subway","3,794,534"
"10/26/2022","SIR","7,978"
"10/26/2022","MNR","181,254"
"10/26/2022","LIRR","201,843"
"10/26/2022","Bus","1,539,557"
"10/26/2022","AAR","27,891"
"10/25/2022","BT","907,328"
"10/25/2022","Subway","3,712,582"
"10/25/2022","SIR","7,864"
"10/25/2022","MNR","183,507"
"10/25/2022","LIRR","200,671"
"10/25/2022","Bus","1,512,725"
"10/25/2022","AAR","27,080"
"10/24/2022","AAR","24,643"
"10/24/2022","Subway","3,357,840"
"10/24/2022","SIR","6,929"
"10/24/2022","MNR","161,772"
"10/24/2022","LIRR","182,390"
"10/24/2022","Bus","1,432,728"
"10/24/2022","BT","890,995"
"10/23/2022","AAR","14,434"
"10/23/2022","Subway","1,740,520"
"10/23/2022","SIR","19"
"10/23/2022","MNR","83,665"
"10/23/2022","LIRR","76,024"
"10/23/2022","Bus","668,183"
"10/23/2022","BT","874,757"
"10/22/2022","BT","974,020"
"10/22/2022","Subway","2,430,406"
"10/22/2022","SIR","90"
"10/22/2022","MNR","122,863"
"10/22/2022","LIRR","97,921"
"10/22/2022","Bus","916,539"
"10/22/2022","AAR","15,832"
"10/21/2022","BT","1,001,944"
"10/21/2022","Subway","3,570,334"
"10/21/2022","SIR","6,848"
"10/21/2022","MNR","166,539"
"10/21/2022","LIRR","185,797"
"10/21/2022","Bus","1,452,280"
"10/21/2022","AAR","26,385"
"10/20/2022","BT","974,568"
"10/20/2022","Subway","3,810,901"
"10/20/2022","SIR","7,784"
"10/20/2022","MNR","180,234"
"10/20/2022","LIRR","201,886"
"10/20/2022","Bus","1,532,692"
"10/20/2022","AAR","27,649"
"10/19/2022","MNR","185,202"
"10/19/2022","Subway","3,814,404"
"10/19/2022","SIR","7,934"
"10/19/2022","LIRR","202,921"
"10/19/2022","Bus","1,545,140"
"10/19/2022","BT","942,343"
"10/19/2022","AAR","28,002"
"10/18/2022","AAR","26,135"
"10/18/2022","Subway","3,693,627"
"10/18/2022","SIR","7,917"
"10/18/2022","MNR","191,540"
"10/18/2022","LIRR","199,026"
"10/18/2022","Bus","1,510,826"
"10/18/2022","BT","898,424"
"10/17/2022","BT","864,001"
"10/17/2022","Subway","3,314,497"
"10/17/2022","SIR","6,952"
"10/17/2022","MNR","170,716"
"10/17/2022","LIRR","182,855"
"10/17/2022","Bus","1,430,672"
"10/17/2022","AAR","24,045"
"10/16/2022","BT","901,946"
"10/16/2022","Subway","1,773,903"
"10/16/2022","SIR","1,385"
"10/16/2022","MNR","85,438"
"10/16/2022","LIRR","80,395"
"10/16/2022","Bus","705,073"
"10/16/2022","AAR","15,338"
"10/15/2022","AAR","15,945"
"10/15/2022","Subway","2,363,501"
"10/15/2022","SIR","1,897"
"10/15/2022","MNR","108,230"
"10/15/2022","LIRR","100,804"
"10/15/2022","Bus","914,771"
"10/15/2022","BT","967,900"
"10/14/2022","AAR","26,877"
"10/14/2022","Subway","3,578,772"
"10/14/2022","SIR","6,877"
"10/14/2022","MNR","170,188"
"10/14/2022","LIRR","186,594"
"10/14/2022","Bus","1,468,602"
"10/14/2022","BT","1,004,461"
"10/13/2022","BT","938,635"
"10/13/2022","Subway","3,682,799"
"10/13/2022","SIR","7,593"
"10/13/2022","MNR","173,174"
"10/13/2022","LIRR","195,360"
"10/13/2022","Bus","1,463,795"
"10/13/2022","AAR","26,422"
"10/12/2022","BT","949,567"
"10/12/2022","Subway","3,776,129"
"10/12/2022","SIR","7,820"
"10/12/2022","MNR","185,488"
"10/12/2022","LIRR","203,866"
"10/12/2022","Bus","1,554,226"
"10/12/2022","AAR","28,193"
"10/11/2022","Bus","1,521,587"
"10/11/2022","Subway","3,649,405"
"10/11/2022","SIR","7,841"
"10/11/2022","AAR","26,435"
"10/11/2022","MNR","192,887"
"10/11/2022","LIRR","203,885"
"10/11/2022","BT","903,121"
"10/10/2022","AAR","17,806"
"10/10/2022","Subway","2,556,722"
"10/10/2022","SIR","4,220"
"10/10/2022","MNR","152,488"
"10/10/2022","LIRR","163,310"
"10/10/2022","Bus","1,034,288"
"10/10/2022","BT","847,978"
"10/09/2022","AAR","14,776"
"10/09/2022","Subway","1,917,721"
"10/09/2022","SIR","2,200"
"10/09/2022","MNR","88,783"
"10/09/2022","LIRR","97,984"
"10/09/2022","Bus","691,656"
"10/09/2022","BT","913,948"
"10/08/2022","BT","968,165"
"10/08/2022","Subway","2,397,249"
"10/08/2022","SIR","1,975"
"10/08/2022","MNR","110,122"
"10/08/2022","LIRR","114,687"
"10/08/2022","Bus","888,506"
"10/08/2022","AAR","15,448"
"10/07/2022","BT","1,022,910"
"10/07/2022","Subway","3,591,080"
"10/07/2022","SIR","6,865"
"10/07/2022","MNR","166,955"
"10/07/2022","LIRR","204,261"
"10/07/2022","Bus","1,480,214"
"10/07/2022","AAR","26,725"
"10/06/2022","AAR","28,527"
"10/06/2022","Subway","3,848,909"
"10/06/2022","SIR","7,907"
"10/06/2022","MNR","182,247"
"10/06/2022","LIRR","203,783"
"10/06/2022","Bus","1,554,806"
"10/06/2022","BT","985,944"
"10/05/2022","AAR","24,305"
"10/05/2022","Subway","3,077,346"
"10/05/2022","SIR","6,012"
"10/05/2022","MNR","158,117"
"10/05/2022","LIRR","176,091"
"10/05/2022","Bus","1,206,674"
"10/05/2022","BT","819,307"
"10/04/2022","BT","837,110"
"10/04/2022","Subway","3,397,689"
"10/04/2022","SIR","6,825"
"10/04/2022","MNR","166,868"
"10/04/2022","LIRR","181,887"
"10/04/2022","Bus","1,354,099"
"10/04/2022","AAR","25,282"
"10/03/2022","BT","884,279"
"10/03/2022","Subway","3,370,048"
"10/03/2022","SIR","6,824"
"10/03/2022","MNR","153,913"
"10/03/2022","LIRR","173,268"
"10/03/2022","Bus","1,426,633"
"10/03/2022","AAR","25,390"
"10/02/2022","BT","796,062"
"10/02/2022","Subway","1,621,851"
"10/02/2022","SIR","1,302"
"10/02/2022","MNR","68,450"
"10/02/2022","LIRR","61,918"
"10/02/2022","Bus","591,909"
"10/02/2022","AAR","13,897"
"10/01/2022","AAR","13,718"
"10/01/2022","Subway","2,032,983"
"10/01/2022","SIR","1,855"
"10/01/2022","MNR","80,394"
"10/01/2022","LIRR","72,081"
"10/01/2022","Bus","758,826"
"10/01/2022","BT","823,414"
"09/30/2022","AAR","26,614"
"09/30/2022","Subway","3,503,239"
"09/30/2022","SIR","6,623"
"09/30/2022","MNR","164,028"
"09/30/2022","LIRR","181,549"
"09/30/2022","Bus","1,477,082"
"09/30/2022","BT","1,001,614"
"09/29/2022","BT","963,946"
"09/29/2022","Subway","3,707,751"
"09/29/2022","SIR","7,738"
"09/29/2022","MNR","173,138"
"09/29/2022","LIRR","194,288"
"09/29/2022","Bus","1,503,472"
"09/29/2022","AAR","26,857"
"09/28/2022","BT","934,551"
"09/28/2022","Subway","3,712,354"
"09/28/2022","SIR","7,903"
"09/28/2022","MNR","179,234"
"09/28/2022","LIRR","201,525"
"09/28/2022","Bus","1,541,900"
"09/28/2022","AAR","27,423"
"09/27/2022","BT","889,945"
"09/27/2022","Subway","3,204,114"
"09/27/2022","SIR","6,744"
"09/27/2022","MNR","176,941"
"09/27/2022","LIRR","192,275"
"09/27/2022","Bus","1,290,217"
"09/27/2022","AAR","24,344"
"09/26/2022","MNR","153,930"
"09/26/2022","Subway","2,812,853"
"09/26/2022","SIR","5,848"
"09/26/2022","LIRR","177,235"
"09/26/2022","Bus","1,206,954"
"09/26/2022","BT","875,706"
"09/26/2022","AAR","21,532"
"09/25/2022","AAR","14,770"
"09/25/2022","Subway","1,759,832"
"09/25/2022","SIR","1,582"
"09/25/2022","MNR","87,366"
"09/25/2022","LIRR","81,212"
"09/25/2022","Bus","660,871"
"09/25/2022","BT","881,947"
"09/24/2022","BT","969,371"
"09/24/2022","Subway","2,377,091"
"09/24/2022","SIR","1,975"
"09/24/2022","MNR","115,822"
"09/24/2022","LIRR","98,192"
"09/24/2022","Bus","860,948"
"09/24/2022","AAR","15,593"
"09/23/2022","BT","1,006,255"
"09/23/2022","Subway","3,626,482"
"09/23/2022","SIR","6,902"
"09/23/2022","MNR","168,866"
"09/23/2022","LIRR","190,670"
"09/23/2022","Bus","1,413,234"
"09/23/2022","AAR","25,738"
"09/22/2022","Bus","1,433,737"
"09/22/2022","Subway","3,732,919"
"09/22/2022","SIR","7,883"
"09/22/2022","AAR","26,136"
"09/22/2022","MNR","174,952"
"09/22/2022","LIRR","190,703"
"09/22/2022","BT","942,560"
"09/21/2022","AAR","27,479"
"09/21/2022","Subway","3,878,782"
"09/21/2022","SIR","8,112"
"09/21/2022","MNR","188,361"
"09/21/2022","LIRR","204,572"
"09/21/2022","Bus","1,543,632"
"09/21/2022","BT","949,862"
"09/20/2022","AAR","26,148"
"09/20/2022","Subway","3,767,024"
"09/20/2022","SIR","7,962"
"09/20/2022","MNR","188,771"
"09/20/2022","LIRR","203,873"
"09/20/2022","Bus","1,554,448"
"09/20/2022","BT","933,900"
"09/19/2022","BT","913,368"
"09/19/2022","Subway","3,369,999"
"09/19/2022","SIR","7,155"
"09/19/2022","MNR","164,392"
"09/19/2022","LIRR","187,831"
"09/19/2022","Bus","1,490,926"
"09/19/2022","AAR","24,491"
"09/18/2022","BT","952,111"
"09/18/2022","Subway","1,844,317"
"09/18/2022","SIR","1,944"
"09/18/2022","MNR","79,158"
"09/18/2022","LIRR","86,329"
"09/18/2022","Bus","712,161"
"09/18/2022","AAR","15,588"
"09/17/2022","AAR","15,828"
"09/17/2022","Subway","2,350,888"
"09/17/2022","SIR","2,693"
"09/17/2022","MNR","101,734"
"09/17/2022","LIRR","99,403"
"09/17/2022","Bus","916,215"
"09/17/2022","BT","973,972"
"09/16/2022","AAR","26,025"
"09/16/2022","Subway","3,502,358"
"09/16/2022","SIR","6,797"
"09/16/2022","MNR","155,750"
"09/16/2022","LIRR","184,424"
"09/16/2022","Bus","1,501,956"
"09/16/2022","BT","1,018,958"
"09/15/2022","BT","985,596"
"09/15/2022","Subway","3,747,731"
"09/15/2022","SIR","7,725"
"09/15/2022","MNR","175,672"
"09/15/2022","LIRR","197,284"
"09/15/2022","Bus","1,573,907"
"09/15/2022","AAR","27,391"
"09/14/2022","BT","958,550"
"09/14/2022","Subway","3,741,978"
"09/14/2022","SIR","7,740"
"09/14/2022","MNR","181,619"
"09/14/2022","LIRR","202,713"
"09/14/2022","Bus","1,590,666"
"09/14/2022","AAR","28,124"
"09/13/2022","BT","924,596"
"09/13/2022","Subway","3,618,354"
"09/13/2022","SIR","7,552"
"09/13/2022","MNR","180,183"
"09/13/2022","LIRR","200,171"
"09/13/2022","Bus","1,557,686"
"09/13/2022","AAR","26,317"
"09/12/2022","AAR","24,947"
"09/12/2022","Subway","3,382,150"
"09/12/2022","SIR","6,863"
"09/12/2022","MNR","163,430"
"09/12/2022","LIRR","187,548"
"09/12/2022","Bus","1,519,324"
"09/12/2022","BT","928,870"
"09/11/2022","AAR","14,467"
"09/11/2022","Subway","1,737,251"
"09/11/2022","SIR","1,275"
"09/11/2022","MNR","72,789"
"09/11/2022","LIRR","82,638"
"09/11/2022","Bus","659,929"
"09/11/2022","BT","864,946"
"09/10/2022","BT","985,186"
"09/10/2022","Subway","2,356,865"
"09/10/2022","SIR","1,948"
"09/10/2022","MNR","98,043"
"09/10/2022","LIRR","103,789"
"09/10/2022","Bus","914,744"
"09/10/2022","AAR","15,345"
"09/09/2022","BT","1,012,814"
"09/09/2022","Subway","3,481,756"
"09/09/2022","SIR","6,432"
"09/09/2022","MNR","161,197"
"09/09/2022","LIRR","189,930"
"09/09/2022","Bus","1,492,297"
"09/09/2022","AAR","25,627"
"09/08/2022","BT","969,986"
"09/08/2022","Subway","3,644,407"
"09/08/2022","SIR","7,185"
"09/08/2022","MNR","178,788"
"09/08/2022","LIRR","199,489"
"09/08/2022","Bus","1,517,502"
"09/08/2022","AAR","27,121"
"09/07/2022","MNR","179,628"
"09/07/2022","Subway","3,444,556"
"09/07/2022","SIR","6,698"
"09/07/2022","LIRR","203,983"
"09/07/2022","Bus","1,412,342"
"09/07/2022","BT","942,846"
"09/07/2022","AAR","26,773"
"09/06/2022","AAR","24,963"
"09/06/2022","Subway","3,063,503"
"09/06/2022","SIR","6,016"
"09/06/2022","MNR","164,255"
"09/06/2022","LIRR","190,260"
"09/06/2022","Bus","1,231,759"
"09/06/2022","BT","896,024"
"09/05/2022","BT","803,633"
"09/05/2022","Subway","1,691,887"
"09/05/2022","SIR","1,977"
"09/05/2022","MNR","74,585"
"09/05/2022","LIRR","93,198"
"09/05/2022","Bus","682,671"
"09/05/2022","AAR","9,722"
"09/04/2022","BT","904,281"
"09/04/2022","Subway","1,802,349"
"09/04/2022","SIR","1,894"
"09/04/2022","MNR","77,386"
"09/04/2022","LIRR","97,728"
"09/04/2022","Bus","701,646"
"09/04/2022","AAR","15,428"
"09/03/2022","Bus","867,750"
"09/03/2022","Subway","2,116,811"
"09/03/2022","SIR","2,455"
"09/03/2022","AAR","15,863"
"09/03/2022","MNR","94,997"
"09/03/2022","LIRR","116,405"
"09/03/2022","BT","927,053"
"09/02/2022","MNR","138,009"
"09/02/2022","Subway","2,925,306"
"09/02/2022","SIR","5,307"
"09/02/2022","LIRR","185,153"
"09/02/2022","Bus","1,250,956"
"09/02/2022","BT","1,009,748"
"09/02/2022","AAR","24,696"
"09/01/2022","AAR","25,382"
"09/01/2022","Subway","3,114,667"
"09/01/2022","SIR","6,189"
"09/01/2022","MNR","140,082"
"09/01/2022","LIRR","186,311"
"09/01/2022","Bus","1,338,287"
"09/01/2022","BT","1,001,466"
"08/31/2022","BT","976,058"
"08/31/2022","Subway","3,144,027"
"08/31/2022","SIR","6,261"
"08/31/2022","MNR","149,499"
"08/31/2022","LIRR","197,154"
"08/31/2022","Bus","1,342,568"
"08/31/2022","AAR","25,541"
"08/30/2022","BT","937,492"
"08/30/2022","Subway","3,091,873"
"08/30/2022","SIR","6,228"
"08/30/2022","MNR","152,025"
"08/30/2022","LIRR","195,986"
"08/30/2022","Bus","1,326,293"
"08/30/2022","AAR","24,300"
"08/29/2022","AAR","22,503"
"08/29/2022","Subway","2,836,374"
"08/29/2022","SIR","5,705"
"08/29/2022","MNR","140,540"
"08/29/2022","LIRR","180,588"
"08/29/2022","Bus","1,263,000"
"08/29/2022","BT","930,336"
"08/28/2022","AAR","14,506"
"08/28/2022","Subway","1,651,689"
"08/28/2022","SIR","1,816"
"08/28/2022","MNR","76,296"
"08/28/2022","LIRR","86,867"
"08/28/2022","Bus","681,823"
"08/28/2022","BT","943,031"
"08/27/2022","BT","980,598"
"08/27/2022","Subway","2,066,542"
"08/27/2022","SIR","2,214"
"08/27/2022","MNR","90,006"
"08/27/2022","LIRR","103,192"
"08/27/2022","Bus","874,084"
"08/27/2022","AAR","15,575"
"08/26/2022","BT","971,687"
"08/26/2022","Subway","2,863,653"
"08/26/2022","SIR","4,969"
"08/26/2022","MNR","133,306"
"08/26/2022","LIRR","171,765"
"08/26/2022","Bus","1,217,448"
"08/26/2022","AAR","23,417"
"08/25/2022","BT","984,695"
"08/25/2022","Subway","3,090,901"
"08/25/2022","SIR","6,122"
"08/25/2022","MNR","142,659"
"08/25/2022","LIRR","177,178"
"08/25/2022","Bus","1,310,134"
"08/25/2022","AAR","24,964"
"08/24/2022","AAR","25,654"
"08/24/2022","Subway","3,020,710"
"08/24/2022","SIR","6,036"
"08/24/2022","MNR","151,169"
"08/24/2022","LIRR","177,790"
"08/24/2022","Bus","1,288,092"
"08/24/2022","BT","950,511"
"08/23/2022","AAR","24,448"
"08/23/2022","Subway","2,992,615"
"08/23/2022","SIR","5,903"
"08/23/2022","MNR","155,953"
"08/23/2022","LIRR","173,898"
"08/23/2022","Bus","1,261,782"
"08/23/2022","BT","924,807"
"08/22/2022","BT","887,585"
"08/22/2022","Subway","2,622,885"
"08/22/2022","SIR","5,185"
"08/22/2022","MNR","141,482"
"08/22/2022","LIRR","160,918"
"08/22/2022","Bus","1,144,254"
"08/22/2022","AAR","21,887"
"08/21/2022","BT","920,731"
"08/21/2022","Subway","1,619,422"
"08/21/2022","SIR","1,272"
"08/21/2022","MNR","81,666"
"08/21/2022","LIRR","84,669"
"08/21/2022","Bus","692,309"
"08/21/2022","AAR","14,617"
"08/20/2022","BT","955,696"
"08/20/2022","Subway","2,038,622"
"08/20/2022","SIR","1,699"
"08/20/2022","MNR","97,718"
"08/20/2022","LIRR","96,552"
"08/20/2022","Bus","875,371"
"08/20/2022","AAR","15,903"
"08/19/2022","MNR","141,791"
"08/19/2022","Subway","2,918,737"
"08/19/2022","SIR","5,132"
"08/19/2022","LIRR","164,682"
"08/19/2022","Bus","1,239,929"
"08/19/2022","BT","999,070"
"08/19/2022","AAR","24,141"
"08/18/2022","AAR","25,701"
"08/18/2022","Subway","3,077,928"
"08/18/2022","SIR","5,834"
"08/18/2022","MNR","150,643"
"08/18/2022","LIRR","181,136"
"08/18/2022","Bus","1,283,965"
"08/18/2022","BT","986,106"
"08/17/2022","BT","938,763"
"08/17/2022","Subway","3,074,027"
"08/17/2022","SIR","6,080"
"08/17/2022","MNR","155,815"
"08/17/2022","LIRR","172,248"
"08/17/2022","Bus","1,284,966"
"08/17/2022","AAR","25,904"
"08/16/2022","BT","923,202"
"08/16/2022","Subway","3,045,892"
"08/16/2022","SIR","6,228"
"08/16/2022","MNR","157,888"
"08/16/2022","LIRR","173,651"
"08/16/2022","Bus","1,288,800"
"08/16/2022","AAR","24,994"
"08/15/2022","MNR","144,170"
"08/15/2022","Subway","2,768,347"
"08/15/2022","SIR","5,395"
"08/15/2022","Bus","1,234,308"
"08/15/2022","BT","924,732"
"08/15/2022","AAR","23,199"
"08/15/2022","LIRR","161,519"
"08/14/2022","AAR","14,492"
"08/14/2022","Subway","1,677,803"
"08/14/2022","SIR","1,339"
"08/14/2022","MNR","72,900"
"08/14/2022","LIRR","88,242"
"08/14/2022","Bus","692,644"
"08/14/2022","BT","934,389"
"08/13/2022","AAR","15,889"
"08/13/2022","Subway","2,089,217"
"08/13/2022","SIR","1,632"
"08/13/2022","MNR","89,569"
"08/13/2022","LIRR","103,227"
"08/13/2022","Bus","878,499"
"08/13/2022","BT","956,654"
"08/12/2022","BT","1,000,198"
"08/12/2022","Subway","2,963,913"
"08/12/2022","SIR","5,422"
"08/12/2022","MNR","137,578"
"08/12/2022","LIRR","175,220"
"08/12/2022","Bus","1,273,620"
"08/12/2022","AAR","24,849"
"08/11/2022","BT","970,557"
"08/11/2022","Subway","3,093,548"
"08/11/2022","SIR","5,842"
"08/11/2022","MNR","146,019"
"08/11/2022","LIRR","171,390"
"08/11/2022","Bus","1,315,101"
"08/11/2022","AAR","25,553"
"08/10/2022","AAR","26,098"
"08/10/2022","Subway","3,134,434"
"08/10/2022","SIR","6,117"
"08/10/2022","MNR","147,931"
"08/10/2022","LIRR","178,656"
"08/10/2022","Bus","1,347,916"
"08/10/2022","BT","952,184"
"08/09/2022","AAR","25,056"
"08/09/2022","Subway","3,013,784"
"08/09/2022","SIR","5,935"
"08/09/2022","MNR","151,624"
"08/09/2022","LIRR","173,284"
"08/09/2022","Bus","1,308,034"
"08/09/2022","BT","925,908"
"08/08/2022","BT","929,797"
"08/08/2022","Subway","2,705,428"
"08/08/2022","SIR","5,496"
"08/08/2022","MNR","137,457"
"08/08/2022","LIRR","165,363"
"08/08/2022","Bus","1,276,524"
"08/08/2022","AAR","22,965"
"08/07/2022","BT","884,982"
"08/07/2022","Subway","1,542,311"
"08/07/2022","SIR","153"
"08/07/2022","MNR","66,242"
"08/07/2022","LIRR","78,449"
"08/07/2022","Bus","670,866"
"08/07/2022","AAR","14,367"
"08/06/2022","BT","947,549"
"08/06/2022","Subway","1,999,580"
"08/06/2022","SIR","33"
"08/06/2022","MNR","84,495"
"08/06/2022","LIRR","95,704"
"08/06/2022","Bus","865,676"
"08/06/2022","AAR","14,893"
"08/05/2022","MNR","129,376"
"08/05/2022","Subway","2,822,155"
"08/05/2022","SIR","4,754"
"08/05/2022","LIRR","161,323"
"08/05/2022","Bus","1,260,961"
"08/05/2022","BT","979,699"
"08/05/2022","AAR","23,824"
"08/04/2022","AAR","25,326"
"08/04/2022","Subway","3,049,076"
"08/04/2022","SIR","5,409"
"08/04/2022","MNR","147,770"
"08/04/2022","LIRR","174,491"
"08/04/2022","Bus","1,323,229"
"08/04/2022","BT","980,062"
"08/03/2022","BT","950,670"
"08/03/2022","Subway","3,124,038"
"08/03/2022","SIR","6,170"
"08/03/2022","MNR","158,305"
"08/03/2022","LIRR","173,751"
"08/03/2022","Bus","1,367,848"
"08/03/2022","AAR","26,785"
"08/02/2022","BT","922,437"
"08/02/2022","Subway","3,070,101"
"08/02/2022","SIR","6,452"
"08/02/2022","MNR","158,236"
"08/02/2022","LIRR","173,023"
"08/02/2022","Bus","1,346,324"
"08/02/2022","AAR","24,865"
"08/01/2022","AAR","22,892"
"08/01/2022","Subway","2,739,262"
"08/01/2022","SIR","5,673"
"08/01/2022","MNR","138,431"
"08/01/2022","LIRR","151,752"
"08/01/2022","Bus","1,240,007"
"08/01/2022","BT","907,827"
"07/31/2022","AAR","14,046"
"07/31/2022","Subway","1,649,097"
"07/31/2022","SIR","3"
"07/31/2022","MNR","78,953"
"07/31/2022","LIRR","77,991"
"07/31/2022","Bus","693,700"
"07/31/2022","BT","932,337"
"07/30/2022","BT","957,931"
"07/30/2022","Subway","2,074,421"
"07/30/2022","SIR","56"
"07/30/2022","MNR","96,840"
"07/30/2022","LIRR","89,426"
"07/30/2022","Bus","893,846"
"07/30/2022","AAR","15,068"
"07/29/2022","BT","983,238"
"07/29/2022","Subway","2,932,846"
"07/29/2022","SIR","5,532"
"07/29/2022","MNR","147,568"
"07/29/2022","LIRR","166,723"
"07/29/2022","Bus","1,260,714"
"07/29/2022","AAR","23,697"
"07/28/2022","Bus","1,332,113"
"07/28/2022","Subway","3,151,913"
"07/28/2022","SIR","6,421"
"07/28/2022","AAR","24,413"
"07/28/2022","MNR","156,936"
"07/28/2022","LIRR","173,264"
"07/28/2022","BT","977,651"
"07/27/2022","AAR","25,759"
"07/27/2022","Subway","3,232,796"
"07/27/2022","SIR","6,667"
"07/27/2022","MNR","161,241"
"07/27/2022","LIRR","185,332"
"07/27/2022","Bus","1,369,023"
"07/27/2022","BT","961,077"
"07/26/2022","AAR","24,990"
"07/26/2022","Subway","3,175,001"
"07/26/2022","SIR","6,479"
"07/26/2022","MNR","162,994"
"07/26/2022","LIRR","186,182"
"07/26/2022","Bus","1,360,570"
"07/26/2022","BT","945,428"
"07/25/2022","BT","896,490"
"07/25/2022","Subway","2,727,722"
"07/25/2022","SIR","5,692"
"07/25/2022","MNR","140,432"
"07/25/2022","LIRR","163,454"
"07/25/2022","Bus","1,220,826"
"07/25/2022","AAR","22,355"
"07/24/2022","BT","911,373"
"07/24/2022","Subway","1,596,195"
"07/24/2022","SIR","6"
"07/24/2022","MNR","68,265"
"07/24/2022","LIRR","82,656"
"07/24/2022","Bus","674,189"
"07/24/2022","AAR","12,751"
"07/23/2022","AAR","14,503"
"07/23/2022","Subway","2,028,696"
"07/23/2022","SIR","32"
"07/23/2022","MNR","86,245"
"07/23/2022","LIRR","99,341"
"07/23/2022","Bus","862,976"
"07/23/2022","BT","949,126"
"07/22/2022","AAR","23,926"
"07/22/2022","Subway","2,942,752"
"07/22/2022","SIR","5,322"
"07/22/2022","MNR","138,068"
"07/22/2022","LIRR","174,861"
"07/22/2022","Bus","1,267,907"
"07/22/2022","BT","996,410"
"07/21/2022","BT","957,980"
"07/21/2022","Subway","3,109,097"
"07/21/2022","SIR","6,166"
"07/21/2022","MNR","150,414"
"07/21/2022","LIRR","173,070"
"07/21/2022","Bus","1,302,978"
"07/21/2022","AAR","24,308"
"07/20/2022","BT","948,736"
"07/20/2022","Subway","3,190,942"
"07/20/2022","SIR","6,167"
"07/20/2022","MNR","156,988"
"07/20/2022","LIRR","180,707"
"07/20/2022","Bus","1,357,383"
"07/20/2022","AAR","25,590"
"07/19/2022","BT","935,755"
"07/19/2022","Subway","3,169,016"
"07/19/2022","SIR","6,593"
"07/19/2022","MNR","160,294"
"07/19/2022","LIRR","180,693"
"07/19/2022","Bus","1,372,407"
"07/19/2022","AAR","24,933"
"07/18/2022","AAR","22,670"
"07/18/2022","Subway","2,720,012"
"07/18/2022","SIR","5,543"
"07/18/2022","MNR","132,779"
"07/18/2022","LIRR","162,178"
"07/18/2022","Bus","1,209,240"
"07/18/2022","BT","880,836"
"07/17/2022","AAR","13,868"
"07/17/2022","Subway","1,674,922"
"07/17/2022","SIR","7"
"07/17/2022","MNR","80,166"
"07/17/2022","LIRR","82,028"
"07/17/2022","Bus","701,796"
"07/17/2022","BT","902,737"
"07/16/2022","BT","942,248"
"07/16/2022","Subway","2,093,206"
"07/16/2022","SIR","64"
"07/16/2022","MNR","98,156"
"07/16/2022","LIRR","101,758"
"07/16/2022","Bus","859,537"
"07/16/2022","AAR","15,226"
"07/15/2022","BT","997,636"
"07/15/2022","Subway","3,021,651"
"07/15/2022","SIR","5,527"
"07/15/2022","MNR","148,858"
"07/15/2022","LIRR","171,615"
"07/15/2022","Bus","1,291,217"
"07/15/2022","AAR","24,177"
"07/14/2022","BT","981,268"
"07/14/2022","Subway","3,203,104"
"07/14/2022","SIR","6,413"
"07/14/2022","MNR","159,599"
"07/14/2022","LIRR","174,794"
"07/14/2022","Bus","1,355,975"
"07/14/2022","AAR","25,312"
"07/13/2022","MNR","166,187"
"07/13/2022","Subway","3,229,387"
"07/13/2022","SIR","6,536"
"07/13/2022","LIRR","178,413"
"07/13/2022","Bus","1,365,172"
"07/13/2022","BT","947,694"
"07/13/2022","AAR","25,800"
"07/12/2022","AAR","24,697"
"07/12/2022","Subway","3,148,320"
"07/12/2022","SIR","6,780"
"07/12/2022","MNR","164,494"
"07/12/2022","LIRR","180,172"
"07/12/2022","Bus","1,350,346"
"07/12/2022","BT","916,624"
"07/11/2022","BT","917,153"
"07/11/2022","Subway","2,876,587"
"07/11/2022","SIR","6,163"
"07/11/2022","MNR","148,113"
"07/11/2022","LIRR","167,475"
"07/11/2022","Bus","1,312,895"
"07/11/2022","AAR","23,255"
"07/10/2022","BT","923,563"
"07/10/2022","Subway","1,681,041"
"07/10/2022","SIR","2,016"
"07/10/2022","MNR","71,195"
"07/10/2022","LIRR","82,276"
"07/10/2022","Bus","707,984"
"07/10/2022","AAR","14,147"
"07/09/2022","Bus","885,289"
"07/09/2022","Subway","2,061,419"
"07/09/2022","SIR","2,563"
"07/09/2022","AAR","14,546"
"07/09/2022","MNR","89,757"
"07/09/2022","LIRR","92,765"
"07/09/2022","BT","920,380"
"07/08/2022","MNR","134,620"
"07/08/2022","Subway","2,902,322"
"07/08/2022","SIR","5,625"
"07/08/2022","LIRR","163,715"
"07/08/2022","Bus","1,249,434"
"07/08/2022","BT","952,918"
"07/08/2022","AAR","24,108"
"07/07/2022","AAR","25,119"
"07/07/2022","Subway","3,115,604"
"07/07/2022","SIR","6,463"
"07/07/2022","MNR","151,105"
"07/07/2022","LIRR","173,393"
"07/07/2022","Bus","1,333,373"
"07/07/2022","BT","950,059"
"07/06/2022","BT","921,175"
"07/06/2022","Subway","3,066,462"
"07/06/2022","SIR","6,448"
"07/06/2022","MNR","153,543"
"07/06/2022","LIRR","173,648"
"07/06/2022","Bus","1,330,990"
"07/06/2022","AAR","25,372"
"07/05/2022","BT","929,050"
"07/05/2022","Subway","2,802,814"
"07/05/2022","SIR","5,935"
"07/05/2022","MNR","150,170"
"07/05/2022","LIRR","169,990"
"07/05/2022","Bus","1,246,208"
"07/05/2022","AAR","22,800"
"07/04/2022","AAR","10,976"
"07/04/2022","Subway","1,608,084"
"07/04/2022","SIR","2,148"
"07/04/2022","MNR","72,464"
"07/04/2022","LIRR","85,709"
"07/04/2022","Bus","689,986"
"07/04/2022","BT","774,919"
"07/03/2022","AAR","14,822"
"07/03/2022","Subway","1,654,774"
"07/03/2022","SIR","1,909"
"07/03/2022","MNR","73,949"
"07/03/2022","LIRR","86,602"
"07/03/2022","Bus","703,282"
"07/03/2022","BT","847,916"
"07/02/2022","BT","826,242"
"07/02/2022","Subway","1,847,093"
"07/02/2022","SIR","2,042"
"07/02/2022","MNR","75,179"
"07/02/2022","LIRR","84,481"
"07/02/2022","Bus","827,668"
"07/02/2022","AAR","12,878"
"07/01/2022","BT","1,002,264"
"07/01/2022","Subway","2,827,549"
"07/01/2022","SIR","5,291"
"07/01/2022","MNR","117,791"
"07/01/2022","LIRR","151,245"
"07/01/2022","Bus","1,221,837"
"07/01/2022","AAR","23,983"
"06/30/2022","BT","1,016,153"
"06/30/2022","Subway","3,151,572"
"06/30/2022","SIR","6,407"
"06/30/2022","MNR","158,265"
"06/30/2022","LIRR","191,868"
"06/30/2022","Bus","1,300,241"
"06/30/2022","AAR","24,651"
"06/29/2022","MNR","169,146"
"06/29/2022","Subway","3,249,261"
"06/29/2022","SIR","6,792"
"06/29/2022","LIRR","191,855"
"06/29/2022","Bus","1,325,530"
"06/29/2022","BT","982,600"
"06/29/2022","AAR","25,392"
"06/28/2022","AAR","24,179"
"06/28/2022","Subway","3,248,338"
"06/28/2022","SIR","6,903"
"06/28/2022","MNR","174,878"
"06/28/2022","LIRR","199,956"
"06/28/2022","Bus","1,328,144"
"06/28/2022","BT","964,114"
"06/27/2022","BT","931,830"
"06/27/2022","Subway","2,932,598"
"06/27/2022","SIR","6,260"
"06/27/2022","MNR","149,284"
"06/27/2022","LIRR","171,627"
"06/27/2022","Bus","1,279,403"
"06/27/2022","AAR","22,331"
"06/26/2022","BT","965,214"
"06/26/2022","Subway","2,011,977"
"06/26/2022","SIR","618"
"06/26/2022","MNR","99,103"
"06/26/2022","LIRR","102,452"
"06/26/2022","Bus","696,910"
"06/26/2022","AAR","14,574"
"06/25/2022","AAR","15,274"
"06/25/2022","Subway","2,286,963"
"06/25/2022","SIR","50"
"06/25/2022","MNR","102,466"
"06/25/2022","LIRR","106,000"
"06/25/2022","Bus","888,953"
"06/25/2022","BT","997,542"
"06/24/2022","AAR","24,414"
"06/24/2022","Subway","3,296,412"
"06/24/2022","SIR","6,066"
"06/24/2022","MNR","161,647"
"06/24/2022","LIRR","187,818"
"06/24/2022","Bus","1,331,442"
"06/24/2022","BT","1,038,953"
"06/23/2022","BT","1,007,745"
"06/23/2022","Subway","3,407,485"
"06/23/2022","SIR","6,716"
"06/23/2022","MNR","169,144"
"06/23/2022","LIRR","188,546"
"06/23/2022","Bus","1,382,605"
"06/23/2022","AAR","25,286"
"06/22/2022","BT","940,715"
"06/22/2022","Subway","3,357,113"
"06/22/2022","SIR","6,910"
"06/22/2022","MNR","164,196"
"06/22/2022","LIRR","178,850"
"06/22/2022","Bus","1,361,456"
"06/22/2022","AAR","25,774"
"06/21/2022","Bus","1,408,052"
"06/21/2022","Subway","3,339,793"
"06/21/2022","SIR","7,183"
"06/21/2022","AAR","25,299"
"06/21/2022","MNR","172,400"
"06/21/2022","LIRR","190,339"
"06/21/2022","BT","955,506"
"06/20/2022","AAR","15,440"
"06/20/2022","Subway","2,460,659"
"06/20/2022","SIR","4,009"
"06/20/2022","MNR","138,080"
"06/20/2022","LIRR","167,670"
"06/20/2022","Bus","1,077,190"
"06/20/2022","BT","945,254"
"06/19/2022","AAR","15,622"
"06/19/2022","Subway","1,725,762"
"06/19/2022","SIR","1,903"
"06/19/2022","MNR","80,654"
"06/19/2022","LIRR","90,581"
"06/19/2022","Bus","693,231"
"06/19/2022","BT","948,850"
"06/18/2022","BT","990,282"
"06/18/2022","Subway","2,186,635"
"06/18/2022","SIR","2,613"
"06/18/2022","MNR","94,130"
"06/18/2022","LIRR","106,091"
"06/18/2022","Bus","884,050"
"06/18/2022","AAR","15,136"
"06/17/2022","BT","1,040,063"
"06/17/2022","Subway","3,247,379"
"06/17/2022","SIR","6,036"
"06/17/2022","MNR","148,590"
"06/17/2022","LIRR","187,179"
"06/17/2022","Bus","1,397,243"
"06/17/2022","AAR","24,338"
"06/16/2022","AAR","25,856"
"06/16/2022","Subway","3,409,624"
"06/16/2022","SIR","6,720"
"06/16/2022","MNR","162,513"
"06/16/2022","LIRR","190,212"
"06/16/2022","Bus","1,397,317"
"06/16/2022","BT","997,575"
"06/15/2022","AAR","26,904"
"06/15/2022","Subway","3,526,802"
"06/15/2022","SIR","7,153"
"06/15/2022","MNR","169,462"
"06/15/2022","LIRR","192,593"
"06/15/2022","Bus","1,478,668"
"06/15/2022","BT","979,083"
"06/14/2022","BT","957,954"
"06/14/2022","Subway","3,494,822"
"06/14/2022","SIR","7,276"
"06/14/2022","MNR","174,340"
"06/14/2022","LIRR","191,198"
"06/14/2022","Bus","1,493,761"
"06/14/2022","AAR","25,372"
"06/13/2022","BT","947,035"
"06/13/2022","Subway","3,168,681"
"06/13/2022","SIR","6,608"
"06/13/2022","MNR","150,375"
"06/13/2022","LIRR","174,264"
"06/13/2022","Bus","1,440,429"
"06/13/2022","AAR","23,697"
"06/12/2022","BT","886,355"
"06/12/2022","Subway","1,674,607"
"06/12/2022","SIR","1,209"
"06/12/2022","MNR","74,580"
"06/12/2022","LIRR","80,792"
"06/12/2022","Bus","626,471"
"06/12/2022","AAR","13,440"
"06/11/2022","AAR","14,776"
"06/11/2022","Subway","2,231,451"
"06/11/2022","SIR","1,835"
"06/11/2022","MNR","95,108"
"06/11/2022","LIRR","117,891"
"06/11/2022","Bus","870,550"
"06/11/2022","BT","964,587"
"06/10/2022","AAR","25,437"
"06/10/2022","Subway","3,376,125"
"06/10/2022","SIR","6,304"
"06/10/2022","MNR","159,223"
"06/10/2022","LIRR","187,819"
"06/10/2022","Bus","1,435,660"
"06/10/2022","BT","1,031,830"
"06/09/2022","BT","978,649"
"06/09/2022","Subway","3,297,157"
"06/09/2022","SIR","6,430"
"06/09/2022","MNR","157,460"
"06/09/2022","LIRR","179,521"
"06/09/2022","Bus","1,333,103"
"06/09/2022","AAR","25,135"
"06/08/2022","BT","962,199"
"06/08/2022","Subway","3,492,805"
"06/08/2022","SIR","7,114"
"06/08/2022","MNR","162,417"
"06/08/2022","LIRR","181,126"
"06/08/2022","Bus","1,496,144"
"06/08/2022","AAR","26,058"
"06/07/2022","BT","944,223"
"06/07/2022","Subway","3,392,224"
"06/07/2022","SIR","7,169"
"06/07/2022","MNR","163,756"
"06/07/2022","LIRR","185,736"
"06/07/2022","Bus","1,440,940"
"06/07/2022","AAR","25,256"
"06/06/2022","MNR","148,152"
"06/06/2022","Subway","3,092,181"
"06/06/2022","SIR","6,552"
"06/06/2022","LIRR","167,062"
"06/06/2022","Bus","1,411,725"
"06/06/2022","BT","895,917"
"06/06/2022","AAR","22,794"
"06/05/2022","AAR","13,955"
"06/05/2022","Subway","1,724,983"
"06/05/2022","SIR","1,361"
"06/05/2022","MNR","74,005"
"06/05/2022","LIRR","75,675"
"06/05/2022","Bus","691,644"
"06/05/2022","BT","887,504"
"06/04/2022","BT","959,738"
"06/04/2022","Subway","2,178,024"
"06/04/2022","SIR","1,844"
"06/04/2022","MNR","92,199"
"06/04/2022","LIRR","93,431"
"06/04/2022","Bus","904,623"
"06/04/2022","AAR","14,409"
"06/03/2022","BT","1,005,636"
"06/03/2022","Subway","3,283,271"
"06/03/2022","SIR","6,178"
"06/03/2022","MNR","153,744"
"06/03/2022","LIRR","174,500"
"06/03/2022","Bus","1,431,042"
"06/03/2022","AAR","24,838"
"06/02/2022","LIRR","170,537"
"06/02/2022","Subway","3,351,902"
"06/02/2022","SIR","6,783"
"06/02/2022","BT","962,810"
"06/02/2022","AAR","24,764"
"06/02/2022","MNR","151,492"
"06/02/2022","Bus","1,433,303"
"06/01/2022","AAR","25,586"
"06/01/2022","Subway","3,381,297"
"06/01/2022","SIR","7,084"
"06/01/2022","MNR","159,050"
"06/01/2022","LIRR","178,742"
"06/01/2022","Bus","1,465,383"
"06/01/2022","BT","947,288"
"05/31/2022","AAR","23,778"
"05/31/2022","Subway","3,176,109"
"05/31/2022","SIR","6,634"
"05/31/2022","MNR","163,018"
"05/31/2022","LIRR","184,088"
"05/31/2022","Bus","1,426,470"
"05/31/2022","BT","971,866"
"05/30/2022","BT","841,659"
"05/30/2022","Subway","1,694,970"
"05/30/2022","SIR","2,251"
"05/30/2022","MNR","68,206"
"05/30/2022","LIRR","80,533"
"05/30/2022","Bus","755,616"
"05/30/2022","AAR","10,771"
"05/29/2022","BT","893,856"
"05/29/2022","Subway","1,755,236"
"05/29/2022","SIR","2,276"
"05/29/2022","MNR","76,982"
"05/29/2022","LIRR","84,784"
"05/29/2022","Bus","701,173"
"05/29/2022","AAR","14,490"
"05/28/2022","AAR","12,805"
"05/28/2022","Subway","1,872,775"
"05/28/2022","SIR","2,191"
"05/28/2022","MNR","77,192"
"05/28/2022","LIRR","91,250"
"05/28/2022","Bus","788,135"
"05/28/2022","BT","835,815"
"05/27/2022","AAR","22,894"
"05/27/2022","Subway","3,031,130"
"05/27/2022","SIR","5,737"
"05/27/2022","MNR","135,294"
"05/27/2022","LIRR","167,840"
"05/27/2022","Bus","1,353,398"
"05/27/2022","BT","979,279"
"05/26/2022","BT","1,005,411"
"05/26/2022","Subway","3,341,059"
"05/26/2022","SIR","6,549"
"05/26/2022","MNR","148,011"
"05/26/2022","LIRR","176,469"
"05/26/2022","Bus","1,464,696"
"05/26/2022","AAR","24,866"
"05/25/2022","BT","963,168"
"05/25/2022","Subway","3,426,530"
"05/25/2022","SIR","6,862"
"05/25/2022","MNR","158,814"
"05/25/2022","LIRR","178,124"
"05/25/2022","Bus","1,493,506"
"05/25/2022","AAR","25,418"
"05/24/2022","BT","945,831"
"05/24/2022","Subway","3,378,506"
"05/24/2022","SIR","7,023"
"05/24/2022","MNR","163,943"
"05/24/2022","LIRR","182,570"
"05/24/2022","Bus","1,488,152"
"05/24/2022","AAR","24,560"
"05/23/2022","MNR","151,349"
"05/23/2022","Subway","3,111,755"
"05/23/2022","SIR","6,356"
"05/23/2022","LIRR","170,546"
"05/23/2022","Bus","1,431,781"
"05/23/2022","BT","947,348"
"05/23/2022","AAR","22,696"
"05/22/2022","AAR","13,279"
"05/22/2022","Subway","1,760,638"
"05/22/2022","SIR","1,863"
"05/22/2022","MNR","72,063"
"05/22/2022","LIRR","78,635"
"05/22/2022","Bus","683,500"
"05/22/2022","BT","922,608"
"05/21/2022","BT","986,370"
"05/21/2022","Subway","2,324,245"
"05/21/2022","SIR","2,530"
"05/21/2022","MNR","92,552"
"05/21/2022","LIRR","94,322"
"05/21/2022","Bus","883,795"
"05/21/2022","AAR","14,985"
"05/20/2022","BT","1,015,453"
"05/20/2022","Subway","3,271,914"
"05/20/2022","SIR","6,040"
"05/20/2022","MNR","146,403"
"05/20/2022","LIRR","175,666"
"05/20/2022","Bus","1,396,732"
"05/20/2022","AAR","23,767"
"05/19/2022","AAR","24,271"
"05/19/2022","Subway","3,467,327"
"05/19/2022","SIR","6,790"
"05/19/2022","MNR","149,985"
"05/19/2022","LIRR","172,517"
"05/19/2022","Bus","1,426,027"
"05/19/2022","BT","986,913"
"05/18/2022","AAR","25,365"
"05/18/2022","Subway","3,605,606"
"05/18/2022","SIR","6,816"
"05/18/2022","MNR","161,135"
"05/18/2022","LIRR","182,181"
"05/18/2022","Bus","1,511,142"
"05/18/2022","BT","985,992"
"05/17/2022","BT","954,976"
"05/17/2022","Subway","3,536,021"
"05/17/2022","SIR","7,259"
"05/17/2022","MNR","162,082"
"05/17/2022","LIRR","182,683"
"05/17/2022","Bus","1,519,740"
"05/17/2022","AAR","24,353"
"05/16/2022","BT","901,887"
"05/16/2022","Subway","3,080,043"
"05/16/2022","SIR","5,996"
"05/16/2022","MNR","140,702"
"05/16/2022","LIRR","163,431"
"05/16/2022","Bus","1,396,300"
"05/16/2022","AAR","22,187"
"05/15/2022","Bus","692,876"
"05/15/2022","Subway","1,760,359"
"05/15/2022","SIR","5"
"05/15/2022","AAR","13,379"
"05/15/2022","MNR","69,705"
"05/15/2022","LIRR","76,052"
"05/15/2022","BT","911,186"
"05/14/2022","AAR","13,580"
"05/14/2022","Subway","2,149,046"
"05/14/2022","SIR","69"
"05/14/2022","MNR","86,652"
"05/14/2022","LIRR","89,636"
"05/14/2022","Bus","840,921"
"05/14/2022","BT","921,216"
"05/13/2022","AAR","23,539"
"05/13/2022","Subway","3,252,002"
"05/13/2022","SIR","6,050"
"05/13/2022","MNR","140,065"
"05/13/2022","LIRR","164,843"
"05/13/2022","Bus","1,410,923"
"05/13/2022","BT","1,001,973"
"05/12/2022","BT","984,799"
"05/12/2022","Subway","3,430,104"
"05/12/2022","SIR","6,866"
"05/12/2022","MNR","149,204"
"05/12/2022","LIRR","169,543"
"05/12/2022","Bus","1,495,220"
"05/12/2022","AAR","25,158"
"05/11/2022","BT","951,909"
"05/11/2022","Subway","3,440,378"
"05/11/2022","SIR","7,159"
"05/11/2022","MNR","156,792"
"05/11/2022","LIRR","178,061"
"05/11/2022","Bus","1,514,922"
"05/11/2022","AAR","25,548"
"05/10/2022","AAR","24,148"
"05/10/2022","Subway","3,412,902"
"05/10/2022","SIR","7,176"
"05/10/2022","MNR","158,627"
"05/10/2022","LIRR","175,823"
"05/10/2022","Bus","1,504,314"
"05/10/2022","BT","936,853"
"05/09/2022","AAR","22,008"
"05/09/2022","Subway","3,114,506"
"05/09/2022","SIR","6,564"
"05/09/2022","MNR","140,940"
"05/09/2022","LIRR","163,741"
"05/09/2022","Bus","1,428,758"
"05/09/2022","BT","920,508"
"05/08/2022","BT","893,775"
"05/08/2022","Subway","1,582,133"
"05/08/2022","SIR","1,449"
"05/08/2022","MNR","73,027"
"05/08/2022","LIRR","73,703"
"05/08/2022","Bus","630,228"
"05/08/2022","AAR","15,375"
"05/07/2022","BT","843,628"
"05/07/2022","Subway","1,842,808"
"05/07/2022","SIR","1,523"
"05/07/2022","MNR","68,612"
"05/07/2022","LIRR","72,948"
"05/07/2022","Bus","706,551"
"05/07/2022","AAR","13,033"
"05/06/2022","BT","957,636"
"05/06/2022","Subway","3,190,556"
"05/06/2022","SIR","5,729"
"05/06/2022","MNR","129,417"
"05/06/2022","LIRR","154,325"
"05/06/2022","Bus","1,353,750"
"05/06/2022","AAR","23,411"
"05/05/2022","AAR","25,903"
"05/05/2022","Subway","3,502,522"
"05/05/2022","SIR","7,061"
"05/05/2022","MNR","150,087"
"05/05/2022","LIRR","174,640"
"05/05/2022","Bus","1,523,580"
"05/05/2022","BT","986,486"
"05/04/2022","AAR","25,462"
"05/04/2022","Subway","3,364,902"
"05/04/2022","SIR","6,747"
"05/04/2022","MNR","147,078"
"05/04/2022","LIRR","168,539"
"05/04/2022","Bus","1,465,639"
"05/04/2022","BT","925,182"
"05/03/2022","BT","933,396"
"05/03/2022","Subway","3,402,882"
"05/03/2022","SIR","7,400"
"05/03/2022","MNR","155,261"
"05/03/2022","LIRR","177,868"
"05/03/2022","Bus","1,500,109"
"05/03/2022","AAR","24,680"
"05/02/2022","BT","886,528"
"05/02/2022","Subway","2,732,825"
"05/02/2022","SIR","5,425"
"05/02/2022","MNR","126,784"
"05/02/2022","LIRR","146,394"
"05/02/2022","Bus","1,176,867"
"05/02/2022","AAR","21,695"
"05/01/2022","BT","862,097"
"05/01/2022","Subway","1,683,953"
"05/01/2022","SIR","2,694"
"05/01/2022","MNR","62,502"
"05/01/2022","LIRR","64,630"
"05/01/2022","Bus","676,070"
"05/01/2022","AAR","12,976"
"04/30/2022","MNR","82,838"
"04/30/2022","Subway","2,108,746"
"04/30/2022","SIR","2,123"
"04/30/2022","LIRR","82,887"
"04/30/2022","Bus","884,540"
"04/30/2022","BT","945,852"
"04/30/2022","AAR","14,223"
"04/29/2022","AAR","23,421"
"04/29/2022","Subway","3,257,634"
"04/29/2022","SIR","5,900"
"04/29/2022","MNR","136,881"
"04/29/2022","LIRR","164,944"
"04/29/2022","Bus","1,429,909"
"04/29/2022","BT","1,005,265"
"04/28/2022","BT","972,482"
"04/28/2022","Subway","3,404,938"
"04/28/2022","SIR","6,765"
"04/28/2022","MNR","146,321"
"04/28/2022","LIRR","167,300"
"04/28/2022","Bus","1,468,093"
"04/28/2022","AAR","24,321"
"04/27/2022","BT","938,124"
"04/27/2022","Subway","3,432,282"
"04/27/2022","SIR","6,903"
"04/27/2022","MNR","153,109"
"04/27/2022","LIRR","172,613"
"04/27/2022","Bus","1,500,437"
"04/27/2022","AAR","25,229"
"04/26/2022","Bus","1,453,452"
"04/26/2022","Subway","3,281,657"
"04/26/2022","SIR","7,024"
"04/26/2022","AAR","23,800"
"04/26/2022","MNR","153,893"
"04/26/2022","LIRR","172,171"
"04/26/2022","BT","901,009"
"04/25/2022","AAR","22,370"
"04/25/2022","Subway","3,026,541"
"04/25/2022","SIR","6,322"
"04/25/2022","MNR","138,979"
"04/25/2022","LIRR","159,569"
"04/25/2022","Bus","1,415,638"
"04/25/2022","BT","887,314"
"04/24/2022","AAR","12,927"
"04/24/2022","Subway","1,655,860"
"04/24/2022","SIR","3"
"04/24/2022","MNR","67,580"
"04/24/2022","LIRR","64,842"
"04/24/2022","Bus","648,591"
"04/24/2022","BT","877,831"
"04/23/2022","BT","910,229"
"04/23/2022","Subway","2,109,188"
"04/23/2022","SIR","59"
"04/23/2022","MNR","89,804"
"04/23/2022","LIRR","79,436"
"04/23/2022","Bus","844,146"
"04/23/2022","AAR","13,459"
"04/22/2022","BT","938,923"
"04/22/2022","Subway","2,985,684"
"04/22/2022","SIR","5,340"
"04/22/2022","MNR","145,606"
"04/22/2022","LIRR","157,943"
"04/22/2022","Bus","1,217,380"
"04/22/2022","AAR","22,298"
"04/21/2022","AAR","23,239"
"04/21/2022","Subway","3,033,422"
"04/21/2022","SIR","5,738"
"04/21/2022","MNR","147,535"
"04/21/2022","LIRR","165,823"
"04/21/2022","Bus","1,231,047"
"04/21/2022","BT","923,401"
"04/20/2022","AAR","24,212"
"04/20/2022","Subway","3,098,046"
"04/20/2022","SIR","6,097"
"04/20/2022","MNR","155,674"
"04/20/2022","LIRR","171,730"
"04/20/2022","Bus","1,265,823"
"04/20/2022","BT","945,766"
"04/19/2022","BT","898,329"
"04/19/2022","Subway","2,962,130"
"04/19/2022","SIR","5,841"
"04/19/2022","MNR","151,518"
"04/19/2022","LIRR","168,354"
"04/19/2022","Bus","1,189,960"
"04/19/2022","AAR","22,359"
"04/18/2022","BT","904,416"
"04/18/2022","Subway","2,676,254"
"04/18/2022","SIR","5,209"
"04/18/2022","MNR","139,151"
"04/18/2022","LIRR","154,315"
"04/18/2022","Bus","1,145,261"
"04/18/2022","AAR","20,245"
"04/17/2022","BT","847,553"
"04/17/2022","Subway","1,512,633"
"04/17/2022","SIR","1,640"
"04/17/2022","MNR","71,704"
"04/17/2022","LIRR","71,258"
"04/17/2022","Bus","596,619"
"04/17/2022","AAR","14,704"
"04/16/2022","AAR","13,413"
"04/16/2022","Subway","1,986,306"
"04/16/2022","SIR","2,133"
"04/16/2022","MNR","83,725"
"04/16/2022","LIRR","89,011"
"04/16/2022","Bus","830,874"
"04/16/2022","BT","887,976"
"04/15/2022","AAR","20,908"
"04/15/2022","Subway","2,761,532"
"04/15/2022","SIR","4,728"
"04/15/2022","MNR","140,217"
"04/15/2022","LIRR","166,068"
"04/15/2022","Bus","1,137,728"
"04/15/2022","BT","976,485"
"04/14/2022","BT","986,192"
"04/14/2022","Subway","3,297,697"
"04/14/2022","SIR","6,381"
"04/14/2022","MNR","144,335"
"04/14/2022","LIRR","162,946"
"04/14/2022","Bus","1,438,990"
"04/14/2022","AAR","25,073"
"04/13/2022","BT","953,204"
"04/13/2022","Subway","3,220,964"
"04/13/2022","SIR","6,593"
"04/13/2022","MNR","147,043"
"04/13/2022","LIRR","163,448"
"04/13/2022","Bus","1,495,891"
"04/13/2022","AAR","25,847"
"04/12/2022","BT","939,901"
"04/12/2022","Subway","3,078,069"
"04/12/2022","SIR","7,099"
"04/12/2022","MNR","149,369"
"04/12/2022","LIRR","172,294"
"04/12/2022","Bus","1,496,004"
"04/12/2022","AAR","25,286"
"04/11/2022","MNR","140,224"
"04/11/2022","Subway","3,205,728"
"04/11/2022","SIR","6,354"
"04/11/2022","LIRR","161,131"
"04/11/2022","Bus","1,433,226"
"04/11/2022","BT","904,713"
"04/11/2022","AAR","23,569"
"04/10/2022","AAR","13,935"
"04/10/2022","Subway","1,707,748"
"04/10/2022","SIR","13"
"04/10/2022","MNR","66,112"
"04/10/2022","LIRR","63,204"
"04/10/2022","Bus","667,662"
"04/10/2022","BT","852,451"
"04/09/2022","BT","900,306"
"04/09/2022","Subway","2,190,396"
"04/09/2022","SIR","66"
"04/09/2022","MNR","86,611"
"04/09/2022","LIRR","81,562"
"04/09/2022","Bus","868,945"
"04/09/2022","AAR","13,969"
"04/08/2022","BT","1,001,814"
"04/08/2022","Subway","3,347,754"
"04/08/2022","SIR","6,342"
"04/08/2022","MNR","140,791"
"04/08/2022","LIRR","160,905"
"04/08/2022","Bus","1,443,367"
"04/08/2022","AAR","24,488"
"04/07/2022","Bus","1,379,678"
"04/07/2022","Subway","3,307,076"
"04/07/2022","SIR","6,636"
"04/07/2022","AAR","24,107"
"04/07/2022","MNR","140,249"
"04/07/2022","LIRR","161,276"
"04/07/2022","BT","904,982"
"04/06/2022","MNR","142,810"
"04/06/2022","Subway","3,311,547"
"04/06/2022","SIR","6,569"
"04/06/2022","LIRR","163,830"
"04/06/2022","Bus","1,403,198"
"04/06/2022","BT","893,879"
"04/06/2022","AAR","25,103"
"04/05/2022","AAR","24,873"
"04/05/2022","Subway","3,356,454"
"04/05/2022","SIR","7,089"
"04/05/2022","MNR","150,671"
"04/05/2022","LIRR","170,140"
"04/05/2022","Bus","1,484,961"
"04/05/2022","BT","908,321"
"04/04/2022","BT","902,607"
"04/04/2022","Subway","3,127,667"
"04/04/2022","SIR","6,676"
"04/04/2022","MNR","135,920"
"04/04/2022","LIRR","159,541"
"04/04/2022","Bus","1,447,820"
"04/04/2022","AAR","23,746"
"04/03/2022","BT","792,710"
"04/03/2022","Subway","1,463,932"
"04/03/2022","SIR","1,419"
"04/03/2022","MNR","53,761"
"04/03/2022","LIRR","58,819"
"04/03/2022","Bus","607,152"
"04/03/2022","AAR","12,947"
"04/02/2022","AAR","14,382"
"04/02/2022","Subway","2,128,435"
"04/02/2022","SIR","2,484"
"04/02/2022","MNR","80,471"
"04/02/2022","LIRR","77,205"
"04/02/2022","Bus","879,513"
"04/02/2022","BT","896,424"
"04/01/2022","AAR","24,017"
"04/01/2022","Subway","3,237,107"
"04/01/2022","SIR","5,972"
"04/01/2022","MNR","120,557"
"04/01/2022","LIRR","145,251"
"04/01/2022","Bus","1,411,421"
"04/01/2022","BT","976,037"
"03/31/2022","BT","944,890"
"03/31/2022","Subway","3,323,135"
"03/31/2022","SIR","6,890"
"03/31/2022","MNR","139,602"
"03/31/2022","LIRR","164,074"
"03/31/2022","Bus","1,450,363"
"03/31/2022","AAR","24,308"
"03/30/2022","BT","916,351"
"03/30/2022","Subway","3,336,073"
"03/30/2022","SIR","6,920"
"03/30/2022","MNR","143,216"
"03/30/2022","LIRR","164,882"
"03/30/2022","Bus","1,465,351"
"03/30/2022","AAR","24,620"
"03/29/2022","BT","889,455"
"03/29/2022","Subway","3,291,883"
"03/29/2022","SIR","6,900"
"03/29/2022","MNR","143,870"
"03/29/2022","LIRR","163,218"
"03/29/2022","Bus","1,430,099"
"03/29/2022","AAR","23,981"
"03/28/2022","AAR","22,114"
"03/28/2022","Subway","2,989,874"
"03/28/2022","SIR","6,096"
"03/28/2022","MNR","130,886"
"03/28/2022","LIRR","153,222"
"03/28/2022","Bus","1,336,330"
"03/28/2022","BT","871,384"
"03/27/2022","AAR","11,809"
"03/27/2022","Subway","1,534,056"
"03/27/2022","SIR","1,602"
"03/27/2022","MNR","58,044"
"03/27/2022","LIRR","64,950"
"03/27/2022","Bus","628,313"
"03/27/2022","BT","832,550"
"03/26/2022","BT","877,816"
"03/26/2022","Subway","2,024,596"
"03/26/2022","SIR","2,154"
"03/26/2022","MNR","73,933"
"03/26/2022","LIRR","71,809"
"03/26/2022","Bus","783,499"
"03/26/2022","AAR","13,208"
"03/25/2022","BT","970,985"
"03/25/2022","Subway","3,218,970"
"03/25/2022","SIR","6,075"
"03/25/2022","MNR","133,368"
"03/25/2022","LIRR","158,528"
"03/25/2022","Bus","1,397,899"
"03/25/2022","AAR","23,274"
"03/24/2022","BT","904,173"
"03/24/2022","Subway","3,212,181"
"03/24/2022","SIR","6,513"
"03/24/2022","MNR","134,129"
"03/24/2022","LIRR","162,392"
"03/24/2022","Bus","1,373,850"
"03/24/2022","AAR","22,998"
"03/23/2022","MNR","138,873"
"03/23/2022","Subway","3,275,708"
"03/23/2022","SIR","6,540"
"03/23/2022","LIRR","161,202"
"03/23/2022","Bus","1,438,665"
"03/23/2022","BT","894,741"
"03/23/2022","AAR","24,574"
"03/22/2022","AAR","23,948"
"03/22/2022","Subway","3,276,940"
"03/22/2022","SIR","7,082"
"03/22/2022","MNR","144,765"
"03/22/2022","LIRR","168,328"
"03/22/2022","Bus","1,471,299"
"03/22/2022","BT","894,131"
"03/21/2022","BT","883,735"
"03/21/2022","Subway","3,034,759"
"03/21/2022","SIR","6,367"
"03/21/2022","MNR","134,182"
"03/21/2022","LIRR","165,487"
"03/21/2022","Bus","1,418,900"
"03/21/2022","AAR","22,229"
"03/20/2022","BT","881,977"
"03/20/2022","Subway","1,656,673"
"03/20/2022","SIR","1,722"
"03/20/2022","MNR","63,818"
"03/20/2022","LIRR","67,551"
"03/20/2022","Bus","628,693"
"03/20/2022","AAR","12,736"
"03/19/2022","LIRR","74,087"
"03/19/2022","Subway","2,001,839"
"03/19/2022","SIR","2,050"
"03/19/2022","BT","875,244"
"03/19/2022","AAR","12,877"
"03/19/2022","MNR","73,974"
"03/19/2022","Bus","820,933"
"03/18/2022","AAR","24,019"
"03/18/2022","Subway","3,275,433"
"03/18/2022","SIR","6,288"
"03/18/2022","MNR","137,528"
"03/18/2022","LIRR","163,169"
"03/18/2022","Bus","1,402,806"
"03/18/2022","BT","981,768"
"03/17/2022","AAR","22,946"
"03/17/2022","Subway","3,175,784"
"03/17/2022","SIR","6,768"
"03/17/2022","MNR","135,727"
"03/17/2022","LIRR","166,884"
"03/17/2022","Bus","1,350,810"
"03/17/2022","BT","893,127"
"03/16/2022","BT","917,605"
"03/16/2022","Subway","3,332,335"
"03/16/2022","SIR","7,009"
"03/16/2022","MNR","145,085"
"03/16/2022","LIRR","168,768"
"03/16/2022","Bus","1,476,356"
"03/16/2022","AAR","25,305"
"03/15/2022","BT","909,941"
"03/15/2022","Subway","3,275,906"
"03/15/2022","SIR","7,287"
"03/15/2022","MNR","146,786"
"03/15/2022","LIRR","171,406"
"03/15/2022","Bus","1,454,522"
"03/15/2022","AAR","24,272"
"03/14/2022","AAR","22,480"
"03/14/2022","Subway","3,008,800"
"03/14/2022","SIR","6,416"
"03/14/2022","MNR","134,093"
"03/14/2022","LIRR","159,962"
"03/14/2022","Bus","1,406,578"
"03/14/2022","BT","882,934"
"03/13/2022","AAR","11,491"
"03/13/2022","Subway","1,479,406"
"03/13/2022","SIR","1,524"
"03/13/2022","MNR","57,548"
"03/13/2022","LIRR","59,964"
"03/13/2022","Bus","590,753"
"03/13/2022","BT","794,706"
"03/12/2022","BT","671,669"
"03/12/2022","Subway","1,663,893"
"03/12/2022","SIR","1,748"
"03/12/2022","MNR","59,927"
"03/12/2022","LIRR","51,679"
"03/12/2022","Bus","637,601"
"03/12/2022","AAR","10,655"
"03/11/2022","BT","990,070"
"03/11/2022","Subway","3,195,956"
"03/11/2022","SIR","6,150"
"03/11/2022","MNR","135,371"
"03/11/2022","LIRR","158,985"
"03/11/2022","Bus","1,419,371"
"03/11/2022","AAR","23,736"
"03/10/2022","BT","948,773"
"03/10/2022","Subway","3,339,363"
"03/10/2022","SIR","6,914"
"03/10/2022","MNR","140,107"
"03/10/2022","LIRR","163,931"
"03/10/2022","Bus","1,476,288"
"03/10/2022","AAR","24,515"
"03/09/2022","MNR","129,056"
"03/09/2022","Subway","3,113,559"
"03/09/2022","SIR","6,200"
"03/09/2022","LIRR","153,393"
"03/09/2022","Bus","1,338,822"
"03/09/2022","BT","835,746"
"03/09/2022","AAR","23,477"
"03/08/2022","AAR","24,076"
"03/08/2022","Subway","3,244,473"
"03/08/2022","SIR","6,923"
"03/08/2022","MNR","138,811"
"03/08/2022","LIRR","158,652"
"03/08/2022","Bus","1,456,451"
"03/08/2022","BT","897,362"
"03/07/2022","BT","864,299"
"03/07/2022","Subway","2,980,920"
"03/07/2022","SIR","6,161"
"03/07/2022","MNR","129,784"
"03/07/2022","LIRR","153,907"
"03/07/2022","Bus","1,395,540"
"03/07/2022","AAR","22,465"
"03/06/2022","BT","789,754"
"03/06/2022","Subway","1,444,501"
"03/06/2022","SIR","1,550"
"03/06/2022","MNR","52,874"
"03/06/2022","LIRR","53,034"
"03/06/2022","Bus","600,501"
"03/06/2022","AAR","12,557"
"03/05/2022","AAR","13,269"
"03/05/2022","Subway","1,955,535"
"03/05/2022","SIR","2,116"
"03/05/2022","MNR","70,427"
"03/05/2022","LIRR","69,010"
"03/05/2022","Bus","812,774"
"03/05/2022","BT","867,876"
"03/04/2022","AAR","22,821"
"03/04/2022","Subway","3,077,537"
"03/04/2022","SIR","5,807"
"03/04/2022","MNR","125,143"
"03/04/2022","LIRR","145,518"
"03/04/2022","Bus","1,363,159"
"03/04/2022","BT","961,106"
"03/03/2022","BT","926,783"
"03/03/2022","Subway","3,207,495"
"03/03/2022","SIR","6,674"
"03/03/2022","MNR","132,506"
"03/03/2022","LIRR","152,883"
"03/03/2022","Bus","1,434,851"
"03/03/2022","AAR","23,800"
"03/02/2022","BT","899,781"
"03/02/2022","Subway","3,208,166"
"03/02/2022","SIR","6,680"
"03/02/2022","MNR","140,945"
"03/02/2022","LIRR","159,238"
"03/02/2022","Bus","1,463,263"
"03/02/2022","AAR","24,289"
"03/01/2022","Bus","1,435,834"
"03/01/2022","Subway","3,138,181"
"03/01/2022","SIR","6,655"
"03/01/2022","AAR","22,944"
"03/01/2022","MNR","150,787"
"03/01/2022","LIRR","165,769"
"03/01/2022","BT","876,569"
"02/28/2022","AAR","21,929"
"02/28/2022","Subway","2,915,786"
"02/28/2022","SIR","6,170"
"02/28/2022","MNR","118,572"
"02/28/2022","LIRR","134,902"
"02/28/2022","Bus","1,362,855"
"02/28/2022","BT","862,259"
"02/27/2022","AAR","11,337"
"02/27/2022","Subway","1,403,227"
"02/27/2022","SIR","1,523"
"02/27/2022","MNR","51,604"
"02/27/2022","LIRR","62,913"
"02/27/2022","Bus","604,646"
"02/27/2022","BT","804,598"
"02/26/2022","BT","849,716"
"02/26/2022","Subway","1,824,833"
"02/26/2022","SIR","2,012"
"02/26/2022","MNR","61,573"
"02/26/2022","LIRR","71,783"
"02/26/2022","Bus","775,358"
"02/26/2022","AAR","12,226"
"02/25/2022","BT","797,593"
"02/25/2022","Subway","2,575,630"
"02/25/2022","SIR","4,544"
"02/25/2022","MNR","90,953"
"02/25/2022","LIRR","114,658"
"02/25/2022","Bus","1,027,563"
"02/25/2022","AAR","18,740"
"02/24/2022","AAR","21,868"
"02/24/2022","Subway","2,858,146"
"02/24/2022","SIR","5,879"
"02/24/2022","MNR","110,395"
"02/24/2022","LIRR","132,496"
"02/24/2022","Bus","1,196,924"
"02/24/2022","BT","915,117"
"02/23/2022","AAR","23,807"
"02/23/2022","Subway","2,894,245"
"02/23/2022","SIR","6,116"
"02/23/2022","MNR","119,188"
"02/23/2022","LIRR","140,229"
"02/23/2022","Bus","1,247,209"
"02/23/2022","BT","895,786"
"02/22/2022","BT","850,497"
"02/22/2022","Subway","2,669,508"
"02/22/2022","SIR","5,767"
"02/22/2022","MNR","112,764"
"02/22/2022","LIRR","135,406"
"02/22/2022","Bus","1,143,526"
"02/22/2022","AAR","19,233"
"02/21/2022","BT","818,941"
"02/21/2022","Subway","1,942,267"
"02/21/2022","SIR","2,781"
"02/21/2022","MNR","63,892"
"02/21/2022","LIRR","109,882"
"02/21/2022","Bus","873,961"
"02/21/2022","AAR","12,500"
"02/20/2022","BT","771,043"
"02/20/2022","Subway","1,477,125"
"02/20/2022","SIR","1,517"
"02/20/2022","MNR","54,863"
"02/20/2022","LIRR","55,015"
"02/20/2022","Bus","571,789"
"02/20/2022","AAR","11,017"
"02/19/2022","AAR","12,171"
"02/19/2022","Subway","1,792,136"
"02/19/2022","SIR","2,108"
"02/19/2022","MNR","66,545"
"02/19/2022","LIRR","64,696"
"02/19/2022","Bus","723,602"
"02/19/2022","BT","815,513"
"02/18/2022","AAR","21,470"
"02/18/2022","Subway","2,953,785"
"02/18/2022","SIR","5,677"
"02/18/2022","MNR","112,030"
"02/18/2022","LIRR","129,403"
"02/18/2022","Bus","1,285,978"
"02/18/2022","BT","951,358"
"02/17/2022","BT","914,714"
"02/17/2022","Subway","3,109,956"
"02/17/2022","SIR","6,527"
"02/17/2022","MNR","115,718"
"02/17/2022","LIRR","141,226"
"02/17/2022","Bus","1,408,571"
"02/17/2022","AAR","23,713"
"02/16/2022","BT","879,005"
"02/16/2022","Subway","3,100,639"
"02/16/2022","SIR","6,337"
"02/16/2022","MNR","115,325"
"02/16/2022","LIRR","140,431"
"02/16/2022","Bus","1,406,714"
"02/16/2022","AAR","23,513"
"02/15/2022","BT","878,210"
"02/15/2022","Subway","3,030,742"
"02/15/2022","SIR","6,447"
"02/15/2022","MNR","119,034"
"02/15/2022","LIRR","146,607"
"02/15/2022","Bus","1,340,123"
"02/15/2022","AAR","21,922"
"02/14/2022","MNR","113,260"
"02/14/2022","Subway","2,907,825"
"02/14/2022","SIR","5,803"
"02/14/2022","LIRR","142,507"
"02/14/2022","Bus","1,272,100"
"02/14/2022","BT","866,856"
"02/14/2022","AAR","20,812"
"02/13/2022","AAR","10,013"
"02/13/2022","Subway","1,349,864"
"02/13/2022","SIR","1,322"
"02/13/2022","MNR","46,395"
"02/13/2022","LIRR","50,534"
"02/13/2022","Bus","510,307"
"02/13/2022","BT","657,087"
"02/12/2022","BT","870,106"
"02/12/2022","Subway","2,026,308"
"02/12/2022","SIR","2,295"
"02/12/2022","MNR","71,813"
"02/12/2022","LIRR","71,709"
"02/12/2022","Bus","820,629"
"02/12/2022","AAR","13,376"
"02/11/2022","BT","942,501"
"02/11/2022","Subway","3,015,472"
"02/11/2022","SIR","5,570"
"02/11/2022","MNR","110,674"
"02/11/2022","LIRR","131,038"
"02/11/2022","Bus","1,348,189"
"02/11/2022","AAR","22,608"
"02/10/2022","Bus","1,423,775"
"02/10/2022","Subway","3,112,489"
"02/10/2022","SIR","6,362"
"02/10/2022","AAR","23,341"
"02/10/2022","MNR","115,707"
"02/10/2022","LIRR","143,062"
"02/10/2022","BT","909,096"
"02/09/2022","AAR","23,863"
"02/09/2022","Subway","3,088,775"
"02/09/2022","SIR","6,297"
"02/09/2022","MNR","115,341"
"02/09/2022","LIRR","143,673"
"02/09/2022","Bus","1,421,706"
"02/09/2022","BT","871,206"
"02/08/2022","AAR","22,667"
"02/08/2022","Subway","3,016,648"
"02/08/2022","SIR","6,254"
"02/08/2022","MNR","119,190"
"02/08/2022","LIRR","141,653"
"02/08/2022","Bus","1,387,432"
"02/08/2022","BT","854,542"
"02/07/2022","BT","812,233"
"02/07/2022","Subway","2,784,230"
"02/07/2022","SIR","5,711"
"02/07/2022","MNR","111,297"
"02/07/2022","LIRR","136,455"
"02/07/2022","Bus","1,297,024"
"02/07/2022","AAR","21,120"
"02/06/2022","BT","746,914"
"02/06/2022","Subway","1,323,892"
"02/06/2022","SIR","1,388"
"02/06/2022","MNR","48,395"
"02/06/2022","LIRR","51,472"
"02/06/2022","Bus","558,211"
"02/06/2022","AAR","10,621"
"02/05/2022","AAR","11,377"
"02/05/2022","Subway","1,792,780"
"02/05/2022","SIR","1,835"
"02/05/2022","MNR","61,496"
"02/05/2022","LIRR","61,201"
"02/05/2022","Bus","726,750"
"02/05/2022","BT","777,501"
"02/04/2022","AAR","18,557"
"02/04/2022","Subway","2,725,725"
"02/04/2022","SIR","5,072"
"02/04/2022","MNR","94,290"
"02/04/2022","LIRR","117,899"
"02/04/2022","Bus","1,176,367"
"02/04/2022","BT","783,827"
"02/03/2022","BT","856,424"
"02/03/2022","Subway","2,914,198"
"02/03/2022","SIR","5,750"
"02/03/2022","MNR","104,093"
"02/03/2022","LIRR","126,901"
"02/03/2022","Bus","1,304,726"
"02/03/2022","AAR","22,325"
"02/02/2022","BT","850,217"
"02/02/2022","Subway","2,940,152"
"02/02/2022","SIR","5,830"
"02/02/2022","MNR","110,996"
"02/02/2022","LIRR","140,059"
"02/02/2022","Bus","1,314,898"
"02/02/2022","AAR","22,427"
"02/01/2022","BT","807,457"
"02/01/2022","Subway","2,635,083"
"02/01/2022","SIR","4,993"
"02/01/2022","MNR","111,424"
"02/01/2022","LIRR","135,255"
"02/01/2022","Bus","1,127,084"
"02/01/2022","AAR","20,357"
"01/31/2022","AAR","18,400"
"01/31/2022","Subway","2,575,762"
"01/31/2022","SIR","4,968"
"01/31/2022","MNR","109,718"
"01/31/2022","LIRR","132,248"
"01/31/2022","Bus","1,139,164"
"01/31/2022","BT","780,818"
"01/30/2022","AAR","5,974"
"01/30/2022","Subway","1,262,477"
"01/30/2022","SIR","1,233"
"01/30/2022","MNR","45,002"
"01/30/2022","LIRR","47,852"
"01/30/2022","Bus","460,299"
"01/30/2022","BT","508,250"
"01/29/2022","BT","175,153"
"01/29/2022","Subway","999,347"
"01/29/2022","SIR","852"
"01/29/2022","MNR","22,016"
"01/29/2022","LIRR","8,142"
"01/29/2022","Bus","271,959"
"01/29/2022","AAR","5,353"
"01/28/2022","BT","869,982"
"01/28/2022","Subway","2,703,403"
"01/28/2022","SIR","4,994"
"01/28/2022","MNR","96,409"
"01/28/2022","LIRR","120,912"
"01/28/2022","Bus","1,208,092"
"01/28/2022","AAR","20,115"
"01/27/2022","BT","872,809"
"01/27/2022","Subway","2,724,979"
"01/27/2022","SIR","5,271"
"01/27/2022","MNR","95,748"
"01/27/2022","LIRR","119,039"
"01/27/2022","Bus","1,275,573"
"01/27/2022","AAR","20,934"
"01/26/2022","MNR","96,253"
"01/26/2022","Subway","2,711,803"
"01/26/2022","SIR","5,197"
"01/26/2022","LIRR","118,625"
"01/26/2022","Bus","1,266,798"
"01/26/2022","BT","837,062"
"01/26/2022","AAR","21,033"
"01/25/2022","AAR","21,233"
"01/25/2022","Subway","2,701,246"
"01/25/2022","SIR","5,625"
"01/25/2022","MNR","98,859"
"01/25/2022","LIRR","124,499"
"01/25/2022","Bus","1,308,979"
"01/25/2022","BT","820,013"
"01/24/2022","BT","795,086"
"01/24/2022","Subway","2,536,827"
"01/24/2022","SIR","5,188"
"01/24/2022","MNR","100,520"
"01/24/2022","LIRR","127,750"
"01/24/2022","Bus","1,244,112"
"01/24/2022","AAR","19,472"
"01/23/2022","BT","687,231"
"01/23/2022","Subway","1,245,716"
"01/23/2022","SIR","1,245"
"01/23/2022","MNR","43,647"
"01/23/2022","LIRR","48,672"
"01/23/2022","Bus","529,115"
"01/23/2022","AAR","9,446"
"01/22/2022","Bus","655,490"
"01/22/2022","Subway","1,583,650"
"01/22/2022","SIR","1,642"
"01/22/2022","AAR","10,455"
"01/22/2022","MNR","53,737"
"01/22/2022","LIRR","59,412"
"01/22/2022","BT","737,812"
"01/21/2022","MNR","91,079"
"01/21/2022","Subway","2,565,781"
"01/21/2022","SIR","4,748"
"01/21/2022","LIRR","113,474"
"01/21/2022","Bus","1,151,816"
"01/21/2022","BT","867,194"
"01/21/2022","AAR","19,079"
"01/20/2022","AAR","18,616"
"01/20/2022","Subway","2,545,486"
"01/20/2022","SIR","5,031"
"01/20/2022","MNR","88,196"
"01/20/2022","LIRR","112,595"
"01/20/2022","Bus","1,181,953"
"01/20/2022","BT","769,646"
"01/19/2022","BT","832,838"
"01/19/2022","Subway","2,642,129"
"01/19/2022","SIR","5,598"
"01/19/2022","MNR","96,281"
"01/19/2022","LIRR","121,249"
"01/19/2022","Bus","1,286,788"
"01/19/2022","AAR","21,111"
"01/18/2022","BT","818,509"
"01/18/2022","Subway","2,541,044"
"01/18/2022","SIR","5,381"
"01/18/2022","MNR","100,364"
"01/18/2022","LIRR","125,615"
"01/18/2022","Bus","1,222,195"
"01/18/2022","AAR","19,389"
"01/17/2022","AAR","8,760"
"01/17/2022","Subway","1,600,048"
"01/17/2022","SIR","2,190"
"01/17/2022","MNR","44,075"
"01/17/2022","LIRR","98,738"
"01/17/2022","Bus","694,066"
"01/17/2022","BT","651,716"
"01/16/2022","AAR","8,545"
"01/16/2022","Subway","1,165,626"
"01/16/2022","SIR","1,140"
"01/16/2022","MNR","38,025"
"01/16/2022","LIRR","43,578"
"01/16/2022","Bus","456,257"
"01/16/2022","BT","623,464"
"01/15/2022","BT","705,503"
"01/15/2022","Subway","1,434,676"
"01/15/2022","SIR","1,449"
"01/15/2022","MNR","45,309"
"01/15/2022","LIRR","53,410"
"01/15/2022","Bus","573,037"
"01/15/2022","AAR","9,510"
"01/14/2022","BT","869,815"
"01/14/2022","Subway","2,522,972"
"01/14/2022","SIR","4,774"
"01/14/2022","MNR","88,634"
"01/14/2022","LIRR","109,199"
"01/14/2022","Bus","1,186,647"
"01/14/2022","AAR","18,878"
"01/13/2022","BT","824,338"
"01/13/2022","Subway","2,524,197"
"01/13/2022","SIR","5,132"
"01/13/2022","MNR","87,672"
"01/13/2022","LIRR","112,519"
"01/13/2022","Bus","1,218,552"
"01/13/2022","AAR","19,918"
"01/12/2022","AAR","19,679"
"01/12/2022","Subway","2,459,224"
"01/12/2022","SIR","5,024"
"01/12/2022","MNR","86,050"
"01/12/2022","LIRR","111,022"
"01/12/2022","Bus","1,179,931"
"01/12/2022","BT","787,829"
"01/11/2022","AAR","17,388"
"01/11/2022","Subway","2,266,378"
"01/11/2022","SIR","4,655"
"01/11/2022","MNR","81,438"
"01/11/2022","LIRR","104,378"
"01/11/2022","Bus","1,040,581"
"01/11/2022","BT","756,288"
"01/10/2022","BT","765,513"
"01/10/2022","Subway","2,347,323"
"01/10/2022","SIR","4,954"
"01/10/2022","MNR","90,220"
"01/10/2022","LIRR","116,463"
"01/10/2022","Bus","1,147,341"
"01/10/2022","AAR","18,268"
"01/09/2022","BT","569,609"
"01/09/2022","Subway","1,102,472"
"01/09/2022","SIR","1,210"
"01/09/2022","MNR","35,309"
"01/09/2022","LIRR","43,383"
"01/09/2022","Bus","475,438"
"01/09/2022","AAR","7,916"
"01/08/2022","BT","643,474"
"01/08/2022","Subway","1,486,065"
"01/08/2022","SIR","1,672"
"01/08/2022","MNR","46,428"
"01/08/2022","LIRR","51,707"
"01/08/2022","Bus","631,341"
"01/08/2022","AAR","9,126"
"01/07/2022","MNR","73,067"
"01/07/2022","Subway","2,121,941"
"01/07/2022","SIR","3,628"
"01/07/2022","LIRR","90,207"
"01/07/2022","Bus","880,997"
"01/07/2022","BT","562,835"
"01/07/2022","AAR","14,203"
"01/06/2022","AAR","18,672"
"01/06/2022","Subway","2,391,176"
"01/06/2022","SIR","4,909"
"01/06/2022","MNR","82,567"
"01/06/2022","LIRR","103,562"
"01/06/2022","Bus","1,146,904"
"01/06/2022","BT","782,852"
"01/05/2022","BT","711,791"
"01/05/2022","Subway","2,267,942"
"01/05/2022","SIR","4,659"
"01/05/2022","MNR","77,579"
"01/05/2022","LIRR","98,251"
"01/05/2022","Bus","1,078,511"
"01/05/2022","AAR","18,861"
"01/04/2022","BT","735,904"
"01/04/2022","Subway","2,289,352"
"01/04/2022","SIR","4,795"
"01/04/2022","MNR","81,978"
"01/04/2022","LIRR","104,247"
"01/04/2022","Bus","1,082,360"
"01/04/2022","AAR","17,909"
"01/03/2022","LIRR","102,961"
"01/03/2022","Subway","2,168,229"
"01/03/2022","SIR","4,515"
"01/03/2022","BT","694,958"
"01/03/2022","AAR","16,437"
"01/03/2022","MNR","83,990"
"01/03/2022","Bus","1,000,002"
"01/02/2022","MNR","42,587"
"01/02/2022","Subway","1,219,735"
"01/02/2022","SIR","1,571"
"01/02/2022","LIRR","49,155"
"01/02/2022","Bus","475,096"
"01/02/2022","BT","626,163"
"01/02/2022","AAR","8,383"
"01/01/2022","AAR","4,904"
"01/01/2022","Subway","1,027,918"
"01/01/2022","SIR","1,262"
"01/01/2022","MNR","30,341"
"01/01/2022","LIRR","33,980"
"01/01/2022","Bus","350,845"
"01/01/2022","BT","499,757"
"12/31/2021","BT","630,015"
"12/31/2021","Subway","1,627,589"
"12/31/2021","SIR","2,270"
"12/31/2021","MNR","85,232"
"12/31/2021","LIRR","96,699"
"12/31/2021","Bus","699,749"
"12/31/2021","AAR","11,498"
"12/30/2021","BT","807,146"
"12/30/2021","Subway","2,198,415"
"12/30/2021","SIR","3,944"
"12/30/2021","MNR","90,827"
"12/30/2021","LIRR","110,101"
"12/30/2021","Bus","928,012"
"12/30/2021","AAR","16,177"
"12/29/2021","AAR","16,859"
"12/29/2021","Subway","2,167,077"
"12/29/2021","SIR","3,996"
"12/29/2021","MNR","92,605"
"12/29/2021","LIRR","105,898"
"12/29/2021","Bus","921,562"
"12/29/2021","BT","771,050"
"12/28/2021","AAR","16,736"
"12/28/2021","Subway","2,168,419"
"12/28/2021","SIR","4,372"
"12/28/2021","MNR","89,719"
"12/28/2021","LIRR","109,904"
"12/28/2021","Bus","953,933"
"12/28/2021","BT","766,806"
"12/27/2021","BT","746,815"
"12/27/2021","Subway","2,007,649"
"12/27/2021","SIR","4,026"
"12/27/2021","MNR","89,427"
"12/27/2021","LIRR","108,463"
"12/27/2021","Bus","890,096"
"12/27/2021","AAR","14,952"
"12/26/2021","BT","675,064"
"12/26/2021","Subway","1,284,738"
"12/26/2021","SIR","1,746"
"12/26/2021","MNR","51,478"
"12/26/2021","LIRR","56,467"
"12/26/2021","Bus","518,897"
"12/26/2021","AAR","8,744"
"12/25/2021","BT","584,049"
"12/25/2021","Subway","810,937"
"12/25/2021","SIR","1,008"
"12/25/2021","MNR","31,575"
"12/25/2021","LIRR","39,466"
"12/25/2021","Bus","329,549"
"12/25/2021","AAR","9,021"
"12/24/2021","MNR","81,055"
"12/24/2021","Subway","1,575,449"
"12/24/2021","SIR","2,289"
"12/24/2021","LIRR","97,408"
"12/24/2021","Bus","746,809"
"12/24/2021","BT","740,855"
"12/24/2021","AAR","12,009"
"12/23/2021","AAR","19,335"
"12/23/2021","Subway","2,486,489"
"12/23/2021","SIR","5,000"
"12/23/2021","MNR","97,238"
"12/23/2021","LIRR","118,388"
"12/23/2021","Bus","1,166,953"
"12/23/2021","BT","902,401"
"12/22/2021","BT","881,278"
"12/22/2021","Subway","2,634,565"
"12/22/2021","SIR","5,594"
"12/22/2021","MNR","92,941"
"12/22/2021","LIRR","117,678"
"12/22/2021","Bus","1,252,621"
"12/22/2021","AAR","21,673"
"12/21/2021","BT","869,653"
"12/21/2021","Subway","2,697,325"
"12/21/2021","SIR","5,772"
"12/21/2021","MNR","97,141"
"12/21/2021","LIRR","124,376"
"12/21/2021","Bus","1,299,476"
"12/21/2021","AAR","21,656"
"12/20/2021","AAR","20,318"
"12/20/2021","Subway","2,716,451"
"12/20/2021","SIR","5,979"
"12/20/2021","MNR","102,695"
"12/20/2021","LIRR","132,078"
"12/20/2021","Bus","1,277,654"
"12/20/2021","BT","859,924"
"12/19/2021","AAR","12,238"
"12/19/2021","Subway","1,579,809"
"12/19/2021","SIR","1,694"
"12/19/2021","MNR","56,292"
"12/19/2021","LIRR","65,698"
"12/19/2021","Bus","636,393"
"12/19/2021","BT","786,107"
"12/18/2021","BT","835,445"
"12/18/2021","Subway","1,880,969"
"12/18/2021","SIR","1,987"
"12/18/2021","MNR","66,097"
"12/18/2021","LIRR","74,306"
"12/18/2021","Bus","786,073"
"12/18/2021","AAR","12,312"
"12/17/2021","BT","971,958"
"12/17/2021","Subway","3,112,088"
"12/17/2021","SIR","6,404"
"12/17/2021","MNR","121,037"
"12/17/2021","LIRR","146,111"
"12/17/2021","Bus","1,375,383"
"12/17/2021","AAR","22,539"
"12/16/2021","Bus","1,438,193"
"12/16/2021","Subway","3,219,799"
"12/16/2021","SIR","7,043"
"12/16/2021","AAR","23,623"
"12/16/2021","MNR","126,131"
"12/16/2021","LIRR","152,710"
"12/16/2021","BT","951,943"
"12/15/2021","AAR","23,732"
"12/15/2021","Subway","3,242,168"
"12/15/2021","SIR","6,908"
"12/15/2021","MNR","129,761"
"12/15/2021","LIRR","153,128"
"12/15/2021","Bus","1,436,154"
"12/15/2021","BT","924,242"
"12/14/2021","AAR","23,042"
"12/14/2021","Subway","3,274,170"
"12/14/2021","SIR","7,124"
"12/14/2021","MNR","131,812"
"12/14/2021","LIRR","154,939"
"12/14/2021","Bus","1,378,221"
"12/14/2021","BT","897,872"
"12/13/2021","BT","877,362"
"12/13/2021","Subway","3,120,850"
"12/13/2021","SIR","6,769"
"12/13/2021","MNR","129,698"
"12/13/2021","LIRR","153,387"
"12/13/2021","Bus","1,333,718"
"12/13/2021","AAR","21,617"
"12/12/2021","BT","830,347"
"12/12/2021","Subway","1,829,872"
"12/12/2021","SIR","1,833"
"12/12/2021","MNR","66,471"
"12/12/2021","LIRR","80,874"
"12/12/2021","Bus","627,007"
"12/12/2021","AAR","12,189"
"12/11/2021","AAR","13,396"
"12/11/2021","Subway","2,266,265"
"12/11/2021","SIR","2,291"
"12/11/2021","MNR","81,068"
"12/11/2021","LIRR","91,894"
"12/11/2021","Bus","786,137"
"12/11/2021","BT","866,259"
"12/10/2021","AAR","22,237"
"12/10/2021","Subway","3,417,451"
"12/10/2021","SIR","6,331"
"12/10/2021","MNR","127,711"
"12/10/2021","LIRR","152,524"
"12/10/2021","Bus","1,404,176"
"12/10/2021","BT","965,370"
"12/09/2021","BT","931,194"
"12/09/2021","Subway","3,433,600"
"12/09/2021","SIR","7,222"
"12/09/2021","MNR","126,159"
"12/09/2021","LIRR","154,367"
"12/09/2021","Bus","1,436,883"
"12/09/2021","AAR","22,743"
"12/08/2021","BT","892,613"
"12/08/2021","Subway","3,378,727"
"12/08/2021","SIR","6,948"
"12/08/2021","MNR","130,222"
"12/08/2021","LIRR","156,218"
"12/08/2021","Bus","1,430,106"
"12/08/2021","AAR","22,691"
"12/07/2021","BT","886,247"
"12/07/2021","Subway","3,367,790"
"12/07/2021","SIR","7,367"
"12/07/2021","MNR","131,033"
"12/07/2021","LIRR","153,749"
"12/07/2021","Bus","1,453,136"
"12/07/2021","AAR","23,262"
"12/06/2021","AAR","21,761"
"12/06/2021","Subway","3,135,869"
"12/06/2021","SIR","6,687"
"12/06/2021","MNR","127,260"
"12/06/2021","LIRR","154,970"
"12/06/2021","Bus","1,394,230"
"12/06/2021","BT","868,619"
"12/05/2021","AAR","12,541"
"12/05/2021","Subway","1,737,352"
"12/05/2021","SIR","193"
"12/05/2021","MNR","60,526"
"12/05/2021","LIRR","72,716"
"12/05/2021","Bus","665,129"
"12/05/2021","BT","820,683"
"12/04/2021","BT","867,401"
"12/04/2021","Subway","2,318,147"
"12/04/2021","SIR","56"
"12/04/2021","MNR","81,392"
"12/04/2021","LIRR","91,477"
"12/04/2021","Bus","864,764"
"12/04/2021","AAR","13,317"
"12/03/2021","BT","943,940"
"12/03/2021","Subway","3,374,097"
"12/03/2021","SIR","6,442"
"12/03/2021","MNR","119,424"
"12/03/2021","LIRR","144,500"
"12/03/2021","Bus","1,419,078"
"12/03/2021","AAR","22,518"
"12/02/2021","BT","926,424"
"12/02/2021","Subway","3,358,843"
"12/02/2021","SIR","7,290"
"12/02/2021","MNR","127,508"
"12/02/2021","LIRR","154,723"
"12/02/2021","Bus","1,449,142"
"12/02/2021","AAR","22,540"
"12/01/2021","MNR","136,126"
"12/01/2021","Subway","3,326,469"
"12/01/2021","SIR","7,266"
"12/01/2021","LIRR","163,163"
"12/01/2021","Bus","1,463,384"
"12/01/2021","BT","902,552"
"12/01/2021","AAR","23,347"
"11/30/2021","AAR","22,469"
"11/30/2021","Subway","3,207,209"
"11/30/2021","SIR","7,124"
"11/30/2021","MNR","136,630"
"11/30/2021","LIRR","166,738"
"11/30/2021","Bus","1,432,539"
"11/30/2021","BT","900,452"
"11/29/2021","BT","903,634"
"11/29/2021","Subway","2,996,015"
"11/29/2021","SIR","6,692"
"11/29/2021","MNR","132,498"
"11/29/2021","LIRR","166,154"
"11/29/2021","Bus","1,381,661"
"11/29/2021","AAR","21,124"
"11/28/2021","BT","828,107"
"11/28/2021","Subway","1,465,745"
"11/28/2021","SIR","1,669"
"11/28/2021","MNR","65,128"
"11/28/2021","LIRR","75,197"
"11/28/2021","Bus","592,081"
"11/28/2021","AAR","10,481"
"11/27/2021","Bus","750,986"
"11/27/2021","Subway","1,880,422"
"11/27/2021","SIR","2,216"
"11/27/2021","AAR","10,620"
"11/27/2021","MNR","76,112"
"11/27/2021","LIRR","83,676"
"11/27/2021","BT","853,201"
"11/26/2021","AAR","11,077"
"11/26/2021","Subway","2,089,772"
"11/26/2021","SIR","3,205"
"11/26/2021","MNR","108,747"
"11/26/2021","LIRR","128,452"
"11/26/2021","Bus","843,588"
"11/26/2021","BT","792,098"
"11/25/2021","AAR","15,459"
"11/25/2021","Subway","1,357,198"
"11/25/2021","SIR","1,990"
"11/25/2021","MNR","69,945"
"11/25/2021","LIRR","125,417"
"11/25/2021","Bus","509,782"
"11/25/2021","BT","863,147"
"11/24/2021","BT","995,900"
"11/24/2021","Subway","3,085,289"
"11/24/2021","SIR","6,589"
"11/24/2021","MNR","139,391"
"11/24/2021","LIRR","165,349"
"11/24/2021","Bus","1,343,391"
"11/24/2021","AAR","21,002"
"11/23/2021","BT","992,816"
"11/23/2021","Subway","3,286,591"
"11/23/2021","SIR","7,194"
"11/23/2021","MNR","136,562"
"11/23/2021","LIRR","162,241"
"11/23/2021","Bus","1,424,890"
"11/23/2021","AAR","22,574"
"11/22/2021","AAR","21,441"
"11/22/2021","Subway","3,130,363"
"11/22/2021","SIR","6,896"
"11/22/2021","MNR","127,776"
"11/22/2021","LIRR","156,874"
"11/22/2021","Bus","1,418,226"
"11/22/2021","BT","905,019"
"11/21/2021","AAR","12,774"
"11/21/2021","Subway","1,674,206"
"11/21/2021","SIR","1,827"
"11/21/2021","MNR","66,859"
"11/21/2021","LIRR","80,467"
"11/21/2021","Bus","674,551"
"11/21/2021","BT","844,106"
"11/20/2021","BT","917,658"
"11/20/2021","Subway","2,135,731"
"11/20/2021","SIR","2,367"
"11/20/2021","MNR","82,894"
"11/20/2021","LIRR","94,412"
"11/20/2021","Bus","861,772"
"11/20/2021","AAR","13,195"
"11/19/2021","BT","990,357"
"11/19/2021","Subway","3,316,999"
"11/19/2021","SIR","6,842"
"11/19/2021","MNR","127,093"
"11/19/2021","LIRR","151,795"
"11/19/2021","Bus","1,429,787"
"11/19/2021","AAR","22,662"
"11/18/2021","BT","962,396"
"11/18/2021","Subway","3,412,249"
"11/18/2021","SIR","7,511"
"11/18/2021","MNR","132,632"
"11/18/2021","LIRR","157,433"
"11/18/2021","Bus","1,505,488"
"11/18/2021","AAR","24,071"
"11/17/2021","AAR","24,396"
"11/17/2021","Subway","3,369,069"
"11/17/2021","SIR","7,453"
"11/17/2021","MNR","131,113"
"11/17/2021","LIRR","158,372"
"11/17/2021","Bus","1,501,740"
"11/17/2021","BT","918,450"
"11/16/2021","AAR","23,694"
"11/16/2021","Subway","3,340,844"
"11/16/2021","SIR","7,472"
"11/16/2021","MNR","137,235"
"11/16/2021","LIRR","161,362"
"11/16/2021","Bus","1,492,110"
"11/16/2021","BT","905,537"
"11/15/2021","BT","893,554"
"11/15/2021","Subway","3,110,969"
"11/15/2021","SIR","6,792"
"11/15/2021","MNR","132,234"
"11/15/2021","LIRR","160,952"
"11/15/2021","Bus","1,437,414"
"11/15/2021","AAR","22,208"
"11/14/2021","BT","860,520"
"11/14/2021","Subway","1,703,136"
"11/14/2021","SIR","1,772"
"11/14/2021","MNR","62,856"
"11/14/2021","LIRR","72,488"
"11/14/2021","Bus","657,129"
"11/14/2021","AAR","12,460"
"11/13/2021","BT","871,491"
"11/13/2021","Subway","2,169,863"
"11/13/2021","SIR","2,286"
"11/13/2021","MNR","74,296"
"11/13/2021","LIRR","80,829"
"11/13/2021","Bus","815,114"
"11/13/2021","AAR","13,124"
"11/12/2021","MNR","117,650"
"11/12/2021","Subway","3,158,682"
"11/12/2021","SIR","6,082"
"11/12/2021","LIRR","141,671"
"11/12/2021","Bus","1,350,608"
"11/12/2021","BT","922,666"
"11/12/2021","AAR","21,598"
"11/11/2021","AAR","19,846"
"11/11/2021","Subway","2,922,235"
"11/11/2021","SIR","5,493"
"11/11/2021","MNR","122,940"
"11/11/2021","LIRR","143,386"
"11/11/2021","Bus","1,198,235"
"11/11/2021","BT","898,489"
"11/10/2021","BT","929,094"
"11/10/2021","Subway","3,351,992"
"11/10/2021","SIR","7,445"
"11/10/2021","MNR","134,400"
"11/10/2021","LIRR","159,254"
"11/10/2021","Bus","1,514,453"
"11/10/2021","AAR","24,608"
"11/09/2021","BT","901,654"
"11/09/2021","Subway","3,279,457"
"11/09/2021","SIR","7,677"
"11/09/2021","MNR","134,070"
"11/09/2021","LIRR","157,181"
"11/09/2021","Bus","1,518,264"
"11/09/2021","AAR","24,504"
"11/08/2021","Bus","1,461,178"
"11/08/2021","Subway","3,065,533"
"11/08/2021","SIR","6,921"
"11/08/2021","AAR","22,136"
"11/08/2021","MNR","131,127"
"11/08/2021","LIRR","159,723"
"11/08/2021","BT","892,575"
"11/07/2021","MNR","72,175"
"11/07/2021","Subway","1,888,985"
"11/07/2021","SIR","2,978"
"11/07/2021","LIRR","81,181"
"11/07/2021","Bus","614,513"
"11/07/2021","BT","781,453"
"11/07/2021","AAR","10,647"
"11/06/2021","AAR","13,672"
"11/06/2021","Subway","2,195,864"
"11/06/2021","SIR","2,410"
"11/06/2021","MNR","80,784"
"11/06/2021","LIRR","84,943"
"11/06/2021","Bus","864,499"
"11/06/2021","BT","912,929"
"11/05/2021","BT","969,158"
"11/05/2021","Subway","3,293,438"
"11/05/2021","SIR","6,769"
"11/05/2021","MNR","121,824"
"11/05/2021","LIRR","150,227"
"11/05/2021","Bus","1,457,014"
"11/05/2021","AAR","23,009"
"11/04/2021","BT","934,194"
"11/04/2021","Subway","3,284,315"
"11/04/2021","SIR","7,210"
"11/04/2021","MNR","126,533"
"11/04/2021","LIRR","151,353"
"11/04/2021","Bus","1,486,942"
"11/04/2021","AAR","24,009"
"11/03/2021","AAR","23,349"
"11/03/2021","Subway","3,293,732"
"11/03/2021","SIR","7,371"
"11/03/2021","MNR","130,954"
"11/03/2021","LIRR","154,203"
"11/03/2021","Bus","1,507,287"
"11/03/2021","BT","904,407"
"11/02/2021","AAR","22,016"
"11/02/2021","Subway","2,848,222"
"11/02/2021","SIR","5,679"
"11/02/2021","MNR","129,297"
"11/02/2021","LIRR","147,832"
"11/02/2021","Bus","1,258,180"
"11/02/2021","BT","856,142"
"11/01/2021","BT","901,444"
"11/01/2021","Subway","3,034,306"
"11/01/2021","SIR","6,783"
"11/01/2021","MNR","131,251"
"11/01/2021","LIRR","158,356"
"11/01/2021","Bus","1,448,304"
"11/01/2021","AAR","21,387"
"10/31/2021","BT","826,860"
"10/31/2021","Subway","1,746,769"
"10/31/2021","SIR","1,910"
"10/31/2021","MNR","66,300"
"10/31/2021","LIRR","68,674"
"10/31/2021","Bus","656,203"
"10/31/2021","AAR","12,233"
"10/30/2021","BT","857,403"
"10/30/2021","Subway","2,044,310"
"10/30/2021","SIR","2,177"
"10/30/2021","MNR","69,281"
"10/30/2021","LIRR","76,471"
"10/30/2021","Bus","819,620"
"10/30/2021","AAR","12,642"
"10/29/2021","AAR","22,477"
"10/29/2021","Subway","3,251,779"
"10/29/2021","SIR","6,597"
"10/29/2021","MNR","122,632"
"10/29/2021","LIRR","153,317"
"10/29/2021","Bus","1,426,938"
"10/29/2021","BT","966,866"
"10/28/2021","AAR","24,814"
"10/28/2021","Subway","3,365,971"
"10/28/2021","SIR","7,605"
"10/28/2021","MNR","132,170"
"10/28/2021","LIRR","159,574"
"10/28/2021","Bus","1,515,489"
"10/28/2021","BT","963,255"
"10/27/2021","BT","917,505"
"10/27/2021","Subway","3,300,580"
"10/27/2021","SIR","7,054"
"10/27/2021","MNR","129,881"
"10/27/2021","LIRR","155,865"
"10/27/2021","Bus","1,503,535"
"10/27/2021","AAR","24,144"
"10/26/2021","BT","741,160"
"10/26/2021","Subway","2,702,635"
"10/26/2021","SIR","5,278"
"10/26/2021","MNR","104,517"
"10/26/2021","LIRR","130,109"
"10/26/2021","Bus","1,233,660"
"10/26/2021","AAR","21,220"
"10/25/2021","BT","887,055"
"10/25/2021","Subway","2,994,936"
"10/25/2021","SIR","7,026"
"10/25/2021","MNR","125,755"
"10/25/2021","LIRR","158,330"
"10/25/2021","Bus","1,461,023"
"10/25/2021","AAR","21,724"
"10/24/2021","MNR","68,154"
"10/24/2021","Subway","1,599,927"
"10/24/2021","SIR","1,908"
"10/24/2021","LIRR","69,611"
"10/24/2021","Bus","659,283"
"10/24/2021","BT","885,844"
"10/24/2021","AAR","12,314"
"10/23/2021","AAR","13,556"
"10/23/2021","Subway","2,077,488"
"10/23/2021","SIR","2,243"
"10/23/2021","MNR","82,865"
"10/23/2021","LIRR","74,720"
"10/23/2021","Bus","847,596"
"10/23/2021","BT","917,178"
"10/22/2021","BT","989,555"
"10/22/2021","Subway","3,225,816"
"10/22/2021","SIR","6,297"
"10/22/2021","MNR","126,554"
"10/22/2021","LIRR","145,810"
"10/22/2021","Bus","1,471,199"
"10/22/2021","AAR","22,843"
"10/21/2021","BT","952,092"
"10/21/2021","Subway","3,267,697"
"10/21/2021","SIR","7,498"
"10/21/2021","MNR","127,259"
"10/21/2021","LIRR","149,850"
"10/21/2021","Bus","1,476,434"
"10/21/2021","AAR","24,007"
"10/20/2021","MNR","131,127"
"10/20/2021","Subway","3,234,327"
"10/20/2021","SIR","7,148"
"10/20/2021","Bus","1,525,608"
"10/20/2021","BT","919,558"
"10/20/2021","AAR","24,474"
"10/20/2021","LIRR","155,242"
"10/19/2021","AAR","23,403"
"10/19/2021","Subway","3,178,208"
"10/19/2021","SIR","7,250"
"10/19/2021","MNR","129,993"
"10/19/2021","LIRR","153,382"
"10/19/2021","Bus","1,510,722"
"10/19/2021","BT","902,734"
"10/18/2021","AAR","21,454"
"10/18/2021","Subway","2,982,883"
"10/18/2021","SIR","6,810"
"10/18/2021","MNR","127,381"
"10/18/2021","LIRR","153,681"
"10/18/2021","Bus","1,461,843"
"10/18/2021","BT","893,483"
"10/17/2021","BT","893,975"
"10/17/2021","Subway","1,629,991"
"10/17/2021","SIR","1,853"
"10/17/2021","MNR","69,729"
"10/17/2021","LIRR","74,826"
"10/17/2021","Bus","663,944"
"10/17/2021","AAR","12,564"
"10/16/2021","BT","898,875"
"10/16/2021","Subway","2,042,027"
"10/16/2021","SIR","2,369"
"10/16/2021","MNR","74,913"
"10/16/2021","LIRR","83,415"
"10/16/2021","Bus","856,990"
"10/16/2021","AAR","13,307"
"10/15/2021","AAR","23,251"
"10/15/2021","Subway","3,227,068"
"10/15/2021","SIR","6,786"
"10/15/2021","MNR","124,654"
"10/15/2021","LIRR","150,932"
"10/15/2021","Bus","1,491,099"
"10/15/2021","BT","994,225"
"10/14/2021","AAR","24,144"
"10/14/2021","Subway","3,240,686"
"10/14/2021","SIR","7,386"
"10/14/2021","MNR","126,815"
"10/14/2021","LIRR","154,572"
"10/14/2021","Bus","1,527,543"
"10/14/2021","BT","956,231"
"10/13/2021","BT","911,369"
"10/13/2021","Subway","3,157,457"
"10/13/2021","SIR","7,198"
"10/13/2021","MNR","124,790"
"10/13/2021","LIRR","151,319"
"10/13/2021","Bus","1,511,356"
"10/13/2021","AAR","24,396"
"10/12/2021","BT","913,860"
"10/12/2021","Subway","3,102,879"
"10/12/2021","SIR","7,292"
"10/12/2021","MNR","128,194"
"10/12/2021","LIRR","154,602"
"10/12/2021","Bus","1,514,608"
"10/12/2021","AAR","23,848"
"10/11/2021","BT","881,347"
"10/11/2021","Subway","2,263,615"
"10/11/2021","SIR","3,883"
"10/11/2021","MNR","114,458"
"10/11/2021","LIRR","131,714"
"10/11/2021","Bus","1,045,865"
"10/11/2021","AAR","16,917"
"10/10/2021","MNR","59,049"
"10/10/2021","Subway","1,499,385"
"10/10/2021","SIR","166"
"10/10/2021","LIRR","65,636"
"10/10/2021","Bus","601,821"
"10/10/2021","BT","808,169"
"10/10/2021","AAR","11,794"
"10/09/2021","AAR","13,634"
"10/09/2021","Subway","2,052,699"
"10/09/2021","SIR","47"
"10/09/2021","MNR","81,969"
"10/09/2021","LIRR","84,631"
"10/09/2021","Bus","856,308"
"10/09/2021","BT","921,868"
"10/08/2021","BT","1,004,577"
"10/08/2021","Subway","3,168,473"
"10/08/2021","SIR","6,660"
"10/08/2021","MNR","123,609"
"10/08/2021","LIRR","153,755"
"10/08/2021","Bus","1,473,912"
"10/08/2021","AAR","23,356"
"10/07/2021","BT","954,572"
"10/07/2021","Subway","3,190,747"
"10/07/2021","SIR","7,298"
"10/07/2021","MNR","121,407"
"10/07/2021","LIRR","150,072"
"10/07/2021","Bus","1,523,168"
"10/07/2021","AAR","24,571"
"10/06/2021","AAR","24,677"
"10/06/2021","Subway","3,140,986"
"10/06/2021","SIR","6,972"
"10/06/2021","MNR","123,097"
"10/06/2021","LIRR","149,640"
"10/06/2021","Bus","1,532,668"
"10/06/2021","BT","917,233"
"10/05/2021","AAR","23,644"
"10/05/2021","Subway","3,091,160"
"10/05/2021","SIR","7,027"
"10/05/2021","MNR","124,670"
"10/05/2021","LIRR","150,226"
"10/05/2021","Bus","1,499,767"
"10/05/2021","BT","890,303"
"10/04/2021","BT","875,071"
"10/04/2021","Subway","2,864,349"
"10/04/2021","SIR","6,591"
"10/04/2021","MNR","121,256"
"10/04/2021","LIRR","152,598"
"10/04/2021","Bus","1,419,155"
"10/04/2021","AAR","21,794"
"10/03/2021","BT","889,871"
"10/03/2021","Subway","1,575,738"
"10/03/2021","SIR","1,904"
"10/03/2021","MNR","66,758"
"10/03/2021","LIRR","74,851"
"10/03/2021","Bus","673,253"
"10/03/2021","AAR","12,936"
"10/02/2021","Bus","883,902"
"10/02/2021","Subway","2,063,660"
"10/02/2021","SIR","2,562"
"10/02/2021","AAR","14,145"
"10/02/2021","MNR","80,946"
"10/02/2021","LIRR","86,563"
"10/02/2021","BT","926,150"
"10/01/2021","AAR","23,098"
"10/01/2021","Subway","3,162,881"
"10/01/2021","SIR","6,325"
"10/01/2021","MNR","116,182"
"10/01/2021","LIRR","140,003"
"10/01/2021","Bus","1,492,942"
"10/01/2021","BT","989,671"
"09/30/2021","AAR","23,555"
"09/30/2021","Subway","3,146,861"
"09/30/2021","SIR","7,104"
"09/30/2021","MNR","121,842"
"09/30/2021","LIRR","144,838"
"09/30/2021","Bus","1,516,081"
"09/30/2021","BT","956,940"
"09/29/2021","BT","889,846"
"09/29/2021","Subway","3,063,720"
"09/29/2021","SIR","6,789"
"09/29/2021","MNR","120,032"
"09/29/2021","LIRR","137,483"
"09/29/2021","Bus","1,513,184"
"09/29/2021","AAR","23,323"
"09/28/2021","BT","834,083"
"09/28/2021","Subway","2,927,715"
"09/28/2021","SIR","6,827"
"09/28/2021","MNR","118,253"
"09/28/2021","LIRR","141,188"
"09/28/2021","Bus","1,457,421"
"09/28/2021","AAR","21,727"
"09/27/2021","AAR","21,209"
"09/27/2021","Subway","2,873,368"
"09/27/2021","SIR","6,715"
"09/27/2021","MNR","121,534"
"09/27/2021","LIRR","146,154"
"09/27/2021","Bus","1,489,441"
"09/27/2021","BT","884,188"
"09/26/2021","AAR","12,034"
"09/26/2021","Subway","1,614,677"
"09/26/2021","SIR","2,238"
"09/26/2021","MNR","64,937"
"09/26/2021","LIRR","80,069"
"09/26/2021","Bus","657,257"
"09/26/2021","BT","893,367"
"09/25/2021","BT","956,397"
"09/25/2021","Subway","2,129,492"
"09/25/2021","SIR","2,719"
"09/25/2021","MNR","81,282"
"09/25/2021","LIRR","88,460"
"09/25/2021","Bus","872,490"
"09/25/2021","AAR","13,909"
"09/24/2021","BT","989,979"
"09/24/2021","Subway","3,121,747"
"09/24/2021","SIR","6,294"
"09/24/2021","MNR","116,730"
"09/24/2021","LIRR","142,827"
"09/24/2021","Bus","1,469,705"
"09/24/2021","AAR","21,941"
"09/23/2021","BT","918,503"
"09/23/2021","Subway","3,016,106"
"09/23/2021","SIR","6,724"
"09/23/2021","MNR","115,473"
"09/23/2021","LIRR","140,127"
"09/23/2021","Bus","1,483,075"
"09/23/2021","AAR","23,031"
"09/22/2021","AAR","23,157"
"09/22/2021","Subway","3,021,113"
"09/22/2021","SIR","6,812"
"09/22/2021","MNR","120,056"
"09/22/2021","LIRR","139,853"
"09/22/2021","Bus","1,506,211"
"09/22/2021","BT","875,747"
"09/21/2021","AAR","22,399"
"09/21/2021","Subway","3,018,312"
"09/21/2021","SIR","6,998"
"09/21/2021","MNR","123,923"
"09/21/2021","LIRR","142,672"
"09/21/2021","Bus","1,505,803"
"09/21/2021","BT","863,190"
"09/20/2021","BT","898,321"
"09/20/2021","Subway","2,883,211"
"09/20/2021","SIR","6,548"
"09/20/2021","MNR","122,101"
"09/20/2021","LIRR","148,068"
"09/20/2021","Bus","1,481,676"
"09/20/2021","AAR","21,889"
"09/19/2021","BT","917,099"
"09/19/2021","Subway","1,596,823"
"09/19/2021","SIR","1,897"
"09/19/2021","MNR","64,139"
"09/19/2021","LIRR","69,397"
"09/19/2021","Bus","674,024"
"09/19/2021","AAR","12,612"
"09/18/2021","BT","951,954"
"09/18/2021","Subway","2,014,848"
"09/18/2021","SIR","2,582"
"09/18/2021","MNR","76,288"
"09/18/2021","LIRR","77,267"
"09/18/2021","Bus","871,175"
"09/18/2021","AAR","14,054"
"09/17/2021","MNR","119,349"
"09/17/2021","Subway","3,028,545"
"09/17/2021","SIR","6,131"
"09/17/2021","LIRR","142,120"
"09/17/2021","Bus","1,456,201"
"09/17/2021","BT","985,494"
"09/17/2021","AAR","23,282"
"09/16/2021","AAR","20,826"
"09/16/2021","Subway","2,534,545"
"09/16/2021","SIR","5,308"
"09/16/2021","MNR","107,680"
"09/16/2021","LIRR","127,995"
"09/16/2021","Bus","1,210,069"
"09/16/2021","BT","867,301"
"09/15/2021","BT","908,014"
"09/15/2021","Subway","2,987,334"
"09/15/2021","SIR","6,410"
"09/15/2021","MNR","116,413"
"09/15/2021","LIRR","139,927"
"09/15/2021","Bus","1,503,627"
"09/15/2021","AAR","23,966"
"09/14/2021","BT","911,375"
"09/14/2021","Subway","3,011,275"
"09/14/2021","SIR","6,672"
"09/14/2021","MNR","120,532"
"09/14/2021","LIRR","144,904"
"09/14/2021","Bus","1,511,145"
"09/14/2021","AAR","23,132"
"09/13/2021","Bus","1,441,516"
"09/13/2021","Subway","2,852,796"
"09/13/2021","SIR","6,133"
"09/13/2021","AAR","21,898"
"09/13/2021","MNR","122,504"
"09/13/2021","LIRR","147,829"
"09/13/2021","BT","916,302"
"09/12/2021","MNR","58,979"
"09/12/2021","Subway","1,589,976"
"09/12/2021","SIR","1,679"
"09/12/2021","LIRR","77,028"
"09/12/2021","Bus","694,561"
"09/12/2021","BT","906,691"
"09/12/2021","AAR","12,239"
"09/11/2021","AAR","13,070"
"09/11/2021","Subway","1,983,091"
"09/11/2021","SIR","2,182"
"09/11/2021","MNR","65,329"
"09/11/2021","LIRR","82,235"
"09/11/2021","Bus","870,791"
"09/11/2021","BT","913,939"
"09/10/2021","BT","999,007"
"09/10/2021","Subway","2,840,443"
"09/10/2021","SIR","5,377"
"09/10/2021","MNR","113,495"
"09/10/2021","LIRR","150,895"
"09/10/2021","Bus","1,322,430"
"09/10/2021","AAR","23,037"
"09/09/2021","BT","914,235"
"09/09/2021","Subway","2,702,713"
"09/09/2021","SIR","5,378"
"09/09/2021","MNR","111,708"
"09/09/2021","LIRR","139,547"
"09/09/2021","Bus","1,249,341"
"09/09/2021","AAR","23,653"
"09/08/2021","AAR","22,354"
"09/08/2021","Subway","2,529,619"
"09/08/2021","SIR","5,228"
"09/08/2021","MNR","110,925"
"09/08/2021","LIRR","135,722"
"09/08/2021","Bus","1,192,895"
"09/08/2021","BT","899,077"
"09/07/2021","AAR","21,143"
"09/07/2021","Subway","2,233,674"
"09/07/2021","SIR","4,795"
"09/07/2021","MNR","113,742"
"09/07/2021","LIRR","137,623"
"09/07/2021","Bus","1,102,372"
"09/07/2021","BT","905,491"
"09/06/2021","BT","815,200"
"09/06/2021","Subway","1,521,388"
"09/06/2021","SIR","1,966"
"09/06/2021","MNR","51,338"
"09/06/2021","LIRR","77,906"
"09/06/2021","Bus","733,947"
"09/06/2021","AAR","10,077"
"09/05/2021","BT","834,523"
"09/05/2021","Subway","1,415,352"
"09/05/2021","SIR","1,541"
"09/05/2021","MNR","45,169"
"09/05/2021","LIRR","71,004"
"09/05/2021","Bus","618,622"
"09/05/2021","AAR","11,931"
"09/04/2021","BT","930,187"
"09/04/2021","Subway","1,777,639"
"09/04/2021","SIR","2,104"
"09/04/2021","MNR","57,137"
"09/04/2021","LIRR","84,764"
"09/04/2021","Bus","834,456"
"09/04/2021","AAR","13,382"
"09/03/2021","MNR","97,937"
"09/03/2021","Subway","2,390,392"
"09/03/2021","SIR","4,450"
"09/03/2021","LIRR","139,807"
"09/03/2021","Bus","1,221,668"
"09/03/2021","BT","1,018,830"
"09/03/2021","AAR","22,585"
"09/02/2021","AAR","21,179"
"09/02/2021","Subway","1,661,558"
"09/02/2021","SIR","2,620"
"09/02/2021","MNR","37,898"
"09/02/2021","LIRR","105,647"
"09/02/2021","Bus","1,188,941"
"09/02/2021","BT","854,132"
"09/01/2021","BT","813,871"
"09/01/2021","Subway","2,294,448"
"09/01/2021","SIR","4,551"
"09/01/2021","MNR","90,598"
"09/01/2021","LIRR","118,437"
"09/01/2021","Bus","1,086,148"
"09/01/2021","AAR","20,878"
"08/31/2021","BT","939,263"
"08/31/2021","Subway","2,532,584"
"08/31/2021","SIR","5,390"
"08/31/2021","MNR","99,949"
"08/31/2021","LIRR","133,641"
"08/31/2021","Bus","1,246,463"
"08/31/2021","AAR","22,724"
"08/30/2021","AAR","19,224"
"08/30/2021","Subway","2,321,000"
"08/30/2021","SIR","4,695"
"08/30/2021","MNR","97,092"
"08/30/2021","LIRR","131,574"
"08/30/2021","Bus","1,182,908"
"08/30/2021","BT","914,180"
"08/29/2021","AAR","11,558"
"08/29/2021","Subway","1,398,566"
"08/29/2021","SIR","2,076"
"08/29/2021","MNR","54,068"
"08/29/2021","LIRR","68,832"
"08/29/2021","Bus","630,281"
"08/29/2021","BT","888,164"
"08/28/2021","BT","892,823"
"08/28/2021","Subway","1,659,434"
"08/28/2021","SIR","1,661"
"08/28/2021","MNR","56,208"
"08/28/2021","LIRR","68,988"
"08/28/2021","Bus","776,489"
"08/28/2021","AAR","12,760"
"08/27/2021","BT","977,573"
"08/27/2021","Subway","2,388,210"
"08/27/2021","SIR","4,392"
"08/27/2021","MNR","90,532"
"08/27/2021","LIRR","119,665"
"08/27/2021","Bus","1,147,249"
"08/27/2021","AAR","21,211"
"08/26/2021","Bus","1,222,996"
"08/26/2021","Subway","2,480,137"
"08/26/2021","SIR","4,995"
"08/26/2021","AAR","22,068"
"08/26/2021","MNR","91,039"
"08/26/2021","LIRR","122,067"
"08/26/2021","BT","973,060"
"08/25/2021","AAR","23,351"
"08/25/2021","Subway","2,498,255"
"08/25/2021","SIR","5,165"
"08/25/2021","MNR","93,307"
"08/25/2021","LIRR","127,392"
"08/25/2021","Bus","1,236,342"
"08/25/2021","BT","960,229"
"08/24/2021","AAR","22,679"
"08/24/2021","Subway","2,462,365"
"08/24/2021","SIR","5,041"
"08/24/2021","MNR","98,325"
"08/24/2021","LIRR","130,591"
"08/24/2021","Bus","1,234,884"
"08/24/2021","BT","946,414"
"08/23/2021","BT","824,488"
"08/23/2021","Subway","2,052,669"
"08/23/2021","SIR","4,062"
"08/23/2021","MNR","84,223"
"08/23/2021","LIRR","110,003"
"08/23/2021","Bus","1,032,792"
"08/23/2021","AAR","18,809"
"08/22/2021","BT","490,927"
"08/22/2021","Subway","745,240"
"08/22/2021","SIR","560"
"08/22/2021","MNR","16,121"
"08/22/2021","LIRR","27,528"
"08/22/2021","Bus","369,246"
"08/22/2021","AAR","7,979"
"08/21/2021","AAR","13,046"
"08/21/2021","Subway","1,715,030"
"08/21/2021","SIR","1,409"
"08/21/2021","MNR","61,997"
"08/21/2021","LIRR","72,843"
"08/21/2021","Bus","822,340"
"08/21/2021","BT","944,121"
"08/20/2021","AAR","21,451"
"08/20/2021","Subway","2,456,334"
"08/20/2021","SIR","4,590"
"08/20/2021","MNR","99,533"
"08/20/2021","LIRR","124,627"
"08/20/2021","Bus","1,183,308"
"08/20/2021","BT","973,262"
"08/19/2021","BT","942,417"
"08/19/2021","Subway","2,439,624"
"08/19/2021","SIR","4,871"
"08/19/2021","MNR","93,036"
"08/19/2021","LIRR","117,409"
"08/19/2021","Bus","1,194,375"
"08/19/2021","AAR","21,838"
"08/18/2021","BT","921,094"
"08/18/2021","Subway","2,445,638"
"08/18/2021","SIR","4,878"
"08/18/2021","MNR","97,853"
"08/18/2021","LIRR","117,216"
"08/18/2021","Bus","1,210,760"
"08/18/2021","AAR","22,715"
"08/17/2021","BT","912,824"
"08/17/2021","Subway","2,427,611"
"08/17/2021","SIR","5,081"
"08/17/2021","MNR","103,616"
"08/17/2021","LIRR","120,737"
"08/17/2021","Bus","1,209,633"
"08/17/2021","AAR","22,245"
"08/16/2021","AAR","20,087"
"08/16/2021","Subway","2,287,627"
"08/16/2021","SIR","4,769"
"08/16/2021","MNR","100,258"
"08/16/2021","LIRR","123,942"
"08/16/2021","Bus","1,170,216"
"08/16/2021","BT","914,067"
"08/15/2021","AAR","12,395"
"08/15/2021","Subway","1,430,620"
"08/15/2021","SIR",
"08/15/2021","MNR","54,362"
"08/15/2021","LIRR","72,983"
"08/15/2021","Bus","661,705"
"08/15/2021","BT","920,539"
"08/14/2021","BT","907,113"
"08/14/2021","Subway","1,718,222"
"08/14/2021","SIR",
"08/14/2021","MNR","57,650"
"08/14/2021","LIRR","75,664"
"08/14/2021","Bus","811,826"
"08/14/2021","AAR","13,157"
"08/13/2021","BT","982,039"
"08/13/2021","Subway","2,430,102"
"08/13/2021","SIR","4,522"
"08/13/2021","MNR","91,861"
"08/13/2021","LIRR","123,849"
"08/13/2021","Bus","1,189,426"
"08/13/2021","AAR","21,336"
"08/12/2021","BT","968,699"
"08/12/2021","Subway","2,448,589"
"08/12/2021","SIR","4,764"
"08/12/2021","MNR","90,818"
"08/12/2021","LIRR","119,717"
"08/12/2021","Bus","1,223,666"
"08/12/2021","AAR","22,427"
"08/11/2021","MNR","94,737"
"08/11/2021","Subway","2,475,949"
"08/11/2021","SIR","4,928"
"08/11/2021","LIRR","119,708"
"08/11/2021","Bus","1,246,306"
"08/11/2021","BT","934,364"
"08/11/2021","AAR","23,338"
"08/10/2021","AAR","23,079"
"08/10/2021","Subway","2,442,194"
"08/10/2021","SIR","5,037"
"08/10/2021","MNR","95,330"
"08/10/2021","LIRR","122,544"
"08/10/2021","Bus","1,245,670"
"08/10/2021","BT","908,343"
"08/09/2021","BT","894,251"
"08/09/2021","Subway","2,289,434"
"08/09/2021","SIR","4,845"
"08/09/2021","MNR","95,599"
"08/09/2021","LIRR","109,865"
"08/09/2021","Bus","1,183,050"
"08/09/2021","AAR","20,540"
"08/08/2021","BT","845,442"
"08/08/2021","Subway","1,333,885"
"08/08/2021","SIR",
"08/08/2021","MNR","54,265"
"08/08/2021","LIRR","61,066"
"08/08/2021","Bus","598,574"
"08/08/2021","AAR","11,934"
"08/07/2021","LIRR","76,835"
"08/07/2021","Subway","1,780,458"
"08/07/2021","SIR",
"08/07/2021","BT","926,001"
"08/07/2021","AAR","14,108"
"08/07/2021","MNR","67,267"
"08/07/2021","Bus","836,715"
"08/06/2021","AAR","22,179"
"08/06/2021","Subway","2,519,444"
"08/06/2021","SIR","4,500"
"08/06/2021","MNR","101,218"
"08/06/2021","LIRR","123,238"
"08/06/2021","Bus","1,222,343"
"08/06/2021","BT","982,889"
"08/05/2021","AAR","22,610"
"08/05/2021","Subway","2,529,190"
"08/05/2021","SIR","5,097"
"08/05/2021","MNR","98,290"
"08/05/2021","LIRR","119,999"
"08/05/2021","Bus","1,259,332"
"08/05/2021","BT","959,300"
"08/04/2021","BT","923,926"
"08/04/2021","Subway","2,529,002"
"08/04/2021","SIR","5,016"
"08/04/2021","MNR","99,332"
"08/04/2021","LIRR","123,700"
"08/04/2021","Bus","1,257,876"
"08/04/2021","AAR","23,611"
"08/03/2021","BT","907,760"
"08/03/2021","Subway","2,483,802"
"08/03/2021","SIR","5,262"
"08/03/2021","MNR","103,249"
"08/03/2021","LIRR","123,949"
"08/03/2021","Bus","1,262,043"
"08/03/2021","AAR","22,828"
"08/02/2021","AAR","19,824"
"08/02/2021","Subway","2,333,923"
"08/02/2021","SIR","4,799"
"08/02/2021","MNR","102,349"
"08/02/2021","LIRR","126,151"
"08/02/2021","Bus","1,208,484"
"08/02/2021","BT","906,502"
"08/01/2021","AAR","11,627"
"08/01/2021","Subway","1,351,294"
"08/01/2021","SIR",
"08/01/2021","MNR","51,978"
"08/01/2021","LIRR","66,030"
"08/01/2021","Bus","629,963"
"08/01/2021","BT","871,374"
"07/31/2021","BT","956,181"
"07/31/2021","Subway","1,841,007"
"07/31/2021","SIR",
"07/31/2021","MNR","67,121"
"07/31/2021","LIRR","85,371"
"07/31/2021","Bus","857,333"
"07/31/2021","AAR","13,932"
"07/30/2021","BT","991,877"
"07/30/2021","Subway","2,557,677"
"07/30/2021","SIR","4,812"
"07/30/2021","MNR","103,531"
"07/30/2021","LIRR","131,905"
"07/30/2021","Bus","1,235,623"
"07/30/2021","AAR","22,127"
"07/29/2021","BT","921,330"
"07/29/2021","Subway","2,428,764"
"07/29/2021","SIR","4,743"
"07/29/2021","MNR","94,716"
"07/29/2021","LIRR","120,318"
"07/29/2021","Bus","1,186,642"
"07/29/2021","AAR","22,164"
"07/28/2021","MNR","99,976"
"07/28/2021","Subway","2,534,756"
"07/28/2021","SIR","5,004"
"07/28/2021","LIRR","126,767"
"07/28/2021","Bus","1,276,296"
"07/28/2021","BT","935,188"
"07/28/2021","AAR","23,145"
"07/27/2021","AAR","22,609"
"07/27/2021","Subway","2,487,947"
"07/27/2021","SIR","5,132"
"07/27/2021","MNR","102,950"
"07/27/2021","LIRR","128,262"
"07/27/2021","Bus","1,267,804"
"07/27/2021","BT","922,003"
"07/26/2021","BT","910,160"
"07/26/2021","Subway","2,318,455"
"07/26/2021","SIR","4,714"
"07/26/2021","MNR","101,260"
"07/26/2021","LIRR","129,875"
"07/26/2021","Bus","1,219,135"
"07/26/2021","AAR","19,910"
"07/25/2021","BT","866,473"
"07/25/2021","Subway","1,364,830"
"07/25/2021","SIR",
"07/25/2021","MNR","53,090"
"07/25/2021","LIRR","66,417"
"07/25/2021","Bus","625,645"
"07/25/2021","AAR","11,419"
"07/24/2021","AAR","14,042"
"07/24/2021","Subway","1,852,402"
"07/24/2021","SIR",
"07/24/2021","MNR","68,579"
"07/24/2021","LIRR","84,852"
"07/24/2021","Bus","856,250"
"07/24/2021","BT","952,994"
"07/23/2021","AAR","22,314"
"07/23/2021","Subway","2,552,330"
"07/23/2021","SIR","4,713"
"07/23/2021","MNR","101,070"
"07/23/2021","LIRR","130,474"
"07/23/2021","Bus","1,219,255"
"07/23/2021","BT","988,320"
"07/22/2021","BT","966,822"
"07/22/2021","Subway","2,582,151"
"07/22/2021","SIR","5,187"
"07/22/2021","MNR","102,275"
"07/22/2021","LIRR","127,275"
"07/22/2021","Bus","1,279,778"
"07/22/2021","AAR","23,122"
"07/21/2021","BT","917,932"
"07/21/2021","Subway","2,504,568"
"07/21/2021","SIR","4,934"
"07/21/2021","MNR","104,862"
"07/21/2021","LIRR","121,530"
"07/21/2021","Bus","1,225,595"
"07/21/2021","AAR","22,865"
"07/20/2021","Bus","1,217,802"
"07/20/2021","Subway","2,462,002"
"07/20/2021","SIR","5,015"
"07/20/2021","AAR","22,213"
"07/20/2021","MNR","107,009"
"07/20/2021","LIRR","125,809"
"07/20/2021","BT","927,426"
"07/19/2021","AAR","20,276"
"07/19/2021","Subway","2,327,756"
"07/19/2021","SIR","4,717"
"07/19/2021","MNR","103,403"
"07/19/2021","LIRR","126,653"
"07/19/2021","Bus","1,208,792"
"07/19/2021","BT","900,042"
"07/18/2021","AAR","11,313"
"07/18/2021","Subway","1,405,344"
"07/18/2021","SIR",
"07/18/2021","MNR","56,174"
"07/18/2021","LIRR","67,362"
"07/18/2021","Bus","640,618"
"07/18/2021","BT","840,618"
"07/17/2021","BT","899,370"
"07/17/2021","Subway","1,717,480"
"07/17/2021","SIR",
"07/17/2021","MNR","64,513"
"07/17/2021","LIRR","73,001"
"07/17/2021","Bus","795,347"
"07/17/2021","AAR","13,228"
"07/16/2021","BT","986,778"
"07/16/2021","Subway","2,536,569"
"07/16/2021","SIR","4,626"
"07/16/2021","MNR","104,331"
"07/16/2021","LIRR","123,465"
"07/16/2021","Bus","1,219,118"
"07/16/2021","AAR","21,730"
"07/15/2021","AAR","23,772"
"07/15/2021","Subway","2,581,582"
"07/15/2021","SIR","5,209"
"07/15/2021","MNR","105,171"
"07/15/2021","LIRR","125,587"
"07/15/2021","Bus","1,275,846"
"07/15/2021","BT","974,213"
"07/14/2021","AAR","23,662"
"07/14/2021","Subway","2,517,615"
"07/14/2021","SIR","5,018"
"07/14/2021","MNR","101,843"
"07/14/2021","LIRR","120,455"
"07/14/2021","Bus","1,260,044"
"07/14/2021","BT","922,118"
"07/13/2021","BT","898,686"
"07/13/2021","Subway","2,457,526"
"07/13/2021","SIR","5,117"
"07/13/2021","MNR","105,314"
"07/13/2021","LIRR","123,373"
"07/13/2021","Bus","1,239,045"
"07/13/2021","AAR","22,286"
"07/12/2021","BT","868,819"
"07/12/2021","Subway","2,245,412"
"07/12/2021","SIR","4,563"
"07/12/2021","MNR","99,023"
"07/12/2021","LIRR","120,503"
"07/12/2021","Bus","1,171,521"
"07/12/2021","AAR","20,623"
"07/11/2021","BT","831,831"
"07/11/2021","Subway","1,365,854"
"07/11/2021","SIR","1,549"
"07/11/2021","MNR","53,178"
"07/11/2021","LIRR","62,559"
"07/11/2021","Bus","635,511"
"07/11/2021","AAR","11,725"
"07/10/2021","AAR","14,518"
"07/10/2021","Subway","1,781,717"
"07/10/2021","SIR","2,204"
"07/10/2021","MNR","64,429"
"07/10/2021","LIRR","72,964"
"07/10/2021","Bus","855,908"
"07/10/2021","BT","928,279"
"07/09/2021","AAR","20,632"
"07/09/2021","Subway","2,318,387"
"07/09/2021","SIR","4,325"
"07/09/2021","MNR","88,347"
"07/09/2021","LIRR","109,420"
"07/09/2021","Bus","1,115,969"
"07/09/2021","BT","891,652"
"07/08/2021","BT","904,145"
"07/08/2021","Subway","2,364,250"
"07/08/2021","SIR","4,785"
"07/08/2021","MNR","93,197"
"07/08/2021","LIRR","116,274"
"07/08/2021","Bus","1,164,513"
"07/08/2021","AAR","22,941"
"07/07/2021","BT","929,636"
"07/07/2021","Subway","2,437,064"
"07/07/2021","SIR","5,028"
"07/07/2021","MNR","99,137"
"07/07/2021","LIRR","122,603"
"07/07/2021","Bus","1,234,617"
"07/07/2021","AAR","23,637"
"07/06/2021","BT","906,534"
"07/06/2021","Subway","2,302,002"
"07/06/2021","SIR","4,690"
"07/06/2021","MNR","100,494"
"07/06/2021","LIRR","127,893"
"07/06/2021","Bus","1,181,416"
"07/06/2021","AAR","22,648"
"07/05/2021","MNR","59,711"
"07/05/2021","Subway","1,495,709"
"07/05/2021","SIR","2,005"
"07/05/2021","LIRR","78,370"
"07/05/2021","Bus","770,321"
"07/05/2021","BT","840,026"
"07/05/2021","AAR","10,303"
"07/04/2021","AAR","12,816"
"07/04/2021","Subway","1,468,510"
"07/04/2021","SIR","1,815"
"07/04/2021","MNR","63,948"
"07/04/2021","LIRR","70,165"
"07/04/2021","Bus","615,001"
"07/04/2021","BT","775,329"
"07/03/2021","BT","779,202"
"07/03/2021","Subway","1,541,988"
"07/03/2021","SIR","1,768"
"07/03/2021","MNR","57,381"
"07/03/2021","LIRR","63,827"
"07/03/2021","Bus","738,089"
"07/03/2021","AAR","12,676"
"07/02/2021","BT","922,888"
"07/02/2021","Subway","2,296,044"
"07/02/2021","SIR","4,258"
"07/02/2021","MNR","94,252"
"07/02/2021","LIRR","116,542"
"07/02/2021","Bus","1,121,116"
"07/02/2021","AAR","21,489"
"07/01/2021","Bus","1,104,516"
"07/01/2021","Subway","2,292,461"
"07/01/2021","SIR","4,598"
"07/01/2021","AAR","22,011"
"07/01/2021","MNR","90,018"
"07/01/2021","LIRR","114,363"
"07/01/2021","BT","936,649"
"06/30/2021","AAR","23,001"
"06/30/2021","Subway","2,346,388"
"06/30/2021","SIR","4,476"
"06/30/2021","MNR","99,455"
"06/30/2021","LIRR","119,358"
"06/30/2021","Bus","1,139,886"
"06/30/2021","BT","948,951"
"06/29/2021","AAR","21,612"
"06/29/2021","Subway","2,343,739"
"06/29/2021","SIR","4,717"
"06/29/2021","MNR","97,829"
"06/29/2021","LIRR","119,355"
"06/29/2021","Bus","1,169,268"
"06/29/2021","BT","933,165"
"06/28/2021","BT","927,751"
"06/28/2021","Subway","2,252,362"
"06/28/2021","SIR","4,564"
"06/28/2021","MNR","101,482"
"06/28/2021","LIRR","122,263"
"06/28/2021","Bus","1,152,019"
"06/28/2021","AAR","20,503"
"06/27/2021","BT","902,209"
"06/27/2021","Subway","1,559,967"
"06/27/2021","SIR","1,436"
"06/27/2021","MNR","62,411"
"06/27/2021","LIRR","75,058"
"06/27/2021","Bus","656,004"
"06/27/2021","AAR","11,883"
"06/26/2021","AAR","13,520"
"06/26/2021","Subway","1,854,179"
"06/26/2021","SIR","1,682"
"06/26/2021","MNR","66,738"
"06/26/2021","LIRR","76,560"
"06/26/2021","Bus","841,585"
"06/26/2021","BT","952,815"
"06/25/2021","AAR","22,400"
"06/25/2021","Subway","2,582,713"
"06/25/2021","SIR","4,712"
"06/25/2021","MNR","100,537"
"06/25/2021","LIRR","126,722"
"06/25/2021","Bus","1,214,123"
"06/25/2021","BT","991,962"
"06/24/2021","BT","981,805"
"06/24/2021","Subway","2,552,639"
"06/24/2021","SIR","5,045"
"06/24/2021","MNR","100,509"
"06/24/2021","LIRR","121,542"
"06/24/2021","Bus","1,248,843"
"06/24/2021","AAR","22,842"
"06/23/2021","BT","950,036"
"06/23/2021","Subway","2,547,416"
"06/23/2021","SIR","5,027"
"06/23/2021","MNR","101,864"
"06/23/2021","LIRR","121,867"
"06/23/2021","Bus","1,264,095"
"06/23/2021","AAR","24,223"
"06/22/2021","BT","899,940"
"06/22/2021","Subway","2,354,873"
"06/22/2021","SIR","4,648"
"06/22/2021","MNR","97,637"
"06/22/2021","LIRR","116,165"
"06/22/2021","Bus","1,172,110"
"06/22/2021","AAR","22,293"
"06/21/2021","AAR","20,512"
"06/21/2021","Subway","2,264,368"
"06/21/2021","SIR","4,601"
"06/21/2021","MNR","95,740"
"06/21/2021","LIRR","123,918"
"06/21/2021","Bus","1,191,844"
"06/21/2021","BT","929,097"
"06/20/2021","AAR","13,189"
"06/20/2021","Subway","1,389,352"
"06/20/2021","SIR",
"06/20/2021","MNR","60,876"
"06/20/2021","LIRR","76,969"
"06/20/2021","Bus","652,557"
"06/20/2021","BT","953,899"
"06/19/2021","BT","955,520"
"06/19/2021","Subway","1,784,312"
"06/19/2021","SIR",
"06/19/2021","MNR","66,134"
"06/19/2021","LIRR","76,508"
"06/19/2021","Bus","841,519"
"06/19/2021","AAR","13,949"
"06/18/2021","BT","992,677"
"06/18/2021","Subway","2,572,013"
"06/18/2021","SIR","4,549"
"06/18/2021","MNR","104,304"
"06/18/2021","LIRR","122,848"
"06/18/2021","Bus","1,235,675"
"06/18/2021","AAR","22,491"
"06/17/2021","BT","976,995"
"06/17/2021","Subway","2,552,497"
"06/17/2021","SIR","4,989"
"06/17/2021","MNR","98,435"
"06/17/2021","LIRR","121,580"
"06/17/2021","Bus","1,281,552"
"06/17/2021","AAR","23,292"
"06/16/2021","MNR","94,690"
"06/16/2021","Subway","2,519,444"
"06/16/2021","SIR","4,745"
"06/16/2021","LIRR","119,205"
"06/16/2021","Bus","1,288,040"
"06/16/2021","BT","949,017"
"06/16/2021","AAR","24,788"
"06/15/2021","AAR","23,460"
"06/15/2021","Subway","2,469,785"
"06/15/2021","SIR","4,925"
"06/15/2021","MNR","96,688"
"06/15/2021","LIRR","117,580"
"06/15/2021","Bus","1,277,203"
"06/15/2021","BT","920,824"
"06/14/2021","BT","872,138"
"06/14/2021","Subway","2,223,186"
"06/14/2021","SIR","4,205"
"06/14/2021","MNR","91,064"
"06/14/2021","LIRR","115,254"
"06/14/2021","Bus","1,176,722"
"06/14/2021","AAR","21,568"
"06/13/2021","BT","889,307"
"06/13/2021","Subway","1,379,959"
"06/13/2021","SIR",
"06/13/2021","MNR","51,712"
"06/13/2021","LIRR","59,186"
"06/13/2021","Bus","647,385"
"06/13/2021","AAR","12,047"
"06/12/2021","Bus","849,178"
"06/12/2021","Subway","1,775,538"
"06/12/2021","SIR",
"06/12/2021","AAR","14,450"
"06/12/2021","MNR","61,468"
"06/12/2021","LIRR","68,188"
"06/12/2021","BT","921,587"
"06/11/2021","MNR","94,566"
"06/11/2021","Subway","2,468,258"
"06/11/2021","SIR","4,371"
"06/11/2021","LIRR","118,259"
"06/11/2021","Bus","1,221,484"
"06/11/2021","BT","971,852"
"06/11/2021","AAR","23,324"
"06/10/2021","AAR","23,498"
"06/10/2021","Subway","2,473,818"
"06/10/2021","SIR","4,801"
"06/10/2021","MNR","91,323"
"06/10/2021","LIRR","113,236"
"06/10/2021","Bus","1,276,901"
"06/10/2021","BT","954,252"
"06/09/2021","BT","911,424"
"06/09/2021","Subway","2,386,026"
"06/09/2021","SIR","4,586"
"06/09/2021","MNR","90,641"
"06/09/2021","LIRR","107,918"
"06/09/2021","Bus","1,259,005"
"06/09/2021","AAR","23,868"
"06/08/2021","BT","881,384"
"06/08/2021","Subway","2,265,591"
"06/08/2021","SIR","4,561"
"06/08/2021","MNR","87,986"
"06/08/2021","LIRR","108,346"
"06/08/2021","Bus","1,175,335"
"06/08/2021","AAR","22,948"
"06/07/2021","AAR","21,511"
"06/07/2021","Subway","2,223,265"
"06/07/2021","SIR","4,348"
"06/07/2021","MNR","89,412"
"06/07/2021","LIRR","112,097"
"06/07/2021","Bus","1,200,737"
"06/07/2021","BT","900,055"
"06/06/2021","AAR","12,514"
"06/06/2021","Subway","1,363,344"
"06/06/2021","SIR",
"06/06/2021","MNR","51,469"
"06/06/2021","LIRR","61,866"
"06/06/2021","Bus","654,780"
"06/06/2021","BT","924,262"
"06/05/2021","BT","949,213"
"06/05/2021","Subway","1,792,204"
"06/05/2021","SIR",
"06/05/2021","MNR","62,687"
"06/05/2021","LIRR","72,827"
"06/05/2021","Bus","874,545"
"06/05/2021","AAR","14,636"
"06/04/2021","BT","933,507"
"06/04/2021","Subway","2,310,032"
"06/04/2021","SIR","4,308"
"06/04/2021","MNR","88,908"
"06/04/2021","LIRR","104,564"
"06/04/2021","Bus","1,160,335"
"06/04/2021","AAR","22,743"
"06/03/2021","BT","898,343"
"06/03/2021","Subway","2,233,917"
"06/03/2021","SIR","4,419"
"06/03/2021","MNR","84,815"
"06/03/2021","LIRR","102,751"
"06/03/2021","Bus","1,143,159"
"06/03/2021","AAR","23,026"
"06/02/2021","AAR","24,325"
"06/02/2021","Subway","2,343,745"
"06/02/2021","SIR","4,772"
"06/02/2021","MNR","90,821"
"06/02/2021","LIRR","112,503"
"06/02/2021","Bus","1,249,102"
"06/02/2021","BT","913,501"
"06/01/2021","AAR","22,308"
"06/01/2021","Subway","2,258,831"
"06/01/2021","SIR","4,705"
"06/01/2021","MNR","94,923"
"06/01/2021","LIRR","114,759"
"06/01/2021","Bus","1,230,127"
"06/01/2021","BT","910,608"
"05/31/2021","BT","757,928"
"05/31/2021","Subway","1,389,651"
"05/31/2021","SIR","1,651"
"05/31/2021","MNR","43,039"
"05/31/2021","LIRR","102,292"
"05/31/2021","Bus","702,801"
"05/31/2021","AAR","10,380"
"05/30/2021","BT","665,576"
"05/30/2021","Subway","1,065,176"
"05/30/2021","SIR","956"
"05/30/2021","MNR","30,072"
"05/30/2021","LIRR","43,418"
"05/30/2021","Bus","484,864"
"05/30/2021","AAR","10,028"
"05/29/2021","BT","746,640"
"05/29/2021","Subway","1,370,135"
"05/29/2021","SIR","1,332"
"05/29/2021","MNR","38,894"
"05/29/2021","LIRR","54,774"
"05/29/2021","Bus","648,192"
"05/29/2021","AAR","11,734"
"05/28/2021","MNR","66,048"
"05/28/2021","Subway","2,232,599"
"05/28/2021","SIR","4,047"
"05/28/2021","LIRR","112,780"
"05/28/2021","Bus","1,135,369"
"05/28/2021","BT","934,622"
"05/28/2021","AAR","21,520"
"05/27/2021","AAR","23,450"
"05/27/2021","Subway","2,352,019"
"05/27/2021","SIR","4,619"
"05/27/2021","MNR","62,852"
"05/27/2021","LIRR","117,293"
"05/27/2021","Bus","1,246,269"
"05/27/2021","BT","973,897"
"05/26/2021","BT","923,924"
"05/26/2021","Subway","2,275,882"
"05/26/2021","SIR","4,429"
"05/26/2021","MNR","59,613"
"05/26/2021","LIRR","114,548"
"05/26/2021","Bus","1,241,052"
"05/26/2021","AAR","23,594"
"05/25/2021","BT","905,301"
"05/25/2021","Subway","2,270,945"
"05/25/2021","SIR","4,683"
"05/25/2021","MNR","58,737"
"05/25/2021","LIRR","110,871"
"05/25/2021","Bus","1,253,998"
"05/25/2021","AAR","22,854"
"05/24/2021","LIRR","105,528"
"05/24/2021","Subway","2,118,877"
"05/24/2021","SIR","4,252"
"05/24/2021","BT","872,507"
"05/24/2021","AAR","21,563"
"05/24/2021","MNR","55,179"
"05/24/2021","Bus","1,192,453"
"05/23/2021","AAR","11,765"
"05/23/2021","Subway","1,268,928"
"05/23/2021","SIR","1,358"
"05/23/2021","MNR","40,613"
"05/23/2021","LIRR","58,005"
"05/23/2021","Bus","645,466"
"05/23/2021","BT","887,792"
"05/22/2021","AAR","13,397"
"05/22/2021","Subway","1,645,268"
"05/22/2021","SIR","1,787"
"05/22/2021","MNR","51,249"
"05/22/2021","LIRR","66,293"
"05/22/2021","Bus","839,877"
"05/22/2021","BT","913,273"
"05/21/2021","BT","968,479"
"05/21/2021","Subway","2,331,876"
"05/21/2021","SIR","4,264"
"05/21/2021","MNR","67,283"
"05/21/2021","LIRR","110,077"
"05/21/2021","Bus","1,221,591"
"05/21/2021","AAR","22,520"
"05/20/2021","BT","934,700"
"05/20/2021","Subway","2,269,471"
"05/20/2021","SIR","4,441"
"05/20/2021","MNR","57,425"
"05/20/2021","LIRR","106,604"
"05/20/2021","Bus","1,243,965"
"05/20/2021","AAR","23,659"
"05/19/2021","AAR","23,784"
"05/19/2021","Subway","2,257,549"
"05/19/2021","SIR","4,367"
"05/19/2021","MNR","56,851"
"05/19/2021","LIRR","104,762"
"05/19/2021","Bus","1,253,578"
"05/19/2021","BT","918,384"
"05/18/2021","AAR","22,367"
"05/18/2021","Subway","2,150,049"
"05/18/2021","SIR","4,321"
"05/18/2021","MNR","54,920"
"05/18/2021","LIRR","100,430"
"05/18/2021","Bus","1,215,676"
"05/18/2021","BT","840,817"
"05/17/2021","BT","812,362"
"05/17/2021","Subway","2,022,584"
"05/17/2021","SIR","3,990"
"05/17/2021","MNR","52,803"
"05/17/2021","LIRR","98,458"
"05/17/2021","Bus","1,157,960"
"05/17/2021","AAR","20,779"
"05/16/2021","BT","815,930"
"05/16/2021","Subway","1,201,904"
"05/16/2021","SIR","14"
"05/16/2021","MNR","36,227"
"05/16/2021","LIRR","49,166"
"05/16/2021","Bus","621,750"
"05/16/2021","AAR","11,062"
"05/15/2021","BT","893,665"
"05/15/2021","Subway","1,637,231"
"05/15/2021","SIR","11"
"05/15/2021","MNR","49,401"
"05/15/2021","LIRR","63,079"
"05/15/2021","Bus","844,096"
"05/15/2021","AAR","13,516"
"05/14/2021","MNR","63,394"
"05/14/2021","Subway","2,266,974"
"05/14/2021","SIR","3,963"
"05/14/2021","LIRR","104,885"
"05/14/2021","Bus","1,220,112"
"05/14/2021","BT","950,053"
"05/14/2021","AAR","22,437"
"05/13/2021","AAR","23,439"
"05/13/2021","Subway","2,163,052"
"05/13/2021","SIR","4,112"
"05/13/2021","MNR","55,558"
"05/13/2021","LIRR","103,047"
"05/13/2021","Bus","1,182,347"
"05/13/2021","BT","921,006"
"05/12/2021","BT","890,320"
"05/12/2021","Subway","2,182,277"
"05/12/2021","SIR","4,193"
"05/12/2021","MNR","53,548"
"05/12/2021","LIRR","98,930"
"05/12/2021","Bus","1,238,990"
"05/12/2021","AAR","23,946"
"05/11/2021","BT","875,781"
"05/11/2021","Subway","2,148,322"
"05/11/2021","SIR","4,227"
"05/11/2021","MNR","51,588"
"05/11/2021","LIRR","97,358"
"05/11/2021","Bus","1,231,886"
"05/11/2021","AAR","22,751"
"05/10/2021","AAR","20,751"
"05/10/2021","Subway","1,990,039"
"05/10/2021","SIR","3,850"
"05/10/2021","MNR","50,090"
"05/10/2021","LIRR","96,813"
"05/10/2021","Bus","1,149,109"
"05/10/2021","BT","847,057"
"05/09/2021","AAR","13,897"
"05/09/2021","Subway","1,107,878"
"05/09/2021","SIR","856"
"05/09/2021","MNR","37,795"
"05/09/2021","LIRR","54,074"
"05/09/2021","Bus","576,000"
"05/09/2021","BT","856,813"
"05/08/2021","BT","856,180"
"05/08/2021","Subway","1,444,674"
"05/08/2021","SIR",
"05/08/2021","MNR","42,664"
"05/08/2021","LIRR","56,309"
"05/08/2021","Bus","779,188"
"05/08/2021","AAR","13,339"
"05/07/2021","BT","939,468"
"05/07/2021","Subway","2,238,033"
"05/07/2021","SIR","3,827"
"05/07/2021","MNR","61,477"
"05/07/2021","LIRR","101,637"
"05/07/2021","Bus","1,222,741"
"05/07/2021","AAR","22,730"
"05/06/2021","Bus","1,258,536"
"05/06/2021","Subway","2,199,943"
"05/06/2021","SIR","4,168"
"05/06/2021","AAR","23,792"
"05/06/2021","MNR","52,748"
"05/06/2021","LIRR","94,244"
"05/06/2021","BT","908,361"
"05/05/2021","AAR","23,236"
"05/05/2021","Subway","2,074,543"
"05/05/2021","SIR","3,851"
"05/05/2021","MNR","48,351"
"05/05/2021","LIRR","91,994"
"05/05/2021","Bus","1,158,445"
"05/05/2021","BT","844,607"
"05/04/2021","AAR","22,962"
"05/04/2021","Subway","2,120,071"
"05/04/2021","SIR","4,181"
"05/04/2021","MNR","49,415"
"05/04/2021","LIRR","93,107"
"05/04/2021","Bus","1,227,250"
"05/04/2021","BT","853,754"
"05/03/2021","BT","830,922"
"05/03/2021","Subway","1,971,010"
"05/03/2021","SIR","3,744"
"05/03/2021","MNR","45,800"
"05/03/2021","LIRR","91,084"
"05/03/2021","Bus","1,165,505"
"05/03/2021","AAR","21,492"
"05/02/2021","BT","811,745"
"05/02/2021","Subway","1,153,471"
"05/02/2021","SIR",
"05/02/2021","MNR","32,683"
"05/02/2021","LIRR","41,827"
"05/02/2021","Bus","620,063"
"05/02/2021","AAR","11,541"
"05/01/2021","AAR","13,263"
"05/01/2021","Subway","1,515,211"
"05/01/2021","SIR",
"05/01/2021","MNR","41,395"
"05/01/2021","LIRR","51,067"
"05/01/2021","Bus","818,655"
"05/01/2021","BT","851,688"
"04/30/2021","AAR","22,322"
"04/30/2021","Subway","2,159,476"
"04/30/2021","SIR","3,699"
"04/30/2021","MNR","57,364"
"04/30/2021","LIRR","93,530"
"04/30/2021","Bus","1,185,321"
"04/30/2021","BT","925,495"
"04/29/2021","BT","875,558"
"04/29/2021","Subway","2,028,524"
"04/29/2021","SIR","3,881"
"04/29/2021","MNR","47,785"
"04/29/2021","LIRR","88,705"
"04/29/2021","Bus","1,166,096"
"04/29/2021","AAR","22,201"
"04/28/2021","BT","891,506"
"04/28/2021","Subway","2,135,793"
"04/28/2021","SIR","4,027"
"04/28/2021","MNR","50,011"
"04/28/2021","LIRR","92,150"
"04/28/2021","Bus","1,227,777"
"04/28/2021","AAR","24,412"
"04/27/2021","BT","842,367"
"04/27/2021","Subway","2,041,698"
"04/27/2021","SIR","4,020"
"04/27/2021","MNR","47,310"
"04/27/2021","LIRR","89,028"
"04/27/2021","Bus","1,198,299"
"04/27/2021","AAR","22,603"
"04/26/2021","AAR","21,083"
"04/26/2021","Subway","1,955,370"
"04/26/2021","SIR","3,761"
"04/26/2021","MNR","46,752"
"04/26/2021","LIRR","89,303"
"04/26/2021","Bus","1,156,913"
"04/26/2021","BT","829,098"
"04/25/2021","AAR","9,777"
"04/25/2021","Subway","985,027"
"04/25/2021","SIR",
"04/25/2021","MNR","23,855"
"04/25/2021","LIRR","34,054"
"04/25/2021","Bus","540,989"
"04/25/2021","BT","697,476"
"04/24/2021","BT","856,875"
"04/24/2021","Subway","1,520,057"
"04/24/2021","SIR",
"04/24/2021","MNR","43,227"
"04/24/2021","LIRR","51,570"
"04/24/2021","Bus","809,163"
"04/24/2021","AAR","13,351"
"04/23/2021","BT","923,361"
"04/23/2021","Subway","2,121,350"
"04/23/2021","SIR","3,737"
"04/23/2021","MNR","56,155"
"04/23/2021","LIRR","92,834"
"04/23/2021","Bus","1,184,193"
"04/23/2021","AAR","22,035"
"04/22/2021","BT","874,377"
"04/22/2021","Subway","2,040,232"
"04/22/2021","SIR","3,837"
"04/22/2021","MNR","46,790"
"04/22/2021","LIRR","86,606"
"04/22/2021","Bus","1,166,357"
"04/22/2021","AAR","21,832"
"04/21/2021","MNR","45,253"
"04/21/2021","Subway","1,965,922"
"04/21/2021","SIR","3,788"
"04/21/2021","LIRR","83,533"
"04/21/2021","Bus","1,139,762"
"04/21/2021","BT","830,908"
"04/21/2021","AAR","22,379"
"04/20/2021","AAR","23,528"
"04/20/2021","Subway","2,082,495"
"04/20/2021","SIR","4,135"
"04/20/2021","MNR","49,100"
"04/20/2021","LIRR","90,034"
"04/20/2021","Bus","1,223,642"
"04/20/2021","BT","863,148"
"04/19/2021","BT","818,994"
"04/19/2021","Subway","1,911,326"
"04/19/2021","SIR","3,634"
"04/19/2021","MNR","45,925"
"04/19/2021","LIRR","87,167"
"04/19/2021","Bus","1,147,977"
"04/19/2021","AAR","21,274"
"04/18/2021","BT","755,021"
"04/18/2021","Subway","1,082,503"
"04/18/2021","SIR",
"04/18/2021","MNR","30,983"
"04/18/2021","LIRR","38,263"
"04/18/2021","Bus","607,333"
"04/18/2021","AAR","10,865"
"04/17/2021","Bus","803,352"
"04/17/2021","Subway","1,425,036"
"04/17/2021","SIR",
"04/17/2021","AAR","13,313"
"04/17/2021","MNR","39,789"
"04/17/2021","LIRR","49,901"
"04/17/2021","BT","814,841"
"04/16/2021","AAR","21,632"
"04/16/2021","Subway","2,078,856"
"04/16/2021","SIR","3,591"
"04/16/2021","MNR","54,355"
"04/16/2021","LIRR","87,190"
"04/16/2021","Bus","1,157,507"
"04/16/2021","BT","892,319"
"04/15/2021","AAR","21,198"
"04/15/2021","Subway","1,906,733"
"04/15/2021","SIR","3,593"
"04/15/2021","MNR","44,175"
"04/15/2021","LIRR","81,762"
"04/15/2021","Bus","1,083,083"
"04/15/2021","BT","824,792"
"04/14/2021","BT","855,217"
"04/14/2021","Subway","2,018,126"
"04/14/2021","SIR","3,810"
"04/14/2021","MNR","47,970"
"04/14/2021","LIRR","86,698"
"04/14/2021","Bus","1,199,954"
"04/14/2021","AAR","23,462"
"04/13/2021","BT","834,987"
"04/13/2021","Subway","2,012,153"
"04/13/2021","SIR","3,877"
"04/13/2021","MNR","46,150"
"04/13/2021","LIRR","87,182"
"04/13/2021","Bus","1,196,355"
"04/13/2021","AAR","22,728"
"04/12/2021","AAR","21,192"
"04/12/2021","Subway","1,845,836"
"04/12/2021","SIR","3,418"
"04/12/2021","MNR","43,563"
"04/12/2021","LIRR","83,124"
"04/12/2021","Bus","1,087,799"
"04/12/2021","BT","795,751"
"04/11/2021","AAR","9,742"
"04/11/2021","Subway","899,646"
"04/11/2021","SIR","1,020"
"04/11/2021","MNR","22,933"
"04/11/2021","LIRR","32,034"
"04/11/2021","Bus","504,407"
"04/11/2021","BT","668,094"
"04/10/2021","BT","824,102"
"04/10/2021","Subway","1,391,245"
"04/10/2021","SIR","1,500"
"04/10/2021","MNR","36,629"
"04/10/2021","LIRR","45,962"
"04/10/2021","Bus","790,023"
"04/10/2021","AAR","12,713"
"04/09/2021","BT","897,983"
"04/09/2021","Subway","2,026,724"
"04/09/2021","SIR","3,686"
"04/09/2021","MNR","52,445"
"04/09/2021","LIRR","87,051"
"04/09/2021","Bus","1,144,311"
"04/09/2021","AAR","21,978"
"04/08/2021","BT","880,644"
"04/08/2021","Subway","2,013,413"
"04/08/2021","SIR","3,893"
"04/08/2021","MNR","47,059"
"04/08/2021","LIRR","86,715"
"04/08/2021","Bus","1,177,833"
"04/08/2021","AAR","22,579"
"04/07/2021","AAR","23,469"
"04/07/2021","Subway","1,985,370"
"04/07/2021","SIR","3,809"
"04/07/2021","MNR","45,747"
"04/07/2021","LIRR","85,479"
"04/07/2021","Bus","1,172,362"
"04/07/2021","BT","861,139"
"04/06/2021","AAR","21,695"
"04/06/2021","Subway","1,942,198"
"04/06/2021","SIR","3,873"
"04/06/2021","MNR","45,178"
"04/06/2021","LIRR","85,757"
"04/06/2021","Bus","1,155,101"
"04/06/2021","BT","842,891"
"04/05/2021","BT","834,568"
"04/05/2021","Subway","1,818,703"
"04/05/2021","SIR","3,431"
"04/05/2021","MNR","46,156"
"04/05/2021","LIRR","87,048"
"04/05/2021","Bus","1,088,750"
"04/05/2021","AAR","19,970"
"04/04/2021","BT","751,492"
"04/04/2021","Subway","950,194"
"04/04/2021","SIR","1,066"
"04/04/2021","MNR","30,673"
"04/04/2021","LIRR","40,868"
"04/04/2021","Bus","519,812"
"04/04/2021","AAR","11,632"
"04/03/2021","BT","781,573"
"04/03/2021","Subway","1,318,461"
"04/03/2021","SIR","1,503"
"04/03/2021","MNR","37,706"
"04/03/2021","LIRR","47,662"
"04/03/2021","Bus","750,682"
"04/03/2021","AAR","12,735"
"04/02/2021","MNR","49,308"
"04/02/2021","Subway","1,757,698"
"04/02/2021","SIR","3,070"
"04/02/2021","LIRR","79,770"
"04/02/2021","Bus","958,085"
"04/02/2021","BT","847,596"
"04/02/2021","AAR","18,839"
"04/01/2021","AAR","20,490"
"04/01/2021","Subway","1,841,815"
"04/01/2021","SIR","3,434"
"04/01/2021","MNR","38,466"
"04/01/2021","LIRR","77,285"
"04/01/2021","Bus","1,030,209"
"04/01/2021","BT","858,814"
"03/31/2021","BT","835,543"
"03/31/2021","Subway","1,808,546"
"03/31/2021","SIR","3,526"
"03/31/2021","MNR","43,954"
"03/31/2021","LIRR","84,850"
"03/31/2021","Bus","995,873"
"03/31/2021","AAR","20,374"
"03/30/2021","BT","844,533"
"03/30/2021","Subway","1,881,537"
"03/30/2021","SIR","3,806"
"03/30/2021","MNR","46,574"
"03/30/2021","LIRR","91,258"
"03/30/2021","Bus","1,079,381"
"03/30/2021","AAR","21,019"
"03/29/2021","Bus","1,002,597"
"03/29/2021","Subway","1,742,162"
"03/29/2021","SIR","3,378"
"03/29/2021","AAR","18,543"
"03/29/2021","MNR","44,240"
"03/29/2021","LIRR","86,467"
"03/29/2021","BT","765,733"
"03/28/2021","MNR","21,000"
"03/28/2021","Subway","807,247"
"03/28/2021","SIR",
"03/28/2021","LIRR","28,347"
"03/28/2021","Bus","459,949"
"03/28/2021","BT","603,133"
"03/28/2021","AAR","9,104"
"03/27/2021","AAR","12,900"
"03/27/2021","Subway","1,374,266"
"03/27/2021","SIR",
"03/27/2021","MNR","38,301"
"03/27/2021","LIRR","47,484"
"03/27/2021","Bus","781,981"
"03/27/2021","BT","843,498"
"03/26/2021","BT","868,437"
"03/26/2021","Subway","1,938,246"
"03/26/2021","SIR","3,536"
"03/26/2021","MNR","49,529"
"03/26/2021","LIRR","84,436"
"03/26/2021","Bus","1,091,753"
"03/26/2021","AAR","20,805"
"03/25/2021","BT","850,151"
"03/25/2021","Subway","1,925,768"
"03/25/2021","SIR","3,747"
"03/25/2021","MNR","44,105"
"03/25/2021","LIRR","83,556"
"03/25/2021","Bus","1,127,964"
"03/25/2021","AAR","21,763"
"03/24/2021","AAR","21,651"
"03/24/2021","Subway","1,828,084"
"03/24/2021","SIR","3,578"
"03/24/2021","MNR","40,301"
"03/24/2021","LIRR","79,590"
"03/24/2021","Bus","1,075,968"
"03/24/2021","BT","796,805"
"03/23/2021","AAR","21,590"
"03/23/2021","Subway","1,879,574"
"03/23/2021","SIR","3,727"
"03/23/2021","MNR","41,654"
"03/23/2021","LIRR","83,106"
"03/23/2021","Bus","1,133,504"
"03/23/2021","BT","812,727"
"03/22/2021","BT","790,925"
"03/22/2021","Subway","1,801,438"
"03/22/2021","SIR","3,646"
"03/22/2021","MNR","43,281"
"03/22/2021","LIRR","84,171"
"03/22/2021","Bus","1,095,241"
"03/22/2021","AAR","20,427"
"03/21/2021","BT","737,403"
"03/21/2021","Subway","1,013,386"
"03/21/2021","SIR",
"03/21/2021","MNR","26,380"
"03/21/2021","LIRR","34,693"
"03/21/2021","Bus","579,358"
"03/21/2021","AAR","10,358"
"03/20/2021","BT","789,944"
"03/20/2021","Subway","1,307,403"
"03/20/2021","SIR",
"03/20/2021","MNR","33,068"
"03/20/2021","LIRR","41,743"
"03/20/2021","Bus","768,908"
"03/20/2021","AAR","12,558"
"03/19/2021","AAR","20,357"
"03/19/2021","Subway","1,906,749"
"03/19/2021","SIR","3,331"
"03/19/2021","MNR","46,605"
"03/19/2021","LIRR","80,041"
"03/19/2021","Bus","1,083,647"
"03/19/2021","BT","866,162"
"03/18/2021","AAR","20,264"
"03/18/2021","Subway","1,771,092"
"03/18/2021","SIR","3,283"
"03/18/2021","MNR","39,884"
"03/18/2021","LIRR","76,532"
"03/18/2021","Bus","1,019,472"
"03/18/2021","BT","802,401"
"03/17/2021","BT","811,451"
"03/17/2021","Subway","1,866,414"
"03/17/2021","SIR","3,465"
"03/17/2021","MNR","41,682"
"03/17/2021","LIRR","81,431"
"03/17/2021","Bus","1,103,979"
"03/17/2021","AAR","22,323"
"03/16/2021","BT","790,665"
"03/16/2021","Subway","1,798,288"
"03/16/2021","SIR","3,394"
"03/16/2021","MNR","40,038"
"03/16/2021","LIRR","77,672"
"03/16/2021","Bus","1,062,179"
"03/16/2021","AAR","20,903"
"03/15/2021","BT","777,009"
"03/15/2021","Subway","1,730,024"
"03/15/2021","SIR","3,264"
"03/15/2021","MNR","39,529"
"03/15/2021","LIRR","79,331"
"03/15/2021","Bus","1,023,990"
"03/15/2021","AAR","19,986"
"03/14/2021","MNR","22,347"
"03/14/2021","Subway","923,968"
"03/14/2021","SIR",
"03/14/2021","LIRR","30,405"
"03/14/2021","Bus","531,754"
"03/14/2021","BT","674,893"
"03/14/2021","AAR","9,732"
"03/13/2021","AAR","11,932"
"03/13/2021","Subway","1,257,372"
"03/13/2021","SIR",
"03/13/2021","MNR","31,500"
"03/13/2021","LIRR","38,465"
"03/13/2021","Bus","730,218"
"03/13/2021","BT","778,578"
"03/12/2021","BT","875,441"
"03/12/2021","Subway","1,914,465"
"03/12/2021","SIR","3,507"
"03/12/2021","MNR","48,553"
"03/12/2021","LIRR","82,399"
"03/12/2021","Bus","1,092,388"
"03/12/2021","AAR","21,724"
"03/11/2021","BT","839,112"
"03/11/2021","Subway","1,881,902"
"03/11/2021","SIR","3,682"
"03/11/2021","MNR","42,543"
"03/11/2021","LIRR","80,398"
"03/11/2021","Bus","1,107,502"
"03/11/2021","AAR","22,617"
"03/10/2021","LIRR","78,069"
"03/10/2021","Subway","1,849,077"
"03/10/2021","SIR","3,625"
"03/10/2021","BT","807,054"
"03/10/2021","AAR","22,774"
"03/10/2021","MNR","41,488"
"03/10/2021","Bus","1,104,610"
"03/09/2021","MNR","40,944"
"03/09/2021","Subway","1,834,068"
"03/09/2021","SIR","3,602"
"03/09/2021","LIRR","79,269"
"03/09/2021","Bus","1,101,988"
"03/09/2021","BT","793,851"
"03/09/2021","AAR","22,200"
"03/08/2021","AAR","20,685"
"03/08/2021","Subway","1,719,586"
"03/08/2021","SIR","3,344"
"03/08/2021","MNR","39,763"
"03/08/2021","LIRR","79,355"
"03/08/2021","Bus","1,039,763"
"03/08/2021","BT","770,032"
"03/07/2021","BT","663,948"
"03/07/2021","Subway","894,119"
"03/07/2021","SIR","58"
"03/07/2021","MNR","21,547"
"03/07/2021","LIRR","29,306"
"03/07/2021","Bus","525,930"
"03/07/2021","AAR","9,843"
"03/06/2021","BT","729,902"
"03/06/2021","Subway","1,167,884"
"03/06/2021","SIR","3"
"03/06/2021","MNR","27,276"
"03/06/2021","LIRR","37,158"
"03/06/2021","Bus","696,719"
"03/06/2021","AAR","11,951"
"03/05/2021","AAR","21,842"
"03/05/2021","Subway","1,825,915"
"03/05/2021","SIR","3,270"
"03/05/2021","MNR","45,027"
"03/05/2021","LIRR","79,104"
"03/05/2021","Bus","1,041,408"
"03/05/2021","BT","848,562"
"03/04/2021","AAR","21,727"
"03/04/2021","Subway","1,808,744"
"03/04/2021","SIR","3,456"
"03/04/2021","MNR","39,730"
"03/04/2021","LIRR","78,642"
"03/04/2021","Bus","1,078,036"
"03/04/2021","BT","809,641"
"03/03/2021","BT","800,979"
"03/03/2021","Subway","1,846,431"
"03/03/2021","SIR","3,569"
"03/03/2021","MNR","39,651"
"03/03/2021","LIRR","78,770"
"03/03/2021","Bus","1,119,137"
"03/03/2021","AAR","22,823"
"03/02/2021","BT","765,693"
"03/02/2021","Subway","1,749,511"
"03/02/2021","SIR","3,472"
"03/02/2021","MNR","36,611"
"03/02/2021","LIRR","75,335"
"03/02/2021","Bus","1,024,511"
"03/02/2021","AAR","20,640"
"03/01/2021","BT","749,977"
"03/01/2021","Subway","1,696,274"
"03/01/2021","SIR","3,333"
"03/01/2021","MNR","36,339"
"03/01/2021","LIRR","74,430"
"03/01/2021","Bus","1,020,837"
"03/01/2021","AAR","20,359"
"02/28/2021","MNR","20,086"
"02/28/2021","Subway","810,071"
"02/28/2021","SIR","972"
"02/28/2021","LIRR","23,778"
"02/28/2021","Bus","491,545"
"02/28/2021","BT","621,280"
"02/28/2021","AAR","8,910"
"02/27/2021","AAR","11,319"
"02/27/2021","Subway","1,072,932"
"02/27/2021","SIR","1,324"
"02/27/2021","MNR","24,256"
"02/27/2021","LIRR","28,849"
"02/27/2021","Bus","635,820"
"02/27/2021","BT","683,410"
"02/26/2021","BT","853,307"
"02/26/2021","Subway","1,822,812"
"02/26/2021","SIR","3,359"
"02/26/2021","MNR","44,410"
"02/26/2021","LIRR","76,696"
"02/26/2021","Bus","1,065,376"
"02/26/2021","AAR","21,911"
"02/25/2021","BT","816,902"
"02/25/2021","Subway","1,798,165"
"02/25/2021","SIR","3,543"
"02/25/2021","MNR","39,397"
"02/25/2021","LIRR","75,030"
"02/25/2021","Bus","1,069,420"
"02/25/2021","AAR","22,138"
"02/24/2021","AAR","23,223"
"02/24/2021","Subway","1,806,306"
"02/24/2021","SIR","3,546"
"02/24/2021","MNR","39,124"
"02/24/2021","LIRR","74,777"
"02/24/2021","Bus","1,099,351"
"02/24/2021","BT","799,814"
"02/23/2021","AAR","20,852"
"02/23/2021","Subway","1,730,198"
"02/23/2021","SIR","3,406"
"02/23/2021","MNR","37,505"
"02/23/2021","LIRR","73,492"
"02/23/2021","Bus","1,040,398"
"02/23/2021","BT","762,056"
"02/22/2021","BT","693,705"
"02/22/2021","Subway","1,582,054"
"02/22/2021","SIR","3,079"
"02/22/2021","MNR","35,468"
"02/22/2021","LIRR","69,741"
"02/22/2021","Bus","927,414"
"02/22/2021","AAR","19,015"
"02/21/2021","BT","606,743"
"02/21/2021","Subway","836,095"
"02/21/2021","SIR","956"
"02/21/2021","MNR","19,844"
"02/21/2021","LIRR","25,208"
"02/21/2021","Bus","516,715"
"02/21/2021","AAR","9,195"
"02/20/2021","Bus","679,240"
"02/20/2021","Subway","1,110,589"
"02/20/2021","SIR","1,381"
"02/20/2021","AAR","10,578"
"02/20/2021","MNR","25,729"
"02/20/2021","LIRR","30,920"
"02/20/2021","BT","658,685"
"02/19/2021","AAR","14,172"
"02/19/2021","Subway","1,566,021"
"02/19/2021","SIR","2,707"
"02/19/2021","MNR","38,307"
"02/19/2021","LIRR","64,121"
"02/19/2021","Bus","809,308"
"02/19/2021","BT","609,824"
"02/18/2021","AAR","15,843"
"02/18/2021","Subway","1,381,886"
"02/18/2021","SIR","2,521"
"02/18/2021","MNR","31,747"
"02/18/2021","LIRR","57,987"
"02/18/2021","Bus","725,951"
"02/18/2021","BT","457,873"
"02/17/2021","BT","826,880"
"02/17/2021","Subway","1,733,160"
"02/17/2021","SIR","3,349"
"02/17/2021","MNR","39,205"
"02/17/2021","LIRR","74,219"
"02/17/2021","Bus","1,061,711"
"02/17/2021","AAR","22,336"
"02/16/2021","BT","728,390"
"02/16/2021","Subway","1,627,528"
"02/16/2021","SIR","3,211"
"02/16/2021","MNR","36,234"
"02/16/2021","LIRR","72,718"
"02/16/2021","Bus","963,223"
"02/16/2021","AAR","19,126"
"02/15/2021","AAR","11,437"
"02/15/2021","Subway","1,218,593"
"02/15/2021","SIR","1,764"
"02/15/2021","MNR","21,792"
"02/15/2021","LIRR","65,652"
"02/15/2021","Bus","726,412"
"02/15/2021","BT","643,715"
"02/14/2021","AAR","7,835"
"02/14/2021","Subway","858,014"
"02/14/2021","SIR","863"
"02/14/2021","MNR","20,489"
"02/14/2021","LIRR","23,392"
"02/14/2021","Bus","479,319"
"02/14/2021","BT","552,596"
"02/13/2021","BT","668,385"
"02/13/2021","Subway","1,092,063"
"02/13/2021","SIR","1,198"
"02/13/2021","MNR","25,456"
"02/13/2021","LIRR","29,284"
"02/13/2021","Bus","656,637"
"02/13/2021","AAR","11,669"
"02/12/2021","BT","806,177"
"02/12/2021","Subway","1,706,430"
"02/12/2021","SIR","2,823"
"02/12/2021","MNR","42,228"
"02/12/2021","LIRR","72,130"
"02/12/2021","Bus","965,421"
"02/12/2021","AAR","20,165"
"02/11/2021","BT","757,548"
"02/11/2021","Subway","1,714,656"
"02/11/2021","SIR","3,148"
"02/11/2021","MNR","37,230"
"02/11/2021","LIRR","70,196"
"02/11/2021","Bus","1,005,348"
"02/11/2021","AAR","20,144"
"02/10/2021","AAR","22,169"
"02/10/2021","Subway","1,750,121"
"02/10/2021","SIR","3,284"
"02/10/2021","MNR","36,580"
"02/10/2021","LIRR","71,257"
"02/10/2021","Bus","1,052,021"
"02/10/2021","BT","771,226"
"02/09/2021","AAR","19,386"
"02/09/2021","Subway","1,666,467"
"02/09/2021","SIR","3,123"
"02/09/2021","MNR","34,582"
"02/09/2021","LIRR","69,548"
"02/09/2021","Bus","992,290"
"02/09/2021","BT","684,228"
"02/08/2021","BT","703,137"
"02/08/2021","Subway","1,639,753"
"02/08/2021","SIR","3,075"
"02/08/2021","MNR","36,921"
"02/08/2021","LIRR","70,984"
"02/08/2021","Bus","964,007"
"02/08/2021","AAR","17,786"
"02/07/2021","BT","340,934"
"02/07/2021","Subway","652,521"
"02/07/2021","SIR","736"
"02/07/2021","MNR","14,068"
"02/07/2021","LIRR","17,110"
"02/07/2021","Bus","367,095"
"02/07/2021","AAR","7,115"
"02/06/2021","BT","691,034"
"02/06/2021","Subway","1,148,477"
"02/06/2021","SIR","1,280"
"02/06/2021","MNR","25,168"
"02/06/2021","LIRR","29,248"
"02/06/2021","Bus","715,717"
"02/06/2021","AAR","12,020"
"02/05/2021","MNR","40,322"
"02/05/2021","Subway","1,741,015"
"02/05/2021","SIR","3,115"
"02/05/2021","LIRR","68,866"
"02/05/2021","Bus","1,001,775"
"02/05/2021","BT","768,269"
"02/05/2021","AAR","20,136"
"02/04/2021","AAR","20,328"
"02/04/2021","Subway","1,785,833"
"02/04/2021","SIR","3,381"
"02/04/2021","MNR","37,590"
"02/04/2021","LIRR","71,341"
"02/04/2021","Bus","1,033,791"
"02/04/2021","BT","744,332"
"02/03/2021","BT","658,681"
"02/03/2021","Subway","1,702,598"
"02/03/2021","SIR","3,057"
"02/03/2021","MNR","36,347"
"02/03/2021","LIRR","69,068"
"02/03/2021","Bus","949,695"
"02/03/2021","AAR","16,869"
"02/02/2021","BT","312,589"
"02/02/2021","Subway","1,005,985"
"02/02/2021","SIR","1,517"
"02/02/2021","MNR","22,258"
"02/02/2021","LIRR","22,756"
"02/02/2021","Bus","543,073"
"02/02/2021","AAR","8,155"
"02/01/2021","Bus","337,228"
"02/01/2021","Subway","583,230"
"02/01/2021","SIR","954"
"02/01/2021","AAR","12,202"
"02/01/2021","MNR","12,093"
"02/01/2021","LIRR","8,611"
"02/01/2021","BT","157,422"
"01/31/2021","AAR","8,616"
"01/31/2021","Subway","722,853"
"01/31/2021","SIR","620"
"01/31/2021","MNR","17,531"
"01/31/2021","LIRR","23,091"
"01/31/2021","Bus","427,945"
"01/31/2021","BT","574,927"
"01/30/2021","AAR","10,284"
"01/30/2021","Subway","942,615"
"01/30/2021","SIR","811"
"01/30/2021","MNR","21,229"
"01/30/2021","LIRR","26,642"
"01/30/2021","Bus","566,837"
"01/30/2021","BT","654,176"
"01/29/2021","BT","782,378"
"01/29/2021","Subway","1,511,680"
"01/29/2021","SIR","2,646"
"01/29/2021","MNR","37,760"
"01/29/2021","LIRR","65,128"
"01/29/2021","Bus","812,264"
"01/29/2021","AAR","19,047"
"01/28/2021","BT","770,803"
"01/28/2021","Subway","1,646,806"
"01/28/2021","SIR","3,208"
"01/28/2021","MNR","37,015"
"01/28/2021","LIRR","70,023"
"01/28/2021","Bus","950,205"
"01/28/2021","AAR","20,139"
"01/27/2021","AAR","19,841"
"01/27/2021","Subway","1,660,278"
"01/27/2021","SIR","3,098"
"01/27/2021","MNR","35,635"
"01/27/2021","LIRR","70,353"
"01/27/2021","Bus","1,004,792"
"01/27/2021","BT","742,279"
"01/26/2021","AAR","18,115"
"01/26/2021","Subway","1,550,953"
"01/26/2021","SIR","2,965"
"01/26/2021","MNR","34,574"
"01/26/2021","LIRR","68,237"
"01/26/2021","Bus","911,579"
"01/26/2021","BT","655,013"
"01/25/2021","BT","729,490"
"01/25/2021","Subway","1,592,468"
"01/25/2021","SIR","3,226"
"01/25/2021","MNR","36,509"
"01/25/2021","LIRR","73,131"
"01/25/2021","Bus","978,987"
"01/25/2021","AAR","19,991"
"01/24/2021","BT","561,859"
"01/24/2021","Subway","741,139"
"01/24/2021","SIR","821"
"01/24/2021","MNR","17,881"
"01/24/2021","LIRR","23,974"
"01/24/2021","Bus","458,203"
"01/24/2021","AAR","8,317"
"01/23/2021","BT","641,840"
"01/23/2021","Subway","997,551"
"01/23/2021","SIR","1,114"
"01/23/2021","MNR","22,216"
"01/23/2021","LIRR","27,942"
"01/23/2021","Bus","619,673"
"01/23/2021","AAR","10,536"
"01/22/2021","AAR","20,375"
"01/22/2021","Subway","1,672,001"
"01/22/2021","SIR","3,174"
"01/22/2021","MNR","40,981"
"01/22/2021","LIRR","71,317"
"01/22/2021","Bus","1,018,584"
"01/22/2021","BT","789,504"
"01/21/2021","AAR","19,925"
"01/21/2021","Subway","1,652,842"
"01/21/2021","SIR","3,258"
"01/21/2021","MNR","37,003"
"01/21/2021","LIRR","71,225"
"01/21/2021","Bus","1,007,042"
"01/21/2021","BT","762,233"
"01/20/2021","BT","714,588"
"01/20/2021","Subway","1,575,075"
"01/20/2021","SIR","2,963"
"01/20/2021","MNR","35,263"
"01/20/2021","LIRR","67,925"
"01/20/2021","Bus","921,371"
"01/20/2021","AAR","19,281"
"01/19/2021","BT","738,221"
"01/19/2021","Subway","1,635,915"
"01/19/2021","SIR","3,328"
"01/19/2021","MNR","36,885"
"01/19/2021","LIRR","72,565"
"01/19/2021","Bus","1,013,616"
"01/19/2021","AAR","21,049"
"01/18/2021","BT","691,017"
"01/18/2021","Subway","1,276,978"
"01/18/2021","SIR","2,141"
"01/18/2021","MNR","22,337"
"01/18/2021","LIRR","68,674"
"01/18/2021","Bus","766,926"
"01/18/2021","AAR","14,124"
"01/17/2021","MNR","20,269"
"01/17/2021","Subway","797,654"
"01/17/2021","SIR","910"
"01/17/2021","LIRR","24,223"
"01/17/2021","Bus","504,031"
"01/17/2021","BT","582,016"
"01/17/2021","AAR","9,880"
"01/16/2021","AAR","11,654"
"01/16/2021","Subway","991,500"
"01/16/2021","SIR","1,099"
"01/16/2021","MNR","22,548"
"01/16/2021","LIRR","27,116"
"01/16/2021","Bus","645,625"
"01/16/2021","BT","632,549"
"01/15/2021","BT","790,866"
"01/15/2021","Subway","1,627,120"
"01/15/2021","SIR","2,978"
"01/15/2021","MNR","41,025"
"01/15/2021","LIRR","70,180"
"01/15/2021","Bus","981,817"
"01/15/2021","AAR","21,819"
"01/14/2021","BT","755,924"
"01/14/2021","Subway","1,647,396"
"01/14/2021","SIR","3,234"
"01/14/2021","MNR","37,403"
"01/14/2021","LIRR","70,937"
"01/14/2021","Bus","1,017,757"
"01/14/2021","AAR","21,950"
"01/13/2021","Bus","996,646"
"01/13/2021","Subway","1,641,652"
"01/13/2021","SIR","3,160"
"01/13/2021","AAR","22,720"
"01/13/2021","MNR","36,488"
"01/13/2021","LIRR","70,591"
"01/13/2021","BT","740,020"
"01/12/2021","MNR","36,563"
"01/12/2021","Subway","1,640,428"
"01/12/2021","SIR","3,297"
"01/12/2021","LIRR","71,403"
"01/12/2021","Bus","997,279"
"01/12/2021","BT","732,786"
"01/12/2021","AAR","21,623"
"01/11/2021","AAR","21,089"
"01/11/2021","Subway","1,568,207"
"01/11/2021","SIR","3,123"
"01/11/2021","MNR","36,015"
"01/11/2021","LIRR","72,285"
"01/11/2021","Bus","966,517"
"01/11/2021","BT","709,963"
"01/10/2021","BT","565,726"
"01/10/2021","Subway","763,097"
"01/10/2021","SIR","593"
"01/10/2021","MNR","18,076"
"01/10/2021","LIRR","23,751"
"01/10/2021","Bus","501,437"
"01/10/2021","AAR","9,467"
"01/09/2021","BT","632,270"
"01/09/2021","Subway","990,412"
"01/09/2021","SIR","806"
"01/09/2021","MNR","22,332"
"01/09/2021","LIRR","26,962"
"01/09/2021","Bus","643,475"
"01/09/2021","AAR","12,023"
"01/08/2021","AAR","21,641"
"01/08/2021","Subway","1,619,242"
"01/08/2021","SIR","3,017"
"01/08/2021","MNR","39,102"
"01/08/2021","LIRR","68,649"
"01/08/2021","Bus","982,175"
"01/08/2021","BT","756,595"
"01/07/2021","AAR","21,571"
"01/07/2021","Subway","1,611,099"
"01/07/2021","SIR","3,149"
"01/07/2021","MNR","36,344"
"01/07/2021","LIRR","69,695"
"01/07/2021","Bus","989,097"
"01/07/2021","BT","738,699"
"01/06/2021","BT","744,816"
"01/06/2021","Subway","1,613,629"
"01/06/2021","SIR","3,260"
"01/06/2021","MNR","35,857"
"01/06/2021","LIRR","70,289"
"01/06/2021","Bus","996,123"
"01/06/2021","AAR","22,795"
"01/05/2021","BT","710,475"
"01/05/2021","Subway","1,597,518"
"01/05/2021","SIR","3,392"
"01/05/2021","MNR","35,805"
"01/05/2021","LIRR","70,424"
"01/05/2021","Bus","990,479"
"01/05/2021","AAR","21,641"
"01/04/2021","BT","689,950"
"01/04/2021","Subway","1,557,977"
"01/04/2021","SIR","3,260"
"01/04/2021","MNR","35,679"
"01/04/2021","LIRR","71,078"
"01/04/2021","Bus","964,597"
"01/04/2021","AAR","20,612"
"01/03/2021","AAR","9,745"
"01/03/2021","Subway","653,187"
"01/03/2021","SIR","728"
"01/03/2021","MNR","15,546"
"01/03/2021","LIRR","20,819"
"01/03/2021","Bus","413,820"
"01/03/2021","BT","497,567"
"01/02/2021","AAR","10,450"
"01/02/2021","Subway","988,418"
"01/02/2021","SIR","1,194"
"01/02/2021","MNR","23,139"
"01/02/2021","LIRR","28,879"
"01/02/2021","Bus","608,686"
"01/02/2021","BT","626,033"
"01/01/2021","BT","446,899"
"01/01/2021","Subway","613,692"
"01/01/2021","SIR","805"
"01/01/2021","MNR","14,988"
"01/01/2021","LIRR","28,977"
"01/01/2021","Bus","378,288"
"01/01/2021","AAR","5,960"
"12/31/2020","BT","706,032"
"12/31/2020","Subway","1,274,984"
"12/31/2020","SIR","2,162"
"12/31/2020","MNR","39,947"
"12/31/2020","LIRR","75,157"
"12/31/2020","Bus","792,993"
"12/31/2020","AAR","17,167"
"12/30/2020","BT","801,993"
"12/30/2020","Subway","1,582,486"
"12/30/2020","SIR","2,990"
"12/30/2020","MNR","40,962"
"12/30/2020","LIRR","79,298"
"12/30/2020","Bus","948,194"
"12/30/2020","AAR","20,922"
"12/29/2020","MNR","39,416"
"12/29/2020","Subway","1,555,198"
"12/29/2020","SIR","3,097"
"12/29/2020","LIRR","78,904"
"12/29/2020","Bus","930,711"
"12/29/2020","BT","761,890"
"12/29/2020","AAR","19,717"
"12/28/2020","AAR","18,820"
"12/28/2020","Subway","1,510,168"
"12/28/2020","SIR","3,027"
"12/28/2020","MNR","41,012"
"12/28/2020","LIRR","81,566"
"12/28/2020","Bus","922,336"
"12/28/2020","BT","745,278"
"12/27/2020","BT","596,095"
"12/27/2020","Subway","760,350"
"12/27/2020","SIR","901"
"12/27/2020","MNR","20,470"
"12/27/2020","LIRR","34,432"
"12/27/2020","Bus","474,033"
"12/27/2020","AAR","9,457"
"12/26/2020","BT","595,107"
"12/26/2020","Subway","879,170"
"12/26/2020","SIR","1,014"
"12/26/2020","MNR","22,076"
"12/26/2020","LIRR","36,047"
"12/26/2020","Bus","559,111"
"12/26/2020","AAR","9,094"
"12/25/2020","MNR","14,435"
"12/25/2020","Subway","485,208"
"12/25/2020","SIR","631"
"12/25/2020","Bus","314,171"
"12/25/2020","BT","477,472"
"12/25/2020","AAR","8,611"
"12/25/2020","LIRR","51,348"
"12/24/2020","MNR","38,899"
"12/24/2020","Subway","1,312,480"
"12/24/2020","SIR","2,176"
"12/24/2020","LIRR","75,759"
"12/24/2020","Bus","822,916"
"12/24/2020","BT","762,357"
"12/24/2020","AAR","15,928"
"12/23/2020","AAR","23,305"
"12/23/2020","Subway","1,772,537"
"12/23/2020","SIR","3,201"
"12/23/2020","MNR","42,100"
"12/23/2020","LIRR","84,404"
"12/23/2020","Bus","1,048,565"
"12/23/2020","BT","867,193"
"12/22/2020","BT","821,140"
"12/22/2020","Subway","1,760,948"
"12/22/2020","SIR","3,254"
"12/22/2020","MNR","39,579"
"12/22/2020","LIRR","82,001"
"12/22/2020","Bus","1,046,799"
"12/22/2020","AAR","22,820"
"12/21/2020","BT","779,140"
"12/21/2020","Subway","1,716,035"
"12/21/2020","SIR","3,244"
"12/21/2020","MNR","39,814"
"12/21/2020","LIRR","81,225"
"12/21/2020","Bus","1,028,489"
"12/21/2020","AAR","21,647"
"12/20/2020","AAR","9,585"
"12/20/2020","Subway","821,265"
"12/20/2020","SIR","736"
"12/20/2020","MNR","18,767"
"12/20/2020","LIRR","32,597"
"12/20/2020","Bus","516,593"
"12/20/2020","BT","556,415"
"12/19/2020","AAR","11,589"
"12/19/2020","Subway","1,112,827"
"12/19/2020","SIR","25"
"12/19/2020","MNR","24,217"
"12/19/2020","LIRR","41,101"
"12/19/2020","Bus","670,787"
"12/19/2020","BT","653,358"
"12/18/2020","BT","738,425"
"12/18/2020","Subway","1,735,664"
"12/18/2020","SIR","3,063"
"12/18/2020","MNR","41,287"
"12/18/2020","LIRR","74,908"
"12/18/2020","Bus","943,587"
"12/18/2020","AAR","17,537"
"12/17/2020","BT","298,209"
"12/17/2020","Subway","1,079,818"
"12/17/2020","SIR","1,613"
"12/17/2020","MNR","12,527"
"12/17/2020","LIRR","21,417"
"12/17/2020","Bus","523,854"
"12/17/2020","AAR","9,940"
"12/16/2020","BT","632,195"
"12/16/2020","Subway","1,569,079"
"12/16/2020","SIR","2,899"
"12/16/2020","MNR","33,572"
"12/16/2020","LIRR","68,092"
"12/16/2020","Bus","853,797"
"12/16/2020","AAR","19,296"
"12/15/2020","MNR","38,322"
"12/15/2020","Subway","1,783,388"
"12/15/2020","SIR","3,353"
"12/15/2020","LIRR","78,446"
"12/15/2020","Bus","1,088,287"
"12/15/2020","BT","821,393"
"12/15/2020","AAR","23,432"
"12/14/2020","AAR","21,333"
"12/14/2020","Subway","1,584,089"
"12/14/2020","SIR","2,979"
"12/14/2020","MNR","36,057"
"12/14/2020","LIRR","75,008"
"12/14/2020","Bus","955,525"
"12/14/2020","BT","725,902"
"12/13/2020","BT","660,776"
"12/13/2020","Subway","911,439"
"12/13/2020","SIR","80"
"12/13/2020","MNR","22,669"
"12/13/2020","LIRR","39,293"
"12/13/2020","Bus","582,389"
"12/13/2020","AAR","10,208"
"12/12/2020","BT","673,151"
"12/12/2020","Subway","1,091,352"
"12/12/2020","SIR","20"
"12/12/2020","MNR","24,118"
"12/12/2020","LIRR","41,791"
"12/12/2020","Bus","703,892"
"12/12/2020","AAR","12,307"
"12/11/2020","AAR","22,751"
"12/11/2020","Subway","1,786,290"
"12/11/2020","SIR","3,278"
"12/11/2020","MNR","42,420"
"12/11/2020","LIRR","79,717"
"12/11/2020","Bus","1,064,457"
"12/11/2020","BT","823,997"
"12/10/2020","AAR","22,845"
"12/10/2020","Subway","1,761,336"
"12/10/2020","SIR","3,346"
"12/10/2020","MNR","37,600"
"12/10/2020","LIRR","76,847"
"12/10/2020","Bus","1,075,970"
"12/10/2020","BT","786,581"
"12/09/2020","BT","752,016"
"12/09/2020","Subway","1,701,926"
"12/09/2020","SIR","3,233"
"12/09/2020","MNR","35,917"
"12/09/2020","LIRR","74,734"
"12/09/2020","Bus","1,018,247"
"12/09/2020","AAR","22,459"
"12/08/2020","BT","746,111"
"12/08/2020","Subway","1,540,893"
"12/08/2020","SIR","3,185"
"12/08/2020","MNR","36,403"
"12/08/2020","LIRR","75,033"
"12/08/2020","Bus","1,034,410"
"12/08/2020","AAR","22,177"
"12/07/2020","Bus","1,032,813"
"12/07/2020","Subway","1,656,627"
"12/07/2020","SIR","3,209"
"12/07/2020","AAR","21,424"
"12/07/2020","MNR","36,890"
"12/07/2020","LIRR","77,787"
"12/07/2020","BT","731,655"
"12/06/2020","AAR","9,904"
"12/06/2020","Subway","878,393"
"12/06/2020","SIR","885"
"12/06/2020","MNR","19,652"
"12/06/2020","LIRR","35,055"
"12/06/2020","Bus","547,330"
"12/06/2020","BT","591,731"
"12/05/2020","AAR","10,151"
"12/05/2020","Subway","1,000,240"
"12/05/2020","SIR","996"
"12/05/2020","MNR","19,727"
"12/05/2020","LIRR","33,528"
"12/05/2020","Bus","617,332"
"12/05/2020","BT","573,714"
"12/04/2020","BT","777,856"
"12/04/2020","Subway","1,701,628"
"12/04/2020","SIR","3,121"
"12/04/2020","MNR","39,228"
"12/04/2020","LIRR","72,062"
"12/04/2020","Bus","1,024,641"
"12/04/2020","AAR","21,960"
"12/03/2020","BT","769,462"
"12/03/2020","Subway","1,736,045"
"12/03/2020","SIR","3,325"
"12/03/2020","MNR","37,013"
"12/03/2020","LIRR","75,093"
"12/03/2020","Bus","1,070,197"
"12/03/2020","AAR","22,941"
"12/02/2020","AAR","22,712"
"12/02/2020","Subway","1,699,968"
"12/02/2020","SIR","3,277"
"12/02/2020","MNR","35,615"
"12/02/2020","LIRR","73,631"
"12/02/2020","Bus","1,026,056"
"12/02/2020","BT","748,924"
"12/01/2020","AAR","21,693"
"12/01/2020","Subway","1,706,348"
"12/01/2020","SIR","3,432"
"12/01/2020","MNR","35,225"
"12/01/2020","LIRR","73,589"
"12/01/2020","Bus","1,068,627"
"12/01/2020","BT","855,711"
"11/30/2020","BT","574,662"
"11/30/2020","Subway","1,459,131"
"11/30/2020","SIR","3,035"
"11/30/2020","MNR","37,026"
"11/30/2020","LIRR","80,033"
"11/30/2020","Bus","849,277"
"11/30/2020","AAR","19,751"
"11/29/2020","BT","548,733"
"11/29/2020","Subway","826,974"
"11/29/2020","SIR","826"
"11/29/2020","MNR","21,898"
"11/29/2020","LIRR","32,628"
"11/29/2020","Bus","548,548"
"11/29/2020","AAR","9,360"
"11/28/2020","BT","561,092"
"11/28/2020","Subway","1,032,823"
"11/28/2020","SIR","1,203"
"11/28/2020","MNR","24,688"
"11/28/2020","LIRR","37,770"
"11/28/2020","Bus","689,580"
"11/28/2020","AAR","10,808"
"11/27/2020","AAR","12,395"
"11/27/2020","Subway","1,263,473"
"11/27/2020","SIR","2,046"
"11/27/2020","MNR","25,009"
"11/27/2020","LIRR","77,273"
"11/27/2020","Bus","815,993"
"11/27/2020","BT","579,048"
"11/26/2020","AAR","12,151"
"11/26/2020","Subway","652,276"
"11/26/2020","SIR","847"
"11/26/2020","MNR","20,393"
"11/26/2020","LIRR","72,572"
"11/26/2020","Bus","444,391"
"11/26/2020","BT","476,637"
"11/25/2020","BT","739,563"
"11/25/2020","Subway","1,688,227"
"11/25/2020","SIR","3,166"
"11/25/2020","MNR","46,209"
"11/25/2020","LIRR","93,444"
"11/25/2020","Bus","1,037,242"
"11/25/2020","AAR","21,450"
"11/24/2020","BT","716,305"
"11/24/2020","Subway","1,735,702"
"11/24/2020","SIR","3,405"
"11/24/2020","MNR","41,772"
"11/24/2020","LIRR","89,805"
"11/24/2020","Bus","1,068,789"
"11/24/2020","AAR","22,814"
"11/23/2020","BT","660,835"
"11/23/2020","Subway","1,646,525"
"11/23/2020","SIR","3,223"
"11/23/2020","MNR","40,668"
"11/23/2020","LIRR","87,693"
"11/23/2020","Bus","1,005,225"
"11/23/2020","AAR","21,297"
"11/22/2020","MNR","20,269"
"11/22/2020","Subway","817,963"
"11/22/2020","SIR","92"
"11/22/2020","LIRR","31,019"
"11/22/2020","Bus","542,124"
"11/22/2020","BT","517,830"
"11/22/2020","AAR","10,694"
"11/21/2020","AAR","13,193"
"11/21/2020","Subway","1,157,957"
"11/21/2020","SIR","19"
"11/21/2020","MNR","27,716"
"11/21/2020","LIRR","39,204"
"11/21/2020","Bus","750,801"
"11/21/2020","BT","645,448"
"11/20/2020","BT","736,628"
"11/20/2020","Subway","1,800,423"
"11/20/2020","SIR","3,473"
"11/20/2020","MNR","44,683"
"11/20/2020","LIRR","87,402"
"11/20/2020","Bus","1,079,029"
"11/20/2020","AAR","22,945"
"11/19/2020","BT","698,169"
"11/19/2020","Subway","1,757,535"
"11/19/2020","SIR","3,529"
"11/19/2020","MNR","40,122"
"11/19/2020","LIRR","84,662"
"11/19/2020","Bus","1,056,928"
"11/19/2020","AAR","21,780"
"11/18/2020","Bus","1,065,597"
"11/18/2020","Subway","1,787,688"
"11/18/2020","SIR","3,495"
"11/18/2020","AAR","23,390"
"11/18/2020","MNR","39,693"
"11/18/2020","LIRR","84,069"
"11/18/2020","BT","678,350"
"11/17/2020","MNR","40,078"
"11/17/2020","Subway","1,788,847"
"11/17/2020","SIR","3,584"
"11/17/2020","LIRR","86,965"
"11/17/2020","Bus","1,092,416"
"11/17/2020","BT","664,732"
"11/17/2020","AAR","22,524"
"11/16/2020","AAR","21,851"
"11/16/2020","Subway","1,741,750"
"11/16/2020","SIR","3,532"
"11/16/2020","MNR","41,961"
"11/16/2020","LIRR","89,463"
"11/16/2020","Bus","1,079,560"
"11/16/2020","BT","658,968"
"11/15/2020","BT","514,867"
"11/15/2020","Subway","820,858"
"11/15/2020","SIR","697"
"11/15/2020","MNR","20,946"
"11/15/2020","LIRR","30,948"
"11/15/2020","Bus","528,421"
"11/15/2020","AAR","9,763"
"11/14/2020","BT","635,637"
"11/14/2020","Subway","1,215,477"
"11/14/2020","SIR","14"
"11/14/2020","MNR","31,397"
"11/14/2020","LIRR","41,422"
"11/14/2020","Bus","755,951"
"11/14/2020","AAR","12,928"
"11/13/2020","AAR","22,054"
"11/13/2020","Subway","1,816,693"
"11/13/2020","SIR","3,332"
"11/13/2020","MNR","45,127"
"11/13/2020","LIRR","86,252"
"11/13/2020","Bus","1,061,680"
"11/13/2020","BT","716,046"
"11/12/2020","AAR","22,059"
"11/12/2020","Subway","1,776,666"
"11/12/2020","SIR","3,546"
"11/12/2020","MNR","40,381"
"11/12/2020","LIRR","86,189"
"11/12/2020","Bus","1,054,132"
"11/12/2020","BT","680,988"
"11/11/2020","BT","622,409"
"11/11/2020","Subway","1,614,812"
"11/11/2020","SIR","3,050"
"11/11/2020","MNR","40,073"
"11/11/2020","LIRR","83,306"
"11/11/2020","Bus","969,123"
"11/11/2020","AAR","20,263"
"11/10/2020","BT","699,076"
"11/10/2020","Subway","1,836,902"
"11/10/2020","SIR","3,848"
"11/10/2020","MNR","43,083"
"11/10/2020","LIRR","91,532"
"11/10/2020","Bus","1,151,911"
"11/10/2020","AAR","23,138"
"11/09/2020","BT","675,604"
"11/09/2020","Subway","1,752,614"
"11/09/2020","SIR","3,561"
"11/09/2020","MNR","42,627"
"11/09/2020","LIRR","91,681"
"11/09/2020","Bus","1,111,203"
"11/09/2020","AAR","21,444"
"11/08/2020","MNR","27,961"
"11/08/2020","Subway","927,670"
"11/08/2020","SIR","846"
"11/08/2020","LIRR","38,485"
"11/08/2020","Bus","587,220"
"11/08/2020","BT","633,243"
"11/08/2020","AAR","10,474"
"11/07/2020","AAR","13,409"
"11/07/2020","Subway","1,246,321"
"11/07/2020","SIR","35"
"11/07/2020","MNR","35,870"
"11/07/2020","LIRR","46,368"
"11/07/2020","Bus","752,851"
"11/07/2020","BT","687,679"
"11/06/2020","BT","749,668"
"11/06/2020","Subway","1,837,314"
"11/06/2020","SIR","3,546"
"11/06/2020","MNR","48,138"
"11/06/2020","LIRR","89,499"
"11/06/2020","Bus","1,120,729"
"11/06/2020","AAR","22,659"
"11/05/2020","BT","714,654"
"11/05/2020","Subway","1,793,796"
"11/05/2020","SIR","3,793"
"11/05/2020","MNR","41,550"
"11/05/2020","LIRR","86,987"
"11/05/2020","Bus","1,130,774"
"11/05/2020","AAR","22,937"
"11/04/2020","AAR","22,174"
"11/04/2020","Subway","1,690,489"
"11/04/2020","SIR","3,448"
"11/04/2020","MNR","38,818"
"11/04/2020","LIRR","81,551"
"11/04/2020","Bus","1,089,354"
"11/04/2020","BT","656,967"
"11/03/2020","AAR","20,416"
"11/03/2020","Subway","1,602,912"
"11/03/2020","SIR","3,184"
"11/03/2020","MNR","39,749"
"11/03/2020","LIRR","82,140"
"11/03/2020","Bus","1,027,710"
"11/03/2020","BT","625,256"
"11/02/2020","BT","671,888"
"11/02/2020","Subway","1,747,908"
"11/02/2020","SIR","3,535"
"11/02/2020","MNR","40,609"
"11/02/2020","LIRR","87,198"
"11/02/2020","Bus","1,072,262"
"11/02/2020","AAR","21,127"
"11/01/2020","BT","573,521"
"11/01/2020","Subway","786,675"
"11/01/2020","SIR","3"
"11/01/2020","MNR","22,602"
"11/01/2020","LIRR","29,495"
"11/01/2020","Bus","510,820"
"11/01/2020","AAR","10,180"
"10/31/2020","Bus","747,636"
"10/31/2020","Subway","1,174,059"
"10/31/2020","SIR","20"
"10/31/2020","AAR","12,816"
"10/31/2020","MNR","34,077"
"10/31/2020","LIRR","41,538"
"10/31/2020","BT","643,982"
"10/30/2020","AAR","21,243"
"10/30/2020","Subway","1,768,018"
"10/30/2020","SIR","3,270"
"10/30/2020","MNR","47,967"
"10/30/2020","LIRR","84,254"
"10/30/2020","Bus","1,030,639"
"10/30/2020","BT","718,742"
"10/29/2020","AAR","20,925"
"10/29/2020","Subway","1,705,072"
"10/29/2020","SIR","3,539"
"10/29/2020","MNR","41,157"
"10/29/2020","LIRR","81,794"
"10/29/2020","Bus","987,440"
"10/29/2020","BT","677,257"
"10/28/2020","BT","700,135"
"10/28/2020","Subway","1,819,352"
"10/28/2020","SIR","3,676"
"10/28/2020","MNR","43,289"
"10/28/2020","LIRR","86,652"
"10/28/2020","Bus","1,119,450"
"10/28/2020","AAR","23,258"
"10/27/2020","BT","688,233"
"10/27/2020","Subway","1,815,242"
"10/27/2020","SIR","3,642"
"10/27/2020","MNR","43,340"
"10/27/2020","LIRR","87,401"
"10/27/2020","Bus","1,143,906"
"10/27/2020","AAR","21,870"
"10/26/2020","AAR","20,817"
"10/26/2020","Subway","1,690,651"
"10/26/2020","SIR","3,429"
"10/26/2020","MNR","43,557"
"10/26/2020","LIRR","86,745"
"10/26/2020","Bus","1,061,566"
"10/26/2020","BT","663,499"
"10/25/2020","AAR","10,074"
"10/25/2020","Subway","885,001"
"10/25/2020","SIR",
"10/25/2020","MNR","28,321"
"10/25/2020","LIRR","33,678"
"10/25/2020","Bus","572,347"
"10/25/2020","BT","632,680"
"10/24/2020","BT","699,927"
"10/24/2020","Subway","1,185,612"
"10/24/2020","SIR",
"10/24/2020","MNR","38,673"
"10/24/2020","LIRR","43,618"
"10/24/2020","Bus","775,122"
"10/24/2020","AAR","12,916"
"10/23/2020","BT","769,176"
"10/23/2020","Subway","1,842,588"
"10/23/2020","SIR","3,680"
"10/23/2020","MNR","51,765"
"10/23/2020","LIRR","89,931"
"10/23/2020","Bus","1,123,540"
"10/23/2020","AAR","21,766"
"10/22/2020","BT","738,372"
"10/22/2020","Subway","1,825,208"
"10/22/2020","SIR","3,927"
"10/22/2020","MNR","45,770"
"10/22/2020","LIRR","88,686"
"10/22/2020","Bus","1,140,210"
"10/22/2020","AAR","22,391"
"10/21/2020","AAR","22,959"
"10/21/2020","Subway","1,812,949"
"10/21/2020","SIR","3,848"
"10/21/2020","MNR","44,102"
"10/21/2020","LIRR","86,210"
"10/21/2020","Bus","1,140,385"
"10/21/2020","BT","704,874"
"10/20/2020","AAR","21,936"
"10/20/2020","Subway","1,780,231"
"10/20/2020","SIR","3,859"
"10/20/2020","MNR","42,741"
"10/20/2020","LIRR","86,591"
"10/20/2020","Bus","1,119,283"
"10/20/2020","BT","688,694"
"10/19/2020","BT","683,334"
"10/19/2020","Subway","1,719,153"
"10/19/2020","SIR","3,570"
"10/19/2020","MNR","44,368"
"10/19/2020","LIRR","89,186"
"10/19/2020","Bus","1,105,134"
"10/19/2020","AAR","20,812"
"10/18/2020","BT","655,748"
"10/18/2020","Subway","896,812"
"10/18/2020","SIR","1,074"
"10/18/2020","MNR","30,690"
"10/18/2020","LIRR","34,682"
"10/18/2020","Bus","583,350"
"10/18/2020","AAR","9,998"
"10/17/2020","BT","691,236"
"10/17/2020","Subway","1,209,473"
"10/17/2020","SIR","1,588"
"10/17/2020","MNR","37,764"
"10/17/2020","LIRR","43,768"
"10/17/2020","Bus","778,070"
"10/17/2020","AAR","11,831"
"10/16/2020","MNR","47,291"
"10/16/2020","Subway","1,671,320"
"10/16/2020","SIR","3,366"
"10/16/2020","LIRR","83,798"
"10/16/2020","Bus","974,110"
"10/16/2020","BT","715,224"
"10/16/2020","AAR","20,776"
"10/15/2020","AAR","22,834"
"10/15/2020","Subway","1,853,753"
"10/15/2020","SIR","4,069"
"10/15/2020","MNR","46,249"
"10/15/2020","LIRR","90,288"
"10/15/2020","Bus","1,152,434"
"10/15/2020","BT","757,151"
"10/14/2020","BT","719,962"
"10/14/2020","Subway","1,838,682"
"10/14/2020","SIR","3,956"
"10/14/2020","MNR","45,148"
"10/14/2020","LIRR","89,173"
"10/14/2020","Bus","1,162,256"
"10/14/2020","AAR","23,169"
"10/13/2020","BT","667,518"
"10/13/2020","Subway","1,715,183"
"10/13/2020","SIR","3,670"
"10/13/2020","MNR","42,205"
"10/13/2020","LIRR","76,552"
"10/13/2020","Bus","1,063,680"
"10/13/2020","AAR","20,909"
"10/12/2020","LIRR","76,776"
"10/12/2020","Subway","1,284,655"
"10/12/2020","SIR","2,237"
"10/12/2020","BT","598,916"
"10/12/2020","AAR","15,722"
"10/12/2020","MNR","39,838"
"10/12/2020","Bus","767,564"
"10/11/2020","AAR","9,470"
"10/11/2020","Subway","848,469"
"10/11/2020","SIR","1,049"
"10/11/2020","MNR","28,784"
"10/11/2020","LIRR","34,593"
"10/11/2020","Bus","564,051"
"10/11/2020","BT","603,801"
"10/10/2020","AAR","12,627"
"10/10/2020","Subway","1,170,227"
"10/10/2020","SIR","1,430"
"10/10/2020","MNR","41,409"
"10/10/2020","LIRR","44,528"
"10/10/2020","Bus","771,088"
"10/10/2020","BT","716,866"
"10/09/2020","BT","782,600"
"10/09/2020","Subway","1,808,079"
"10/09/2020","SIR","3,700"
"10/09/2020","MNR","52,686"
"10/09/2020","LIRR","78,663"
"10/09/2020","Bus","1,117,172"
"10/09/2020","AAR","21,274"
"10/08/2020","BT","738,395"
"10/08/2020","Subway","1,798,005"
"10/08/2020","SIR","3,913"
"10/08/2020","MNR","44,802"
"10/08/2020","LIRR","87,959"
"10/08/2020","Bus","1,126,770"
"10/08/2020","AAR","21,964"
"10/07/2020","AAR","23,027"
"10/07/2020","Subway","1,770,617"
"10/07/2020","SIR","3,791"
"10/07/2020","MNR","43,534"
"10/07/2020","LIRR","87,119"
"10/07/2020","Bus","1,123,231"
"10/07/2020","BT","710,155"
"10/06/2020","AAR","21,475"
"10/06/2020","Subway","1,758,454"
"10/06/2020","SIR","3,866"
"10/06/2020","MNR","43,803"
"10/06/2020","LIRR","87,748"
"10/06/2020","Bus","1,137,217"
"10/06/2020","BT","698,860"
"10/05/2020","BT","681,284"
"10/05/2020","Subway","1,678,792"
"10/05/2020","SIR","3,587"
"10/05/2020","MNR","42,257"
"10/05/2020","LIRR","88,694"
"10/05/2020","Bus","1,102,675"
"10/05/2020","AAR","19,971"
"10/04/2020","BT","617,011"
"10/04/2020","Subway","852,830"
"10/04/2020","SIR","761"
"10/04/2020","MNR","27,667"
"10/04/2020","LIRR","34,976"
"10/04/2020","Bus","570,608"
"10/04/2020","AAR","10,010"
"10/03/2020","BT","705,741"
"10/03/2020","Subway","1,168,040"
"10/03/2020","SIR","33"
"10/03/2020","MNR","36,907"
"10/03/2020","LIRR","45,018"
"10/03/2020","Bus","777,674"
"10/03/2020","AAR","12,759"
"10/02/2020","MNR","48,883"
"10/02/2020","Subway","1,790,612"
"10/02/2020","SIR","3,589"
"10/02/2020","LIRR","87,291"
"10/02/2020","Bus","1,115,793"
"10/02/2020","BT","776,683"
"10/02/2020","AAR","21,626"
"10/01/2020","AAR","22,309"
"10/01/2020","Subway","1,809,958"
"10/01/2020","SIR","4,003"
"10/01/2020","MNR","42,390"
"10/01/2020","LIRR","86,082"
"10/01/2020","Bus","1,159,859"
"10/01/2020","BT","759,870"
"09/30/2020","BT","717,050"
"09/30/2020","Subway","1,740,820"
"09/30/2020","SIR","3,704"
"09/30/2020","MNR","41,967"
"09/30/2020","LIRR","89,223"
"09/30/2020","Bus","1,101,663"
"09/30/2020","AAR","21,424"
"09/29/2020","BT","688,012"
"09/29/2020","Subway","1,661,264"
"09/29/2020","SIR","3,632"
"09/29/2020","MNR","40,515"
"09/29/2020","LIRR","88,444"
"09/29/2020","Bus","1,057,135"
"09/29/2020","AAR","20,517"
"09/28/2020","AAR","17,678"
"09/28/2020","Subway","1,489,240"
"09/28/2020","SIR","3,371"
"09/28/2020","MNR","43,237"
"09/28/2020","LIRR","89,664"
"09/28/2020","Bus","985,185"
"09/28/2020","BT","658,998"
"09/27/2020","AAR","9,491"
"09/27/2020","Subway","846,179"
"09/27/2020","SIR","5"
"09/27/2020","MNR","28,480"
"09/27/2020","LIRR","39,994"
"09/27/2020","Bus","576,684"
"09/27/2020","BT","636,532"
"09/26/2020","BT","718,420"
"09/26/2020","Subway","1,120,143"
"09/26/2020","SIR","32"
"09/26/2020","MNR","35,771"
"09/26/2020","LIRR","47,169"
"09/26/2020","Bus","755,197"
"09/26/2020","AAR","12,128"
"09/25/2020","BT","796,850"
"09/25/2020","Subway","1,761,591"
"09/25/2020","SIR","3,708"
"09/25/2020","MNR","49,819"
"09/25/2020","LIRR","92,506"
"09/25/2020","Bus","1,110,956"
"09/25/2020","AAR","21,233"
"09/24/2020","Bus","1,107,707"
"09/24/2020","Subway","1,722,364"
"09/24/2020","SIR","3,816"
"09/24/2020","AAR","21,554"
"09/24/2020","MNR","42,969"
"09/24/2020","LIRR","89,129"
"09/24/2020","BT","747,851"
"09/23/2020","AAR","22,501"
"09/23/2020","Subway","1,735,333"
"09/23/2020","SIR","3,710"
"09/23/2020","MNR","42,506"
"09/23/2020","LIRR","88,998"
"09/23/2020","Bus","1,119,904"
"09/23/2020","BT","727,921"
"09/22/2020","AAR","21,103"
"09/22/2020","Subway","1,698,504"
"09/22/2020","SIR","3,821"
"09/22/2020","MNR","41,389"
"09/22/2020","LIRR","87,376"
"09/22/2020","Bus","1,095,678"
"09/22/2020","BT","704,257"
"09/21/2020","BT","686,709"
"09/21/2020","Subway","1,624,139"
"09/21/2020","SIR","3,497"
"09/21/2020","MNR","41,901"
"09/21/2020","LIRR","89,706"
"09/21/2020","Bus","1,058,256"
"09/21/2020","AAR","19,488"
"09/20/2020","BT","615,409"
"09/20/2020","Subway","827,605"
"09/20/2020","SIR","760"
"09/20/2020","MNR","26,328"
"09/20/2020","LIRR","38,973"
"09/20/2020","Bus","558,863"
"09/20/2020","AAR","9,269"
"09/19/2020","AAR","12,246"
"09/19/2020","Subway","1,136,947"
"09/19/2020","SIR","1,001"
"09/19/2020","MNR","34,608"
"09/19/2020","LIRR","46,777"
"09/19/2020","Bus","752,437"
"09/19/2020","BT","697,698"
"09/18/2020","AAR","20,702"
"09/18/2020","Subway","1,725,443"
"09/18/2020","SIR","3,367"
"09/18/2020","MNR","48,213"
"09/18/2020","LIRR","90,657"
"09/18/2020","Bus","1,083,295"
"09/18/2020","BT","781,132"
"09/17/2020","BT","740,052"
"09/17/2020","Subway","1,692,368"
"09/17/2020","SIR","3,617"
"09/17/2020","MNR","42,339"
"09/17/2020","LIRR","86,854"
"09/17/2020","Bus","1,094,592"
"09/17/2020","AAR","21,005"
"09/16/2020","BT","711,372"
"09/16/2020","Subway","1,686,909"
"09/16/2020","SIR","3,496"
"09/16/2020","MNR","41,417"
"09/16/2020","LIRR","87,034"
"09/16/2020","Bus","1,097,389"
"09/16/2020","AAR","22,070"
"09/15/2020","BT","711,338"
"09/15/2020","Subway","1,678,078"
"09/15/2020","SIR","3,696"
"09/15/2020","MNR","41,288"
"09/15/2020","LIRR","87,025"
"09/15/2020","Bus","1,091,806"
"09/15/2020","AAR","20,763"
"09/14/2020","AAR","19,888"
"09/14/2020","Subway","1,604,381"
"09/14/2020","SIR","3,515"
"09/14/2020","MNR","41,286"
"09/14/2020","LIRR","89,498"
"09/14/2020","Bus","1,065,601"
"09/14/2020","BT","697,572"
"09/13/2020","AAR","9,315"
"09/13/2020","Subway","796,740"
"09/13/2020","SIR","4"
"09/13/2020","MNR","24,009"
"09/13/2020","LIRR","36,686"
"09/13/2020","Bus","557,231"
"09/13/2020","BT","611,591"
"09/12/2020","BT","693,696"
"09/12/2020","Subway","1,083,698"
"09/12/2020","SIR","29"
"09/12/2020","MNR","32,400"
"09/12/2020","LIRR","44,546"
"09/12/2020","Bus","752,875"
"09/12/2020","AAR","12,349"
"09/11/2020","BT","781,923"
"09/11/2020","Subway","1,690,334"
"09/11/2020","SIR","3,442"
"09/11/2020","MNR","47,781"
"09/11/2020","LIRR","88,582"
"09/11/2020","Bus","1,070,920"
"09/11/2020","AAR","20,809"
"09/10/2020","BT","697,793"
"09/10/2020","Subway","1,543,662"
"09/10/2020","SIR","3,403"
"09/10/2020","MNR","39,296"
"09/10/2020","LIRR","82,142"
"09/10/2020","Bus","997,030"
"09/10/2020","AAR","20,181"
"09/09/2020","MNR","41,954"
"09/09/2020","Subway","1,610,076"
"09/09/2020","SIR","3,586"
"09/09/2020","LIRR","86,063"
"09/09/2020","Bus","1,072,887"
"09/09/2020","BT","719,499"
"09/09/2020","AAR","21,801"
"09/08/2020","AAR","19,806"
"09/08/2020","Subway","1,555,816"
"09/08/2020","SIR","3,496"
"09/08/2020","MNR","42,963"
"09/08/2020","LIRR","90,603"
"09/08/2020","Bus","1,039,401"
"09/08/2020","BT","726,886"
"09/07/2020","BT","611,390"
"09/07/2020","Subway","870,964"
"09/07/2020","SIR","1,210"
"09/07/2020","MNR","27,326"
"09/07/2020","LIRR","80,050"
"09/07/2020","Bus","615,802"
"09/07/2020","AAR","9,261"
"09/06/2020","BT","655,687"
"09/06/2020","Subway","819,409"
"09/06/2020","SIR","191"
"09/06/2020","MNR","28,565"
"09/06/2020","LIRR","44,727"
"09/06/2020","Bus","559,273"
"09/06/2020","AAR","10,160"
"09/05/2020","Bus","715,922"
"09/05/2020","Subway","1,013,725"
"09/05/2020","SIR","21"
"09/05/2020","AAR","12,118"
"09/05/2020","MNR","34,621"
"09/05/2020","LIRR","50,550"
"09/05/2020","BT","694,277"
"09/04/2020","AAR","20,223"
"09/04/2020","Subway","1,568,385"
"09/04/2020","SIR","3,148"
"09/04/2020","MNR","47,152"
"09/04/2020","LIRR","88,345"
"09/04/2020","Bus","1,030,811"
"09/04/2020","BT","817,722"
"09/03/2020","AAR","19,992"
"09/03/2020","Subway","1,529,185"
"09/03/2020","SIR","3,327"
"09/03/2020","MNR","39,920"
"09/03/2020","LIRR","82,554"
"09/03/2020","Bus","1,022,623"
"09/03/2020","BT","758,827"
"09/02/2020","BT","703,330"
"09/02/2020","Subway","1,487,969"
"09/02/2020","SIR","3,192"
"09/02/2020","MNR","36,159"
"09/02/2020","LIRR","77,585"
"09/02/2020","Bus","972,213"
"09/02/2020","AAR","19,990"
"09/01/2020","BT","704,251"
"09/01/2020","Subway","1,469,274"
"09/01/2020","SIR","3,217"
"09/01/2020","MNR","36,035"
"09/01/2020","LIRR","76,483"
"09/01/2020","Bus","947,758"
"09/01/2020","AAR","18,929"
"08/31/2020","AAR","18,185"
"08/31/2020","Subway","1,397,264"
"08/31/2020","SIR","3,184"
"08/31/2020","MNR","37,727"
"08/31/2020","LIRR","78,122"
"08/31/2020","Bus","787,291"
"08/31/2020","BT","711,594"
"08/30/2020","AAR","9,752"
"08/30/2020","Subway","748,061"
"08/30/2020","SIR","825"
"08/30/2020","MNR","26,520"
"08/30/2020","LIRR","45,147"
"08/30/2020","Bus","16,027"
"08/30/2020","BT","706,101"
"08/29/2020","BT","555,413"
"08/29/2020","Subway","773,667"
"08/29/2020","SIR","798"
"08/29/2020","MNR","22,234"
"08/29/2020","LIRR","37,641"
"08/29/2020","Bus","14,035"
"08/29/2020","AAR","9,814"
"08/28/2020","BT","787,675"
"08/28/2020","Subway","1,388,583"
"08/28/2020","SIR","2,716"
"08/28/2020","MNR","41,222"
"08/28/2020","LIRR","76,114"
"08/28/2020","Bus","31,956"
"08/28/2020","AAR","18,845"
"08/27/2020","BT","739,049"
"08/27/2020","Subway","1,358,272"
"08/27/2020","SIR","2,856"
"08/27/2020","MNR","35,551"
"08/27/2020","LIRR","73,060"
"08/27/2020","Bus","33,969"
"08/27/2020","AAR","19,271"
"08/26/2020","AAR","20,659"
"08/26/2020","Subway","1,407,639"
"08/26/2020","SIR","3,012"
"08/26/2020","MNR","36,621"
"08/26/2020","LIRR","76,583"
"08/26/2020","Bus","35,975"
"08/26/2020","BT","748,927"
"08/25/2020","AAR","18,682"
"08/25/2020","Subway","1,346,490"
"08/25/2020","SIR","2,845"
"08/25/2020","MNR","35,689"
"08/25/2020","LIRR","73,331"
"08/25/2020","Bus","34,993"
"08/25/2020","BT","715,798"
"08/24/2020","BT","710,872"
"08/24/2020","Subway","1,307,345"
"08/24/2020","SIR","2,756"
"08/24/2020","MNR","35,904"
"08/24/2020","LIRR","75,145"
"08/24/2020","Bus","34,021"
"08/24/2020","AAR","17,643"
"08/23/2020","BT","641,684"
"08/23/2020","Subway","671,560"
"08/23/2020","SIR","633"
"08/23/2020","MNR","22,496"
"08/23/2020","LIRR","37,891"
"08/23/2020","Bus","9,698"
"08/23/2020","AAR","8,297"
"08/22/2020","BT","708,443"
"08/22/2020","Subway","882,522"
"08/22/2020","SIR","871"
"08/22/2020","MNR","27,784"
"08/22/2020","LIRR","49,095"
"08/22/2020","Bus","13,705"
"08/22/2020","AAR","11,456"
"08/21/2020","MNR","41,110"
"08/21/2020","Subway","1,387,463"
"08/21/2020","SIR","2,769"
"08/21/2020","LIRR","76,062"
"08/21/2020","Bus","31,342"
"08/21/2020","BT","792,319"
"08/21/2020","AAR","19,035"
"08/20/2020","AAR","19,344"
"08/20/2020","Subway","1,410,489"
"08/20/2020","SIR","2,960"
"08/20/2020","MNR","37,078"
"08/20/2020","LIRR","75,643"
"08/20/2020","Bus","35,059"
"08/20/2020","BT","775,926"
"08/19/2020","BT","710,695"
"08/19/2020","Subway","1,292,148"
"08/19/2020","SIR","2,783"
"08/19/2020","MNR","34,377"
"08/19/2020","LIRR","70,104"
"08/19/2020","Bus","34,181"
"08/19/2020","AAR","19,915"
"08/18/2020","BT","729,923"
"08/18/2020","Subway","1,369,617"
"08/18/2020","SIR","2,951"
"08/18/2020","MNR","34,361"
"08/18/2020","LIRR","74,213"
"08/18/2020","Bus","36,646"
"08/18/2020","AAR","19,274"
"08/17/2020","Bus","34,768"
"08/17/2020","Subway","1,304,485"
"08/17/2020","SIR","3,058"
"08/17/2020","AAR","17,377"
"08/17/2020","MNR","35,362"
"08/17/2020","LIRR","74,453"
"08/17/2020","BT","701,456"
"08/16/2020","MNR","18,164"
"08/16/2020","Subway","554,451"
"08/16/2020","SIR","529"
"08/16/2020","LIRR","29,858"
"08/16/2020","Bus","8,603"
"08/16/2020","BT","537,419"
"08/16/2020","AAR","7,902"
"08/15/2020","AAR","11,487"
"08/15/2020","Subway","860,789"
"08/15/2020","SIR","974"
"08/15/2020","MNR","27,677"
"08/15/2020","LIRR","46,806"
"08/15/2020","Bus","15,522"
"08/15/2020","BT","699,313"
"08/14/2020","BT","777,169"
"08/14/2020","Subway","1,355,786"
"08/14/2020","SIR","3,012"
"08/14/2020","MNR","39,342"
"08/14/2020","LIRR","72,916"
"08/14/2020","Bus","32,713"
"08/14/2020","AAR","18,113"
"08/13/2020","BT","713,144"
"08/13/2020","Subway","1,291,277"
"08/13/2020","SIR","2,971"
"08/13/2020","MNR","33,822"
"08/13/2020","LIRR","69,223"
"08/13/2020","Bus","34,723"
"08/13/2020","AAR","18,608"
"08/12/2020","AAR","19,346"
"08/12/2020","Subway","1,298,963"
"08/12/2020","SIR","3,124"
"08/12/2020","MNR","33,736"
"08/12/2020","LIRR","68,345"
"08/12/2020","Bus","36,053"
"08/12/2020","BT","696,198"
"08/11/2020","AAR","18,546"
"08/11/2020","Subway","1,319,814"
"08/11/2020","SIR","3,164"
"08/11/2020","MNR","33,509"
"08/11/2020","LIRR","72,436"
"08/11/2020","Bus","36,426"
"08/11/2020","BT","716,441"
"08/10/2020","BT","720,799"
"08/10/2020","Subway","1,275,268"
"08/10/2020","SIR","2,995"
"08/10/2020","MNR","33,500"
"08/10/2020","LIRR","73,548"
"08/10/2020","Bus","34,883"
"08/10/2020","AAR","18,178"
"08/09/2020","BT","649,493"
"08/09/2020","Subway","662,993"
"08/09/2020","SIR","649"
"08/09/2020","MNR","20,503"
"08/09/2020","LIRR","37,616"
"08/09/2020","Bus","11,534"
"08/09/2020","AAR","8,287"
"08/08/2020","BT","630,411"
"08/08/2020","Subway","833,287"
"08/08/2020","SIR","806"
"08/08/2020","MNR","23,513"
"08/08/2020","LIRR","41,729"
"08/08/2020","Bus","15,143"
"08/08/2020","AAR","10,613"
"08/07/2020","AAR","17,502"
"08/07/2020","Subway","1,283,894"
"08/07/2020","SIR","2,741"
"08/07/2020","MNR","32,882"
"08/07/2020","LIRR","65,969"
"08/07/2020","Bus","32,170"
"08/07/2020","BT","735,101"
"08/06/2020","AAR","19,117"
"08/06/2020","Subway","1,334,694"
"08/06/2020","SIR","3,125"
"08/06/2020","MNR","28,283"
"08/06/2020","LIRR","66,671"
"08/06/2020","Bus","37,059"
"08/06/2020","BT","739,952"
"08/05/2020","BT","740,063"
"08/05/2020","Subway","1,348,202"
"08/05/2020","SIR","2,824"
"08/05/2020","MNR","26,598"
"08/05/2020","LIRR","58,005"
"08/05/2020","Bus","38,283"
"08/05/2020","AAR","18,299"
"08/04/2020","BT","507,501"
"08/04/2020","Subway","1,027,187"
"08/04/2020","SIR","1,499"
"08/04/2020","MNR","22,286"
"08/04/2020","LIRR","36,835"
"08/04/2020","Bus","29,426"
"08/04/2020","AAR","14,924"
"08/03/2020","BT","715,550"
"08/03/2020","Subway","1,272,996"
"08/03/2020","SIR","2,955"
"08/03/2020","MNR","32,884"
"08/03/2020","LIRR","70,779"
"08/03/2020","Bus","36,945"
"08/03/2020","AAR","17,594"
"08/02/2020","MNR","17,885"
"08/02/2020","Subway","590,060"
"08/02/2020","SIR","615"
"08/02/2020","LIRR","30,502"
"08/02/2020","Bus","9,874"
"08/02/2020","BT","561,396"
"08/02/2020","AAR","7,431"
"08/01/2020","AAR","10,685"
"08/01/2020","Subway","842,468"
"08/01/2020","SIR","904"
"08/01/2020","MNR","26,261"
"08/01/2020","LIRR","44,405"
"08/01/2020","Bus","16,087"
"08/01/2020","BT","695,946"
"07/31/2020","BT","747,216"
"07/31/2020","Subway","1,258,539"
"07/31/2020","SIR","2,429"
"07/31/2020","MNR","38,040"
"07/31/2020","LIRR","67,648"
"07/31/2020","Bus","29,917"
"07/31/2020","AAR","17,654"
"07/30/2020","BT","717,003"
"07/30/2020","Subway","1,270,172"
"07/30/2020","SIR","2,746"
"07/30/2020","MNR","34,122"
"07/30/2020","LIRR","68,958"
"07/30/2020","Bus","33,982"
"07/30/2020","AAR","17,333"
"07/29/2020","LIRR","69,995"
"07/29/2020","Subway","1,296,102"
"07/29/2020","SIR","2,778"
"07/29/2020","BT","714,559"
"07/29/2020","AAR","18,216"
"07/29/2020","MNR","33,733"
"07/29/2020","Bus","35,257"
"07/28/2020","AAR","16,892"
"07/28/2020","Subway","1,241,770"
"07/28/2020","SIR","2,635"
"07/28/2020","MNR","31,677"
"07/28/2020","LIRR","66,687"
"07/28/2020","Bus","33,753"
"07/28/2020","BT","681,857"
"07/27/2020","AAR","16,607"
"07/27/2020","Subway","1,203,503"
"07/27/2020","SIR","2,626"
"07/27/2020","MNR","31,568"
"07/27/2020","LIRR","70,114"
"07/27/2020","Bus","32,072"
"07/27/2020","BT","693,677"
"07/26/2020","BT","609,707"
"07/26/2020","Subway","606,910"
"07/26/2020","SIR","542"
"07/26/2020","MNR","20,170"
"07/26/2020","LIRR","36,164"
"07/26/2020","Bus","9,711"
"07/26/2020","AAR","7,429"
"07/25/2020","BT","671,119"
"07/25/2020","Subway","816,604"
"07/25/2020","SIR","799"
"07/25/2020","MNR","25,173"
"07/25/2020","LIRR","43,340"
"07/25/2020","Bus","14,777"
"07/25/2020","AAR","10,350"
"07/24/2020","AAR","17,311"
"07/24/2020","Subway","1,218,138"
"07/24/2020","SIR","2,511"
"07/24/2020","MNR","36,639"
"07/24/2020","LIRR","65,889"
"07/24/2020","Bus","29,987"
"07/24/2020","BT","719,421"
"07/23/2020","AAR","17,056"
"07/23/2020","Subway","1,233,795"
"07/23/2020","SIR","2,632"
"07/23/2020","MNR","32,975"
"07/23/2020","LIRR","65,637"
"07/23/2020","Bus","33,999"
"07/23/2020","BT","688,709"
"07/22/2020","BT","683,364"
"07/22/2020","Subway","1,233,668"
"07/22/2020","SIR","2,716"
"07/22/2020","MNR","32,485"
"07/22/2020","LIRR","65,348"
"07/22/2020","Bus","33,863"
"07/22/2020","AAR","17,582"
"07/21/2020","BT","691,059"
"07/21/2020","Subway","1,241,819"
"07/21/2020","SIR","2,725"
"07/21/2020","MNR","33,213"
"07/21/2020","LIRR","67,594"
"07/21/2020","Bus","32,482"
"07/21/2020","AAR","16,831"
"07/20/2020","BT","672,293"
"07/20/2020","Subway","1,156,735"
"07/20/2020","SIR","2,428"
"07/20/2020","MNR","32,279"
"07/20/2020","LIRR","67,721"
"07/20/2020","Bus","30,196"
"07/20/2020","AAR","15,957"
"07/19/2020","MNR","18,675"
"07/19/2020","Subway","584,994"
"07/19/2020","SIR","504"
"07/19/2020","LIRR","36,429"
"07/19/2020","Bus","9,845"
"07/19/2020","BT","609,862"
"07/19/2020","AAR","7,052"
"07/18/2020","AAR","9,785"
"07/18/2020","Subway","778,936"
"07/18/2020","SIR","786"
"07/18/2020","MNR","24,071"
"07/18/2020","LIRR","41,235"
"07/18/2020","Bus","14,335"
"07/18/2020","BT","649,967"
"07/17/2020","BT","711,817"
"07/17/2020","Subway","1,207,265"
"07/17/2020","SIR","2,427"
"07/17/2020","MNR","35,414"
"07/17/2020","LIRR","64,806"
"07/17/2020","Bus","29,696"
"07/17/2020","AAR","16,401"
"07/16/2020","BT","713,530"
"07/16/2020","Subway","1,249,128"
"07/16/2020","SIR","2,756"
"07/16/2020","MNR","33,258"
"07/16/2020","LIRR","66,732"
"07/16/2020","Bus","34,199"
"07/16/2020","AAR","17,230"
"07/15/2020","AAR","18,149"
"07/15/2020","Subway","1,248,413"
"07/15/2020","SIR","2,751"
"07/15/2020","MNR","32,603"
"07/15/2020","LIRR","66,549"
"07/15/2020","Bus","34,701"
"07/15/2020","BT","700,896"
"07/14/2020","AAR","17,081"
"07/14/2020","Subway","1,241,080"
"07/14/2020","SIR","2,669"
"07/14/2020","MNR","31,921"
"07/14/2020","LIRR","66,321"
"07/14/2020","Bus","35,391"
"07/14/2020","BT","693,968"
"07/13/2020","BT","658,044"
"07/13/2020","Subway","1,175,700"
"07/13/2020","SIR","2,504"
"07/13/2020","MNR","31,876"
"07/13/2020","LIRR","66,384"
"07/13/2020","Bus","33,302"
"07/13/2020","AAR","15,928"
"07/12/2020","BT","617,036"
"07/12/2020","Subway","628,187"
"07/12/2020","SIR","731"
"07/12/2020","MNR","19,859"
"07/12/2020","LIRR","34,905"
"07/12/2020","Bus","10,966"
"07/12/2020","AAR","7,395"
"07/11/2020","Bus","12,872"
"07/11/2020","Subway","692,977"
"07/11/2020","SIR","812"
"07/11/2020","AAR","8,453"
"07/11/2020","MNR","18,683"
"07/11/2020","LIRR","30,059"
"07/11/2020","BT","535,729"
"07/10/2020","AAR","15,738"
"07/10/2020","Subway","1,030,632"
"07/10/2020","SIR","2,117"
"07/10/2020","MNR","29,683"
"07/10/2020","LIRR","55,929"
"07/10/2020","Bus","25,544"
"07/10/2020","BT","618,046"
"07/09/2020","AAR","17,017"
"07/09/2020","Subway","1,211,280"
"07/09/2020","SIR","2,571"
"07/09/2020","MNR","31,913"
"07/09/2020","LIRR","65,483"
"07/09/2020","Bus","34,762"
"07/09/2020","BT","714,635"
"07/08/2020","BT","658,258"
"07/08/2020","Subway","1,172,279"
"07/08/2020","SIR","2,454"
"07/08/2020","MNR","30,174"
"07/08/2020","LIRR","63,048"
"07/08/2020","Bus","34,242"
"07/08/2020","AAR","16,980"
"07/07/2020","BT","650,942"
"07/07/2020","Subway","1,157,185"
"07/07/2020","SIR","2,403"
"07/07/2020","MNR","30,507"
"07/07/2020","LIRR","61,756"
"07/07/2020","Bus","33,595"
"07/07/2020","AAR","16,003"
"07/06/2020","AAR","14,886"
"07/06/2020","Subway","1,084,956"
"07/06/2020","SIR","2,222"
"07/06/2020","MNR","30,556"
"07/06/2020","LIRR","63,862"
"07/06/2020","Bus","31,548"
"07/06/2020","BT","652,916"
"07/05/2020","AAR","6,280"
"07/05/2020","Subway","533,692"
"07/05/2020","SIR","528"
"07/05/2020","MNR","19,136"
"07/05/2020","LIRR","34,569"
"07/05/2020","Bus","9,832"
"07/05/2020","BT","575,881"
"07/04/2020","BT","488,652"
"07/04/2020","Subway","591,605"
"07/04/2020","SIR","690"
"07/04/2020","MNR","22,085"
"07/04/2020","LIRR","38,388"
"07/04/2020","Bus","10,769"
"07/04/2020","AAR","8,391"
"07/03/2020","BT","610,636"
"07/03/2020","Subway","851,877"
"07/03/2020","SIR","1,138"
"07/03/2020","MNR","32,049"
"07/03/2020","LIRR","56,181"
"07/03/2020","Bus","16,862"
"07/03/2020","AAR","10,915"
"07/02/2020","BT","769,172"
"07/02/2020","Subway","1,170,483"
"07/02/2020","SIR","2,365"
"07/02/2020","MNR","31,948"
"07/02/2020","LIRR","64,261"
"07/02/2020","Bus","32,730"
"07/02/2020","AAR","15,981"
"07/01/2020","AAR","16,451"
"07/01/2020","Subway","1,120,537"
"07/01/2020","SIR","2,305"
"07/01/2020","MNR","27,770"
"07/01/2020","LIRR","56,505"
"07/01/2020","Bus","32,921"
"07/01/2020","BT","677,917"
"06/30/2020","AAR","15,291"
"06/30/2020","Subway","1,113,124"
"06/30/2020","SIR","2,386"
"06/30/2020","MNR","27,077"
"06/30/2020","LIRR","57,955"
"06/30/2020","Bus","33,996"
"06/30/2020","BT","658,682"
"06/29/2020","BT","669,113"
"06/29/2020","Subway","1,100,769"
"06/29/2020","SIR","2,317"
"06/29/2020","MNR","28,163"
"06/29/2020","LIRR","63,309"
"06/29/2020","Bus","33,264"
"06/29/2020","AAR","14,705"
"06/28/2020","BT","540,549"
"06/28/2020","Subway","535,898"
"06/28/2020","SIR","590"
"06/28/2020","MNR","15,918"
"06/28/2020","LIRR","25,680"
"06/28/2020","Bus","10,167"
"06/28/2020","AAR","5,748"
"06/27/2020","BT","541,589"
"06/27/2020","Subway","615,398"
"06/27/2020","SIR","686"
"06/27/2020","MNR","17,932"
"06/27/2020","LIRR","26,773"
"06/27/2020","Bus","12,942"
"06/27/2020","AAR","8,541"
"06/26/2020","MNR","29,700"
"06/26/2020","Subway","1,102,382"
"06/26/2020","SIR","2,115"
"06/26/2020","LIRR","55,647"
"06/26/2020","Bus","30,480"
"06/26/2020","BT","723,614"
"06/26/2020","AAR","15,048"
"06/25/2020","AAR","14,854"
"06/25/2020","Subway","1,078,796"
"06/25/2020","SIR","2,210"
"06/25/2020","MNR","25,644"
"06/25/2020","LIRR","53,444"
"06/25/2020","Bus","32,393"
"06/25/2020","BT","680,113"
"06/24/2020","BT","651,692"
"06/24/2020","Subway","1,068,333"
"06/24/2020","SIR","2,194"
"06/24/2020","MNR","25,277"
"06/24/2020","LIRR","52,354"
"06/24/2020","Bus","32,504"
"06/24/2020","AAR","15,155"
"06/23/2020","BT","647,403"
"06/23/2020","Subway","1,050,786"
"06/23/2020","SIR","2,219"
"06/23/2020","MNR","24,909"
"06/23/2020","LIRR","52,898"
"06/23/2020","Bus","32,305"
"06/23/2020","AAR","15,069"
"06/22/2020","Bus","30,863"
"06/22/2020","Subway","1,000,046"
"06/22/2020","SIR","2,027"
"06/22/2020","AAR","13,314"
"06/22/2020","MNR","25,367"
"06/22/2020","LIRR","53,878"
"06/22/2020","BT","638,159"
"06/21/2020","AAR","6,328"
"06/21/2020","Subway","449,497"
"06/21/2020","SIR",
"06/21/2020","MNR","16,719"
"06/21/2020","LIRR","27,094"
"06/21/2020","Bus","9,072"
"06/21/2020","BT","566,717"
"06/20/2020","AAR","8,185"
"06/20/2020","Subway","576,075"
"06/20/2020","SIR","22"
"06/20/2020","MNR","18,559"
"06/20/2020","LIRR","28,959"
"06/20/2020","Bus","11,899"
"06/20/2020","BT","577,260"
"06/19/2020","BT","694,039"
"06/19/2020","Subway","986,929"
"06/19/2020","SIR","1,751"
"06/19/2020","MNR","27,772"
"06/19/2020","LIRR","50,201"
"06/19/2020","Bus","25,578"
"06/19/2020","AAR","13,868"
"06/18/2020","BT","631,766"
"06/18/2020","Subway","942,382"
"06/18/2020","SIR","1,936"
"06/18/2020","MNR","24,081"
"06/18/2020","LIRR","47,851"
"06/18/2020","Bus","27,516"
"06/18/2020","AAR","13,808"
"06/17/2020","AAR","14,595"
"06/17/2020","Subway","948,461"
"06/17/2020","SIR","1,857"
"06/17/2020","MNR","24,167"
"06/17/2020","LIRR","47,166"
"06/17/2020","Bus","27,924"
"06/17/2020","BT","614,357"
"06/16/2020","AAR","12,939"
"06/16/2020","Subway","932,671"
"06/16/2020","SIR","1,874"
"06/16/2020","MNR","22,555"
"06/16/2020","LIRR","46,876"
"06/16/2020","Bus","28,049"
"06/16/2020","BT","601,457"
"06/15/2020","BT","584,897"
"06/15/2020","Subway","897,112"
"06/15/2020","SIR","1,813"
"06/15/2020","MNR","22,841"
"06/15/2020","LIRR","47,545"
"06/15/2020","Bus","27,057"
"06/15/2020","AAR","12,953"
"06/14/2020","BT","487,268"
"06/14/2020","Subway","430,439"
"06/14/2020","SIR","7"
"06/14/2020","MNR","13,794"
"06/14/2020","LIRR","20,859"
"06/14/2020","Bus","8,731"
"06/14/2020","AAR","5,195"
"06/13/2020","BT","543,506"
"06/13/2020","Subway","545,316"
"06/13/2020","SIR","17"
"06/13/2020","MNR","16,675"
"06/13/2020","LIRR","25,355"
"06/13/2020","Bus","12,115"
"06/13/2020","AAR","7,794"
"06/12/2020","AAR","13,224"
"06/12/2020","Subway","896,658"
"06/12/2020","SIR","1,656"
"06/12/2020","MNR","24,165"
"06/12/2020","LIRR","45,072"
"06/12/2020","Bus","24,459"
"06/12/2020","BT","664,835"
"06/11/2020","AAR","12,514"
"06/11/2020","Subway","818,297"
"06/11/2020","SIR","1,576"
"06/11/2020","MNR","19,525"
"06/11/2020","LIRR","40,961"
"06/11/2020","Bus","24,284"
"06/11/2020","BT","566,200"
"06/10/2020","BT","586,815"
"06/10/2020","Subway","857,015"
"06/10/2020","SIR","1,767"
"06/10/2020","MNR","20,517"
"06/10/2020","LIRR","43,083"
"06/10/2020","Bus","26,735"
"06/10/2020","AAR","13,616"
"06/09/2020","BT","589,581"
"06/09/2020","Subway","842,306"
"06/09/2020","SIR","1,662"
"06/09/2020","MNR","19,543"
"06/09/2020","LIRR","42,274"
"06/09/2020","Bus","26,247"
"06/09/2020","AAR","12,869"
"06/08/2020","BT","556,739"
"06/08/2020","Subway","804,542"
"06/08/2020","SIR","1,596"
"06/08/2020","MNR","20,140"
"06/08/2020","LIRR","42,630"
"06/08/2020","Bus","25,663"
"06/08/2020","AAR","11,957"
"06/07/2020","MNR","11,231"
"06/07/2020","Subway","377,990"
"06/07/2020","SIR","95"
"06/07/2020","LIRR","16,797"
"06/07/2020","Bus","7,579"
"06/07/2020","BT","466,227"
"06/07/2020","AAR","4,650"
"06/06/2020","AAR","6,591"
"06/06/2020","Subway","464,198"
"06/06/2020","SIR","9"
"06/06/2020","MNR","12,179"
"06/06/2020","LIRR","18,090"
"06/06/2020","Bus","8,912"
"06/06/2020","BT","473,661"
"06/05/2020","BT","555,332"
"06/05/2020","Subway","703,576"
"06/05/2020","SIR","1,249"
"06/05/2020","MNR","18,065"
"06/05/2020","LIRR","33,482"
"06/05/2020","Bus","16,863"
"06/05/2020","AAR","11,698"
"06/04/2020","BT","562,094"
"06/04/2020","Subway","726,672"
"06/04/2020","SIR","1,346"
"06/04/2020","MNR","17,149"
"06/04/2020","LIRR","29,771"
"06/04/2020","Bus","18,538"
"06/04/2020","AAR","12,000"
"06/03/2020","Bus","17,830"
"06/03/2020","Subway","681,714"
"06/03/2020","SIR","1,323"
"06/03/2020","AAR","11,962"
"06/03/2020","MNR","15,649"
"06/03/2020","LIRR","32,523"
"06/03/2020","BT","500,559"
"06/02/2020","MNR","16,294"
"06/02/2020","Subway","693,760"
"06/02/2020","SIR","1,516"
"06/02/2020","LIRR","33,769"
"06/02/2020","Bus","16,576"
"06/02/2020","BT","497,721"
"06/02/2020","AAR","11,206"
"06/01/2020","AAR","10,760"
"06/01/2020","Subway","687,162"
"06/01/2020","SIR","1,358"
"06/01/2020","MNR","16,184"
"06/01/2020","LIRR","34,339"
"06/01/2020","Bus","17,833"
"06/01/2020","BT","511,968"
"05/31/2020","BT","426,968"
"05/31/2020","Subway","344,426"
"05/31/2020","SIR","2"
"05/31/2020","MNR","9,390"
"05/31/2020","LIRR","13,554"
"05/31/2020","Bus","6,724"
"05/31/2020","AAR","4,216"
"05/30/2020","BT","461,626"
"05/30/2020","Subway","426,737"
"05/30/2020","SIR","18"
"05/30/2020","MNR","11,003"
"05/30/2020","LIRR","15,557"
"05/30/2020","Bus","9,112"
"05/30/2020","AAR","6,143"
"05/29/2020","AAR","10,185"
"05/29/2020","Subway","657,259"
"05/29/2020","SIR","1,094"
"05/29/2020","MNR","15,697"
"05/29/2020","LIRR","25,070"
"05/29/2020","Bus","16,378"
"05/29/2020","BT","517,166"
"05/28/2020","AAR","10,030"
"05/28/2020","Subway","658,057"
"05/28/2020","SIR","1,191"
"05/28/2020","MNR","14,161"
"05/28/2020","LIRR","25,175"
"05/28/2020","Bus","17,535"
"05/28/2020","BT","503,174"
"05/27/2020","BT","516,570"
"05/27/2020","Subway","674,465"
"05/27/2020","SIR","1,240"
"05/27/2020","MNR","14,432"
"05/27/2020","LIRR","26,483"
"05/27/2020","Bus","17,911"
"05/27/2020","AAR","11,088"
"05/26/2020","BT","506,197"
"05/26/2020","Subway","656,766"
"05/26/2020","SIR","1,173"
"05/26/2020","MNR","14,937"
"05/26/2020","LIRR","26,691"
"05/26/2020","Bus","17,819"
"05/26/2020","AAR","9,875"
"05/25/2020","BT","383,110"
"05/25/2020","Subway","393,918"
"05/25/2020","SIR","441"
"05/25/2020","MNR","12,982"
"05/25/2020","LIRR","19,321"
"05/25/2020","Bus","7,996"
"05/25/2020","AAR","5,428"
"05/24/2020","AAR","4,117"
"05/24/2020","Subway","320,015"
"05/24/2020","SIR","361"
"05/24/2020","MNR","8,977"
"05/24/2020","LIRR","11,871"
"05/24/2020","Bus","6,642"
"05/24/2020","BT","394,315"
"05/23/2020","AAR","5,550"
"05/23/2020","Subway","335,830"
"05/23/2020","SIR","420"
"05/23/2020","MNR","7,613"
"05/23/2020","LIRR","10,983"
"05/23/2020","Bus","7,186"
"05/23/2020","BT","334,555"
"05/22/2020","BT","542,006"
"05/22/2020","Subway","633,883"
"05/22/2020","SIR","1,046"
"05/22/2020","MNR","14,711"
"05/22/2020","LIRR","22,830"
"05/22/2020","Bus","16,453"
"05/22/2020","AAR","9,782"
"05/21/2020","BT","502,922"
"05/21/2020","Subway","629,298"
"05/21/2020","SIR","1,069"
"05/21/2020","MNR","13,294"
"05/21/2020","LIRR","22,585"
"05/21/2020","Bus","17,565"
"05/21/2020","AAR","9,731"
"05/20/2020","BT","465,004"
"05/20/2020","Subway","623,749"
"05/20/2020","SIR","1,044"
"05/20/2020","MNR","12,753"
"05/20/2020","LIRR","22,224"
"05/20/2020","Bus","17,674"
"05/20/2020","AAR","10,224"
"05/19/2020","MNR","12,777"
"05/19/2020","Subway","610,884"
"05/19/2020","SIR","1,067"
"05/19/2020","LIRR","21,599"
"05/19/2020","Bus","17,296"
"05/19/2020","BT","455,808"
"05/19/2020","AAR","9,290"
"05/18/2020","AAR","8,969"
"05/18/2020","Subway","595,469"
"05/18/2020","SIR","1,036"
"05/18/2020","MNR","13,141"
"05/18/2020","LIRR","22,113"
"05/18/2020","Bus","17,206"
"05/18/2020","BT","431,981"
"05/17/2020","BT","336,478"
"05/17/2020","Subway","287,418"
"05/17/2020","SIR","337"
"05/17/2020","MNR","6,168"
"05/17/2020","LIRR","8,793"
"05/17/2020","Bus","6,504"
"05/17/2020","AAR","3,577"
"05/16/2020","BT","411,404"
"05/16/2020","Subway","360,844"
"05/16/2020","SIR","485"
"05/16/2020","MNR","8,100"
"05/16/2020","LIRR","11,075"
"05/16/2020","Bus","8,742"
"05/16/2020","AAR","5,947"
"05/15/2020","LIRR","20,092"
"05/15/2020","Subway","587,808"
"05/15/2020","SIR","976"
"05/15/2020","BT","484,177"
"05/15/2020","AAR","9,473"
"05/15/2020","MNR","12,936"
"05/15/2020","Bus","15,481"
"05/14/2020","MNR","12,131"
"05/14/2020","Subway","567,392"
"05/14/2020","SIR","923"
"05/14/2020","LIRR","19,310"
"05/14/2020","Bus","15,905"
"05/14/2020","BT","444,415"
"05/14/2020","AAR","8,855"
"05/13/2020","AAR","9,437"
"05/13/2020","Subway","565,377"
"05/13/2020","SIR","956"
"05/13/2020","MNR","11,931"
"05/13/2020","LIRR","19,356"
"05/13/2020","Bus","16,170"
"05/13/2020","BT","435,051"
"05/12/2020","BT","416,060"
"05/12/2020","Subway","553,372"
"05/12/2020","SIR","914"
"05/12/2020","MNR","11,488"
"05/12/2020","LIRR","19,018"
"05/12/2020","Bus","15,989"
"05/12/2020","AAR","8,271"
"05/11/2020","BT","390,499"
"05/11/2020","Subway","520,873"
"05/11/2020","SIR","829"
"05/11/2020","MNR","11,434"
"05/11/2020","LIRR","18,349"
"05/11/2020","Bus","15,176"
"05/11/2020","AAR","7,636"
"05/10/2020","AAR","3,962"
"05/10/2020","Subway","271,947"
"05/10/2020","SIR","406"
"05/10/2020","MNR","5,878"
"05/10/2020","LIRR","7,990"
"05/10/2020","Bus","6,367"
"05/10/2020","BT","355,358"
"05/09/2020","AAR","5,055"
"05/09/2020","Subway","316,883"
"05/09/2020","SIR","489"
"05/09/2020","MNR","6,017"
"05/09/2020","LIRR","7,651"
"05/09/2020","Bus","7,594"
"05/09/2020","BT","315,809"
"05/08/2020","BT","414,244"
"05/08/2020","Subway","526,054"
"05/08/2020","SIR","811"
"05/08/2020","MNR","11,242"
"05/08/2020","LIRR","15,714"
"05/08/2020","Bus","14,571"
"05/08/2020","AAR","8,656"
"05/07/2020","BT","417,360"
"05/07/2020","Subway","535,073"
"05/07/2020","SIR","930"
"05/07/2020","MNR","11,247"
"05/07/2020","LIRR","16,139"
"05/07/2020","Bus","16,130"
"05/07/2020","AAR","8,509"
"05/06/2020","BT","378,599"
"05/06/2020","Subway","508,824"
"05/06/2020","SIR","822"
"05/06/2020","MNR","10,107"
"05/06/2020","LIRR","14,489"
"05/06/2020","Bus","15,677"
"05/06/2020","AAR","8,832"
"05/05/2020","MNR","10,604"
"05/05/2020","Subway","522,085"
"05/05/2020","SIR","894"
"05/05/2020","LIRR","13,265"
"05/05/2020","Bus","16,377"
"05/05/2020","BT","393,984"
"05/05/2020","AAR","8,445"
"05/04/2020","AAR","8,287"
"05/04/2020","Subway","511,866"
"05/04/2020","SIR","897"
"05/04/2020","MNR","10,764"
"05/04/2020","LIRR","11,158"
"05/04/2020","Bus","16,315"
"05/04/2020","BT","381,469"
"05/03/2020","BT","303,778"
"05/03/2020","Subway","258,865"
"05/03/2020","SIR","334"
"05/03/2020","MNR","4,839"
"05/03/2020","LIRR","3,314"
"05/03/2020","Bus","6,404"
"05/03/2020","AAR","3,263"
"05/02/2020","BT","345,806"
"05/02/2020","Subway","325,865"
"05/02/2020","SIR","489"
"05/02/2020","MNR","5,908"
"05/02/2020","LIRR","3,959"
"05/02/2020","Bus","8,912"
"05/02/2020","AAR","5,493"
"05/01/2020","AAR","8,332"
"05/01/2020","Subway","494,549"
"05/01/2020","SIR","763"
"05/01/2020","MNR","9,206"
"05/01/2020","LIRR","6,200"
"05/01/2020","Bus","14,893"
"05/01/2020","BT","379,886"
"04/30/2020","AAR","7,253"
"04/30/2020","Subway","465,869"
"04/30/2020","SIR","764"
"04/30/2020","MNR","9,971"
"04/30/2020","LIRR","9,335"
"04/30/2020","Bus","14,062"
"04/30/2020","BT","344,704"
"04/29/2020","BT","348,833"
"04/29/2020","Subway","477,799"
"04/29/2020","SIR","790"
"04/29/2020","MNR","10,165"
"04/29/2020","LIRR","9,100"
"04/29/2020","Bus","15,406"
"04/29/2020","AAR","7,844"
"04/28/2020","BT","372,121"
"04/28/2020","Subway","489,247"
"04/28/2020","SIR","826"
"04/28/2020","MNR","10,531"
"04/28/2020","LIRR","9,167"
"04/28/2020","Bus","16,380"
"04/28/2020","AAR","7,542"
"04/27/2020","Bus","15,283"
"04/27/2020","Subway","462,888"
"04/27/2020","SIR","812"
"04/27/2020","AAR","6,922"
"04/27/2020","MNR","10,243"
"04/27/2020","LIRR","8,828"
"04/27/2020","BT","326,068"
"04/26/2020","AAR","2,506"
"04/26/2020","Subway","218,787"
"04/26/2020","SIR","309"
"04/26/2020","MNR","3,495"
"04/26/2020","LIRR","1,903"
"04/26/2020","Bus","5,498"
"04/26/2020","BT","197,375"
"04/25/2020","AAR","4,719"
"04/25/2020","Subway","295,387"
"04/25/2020","SIR","449"
"04/25/2020","MNR","4,987"
"04/25/2020","LIRR","2,869"
"04/25/2020","Bus","8,832"
"04/25/2020","BT","301,092"
"04/24/2020","BT","330,440"
"04/24/2020","Subway","443,956"
"04/24/2020","SIR","688"
"04/24/2020","MNR","9,722"
"04/24/2020","LIRR","7,821"
"04/24/2020","Bus","14,237"
"04/24/2020","AAR","7,040"
"04/23/2020","BT","328,530"
"04/23/2020","Subway","453,520"
"04/23/2020","SIR","780"
"04/23/2020","MNR","9,527"
"04/23/2020","LIRR","8,425"
"04/23/2020","Bus","15,786"
"04/23/2020","AAR","6,969"
"04/22/2020","AAR","7,496"
"04/22/2020","Subway","458,781"
"04/22/2020","SIR","793"
"04/22/2020","MNR","9,694"
"04/22/2020","LIRR","8,674"
"04/22/2020","Bus","16,487"
"04/22/2020","BT","340,320"
"04/21/2020","AAR","6,613"
"04/21/2020","Subway","422,107"
"04/21/2020","SIR","753"
"04/21/2020","MNR","9,374"
"04/21/2020","LIRR","8,264"
"04/21/2020","Bus","15,231"
"04/21/2020","BT","301,581"
"04/20/2020","BT","316,291"
"04/20/2020","Subway","437,852"
"04/20/2020","SIR","770"
"04/20/2020","MNR","10,063"
"04/20/2020","LIRR","8,912"
"04/20/2020","Bus","16,522"
"04/20/2020","AAR","7,050"
"04/19/2020","BT","236,862"
"04/19/2020","Subway","224,411"
"04/19/2020","SIR","340"
"04/19/2020","MNR","3,884"
"04/19/2020","LIRR","2,159"
"04/19/2020","Bus","6,929"
"04/19/2020","AAR","2,742"
"04/18/2020","BT","215,953"
"04/18/2020","Subway","254,453"
"04/18/2020","SIR","339"
"04/18/2020","MNR","3,965"
"04/18/2020","LIRR","2,449"
"04/18/2020","Bus","8,115"
"04/18/2020","AAR","4,202"
"04/17/2020","AAR","7,048"
"04/17/2020","Subway","432,368"
"04/17/2020","SIR","738"
"04/17/2020","MNR","9,989"
"04/17/2020","LIRR","8,271"
"04/17/2020","Bus","16,350"
"04/17/2020","BT","323,119"
"04/16/2020","AAR","6,563"
"04/16/2020","Subway","420,223"
"04/16/2020","SIR","790"
"04/16/2020","MNR","9,528"
"04/16/2020","LIRR","8,462"
"04/16/2020","Bus","16,632"
"04/16/2020","BT","295,000"
"04/15/2020","BT","290,010"
"04/15/2020","Subway","419,059"
"04/15/2020","SIR","792"
"04/15/2020","MNR","9,492"
"04/15/2020","LIRR","8,596"
"04/15/2020","Bus","16,895"
"04/15/2020","AAR","6,928"
"04/14/2020","BT","302,390"
"04/14/2020","Subway","430,155"
"04/14/2020","SIR","791"
"04/14/2020","MNR","9,592"
"04/14/2020","LIRR","8,816"
"04/14/2020","Bus","17,937"
"04/14/2020","AAR","6,585"
"04/13/2020","BT","241,674"
"04/13/2020","Subway","363,312"
"04/13/2020","SIR","649"
"04/13/2020","MNR","8,824"
"04/13/2020","LIRR","8,192"
"04/13/2020","Bus","14,408"
"04/13/2020","AAR","6,205"
"04/12/2020","MNR","3,281"
"04/12/2020","Subway","198,399"
"04/12/2020","SIR","294"
"04/12/2020","LIRR","2,245"
"04/12/2020","Bus","7,041"
"04/12/2020","BT","185,082"
"04/12/2020","AAR","2,525"
"04/11/2020","AAR","4,235"
"04/11/2020","Subway","257,061"
"04/11/2020","SIR","406"
"04/11/2020","MNR","4,179"
"04/11/2020","LIRR","2,749"
"04/11/2020","Bus","9,718"
"04/11/2020","BT","217,170"
"04/10/2020","BT","267,101"
"04/10/2020","Subway","400,275"
"04/10/2020","SIR","672"
"04/10/2020","MNR","9,573"
"04/10/2020","LIRR","8,247"
"04/10/2020","Bus","17,135"
"04/10/2020","AAR","5,378"
"04/09/2020","BT","257,761"
"04/09/2020","Subway","404,635"
"04/09/2020","SIR","690"
"04/09/2020","MNR","8,931"
"04/09/2020","LIRR","8,413"
"04/09/2020","Bus","18,734"
"04/09/2020","AAR","6,243"
"04/08/2020","Bus","20,361"
"04/08/2020","Subway","427,485"
"04/08/2020","SIR","721"
"04/08/2020","AAR","6,950"
"04/08/2020","MNR","9,292"
"04/08/2020","LIRR","9,039"
"04/08/2020","BT","275,495"
"04/07/2020","AAR","7,041"
"04/07/2020","Subway","434,986"
"04/07/2020","SIR","732"
"04/07/2020","MNR","9,589"
"04/07/2020","LIRR","9,312"
"04/07/2020","Bus","21,623"
"04/07/2020","BT","284,087"
"04/06/2020","AAR","7,093"
"04/06/2020","Subway","445,454"
"04/06/2020","SIR","819"
"04/06/2020","MNR","9,832"
"04/06/2020","LIRR","10,127"
"04/06/2020","Bus","22,418"
"04/06/2020","BT","284,125"
"04/05/2020","BT","178,015"
"04/05/2020","Subway","227,303"
"04/05/2020","SIR","300"
"04/05/2020","MNR","3,601"
"04/05/2020","LIRR","2,969"
"04/05/2020","Bus","9,748"
"04/05/2020","AAR","2,763"
"04/04/2020","BT","207,438"
"04/04/2020","Subway","282,278"
"04/04/2020","SIR","425"
"04/04/2020","MNR","4,451"
"04/04/2020","LIRR","3,727"
"04/04/2020","Bus","13,168"
"04/04/2020","AAR","4,375"
"04/03/2020","AAR","7,794"
"04/03/2020","Subway","483,357"
"04/03/2020","SIR","843"
"04/03/2020","MNR","9,770"
"04/03/2020","LIRR","9,657"
"04/03/2020","Bus","24,418"
"04/03/2020","BT","288,361"
"04/02/2020","AAR","7,077"
"04/02/2020","Subway","485,586"
"04/02/2020","SIR","882"
"04/02/2020","MNR","9,492"
"04/02/2020","LIRR","10,057"
"04/02/2020","Bus","26,788"
"04/02/2020","BT","287,703"
"04/01/2020","BT","289,625"
"04/01/2020","Subway","513,481"
"04/01/2020","SIR","720"
"04/01/2020","MNR","9,300"
"04/01/2020","LIRR","10,548"
"04/01/2020","Bus","29,373"
"04/01/2020","AAR","8,151"
"03/31/2020","BT","285,703"
"03/31/2020","Subway","508,106"
"03/31/2020","SIR","1,043"
"03/31/2020","MNR","137,464"
"03/31/2020","LIRR","16,194"
"03/31/2020","Bus","32,211"
"03/31/2020","AAR","7,672"
"03/30/2020","BT","292,157"
"03/30/2020","Subway","545,215"
"03/30/2020","SIR","1,140"
"03/30/2020","MNR","137,762"
"03/30/2020","LIRR","19,741"
"03/30/2020","Bus","33,659"
"03/30/2020","AAR","8,084"
"03/29/2020","AAR","3,374"
"03/29/2020","Subway","263,700"
"03/29/2020","SIR","419"
"03/29/2020","MNR","18,152"
"03/29/2020","LIRR","4,358"
"03/29/2020","Bus","14,307"
"03/29/2020","BT","167,032"
"03/28/2020","AAR","4,491"
"03/28/2020","Subway","332,393"
"03/28/2020","SIR","600"
"03/28/2020","MNR","19,088"
"03/28/2020","LIRR","5,279"
"03/28/2020","Bus","19,745"
"03/28/2020","BT","203,924"
"03/27/2020","BT","337,501"
"03/27/2020","Subway","656,817"
"03/27/2020","SIR","1,495"
"03/27/2020","MNR","138,903"
"03/27/2020","LIRR","20,355"
"03/27/2020","Bus","45,514"
"03/27/2020","AAR","8,409"
"03/26/2020","BT","331,502"
"03/26/2020","Subway","680,360"
"03/26/2020","SIR","1,563"
"03/26/2020","MNR","138,668"
"03/26/2020","LIRR","23,809"
"03/26/2020","Bus","49,970"
"03/26/2020","AAR","8,795"
"03/25/2020","BT","318,687"
"03/25/2020","Subway","690,032"
"03/25/2020","SIR","1,572"
"03/25/2020","MNR","138,239"
"03/25/2020","LIRR","26,143"
"03/25/2020","Bus","51,769"
"03/25/2020","AAR","9,512"
"03/24/2020","MNR","139,194"
"03/24/2020","Subway","741,587"
"03/24/2020","SIR","1,727"
"03/24/2020","LIRR","29,785"
"03/24/2020","Bus","60,334"
"03/24/2020","BT","336,568"
"03/24/2020","AAR","9,133"
"03/23/2020","AAR","9,902"
"03/23/2020","Subway","709,499"
"03/23/2020","SIR","1,639"
"03/23/2020","MNR","139,285"
"03/23/2020","LIRR","30,564"
"03/23/2020","Bus","59,321"
"03/23/2020","BT","307,988"
"03/22/2020","BT","237,248"
"03/22/2020","Subway","408,723"
"03/22/2020","SIR","641"
"03/22/2020","MNR","20,830"
"03/22/2020","LIRR","8,891"
"03/22/2020","Bus","73,517"
"03/22/2020","AAR","4,824"
"03/21/2020","BT","327,396"
"03/21/2020","Subway","619,618"
"03/21/2020","SIR","1,044"
"03/21/2020","MNR","23,700"
"03/21/2020","LIRR","12,438"
"03/21/2020","Bus","411,491"
"03/21/2020","AAR","6,467"
"03/20/2020","Bus","868,602"
"03/20/2020","Subway","1,309,125"
"03/20/2020","SIR","3,124"
"03/20/2020","AAR","12,744"
"03/20/2020","MNR","145,160"
"03/20/2020","LIRR","50,021"
"03/20/2020","BT","483,475"
"03/19/2020","MNR","144,466"
"03/19/2020","Subway","1,422,112"
"03/19/2020","SIR","3,452"
"03/19/2020","LIRR","59,538"
"03/19/2020","Bus","933,602"
"03/19/2020","BT","487,894"
"03/19/2020","AAR","14,116"
"03/18/2020","AAR","15,942"
"03/18/2020","Subway","1,625,280"
"03/18/2020","SIR","4,133"
"03/18/2020","MNR","146,118"
"03/18/2020","LIRR","74,883"
"03/18/2020","Bus","1,059,502"
"03/18/2020","BT","545,521"
"03/17/2020","BT","561,066"
"03/17/2020","Subway","1,788,786"
"03/17/2020","SIR","4,573"
"03/17/2020","MNR","147,391"
"03/17/2020","LIRR","83,578"
"03/17/2020","Bus","1,094,949"
"03/17/2020","AAR","18,173"
"03/16/2020","BT","615,758"
"03/16/2020","Subway","2,178,555"
"03/16/2020","SIR","5,741"
"03/16/2020","MNR","153,262"
"03/16/2020","LIRR","119,333"
"03/16/2020","Bus","1,237,309"
"03/16/2020","AAR","21,145"
"03/15/2020","AAR","12,480"
"03/15/2020","Subway","1,157,711"
"03/15/2020","SIR","1,368"
"03/15/2020","MNR","32,641"
"03/15/2020","LIRR","33,407"
"03/15/2020","Bus","711,555"
"03/15/2020","BT","461,936"
"03/14/2020","AAR","13,394"
"03/14/2020","Subway","1,670,665"
"03/14/2020","SIR","2,135"
"03/14/2020","MNR","39,701"
"03/14/2020","LIRR","44,885"
"03/14/2020","Bus","993,287"
"03/14/2020","BT","544,028"
"03/13/2020","BT","751,270"
"03/13/2020","Subway","3,484,996"
"03/13/2020","SIR","11,769"
"03/13/2020","MNR","167,176"
"03/13/2020","LIRR","158,582"
"03/13/2020","Bus","1,715,737"
"03/13/2020","AAR","26,640"
"03/12/2020","BT","772,233"
"03/12/2020","Subway","4,149,505"
"03/12/2020","SIR","14,169"
"03/12/2020","MNR","169,547"
"03/12/2020","LIRR","197,178"
"03/12/2020","Bus","1,938,424"
"03/12/2020","AAR","30,814"
"03/11/2020","BT","757,001"
"03/11/2020","Subway","4,697,122"
"03/11/2020","SIR","15,340"
"03/11/2020","MNR","175,074"
"03/11/2020","LIRR","245,798"
"03/11/2020","Bus","2,112,967"
"03/11/2020","AAR","32,198"
"03/10/2020","AAR","31,315"
"03/10/2020","Subway","4,867,818"
"03/10/2020","SIR","15,805"
"03/10/2020","MNR","179,050"
"03/10/2020","LIRR","259,324"
"03/10/2020","Bus","2,111,989"
"03/10/2020","BT","747,295"
"03/09/2020","AAR","29,609"
"03/09/2020","Subway","4,973,513"
"03/09/2020","SIR","16,122"
"03/09/2020","MNR","183,953"
"03/09/2020","LIRR","277,001"
"03/09/2020","Bus","2,124,770"
"03/09/2020","BT","754,118"
"03/08/2020","BT","669,603"
"03/08/2020","Subway","2,120,656"
"03/08/2020","SIR","1,672"
"03/08/2020","MNR","60,800"
"03/08/2020","LIRR","81,565"
"03/08/2020","Bus","957,163"
"03/08/2020","AAR","19,477"
"03/07/2020","BT","722,378"
"03/07/2020","Subway","2,814,637"
"03/07/2020","SIR","2,445"
"03/07/2020","MNR","75,838"
"03/07/2020","LIRR","106,058"
"03/07/2020","Bus","1,249,085"
"03/07/2020","AAR","18,117"
"03/06/2020","BT","830,505"
"03/06/2020","Subway","5,189,447"
"03/06/2020","SIR","15,285"
"03/06/2020","MNR","205,056"
"03/06/2020","LIRR","289,171"
"03/06/2020","Bus","2,066,743"
"03/06/2020","AAR","30,970"
"03/05/2020","MNR","194,386"
"03/05/2020","Subway","5,496,453"
"03/05/2020","SIR","17,203"
"03/05/2020","LIRR","307,597"
"03/05/2020","Bus","2,244,515"
"03/05/2020","BT","816,054"
"03/05/2020","AAR","33,209"
"03/04/2020","AAR","34,297"
"03/04/2020","Subway","5,498,809"
"03/04/2020","SIR","17,136"
"03/04/2020","MNR","192,689"
"03/04/2020","LIRR","311,662"
"03/04/2020","Bus","2,177,165"
"03/04/2020","BT","794,316"
"03/03/2020","BT","773,392"
"03/03/2020","Subway","5,481,103"
"03/03/2020","SIR","17,453"
"03/03/2020","MNR","190,648"
"03/03/2020","LIRR","319,727"
"03/03/2020","Bus","2,228,608"
"03/03/2020","AAR","32,767"
"03/02/2020","BT","766,591"
"03/02/2020","Subway","5,329,915"
"03/02/2020","SIR","17,140"
"03/02/2020","MNR","180,701"
"03/02/2020","LIRR","321,569"
"03/02/2020","Bus","2,209,066"
"03/02/2020","AAR","30,338"
"03/01/2020","LIRR","86,790"
"03/01/2020","BT","690,074"
"03/01/2020","Bus","984,908"
"03/01/2020","SIR","1,636"
"03/01/2020","AAR","19,922"
"03/01/2020","MNR","55,825"
"03/01/2020","Subway","2,212,965"
