"month","division","line","day_type","num_on_time_trips","num_sched_trips","terminal_on_time_performance"
"2015-01-01","A DIVISION","1","1","6,874","9,017","76.2337806%"
"2015-01-01","A DIVISION","2","1","2,920","6,175","47.2874494%"
"2015-01-01","A DIVISION","3","1","4,004","5,834","68.6321563%"
"2015-01-01","A DIVISION","4","1","3,692","7,623","48.4323757%"
"2015-01-01","A DIVISION","5","1","3,203","6,491","49.3452473%"
"2015-01-01","A DIVISION","6","1","5,967","11,509","51.8463811%"
"2015-01-01","A DIVISION","7","1","10,595","12,322","85.9844181%"
"2015-01-01","A DIVISION","S 42nd","1","11,592","11,834","97.9550448%"
"2015-01-01","B DIVISION","A","1","4,956","7,327","67.6402347%"
"2015-01-01","B DIVISION","B","1","3,164","4,120","76.7961165%"
"2015-01-01","B DIVISION","C","1","3,359","4,000","83.975%"
"2015-01-01","B DIVISION","D","1","4,022","5,288","76.0590015%"
"2015-01-01","B DIVISION","E","1","5,453","7,894","69.0777806%"
"2015-01-01","B DIVISION","F","1","4,597","7,939","57.9040181%"
"2015-01-01","B DIVISION","G","1","3,961","5,664","69.9329096%"
"2015-01-01","B DIVISION","JZ","1","4,374","5,444","80.3453343%"
"2015-01-01","B DIVISION","L","1","9,109","9,808","92.8731648%"
"2015-01-01","B DIVISION","M","1","3,761","5,315","70.7619944%"
"2015-01-01","B DIVISION","N","1","3,601","5,259","68.4730937%"
"2015-01-01","B DIVISION","Q","1","3,737","5,348","69.8765894%"
"2015-01-01","B DIVISION","R","1","3,506","5,670","61.8342152%"
"2015-01-01","B DIVISION","S Fkln","1","2,337","2,354","99.277825%"
"2015-01-01","B DIVISION","S Rock","1","3,203","3,358","95.3841572%"
"2015-02-01","A DIVISION","1","1","6,067","8,579","70.719198%"
"2015-02-01","A DIVISION","2","1","2,185","5,901","37.0276224%"
"2015-02-01","A DIVISION","3","1","3,300","5,618","58.739765%"
"2015-02-01","A DIVISION","4","1","3,061","7,201","42.507985%"
"2015-02-01","A DIVISION","5","1","2,489","6,172","40.3272845%"
"2015-02-01","A DIVISION","6","1","4,255","10,630","40.028222%"
"2015-02-01","A DIVISION","7","1","9,057","11,727","77.2320287%"
"2015-02-01","A DIVISION","S 42nd","1","11,149","11,192","99.615797%"
"2015-02-01","B DIVISION","A","1","4,390","6,970","62.9842181%"
"2015-02-01","B DIVISION","B","1","2,678","3,914","68.4210526%"
"2015-02-01","B DIVISION","C","1","2,983","3,800","78.5%"
"2015-02-01","B DIVISION","D","1","3,404","5,063","67.2328659%"
"2015-02-01","B DIVISION","E","1","5,197","7,512","69.1826411%"
"2015-02-01","B DIVISION","F","1","3,963","7,465","53.0877428%"
"2015-02-01","B DIVISION","G","1","3,735","5,371","69.5401229%"
"2015-02-01","B DIVISION","JZ","1","3,750","5,193","72.2125939%"
"2015-02-01","B DIVISION","L","1","8,216","9,505","86.4387165%"
"2015-02-01","B DIVISION","M","1","3,324","5,054","65.7696874%"
"2015-02-01","B DIVISION","N","1","3,104","5,054","61.4166996%"
"2015-02-01","B DIVISION","Q","1","3,433","5,089","67.4592258%"
"2015-02-01","B DIVISION","R","1","3,103","5,371","57.7732266%"
"2015-02-01","B DIVISION","S Fkln","1","2,223","2,242","99.1525424%"
"2015-02-01","B DIVISION","S Rock","1","3,009","3,195","94.1784038%"
"2015-03-01","A DIVISION","1","1","7,435","9,929","74.8816598%"
"2015-03-01","A DIVISION","2","1","3,138","7,213","43.504783%"
"2015-03-01","A DIVISION","3","1","4,015","6,304","63.6897208%"
"2015-03-01","A DIVISION","4","1","3,218","8,076","39.8464586%"
"2015-03-01","A DIVISION","5","1","2,776","7,145","38.8523443%"
"2015-03-01","A DIVISION","6","1","4,931","12,246","40.2662094%"
"2015-03-01","A DIVISION","7","1","10,949","13,571","80.6793899%"
"2015-03-01","A DIVISION","S 42nd","1","13,226","13,290","99.5184349%"
"2015-03-01","B DIVISION","A","1","5,271","8,040","65.5597015%"
"2015-03-01","B DIVISION","B","1","3,605","4,525","79.6685083%"
"2015-03-01","B DIVISION","C","1","3,521","4,400","80.0227273%"
"2015-03-01","B DIVISION","D","1","4,460","5,793","76.9894701%"
"2015-03-01","B DIVISION","E","1","6,199","8,692","71.3184538%"
"2015-03-01","B DIVISION","F","1","4,844","8,450","57.3254438%"
"2015-03-01","B DIVISION","G","1","3,856","6,093","63.2857377%"
"2015-03-01","B DIVISION","JZ","1","4,816","5,996","80.3202135%"
"2015-03-01","B DIVISION","L","1","10,286","11,187","91.9460088%"
"2015-03-01","B DIVISION","M","1","3,945","5,852","67.4128503%"
"2015-03-01","B DIVISION","N","1","4,222","5,852","72.1462748%"
"2015-03-01","B DIVISION","Q","1","4,474","5,891","75.9463589%"
"2015-03-01","B DIVISION","R","1","3,612","6,248","57.8104994%"
"2015-03-01","B DIVISION","S Fkln","1","2,572","2,596","99.0755008%"
"2015-03-01","B DIVISION","S Rock","1","3,530","3,701","95.3796271%"
"2015-04-01","A DIVISION","1","1","7,690","9,932","77.4265002%"
"2015-04-01","A DIVISION","2","1","3,290","7,054","46.6402041%"
"2015-04-01","A DIVISION","3","1","4,494","6,704","67.0346062%"
"2015-04-01","A DIVISION","4","1","3,541","8,080","43.8242574%"
"2015-04-01","A DIVISION","5","1","3,237","7,332","44.1489362%"
"2015-04-01","A DIVISION","6","1","5,109","12,252","41.6993144%"
"2015-04-01","A DIVISION","7","1","10,597","13,293","79.7186489%"
"2015-04-01","A DIVISION","S 42nd","1","12,780","12,875","99.2621359%"
"2015-04-01","B DIVISION","A","1","5,750","8,070","71.2515489%"
"2015-04-01","B DIVISION","B","1","3,694","4,532","81.5092674%"
"2015-04-01","B DIVISION","C","1","3,737","4,353","85.8488399%"
"2015-04-01","B DIVISION","D","1","4,568","5,826","78.4071404%"
"2015-04-01","B DIVISION","E","1","6,230","8,696","71.6421343%"
"2015-04-01","B DIVISION","F","1","5,582","8,962","62.2852042%"
"2015-04-01","B DIVISION","G","1","3,999","6,164","64.8767034%"
"2015-04-01","B DIVISION","JZ","1","4,770","5,998","79.5265088%"
"2015-04-01","B DIVISION","L","1","9,972","10,792","92.4017791%"
"2015-04-01","B DIVISION","M","1","4,247","5,852","72.5734792%"
"2015-04-01","B DIVISION","N","1","4,294","5,882","73.0023801%"
"2015-04-01","B DIVISION","Q","1","4,613","5,892","78.2926001%"
"2015-04-01","B DIVISION","R","1","3,759","6,248","60.1632522%"
"2015-04-01","B DIVISION","S Fkln","1","2,584","2,588","99.8454405%"
"2015-04-01","B DIVISION","S Rock","1","3,556","3,700","96.1081081%"
"2015-05-01","A DIVISION","1","1","7,104","9,031","78.6623851%"
"2015-05-01","A DIVISION","2","1","2,740","6,185","44.3007276%"
"2015-05-01","A DIVISION","3","1","4,087","6,092","67.0879842%"
"2015-05-01","A DIVISION","4","1","3,058","7,348","41.6167665%"
"2015-05-01","A DIVISION","5","1","2,663","6,624","40.2022947%"
"2015-05-01","A DIVISION","6","1","5,603","11,210","49.9821588%"
"2015-05-01","A DIVISION","7","1","10,280","12,345","83.27258%"
"2015-05-01","A DIVISION","S 42nd","1","11,295","11,640","97.0360825%"
"2015-05-01","B DIVISION","A","1","4,963","7,369","67.3497082%"
"2015-05-01","B DIVISION","B","1","3,178","4,120","77.1359223%"
"2015-05-01","B DIVISION","C","1","3,177","4,000","79.425%"
"2015-05-01","B DIVISION","D","1","3,979","5,297","75.1179913%"
"2015-05-01","B DIVISION","E","1","5,281","7,908","66.7804755%"
"2015-05-01","B DIVISION","F","1","4,630","7,789","59.442804%"
"2015-05-01","B DIVISION","G","1","3,741","5,603","66.767803%"
"2015-05-01","B DIVISION","JZ","1","3,935","5,454","72.1488816%"
"2015-05-01","B DIVISION","L","1","9,561","10,036","95.2670387%"
"2015-05-01","B DIVISION","M","1","3,614","5,320","67.9323308%"
"2015-05-01","B DIVISION","N","1","3,450","5,320","64.8496241%"
"2015-05-01","B DIVISION","Q","1","3,922","5,732","68.422889%"
"2015-05-01","B DIVISION","R","1","3,142","5,680","55.3169014%"
"2015-05-01","B DIVISION","S Fkln","1","2,360","2,360","100%"
"2015-05-01","B DIVISION","S Rock","1","3,150","3,334","94.4811038%"
"2015-06-01","A DIVISION","1","1","8,011","9,929","80.6828482%"
"2015-06-01","A DIVISION","2","1","2,916","6,834","42.6690079%"
"2015-06-01","A DIVISION","3","1","4,469","6,508","68.6693301%"
"2015-06-01","A DIVISION","4","1","3,566","8,271","43.1144964%"
"2015-06-01","A DIVISION","5","1","2,884","7,145","40.3638908%"
"2015-06-01","A DIVISION","6","1","5,923","12,491","47.4181411%"
"2015-06-01","A DIVISION","7","1","11,459","13,571","84.4374033%"
"2015-06-01","A DIVISION","S 42nd","1","12,594","12,870","97.8554779%"
"2015-06-01","B DIVISION","A","1","5,429","8,069","67.2821911%"
"2015-06-01","B DIVISION","B","1","3,486","4,532","76.9196823%"
"2015-06-01","B DIVISION","C","1","3,502","4,400","79.5909091%"
"2015-06-01","B DIVISION","D","1","4,276","5,825","73.4077253%"
"2015-06-01","B DIVISION","E","1","6,265","8,692","72.0777727%"
"2015-06-01","B DIVISION","F","1","5,033","8,374","60.1026988%"
"2015-06-01","B DIVISION","G","1","3,888","6,165","63.0656934%"
"2015-06-01","B DIVISION","JZ","1","4,071","6,005","67.7935054%"
"2015-06-01","B DIVISION","L","1","9,816","10,843","90.5284515%"
"2015-06-01","B DIVISION","M","1","4,096","5,852","69.9931647%"
"2015-06-01","B DIVISION","N","1","3,769","5,852","64.4053315%"
"2015-06-01","B DIVISION","Q","1","4,162","5,891","70.6501443%"
"2015-06-01","B DIVISION","R","1","3,475","6,248","55.6177977%"
"2015-06-01","B DIVISION","S Fkln","1","2,593","2,596","99.8844376%"
"2015-06-01","B DIVISION","S Rock","1","3,553","3,701","96.0010808%"
"2015-07-01","A DIVISION","1","1","7,293","9,932","73.4293194%"
"2015-07-01","A DIVISION","2","1","2,868","6,929","41.3912541%"
"2015-07-01","A DIVISION","3","1","4,310","6,564","65.6611822%"
"2015-07-01","A DIVISION","4","1","3,456","8,084","42.7511133%"
"2015-07-01","A DIVISION","5","1","2,739","7,078","38.6973721%"
"2015-07-01","A DIVISION","6","1","6,118","12,248","49.9510124%"
"2015-07-01","A DIVISION","7","1","11,379","13,576","83.8170301%"
"2015-07-01","A DIVISION","S 42nd","1","12,801","12,872","99.4484152%"
"2015-07-01","B DIVISION","A","1","5,336","8,228","64.8517258%"
"2015-07-01","B DIVISION","B","1","3,435","4,532","75.7943513%"
"2015-07-01","B DIVISION","C","1","3,407","4,400","77.4318182%"
"2015-07-01","B DIVISION","D","1","4,242","5,826","72.8115345%"
"2015-07-01","B DIVISION","E","1","5,962","8,696","68.5602576%"
"2015-07-01","B DIVISION","F","1","4,783","8,380","57.0763723%"
"2015-07-01","B DIVISION","G","1","3,973","6,164","64.4548994%"
"2015-07-01","B DIVISION","JZ","1","4,460","6,010","74.2096506%"
"2015-07-01","B DIVISION","L","1","9,774","10,802","90.4832438%"
"2015-07-01","B DIVISION","M","1","4,090","5,852","69.8906357%"
"2015-07-01","B DIVISION","N","1","4,230","6,221","67.9954991%"
"2015-07-01","B DIVISION","Q","1","4,108","5,892","69.7216565%"
"2015-07-01","B DIVISION","R","1","3,740","6,248","59.8591549%"
"2015-07-01","B DIVISION","S Fkln","1","2,587","2,596","99.6533128%"
"2015-07-01","B DIVISION","S Rock","1","3,523","3,700","95.2162162%"
"2015-08-01","A DIVISION","1","1","7,575","9,477","79.9303577%"
"2015-08-01","A DIVISION","2","1","2,648","6,533","40.5326802%"
"2015-08-01","A DIVISION","3","1","3,880","6,046","64.1746609%"
"2015-08-01","A DIVISION","4","1","3,430","7,713","44.4703747%"
"2015-08-01","A DIVISION","5","1","2,361","6,789","34.7768449%"
"2015-08-01","A DIVISION","6","1","6,547","11,683","56.0386887%"
"2015-08-01","A DIVISION","7","1","11,418","12,953","88.1494634%"
"2015-08-01","A DIVISION","S 42nd","1","12,764","12,843","99.3848789%"
"2015-08-01","B DIVISION","A","1","5,204","7,702","67.5668657%"
"2015-08-01","B DIVISION","B","1","3,386","4,326","78.27092%"
"2015-08-01","B DIVISION","C","1","3,549","4,200","84.5%"
"2015-08-01","B DIVISION","D","1","4,083","5,470","74.6435101%"
"2015-08-01","B DIVISION","E","1","5,943","8,296","71.6369335%"
"2015-08-01","B DIVISION","F","1","4,607","7,992","57.6451451%"
"2015-08-01","B DIVISION","G","1","3,940","5,885","66.9498726%"
"2015-08-01","B DIVISION","JZ","1","4,421","5,738","77.0477518%"
"2015-08-01","B DIVISION","L","1","9,867","10,603","93.0585683%"
"2015-08-01","B DIVISION","M","1","3,855","5,586","69.0118153%"
"2015-08-01","B DIVISION","N","1","3,733","5,586","66.8277837%"
"2015-08-01","B DIVISION","Q","1","4,245","5,623","75.4935088%"
"2015-08-01","B DIVISION","R","1","3,798","5,964","63.6820926%"
"2015-08-01","B DIVISION","S Fkln","1","2,469","2,478","99.6368039%"
"2015-08-01","B DIVISION","S Rock","1","3,380","3,533","95.6694028%"
"2015-09-01","A DIVISION","1","1","7,435","9,451","78.6689239%"
"2015-09-01","A DIVISION","2","1","2,957","6,517","45.3736382%"
"2015-09-01","A DIVISION","3","1","4,255","6,398","66.5051579%"
"2015-09-01","A DIVISION","4","1","3,453","7,875","43.847619%"
"2015-09-01","A DIVISION","5","1","2,602","6,822","38.1413075%"
"2015-09-01","A DIVISION","6","1","5,278","11,725","45.0149254%"
"2015-09-01","A DIVISION","7","1","10,554","12,963","81.4163388%"
"2015-09-01","A DIVISION","S 42nd","1","12,197","12,291","99.2352128%"
"2015-09-01","B DIVISION","A","1","4,993","8,030","62.1793275%"
"2015-09-01","B DIVISION","B","1","3,514","4,326","81.2297735%"
"2015-09-01","B DIVISION","C","1","3,062","4,200","72.9047619%"
"2015-09-01","B DIVISION","D","1","4,124","5,562","74.1459907%"
"2015-09-01","B DIVISION","E","1","5,397","8,304","64.9927746%"
"2015-09-01","B DIVISION","F","1","4,541","8,004","56.7341329%"
"2015-09-01","B DIVISION","G","1","4,066","6,018","67.5639747%"
"2015-09-01","B DIVISION","JZ","1","4,026","5,736","70.1882845%"
"2015-09-01","B DIVISION","L","1","10,082","10,644","94.7200301%"
"2015-09-01","B DIVISION","M","1","4,138","5,586","74.0780523%"
"2015-09-01","B DIVISION","N","1","3,719","5,586","66.5771572%"
"2015-09-01","B DIVISION","Q","1","4,395","5,625","78.1333333%"
"2015-09-01","B DIVISION","R","1","3,755","5,964","62.9610999%"
"2015-09-01","B DIVISION","S Fkln","1","2,475","2,478","99.8789346%"
"2015-09-01","B DIVISION","S Rock","1","3,385","3,514","96.3289698%"
"2015-10-01","A DIVISION","1","1","7,194","9,932","72.4325413%"
"2015-10-01","A DIVISION","2","1","2,794","6,804","41.06408%"
"2015-10-01","A DIVISION","3","1","4,131","6,704","61.6199284%"
"2015-10-01","A DIVISION","4","1","3,411","8,264","41.2754114%"
"2015-10-01","A DIVISION","5","1","2,561","7,106","36.0399662%"
"2015-10-01","A DIVISION","6","1","4,617","12,248","37.6959504%"
"2015-10-01","A DIVISION","7","1","11,688","13,576","86.0931055%"
"2015-10-01","A DIVISION","S 42nd","1","12,635","12,873","98.1511691%"
"2015-10-01","B DIVISION","A","1","5,203","8,323","62.5135168%"
"2015-10-01","B DIVISION","B","1","3,648","4,532","80.494263%"
"2015-10-01","B DIVISION","C","1","3,219","4,362","73.7964237%"
"2015-10-01","B DIVISION","D","1","4,274","5,826","73.3607964%"
"2015-10-01","B DIVISION","E","1","5,555","8,696","63.8799448%"
"2015-10-01","B DIVISION","F","1","4,493","8,380","53.6157518%"
"2015-10-01","B DIVISION","G","1","4,029","6,164","65.3634004%"
"2015-10-01","B DIVISION","JZ","1","3,972","6,010","66.0898502%"
"2015-10-01","B DIVISION","L","1","9,713","10,802","89.9185336%"
"2015-10-01","B DIVISION","M","1","4,038","5,852","69.0020506%"
"2015-10-01","B DIVISION","N","1","3,925","5,852","67.0710868%"
"2015-10-01","B DIVISION","Q","1","4,357","5,892","73.9477257%"
"2015-10-01","B DIVISION","R","1","3,670","6,248","58.7387964%"
"2015-10-01","B DIVISION","S Fkln","1","2,566","2,596","98.844376%"
"2015-10-01","B DIVISION","S Rock","1","3,533","3,668","96.3195202%"
"2015-11-01","A DIVISION","1","1","6,798","9,025","75.3240997%"
"2015-11-01","A DIVISION","2","1","2,576","6,180","41.6828479%"
"2015-11-01","A DIVISION","3","1","3,878","5,896","65.7734057%"
"2015-11-01","A DIVISION","4","1","3,205","7,504","42.7105544%"
"2015-11-01","A DIVISION","5","1","2,524","6,495","38.860662%"
"2015-11-01","A DIVISION","6","1","5,032","11,316","44.4680099%"
"2015-11-01","A DIVISION","7","1","10,250","12,396","82.6879639%"
"2015-11-01","A DIVISION","S 42nd","1","11,794","11,851","99.5190279%"
"2015-11-01","B DIVISION","A","1","4,938","7,365","67.0468432%"
"2015-11-01","B DIVISION","B","1","2,649","4,120","64.2961165%"
"2015-11-01","B DIVISION","C","1","2,961","3,936","75.2286585%"
"2015-11-01","B DIVISION","D","1","3,761","5,295","71.0292729%"
"2015-11-01","B DIVISION","E","1","5,607","7,900","70.9746835%"
"2015-11-01","B DIVISION","F","1","4,199","7,610","55.1773982%"
"2015-11-01","B DIVISION","G","1","4,005","5,652","70.8598726%"
"2015-11-01","B DIVISION","JZ","1","3,626","5,465","66.3494968%"
"2015-11-01","B DIVISION","L","1","9,242","10,003","92.3922823%"
"2015-11-01","B DIVISION","M","1","3,611","5,320","67.8759398%"
"2015-11-01","B DIVISION","N","1","2,898","5,320","54.4736842%"
"2015-11-01","B DIVISION","Q","1","2,644","5,355","49.3744164%"
"2015-11-01","B DIVISION","R","1","3,150","5,680","55.4577465%"
"2015-11-01","B DIVISION","S Fkln","1","2,351","2,360","99.6186441%"
"2015-11-01","B DIVISION","S Rock","1","3,223","3,317","97.166114%"
"2015-12-01","A DIVISION","1","1","7,587","9,932","76.3894482%"
"2015-12-01","A DIVISION","2","1","2,930","6,900","42.4637681%"
"2015-12-01","A DIVISION","3","1","4,261","6,620","64.3655589%"
"2015-12-01","A DIVISION","4","1","3,603","8,107","44.4430739%"
"2015-12-01","A DIVISION","5","1","2,729","7,146","38.1891968%"
"2015-12-01","A DIVISION","6","1","6,053","12,470","48.5404972%"
"2015-12-01","A DIVISION","7","1","11,066","13,648","81.0814771%"
"2015-12-01","A DIVISION","S 42nd","1","12,708","12,883","98.6416207%"
"2015-12-01","B DIVISION","A","1","5,659","8,070","70.1239157%"
"2015-12-01","B DIVISION","B","1","3,413","4,532","75.3089144%"
"2015-12-01","B DIVISION","C","1","3,290","4,400","74.7727273%"
"2015-12-01","B DIVISION","D","1","4,305","5,922","72.6950355%"
"2015-12-01","B DIVISION","E","1","5,950","8,692","68.4537506%"
"2015-12-01","B DIVISION","F","1","4,766","8,376","56.9006686%"
"2015-12-01","B DIVISION","G","1","4,800","6,102","78.6627335%"
"2015-12-01","B DIVISION","JZ","1","3,953","6,010","65.7737105%"
"2015-12-01","B DIVISION","L","1","10,220","11,177","91.437774%"
"2015-12-01","B DIVISION","M","1","4,065","5,888","69.0387228%"
"2015-12-01","B DIVISION","N","1","3,788","5,848","64.7742818%"
"2015-12-01","B DIVISION","Q","1","3,997","5,892","67.8377461%"
"2015-12-01","B DIVISION","R","1","3,723","6,248","59.5870679%"
"2015-12-01","B DIVISION","S Fkln","1","2,577","2,596","99.2681048%"
"2015-12-01","B DIVISION","S Rock","1","3,552","3,700","96%"
"2016-01-01","A DIVISION","1","1","6,964","9,028","77.1377935%"
"2016-01-01","A DIVISION","2","1","2,592","6,264","41.3793103%"
"2016-01-01","A DIVISION","3","1","3,884","6,092","63.7557452%"
"2016-01-01","A DIVISION","4","1","2,952","7,348","40.1741971%"
"2016-01-01","A DIVISION","5","1","2,457","6,496","37.8232759%"
"2016-01-01","A DIVISION","6","1","5,061","11,132","45.4635286%"
"2016-01-01","A DIVISION","7","1","9,692","12,420","78.0354267%"
"2016-01-01","A DIVISION","S 42nd","1","11,593","11,709","99.0093091%"
"2016-01-01","B DIVISION","A","1","4,904","7,435","65.9583053%"
"2016-01-01","B DIVISION","B","1","2,855","4,120","69.2961165%"
"2016-01-01","B DIVISION","C","1","3,133","4,000","78.325%"
"2016-01-01","B DIVISION","D","1","3,665","5,252","69.7829398%"
"2016-01-01","B DIVISION","E","1","5,445","7,900","68.9240506%"
"2016-01-01","B DIVISION","F","1","4,288","7,612","56.3321072%"
"2016-01-01","B DIVISION","G","1","4,429","5,600","79.0892857%"
"2016-01-01","B DIVISION","JZ","1","3,452","5,661","60.9786257%"
"2016-01-01","B DIVISION","L","1","8,908","10,100","88.1980198%"
"2016-01-01","B DIVISION","M","1","3,520","5,360","65.6716418%"
"2016-01-01","B DIVISION","N","1","3,429","5,557","61.7059565%"
"2016-01-01","B DIVISION","Q","1","3,506","5,356","65.459298%"
"2016-01-01","B DIVISION","R","1","3,475","5,680","61.1795775%"
"2016-01-01","B DIVISION","S Fkln","1","2,359","2,360","99.9576271%"
"2016-01-01","B DIVISION","S Rock","1","3,232","3,364","96.0760999%"
"2016-02-01","A DIVISION","1","1","6,774","8,974","75.4847337%"
"2016-02-01","A DIVISION","2","1","2,503","6,264","39.958493%"
"2016-02-01","A DIVISION","3","1","3,779","6,064","62.3186016%"
"2016-02-01","A DIVISION","4","1","2,677","7,348","36.4316821%"
"2016-02-01","A DIVISION","5","1","2,462","6,496","37.9002463%"
"2016-02-01","A DIVISION","6","1","4,729","11,255","42.0168814%"
"2016-02-01","A DIVISION","7","1","9,143","12,420","73.6151369%"
"2016-02-01","A DIVISION","S 42nd","1","12,118","12,154","99.7038012%"
"2016-02-01","B DIVISION","A","1","4,858","7,426","65.4187988%"
"2016-02-01","B DIVISION","B","1","2,917","4,120","70.8009709%"
"2016-02-01","B DIVISION","C","1","3,078","4,000","76.95%"
"2016-02-01","B DIVISION","D","1","3,443","5,252","65.5559787%"
"2016-02-01","B DIVISION","E","1","5,379","7,900","68.0886076%"
"2016-02-01","B DIVISION","F","1","4,527","7,612","59.4718865%"
"2016-02-01","B DIVISION","G","1","4,550","5,600","81.25%"
"2016-02-01","B DIVISION","JZ","1","4,084","5,799","70.4259355%"
"2016-02-01","B DIVISION","L","1","9,106","10,100","90.1584158%"
"2016-02-01","B DIVISION","M","1","3,705","5,360","69.1231343%"
"2016-02-01","B DIVISION","N","1","3,251","5,316","61.1550038%"
"2016-02-01","B DIVISION","Q","1","3,839","5,356","71.6766243%"
"2016-02-01","B DIVISION","R","1","3,394","5,680","59.7535211%"
"2016-02-01","B DIVISION","S Fkln","1","2,356","2,360","99.8305085%"
"2016-02-01","B DIVISION","S Rock","1","3,271","3,364","97.235434%"
"2016-03-01","A DIVISION","1","1","7,160","10,566","67.7645277%"
"2016-03-01","A DIVISION","2","1","2,998","7,330","40.9004093%"
"2016-03-01","A DIVISION","3","1","4,408","6,982","63.1337726%"
"2016-03-01","A DIVISION","4","1","3,472","8,452","41.0790345%"
"2016-03-01","A DIVISION","5","1","2,746","7,471","36.7554544%"
"2016-03-01","A DIVISION","6","1","6,605","12,934","51.0669553%"
"2016-03-01","A DIVISION","7","1","10,826","14,316","75.621682%"
"2016-03-01","A DIVISION","S 42nd","1","13,482","13,523","99.6968128%"
"2016-03-01","B DIVISION","A","1","5,493","8,437","65.1060804%"
"2016-03-01","B DIVISION","B","1","3,538","4,706","75.1806205%"
"2016-03-01","B DIVISION","C","1","3,254","4,600","70.7391304%"
"2016-03-01","B DIVISION","D","1","4,412","6,409","68.8406928%"
"2016-03-01","B DIVISION","E","1","6,353","9,088","69.9053697%"
"2016-03-01","B DIVISION","F","1","5,485","8,758","62.628454%"
"2016-03-01","B DIVISION","G","1","4,962","6,440","77.0496894%"
"2016-03-01","B DIVISION","JZ","1","4,173","6,377","65.4382939%"
"2016-03-01","B DIVISION","L","1","10,398","11,615","89.5221696%"
"2016-03-01","B DIVISION","M","1","4,169","6,164","67.6346528%"
"2016-03-01","B DIVISION","N","1","4,140","6,257","66.1658942%"
"2016-03-01","B DIVISION","Q","1","4,444","6,160","72.1428571%"
"2016-03-01","B DIVISION","R","1","4,038","6,532","61.8187385%"
"2016-03-01","B DIVISION","S Fkln","1","2,699","2,714","99.4473102%"
"2016-03-01","B DIVISION","S Rock","1","1,822","1,932","94.3064182%"
"2016-04-01","A DIVISION","1","1","6,994","9,676","72.2819347%"
"2016-04-01","A DIVISION","2","1","2,707","6,981","38.7766796%"
"2016-04-01","A DIVISION","3","1","3,952","6,426","61.5001556%"
"2016-04-01","A DIVISION","4","1","3,081","7,716","39.9300156%"
"2016-04-01","A DIVISION","5","1","2,612","6,787","38.4853396%"
"2016-04-01","A DIVISION","6","1","6,171","11,690","52.7887083%"
"2016-04-01","A DIVISION","7","1","9,874","13,103","75.3567885%"
"2016-04-01","A DIVISION","S 42nd","1","12,321","12,495","98.607443%"
"2016-04-01","B DIVISION","A","1","4,900","7,703","63.6115799%"
"2016-04-01","B DIVISION","B","1","3,102","4,326","71.7059639%"
"2016-04-01","B DIVISION","C","1","2,961","4,200","70.5%"
"2016-04-01","B DIVISION","D","1","4,060","5,762","70.4616453%"
"2016-04-01","B DIVISION","E","1","5,805","8,296","69.9734812%"
"2016-04-01","B DIVISION","F","1","5,102","8,117","62.8557349%"
"2016-04-01","B DIVISION","G","1","4,977","6,056","82.182959%"
"2016-04-01","B DIVISION","JZ","1","3,809","5,737","66.3935855%"
"2016-04-01","B DIVISION","L","1","9,828","10,605","92.6732673%"
"2016-04-01","B DIVISION","M","1","4,096","5,628","72.7789623%"
"2016-04-01","B DIVISION","N","1","3,837","5,582","68.7388033%"
"2016-04-01","B DIVISION","Q","1","4,447","5,624","79.071835%"
"2016-04-01","B DIVISION","R","1","3,747","5,964","62.8269618%"
"2016-04-01","B DIVISION","S Fkln","1","2,476","2,478","99.9192897%"
"2016-04-01","B DIVISION","S Rock","1","1,622","1,764","91.9501134%"
"2016-05-01","A DIVISION","1","1","7,303","9,480","77.035865%"
"2016-05-01","A DIVISION","2","1","2,220","6,578","33.7488598%"
"2016-05-01","A DIVISION","3","1","3,696","6,398","57.7680525%"
"2016-05-01","A DIVISION","4","1","2,940","7,716","38.1026439%"
"2016-05-01","A DIVISION","5","1","2,341","6,701","34.9350843%"
"2016-05-01","A DIVISION","6","1","6,266","11,690","53.6013687%"
"2016-05-01","A DIVISION","7","1","9,779","13,042","74.9808312%"
"2016-05-01","A DIVISION","S 42nd","1","12,194","12,222","99.7709049%"
"2016-05-01","B DIVISION","A","1","4,945","7,703","64.1957679%"
"2016-05-01","B DIVISION","B","1","3,297","4,326","76.2135922%"
"2016-05-01","B DIVISION","C","1","3,095","4,200","73.6904762%"
"2016-05-01","B DIVISION","D","1","3,883","5,515","70.4079782%"
"2016-05-01","B DIVISION","E","1","5,856","8,296","70.5882353%"
"2016-05-01","B DIVISION","F","1","5,382","7,994","67.3254941%"
"2016-05-01","B DIVISION","G","1","5,434","6,383","85.1323829%"
"2016-05-01","B DIVISION","JZ","1","3,562","5,737","62.0881994%"
"2016-05-01","B DIVISION","L","1","9,841","10,605","92.795851%"
"2016-05-01","B DIVISION","M","1","4,102","5,628","72.8855721%"
"2016-05-01","B DIVISION","N","1","3,464","5,582","62.0566105%"
"2016-05-01","B DIVISION","Q","1","3,868","5,624","68.7766714%"
"2016-05-01","B DIVISION","R","1","3,565","5,951","59.9058982%"
"2016-05-01","B DIVISION","S Fkln","1","2,474","2,478","99.8385795%"
"2016-05-01","B DIVISION","S Rock","1","1,670","1,764","94.6712018%"
"2016-06-01","A DIVISION","1","1","7,276","10,016","72.64377%"
"2016-06-01","A DIVISION","2","1","2,613","7,074","36.9380831%"
"2016-06-01","A DIVISION","3","1","4,022","6,732","59.7445039%"
"2016-06-01","A DIVISION","4","1","3,276","8,140","40.2457002%"
"2016-06-01","A DIVISION","5","1","2,841","7,202","39.4473757%"
"2016-06-01","A DIVISION","6","1","6,097","12,464","48.9168806%"
"2016-06-01","A DIVISION","7","1","10,646","13,664","77.9127635%"
"2016-06-01","A DIVISION","S 42nd","1","13,119","13,268","98.8769973%"
"2016-06-01","B DIVISION","A","1","4,953","8,143","60.8252487%"
"2016-06-01","B DIVISION","B","1","3,119","4,532","68.8217123%"
"2016-06-01","B DIVISION","C","1","3,114","4,400","70.7727273%"
"2016-06-01","B DIVISION","D","1","3,799","5,778","65.7493943%"
"2016-06-01","B DIVISION","E","1","5,777","8,748","66.0379515%"
"2016-06-01","B DIVISION","F","1","4,868","8,376","58.1184336%"
"2016-06-01","B DIVISION","G","1","5,341","6,527","81.8293243%"
"2016-06-01","B DIVISION","JZ","1","4,257","6,091","69.8900016%"
"2016-06-01","B DIVISION","L","1","10,126","11,110","91.1431143%"
"2016-06-01","B DIVISION","M","1","4,165","5,924","70.3072248%"
"2016-06-01","B DIVISION","N","1","3,670","5,876","62.4574541%"
"2016-06-01","B DIVISION","Q","1","4,125","5,892","70.0101833%"
"2016-06-01","B DIVISION","R","1","3,755","6,248","60.0992318%"
"2016-06-01","B DIVISION","S Fkln","1","2,595","2,596","99.9614792%"
"2016-06-01","B DIVISION","S Rock","1","1,701","1,845","92.195122%"
"2016-07-01","A DIVISION","1","1","6,823","8,965","76.1070831%"
"2016-07-01","A DIVISION","2","1","1,808","6,248","28.9372599%"
"2016-07-01","A DIVISION","3","1","3,340","5,999","55.675946%"
"2016-07-01","A DIVISION","4","1","2,575","7,311","35.2209%"
"2016-07-01","A DIVISION","5","1","2,496","6,459","38.6437529%"
"2016-07-01","A DIVISION","6","1","5,203","10,913","47.6770824%"
"2016-07-01","A DIVISION","7","1","9,730","12,369","78.6644029%"
"2016-07-01","A DIVISION","S 42nd","1","11,729","11,953","98.1259935%"
"2016-07-01","B DIVISION","A","1","4,529","7,241","62.5466096%"
"2016-07-01","B DIVISION","B","1","2,846","4,073","69.8747852%"
"2016-07-01","B DIVISION","C","1","2,680","3,943","67.9685519%"
"2016-07-01","B DIVISION","D","1","3,477","5,217","66.6474986%"
"2016-07-01","B DIVISION","E","1","5,147","7,765","66.2846104%"
"2016-07-01","B DIVISION","F","1","4,274","7,478","57.1543193%"
"2016-07-01","B DIVISION","G","1","5,340","6,282","85.0047755%"
"2016-07-01","B DIVISION","JZ","1","3,548","5,483","64.7091009%"
"2016-07-01","B DIVISION","L","1","8,664","9,913","87.4003833%"
"2016-07-01","B DIVISION","M","1","3,690","5,342","69.0752527%"
"2016-07-01","B DIVISION","N","1","3,393","5,464","62.0973646%"
"2016-07-01","B DIVISION","Q","1","3,602","5,260","68.4790875%"
"2016-07-01","B DIVISION","R","1","3,243","5,658","57.3170732%"
"2016-07-01","B DIVISION","S Fkln","1","2,295","2,318","99.0077653%"
"2016-07-01","B DIVISION","S Rock","1","1,584","1,671","94.7935368%"
"2016-08-01","A DIVISION","1","1","7,918","10,519","75.273315%"
"2016-08-01","A DIVISION","2","1","2,598","7,370","35.2510176%"
"2016-08-01","A DIVISION","3","1","3,837","6,954","55.1768766%"
"2016-08-01","A DIVISION","4","1","3,549","8,541","41.5525114%"
"2016-08-01","A DIVISION","5","1","2,908","7,562","38.4554351%"
"2016-08-01","A DIVISION","6","1","7,342","13,066","56.1916424%"
"2016-08-01","A DIVISION","7","1","11,604","14,281","81.2548141%"
"2016-08-01","A DIVISION","S 42nd","1","14,432","14,597","98.8696307%"
"2016-08-01","B DIVISION","A","1","5,586","8,487","65.8183104%"
"2016-08-01","B DIVISION","B","1","3,415","4,738","72.0768257%"
"2016-08-01","B DIVISION","C","1","3,363","4,600","73.1086957%"
"2016-08-01","B DIVISION","D","1","4,159","6,072","68.4947299%"
"2016-08-01","B DIVISION","E","1","6,431","9,175","70.0926431%"
"2016-08-01","B DIVISION","F","1","5,392","8,751","61.6158153%"
"2016-08-01","B DIVISION","G","1","5,352","6,478","82.618092%"
"2016-08-01","B DIVISION","JZ","1","4,047","6,417","63.0668537%"
"2016-08-01","B DIVISION","L","1","11,161","12,138","91.950898%"
"2016-08-01","B DIVISION","M","1","4,193","6,210","67.5201288%"
"2016-08-01","B DIVISION","N","1","3,932","6,159","63.8415327%"
"2016-08-01","B DIVISION","Q","1","4,422","6,159","71.7973697%"
"2016-08-01","B DIVISION","R","1","3,619","6,501","55.6683587%"
"2016-08-01","B DIVISION","S Fkln","1","2,697","2,714","99.3736183%"
"2016-08-01","B DIVISION","S Rock","1","1,765","1,927","91.59315%"
"2016-09-01","A DIVISION","1","1","6,098","9,609","63.4613383%"
"2016-09-01","A DIVISION","2","1","2,469","7,143","34.5653087%"
"2016-09-01","A DIVISION","3","1","2,861","5,922","48.3113813%"
"2016-09-01","A DIVISION","4","1","2,862","7,839","36.5097589%"
"2016-09-01","A DIVISION","5","1","2,471","6,906","35.7804807%"
"2016-09-01","A DIVISION","6","1","5,804","11,823","49.0907553%"
"2016-09-01","A DIVISION","7","1","10,718","13,047","82.1491531%"
"2016-09-01","A DIVISION","S 42nd","1","13,818","13,979","98.8482724%"
"2016-09-01","B DIVISION","A","1","4,878","7,749","62.9500581%"
"2016-09-01","B DIVISION","B","1","2,885","4,326","66.6897827%"
"2016-09-01","B DIVISION","C","1","2,831","4,200","67.4047619%"
"2016-09-01","B DIVISION","D","1","3,595","5,517","65.1622258%"
"2016-09-01","B DIVISION","E","1","5,547","8,385","66.1538462%"
"2016-09-01","B DIVISION","F","1","4,786","8,001","59.8175228%"
"2016-09-01","B DIVISION","G","1","4,800","5,996","80.0533689%"
"2016-09-01","B DIVISION","JZ","1","3,768","5,859","64.3113159%"
"2016-09-01","B DIVISION","L","1","9,691","10,605","91.3814239%"
"2016-09-01","B DIVISION","M","1","3,774","5,670","66.5608466%"
"2016-09-01","B DIVISION","N","1","3,331","5,625","59.2177778%"
"2016-09-01","B DIVISION","Q","1","3,837","5,793","66.2351113%"
"2016-09-01","B DIVISION","R","1","3,377","5,984","56.4338235%"
"2016-09-01","B DIVISION","S Fkln","1","2,461","2,478","99.3139629%"
"2016-09-01","B DIVISION","S Rock","1","1,633","1,761","92.7314026%"
"2016-10-01","A DIVISION","1","1","6,227","9,603","64.8443195%"
"2016-10-01","A DIVISION","2","1","2,587","7,150","36.1818182%"
"2016-10-01","A DIVISION","3","1","3,230","6,006","53.7795538%"
"2016-10-01","A DIVISION","4","1","2,844","7,797","36.4755675%"
"2016-10-01","A DIVISION","5","1","2,561","6,904","37.094438%"
"2016-10-01","A DIVISION","6","1","6,042","12,257","49.2942808%"
"2016-10-01","A DIVISION","7","1","10,283","13,037","78.8755082%"
"2016-10-01","A DIVISION","S 42nd","1","13,538","13,630","99.3250183%"
"2016-10-01","B DIVISION","A","1","4,598","7,749","59.3366886%"
"2016-10-01","B DIVISION","B","1","2,488","4,326","57.5127138%"
"2016-10-01","B DIVISION","C","1","2,621","4,170","62.853717%"
"2016-10-01","B DIVISION","D","1","3,460","5,513","62.7607473%"
"2016-10-01","B DIVISION","E","1","5,291","8,375","63.1761194%"
"2016-10-01","B DIVISION","F","1","4,411","7,987","55.2272443%"
"2016-10-01","B DIVISION","G","1","4,464","5,880","75.9183673%"
"2016-10-01","B DIVISION","JZ","1","3,885","5,859","66.3082437%"
"2016-10-01","B DIVISION","L","1","9,491","10,605","89.495521%"
"2016-10-01","B DIVISION","M","1","3,621","5,670","63.8624339%"
"2016-10-01","B DIVISION","N","1","3,368","5,623","59.8968522%"
"2016-10-01","B DIVISION","Q","1","3,913","5,908","66.2322275%"
"2016-10-01","B DIVISION","R","1","3,094","5,964","51.8779343%"
"2016-10-01","B DIVISION","S Fkln","1","2,469","2,478","99.6368039%"
"2016-10-01","B DIVISION","S Rock","1","1,625","1,759","92.3820352%"
"2016-11-01","A DIVISION","1","1","6,535","9,606","68.0303977%"
"2016-11-01","A DIVISION","2","1","2,401","6,793","35.3452083%"
"2016-11-01","A DIVISION","3","1","3,481","6,398","54.4076274%"
"2016-11-01","A DIVISION","4","1","2,602","7,878","33.0286875%"
"2016-11-01","A DIVISION","5","1","2,441","6,905","35.3511948%"
"2016-11-01","A DIVISION","6","1","5,172","11,816","43.7711578%"
"2016-11-01","A DIVISION","7","1","10,253","13,110","78.2074752%"
"2016-11-01","A DIVISION","S 42nd","1","12,721","12,883","98.7425289%"
"2016-11-01","B DIVISION","A","1","4,201","7,749","54.2134469%"
"2016-11-01","B DIVISION","B","1","2,252","4,326","52.0573278%"
"2016-11-01","B DIVISION","C","1","2,535","4,182","60.6169297%"
"2016-11-01","B DIVISION","D","1","3,516","5,515","63.7533998%"
"2016-11-01","B DIVISION","E","1","5,470","8,380","65.274463%"
"2016-11-01","B DIVISION","F","1","3,698","7,994","46.2596948%"
"2016-11-01","B DIVISION","G","1","4,434","5,880","75.4081633%"
"2016-11-01","B DIVISION","JZ","1","3,687","5,859","62.9288274%"
"2016-11-01","B DIVISION","L","1","9,796","10,728","91.3124534%"
"2016-11-01","B DIVISION","M","1","3,587","5,704","62.8856942%"
"2016-11-01","B DIVISION","N","1","3,244","5,743","56.4861571%"
"2016-11-01","B DIVISION","Q","1","4,179","6,300","66.3333333%"
"2016-11-01","B DIVISION","R","1","4,147","5,960","69.5805369%"
"2016-11-01","B DIVISION","S Fkln","1","2,461","2,478","99.3139629%"
"2016-11-01","B DIVISION","S Rock","1","1,615","1,760","91.7613636%"
"2016-11-01","B DIVISION","W","1","2,458","3,213","76.5017118%"
"2016-12-01","A DIVISION","1","1","6,547","9,609","68.134041%"
"2016-12-01","A DIVISION","2","1","2,153","6,758","31.858538%"
"2016-12-01","A DIVISION","3","1","3,619","6,398","56.5645514%"
"2016-12-01","A DIVISION","4","1","2,537","7,803","32.513136%"
"2016-12-01","A DIVISION","5","1","2,424","6,906","35.0999131%"
"2016-12-01","A DIVISION","6","1","4,659","11,823","39.4062421%"
"2016-12-01","A DIVISION","7","1","9,857","13,131","75.0666362%"
"2016-12-01","A DIVISION","S 42nd","1","12,604","12,813","98.3688441%"
"2016-12-01","B DIVISION","A","1","4,573","7,749","59.0140663%"
"2016-12-01","B DIVISION","B","1","2,501","4,326","57.8132224%"
"2016-12-01","B DIVISION","C","1","2,431","4,200","57.8809524%"
"2016-12-01","B DIVISION","D","1","3,341","5,620","59.4483986%"
"2016-12-01","B DIVISION","E","1","5,197","8,385","61.9797257%"
"2016-12-01","B DIVISION","F","1","4,139","8,212","50.4018509%"
"2016-12-01","B DIVISION","G","1","4,472","5,880","76.0544218%"
"2016-12-01","B DIVISION","JZ","1","3,497","5,859","59.6859532%"
"2016-12-01","B DIVISION","L","1","9,301","10,605","87.7039132%"
"2016-12-01","B DIVISION","M","1","3,307","5,712","57.8956583%"
"2016-12-01","B DIVISION","N","1","3,246","5,772","56.2370062%"
"2016-12-01","B DIVISION","Q","1","4,709","6,462","72.8721758%"
"2016-12-01","B DIVISION","R","1","3,423","5,961","57.4232511%"
"2016-12-01","B DIVISION","S Fkln","1","2,470","2,478","99.677159%"
"2016-12-01","B DIVISION","S Rock","1","1,630","1,761","92.5610449%"
"2016-12-01","B DIVISION","W","1","2,555","3,969","64.3738977%"
"2017-01-01","A DIVISION","1","1","6,991","9,606","72.7774308%"
"2017-01-01","A DIVISION","2","1","2,249","6,662","33.758631%"
"2017-01-01","A DIVISION","3","1","3,451","6,398","53.9387309%"
"2017-01-01","A DIVISION","4","1","2,459","7,800","31.525641%"
"2017-01-01","A DIVISION","5","1","2,410","6,905","34.9022448%"
"2017-01-01","A DIVISION","6","1","5,582","11,816","47.2410291%"
"2017-01-01","A DIVISION","7","1","10,074","13,126","76.7484382%"
"2017-01-01","A DIVISION","S 42nd","1","13,158","13,225","99.4933837%"
"2017-01-01","B DIVISION","A","1","4,836","7,749","62.4080527%"
"2017-01-01","B DIVISION","B","1","2,421","4,326","55.963939%"
"2017-01-01","B DIVISION","C","1","2,596","4,200","61.8095238%"
"2017-01-01","B DIVISION","D","1","3,306","5,515","59.9456029%"
"2017-01-01","B DIVISION","E","1","5,222","8,380","62.3150358%"
"2017-01-01","B DIVISION","F","1","4,074","8,171","49.8592584%"
"2017-01-01","B DIVISION","G","1","4,571","5,880","77.7380952%"
"2017-01-01","B DIVISION","JZ","1","3,717","5,859","63.4408602%"
"2017-01-01","B DIVISION","L","1","9,772","10,605","92.1452145%"
"2017-01-01","B DIVISION","M","1","3,360","5,712","58.8235294%"
"2017-01-01","B DIVISION","N","1","3,027","5,771","52.4519147%"
"2017-01-01","B DIVISION","Q","1","4,125","6,460","63.8544892%"
"2017-01-01","B DIVISION","R","1","3,782","5,960","63.4563758%"
"2017-01-01","B DIVISION","S Fkln","1","2,475","2,478","99.8789346%"
"2017-01-01","B DIVISION","S Rock","1","1,678","1,760","95.3409091%"
"2017-01-01","B DIVISION","W","1","2,542","3,969","64.0463593%"
"2017-02-01","A DIVISION","1","1","5,204","8,671","60.0161458%"
"2017-02-01","A DIVISION","2","1","1,648","6,030","27.3300166%"
"2017-02-01","A DIVISION","3","1","2,782","5,534","50.2710517%"
"2017-02-01","A DIVISION","4","1","2,357","7,059","33.3899986%"
"2017-02-01","A DIVISION","5","1","2,013","6,248","32.2183099%"
"2017-02-01","A DIVISION","6","1","5,030","10,695","47.031323%"
"2017-02-01","A DIVISION","7","1","8,213","11,879","69.1388164%"
"2017-02-01","A DIVISION","S 42nd","1","11,760","11,871","99.0649482%"
"2017-02-01","B DIVISION","A","1","3,870","7,011","55.198973%"
"2017-02-01","B DIVISION","B","1","2,181","3,818","57.1241488%"
"2017-02-01","B DIVISION","C","1","2,204","3,800","58%"
"2017-02-01","B DIVISION","D","1","2,985","5,297","56.3526524%"
"2017-02-01","B DIVISION","E","1","4,964","7,585","65.4449572%"
"2017-02-01","B DIVISION","F","1","3,577","7,345","48.6997958%"
"2017-02-01","B DIVISION","G","1","4,062","5,320","76.3533835%"
"2017-02-01","B DIVISION","JZ","1","3,449","5,301","65.0631956%"
"2017-02-01","B DIVISION","L","1","8,832","9,636","91.6562889%"
"2017-02-01","B DIVISION","M","1","3,132","5,168","60.6037152%"
"2017-02-01","B DIVISION","N","1","2,847","5,222","54.5193412%"
"2017-02-01","B DIVISION","Q","1","3,967","5,846","67.8583647%"
"2017-02-01","B DIVISION","R","1","3,684","5,364","68.6800895%"
"2017-02-01","B DIVISION","S Fkln","1","2,237","2,242","99.7769848%"
"2017-02-01","B DIVISION","S Rock","1","1,465","1,593","91.9648462%"
"2017-02-01","B DIVISION","W","1","2,459","3,591","68.4767474%"
"2017-03-01","A DIVISION","1","1","7,010","10,039","69.8276721%"
"2017-03-01","A DIVISION","2","1","2,120","6,955","30.4816679%"
"2017-03-01","A DIVISION","3","1","3,013","6,176","48.7856218%"
"2017-03-01","A DIVISION","4","1","2,698","8,146","33.12055%"
"2017-03-01","A DIVISION","5","1","2,235","7,150","31.2587413%"
"2017-03-01","A DIVISION","6","1","6,023","12,351","48.7652822%"
"2017-03-01","A DIVISION","7","1","10,231","13,724","74.5482367%"
"2017-03-01","A DIVISION","S 42nd","1","13,668","13,697","99.7882748%"
"2017-03-01","B DIVISION","A","1","4,239","7,867","53.88331%"
"2017-03-01","B DIVISION","B","1","2,606","4,508","57.8083407%"
"2017-03-01","B DIVISION","C","1","2,595","4,400","58.9772727%"
"2017-03-01","B DIVISION","D","1","3,242","5,750","56.3826087%"
"2017-03-01","B DIVISION","E","1","5,270","8,750","60.2285714%"
"2017-03-01","B DIVISION","F","1","3,947","8,350","47.2694611%"
"2017-03-01","B DIVISION","G","1","4,501","6,136","73.3539765%"
"2017-03-01","B DIVISION","JZ","1","3,747","6,113","61.2955995%"
"2017-03-01","B DIVISION","L","1","10,294","11,113","92.6302529%"
"2017-03-01","B DIVISION","M","1","3,720","5,885","63.2115548%"
"2017-03-01","B DIVISION","N","1","3,229","6,022","53.6200598%"
"2017-03-01","B DIVISION","Q","1","4,480","6,744","66.4294187%"
"2017-03-01","B DIVISION","R","1","4,117","6,135","67.1067645%"
"2017-03-01","B DIVISION","S Fkln","1","2,453","2,454","99.9592502%"
"2017-03-01","B DIVISION","S Rock","1","1,728","1,833","94.2716858%"
"2017-03-01","B DIVISION","W","1","2,744","4,158","65.993266%"
"2017-04-01","A DIVISION","1","1","6,455","9,148","70.5618714%"
"2017-04-01","A DIVISION","2","1","2,106","6,476","32.5200741%"
"2017-04-01","A DIVISION","3","1","3,126","5,812","53.7852719%"
"2017-04-01","A DIVISION","4","1","2,218","7,428","29.8599892%"
"2017-04-01","A DIVISION","5","1","2,033","6,576","30.9154501%"
"2017-04-01","A DIVISION","6","1","6,014","11,252","53.4482759%"
"2017-04-01","A DIVISION","7","1","9,069","12,500","72.552%"
"2017-04-01","A DIVISION","S 42nd","1","12,061","12,274","98.2646244%"
"2017-04-01","B DIVISION","A","1","4,230","7,380","57.3170732%"
"2017-04-01","B DIVISION","B","1","2,459","4,120","59.684466%"
"2017-04-01","B DIVISION","C","1","2,414","4,000","60.35%"
"2017-04-01","B DIVISION","D","1","2,699","5,252","51.3899467%"
"2017-04-01","B DIVISION","E","1","4,789","7,980","60.0125313%"
"2017-04-01","B DIVISION","F","1","3,460","7,612","45.4545455%"
"2017-04-01","B DIVISION","G","1","4,210","5,600","75.1785714%"
"2017-04-01","B DIVISION","JZ","1","3,316","5,580","59.4265233%"
"2017-04-01","B DIVISION","L","1","9,980","10,605","94.1065535%"
"2017-04-01","B DIVISION","M","1","3,368","5,440","61.9117647%"
"2017-04-01","B DIVISION","N","1","2,808","5,496","51.0917031%"
"2017-04-01","B DIVISION","Q","1","4,231","6,152","68.7743823%"
"2017-04-01","B DIVISION","R","1","4,025","5,676","70.9126145%"
"2017-04-01","B DIVISION","S Fkln","1","2,360","2,360","100%"
"2017-04-01","B DIVISION","S Rock","1","1,636","1,676","97.6133652%"
"2017-04-01","B DIVISION","W","1","2,457","3,780","65%"
"2017-05-01","A DIVISION","1","1","7,108","10,064","70.6279809%"
"2017-05-01","A DIVISION","2","1","2,097","6,980","30.0429799%"
"2017-05-01","A DIVISION","3","1","3,277","6,508","50.3534112%"
"2017-05-01","A DIVISION","4","1","2,325","8,309","27.9817066%"
"2017-05-01","A DIVISION","5","1","1,851","7,066","26.1958675%"
"2017-05-01","A DIVISION","6","1","6,352","12,380","51.3085622%"
"2017-05-01","A DIVISION","7","1","10,491","13,752","76.2870855%"
"2017-05-01","A DIVISION","S 42nd","1","13,393","13,492","99.2662318%"
"2017-05-01","B DIVISION","A","1","4,132","8,118","50.8992363%"
"2017-05-01","B DIVISION","B","1","2,396","4,532","52.8684907%"
"2017-05-01","B DIVISION","C","1","2,568","4,400","58.3636364%"
"2017-05-01","B DIVISION","D","1","3,131","5,952","52.6041667%"
"2017-05-01","B DIVISION","E","1","4,655","8,780","53.0182232%"
"2017-05-01","B DIVISION","F","1","3,228","8,376","38.5386819%"
"2017-05-01","B DIVISION","G","1","4,308","6,160","69.9350649%"
"2017-05-01","B DIVISION","JZ","1","3,708","6,138","60.4105572%"
"2017-05-01","B DIVISION","L","1","10,553","11,288","93.4886605%"
"2017-05-01","B DIVISION","M","1","3,864","5,984","64.5721925%"
"2017-05-01","B DIVISION","N","1","3,126","6,139","50.9203453%"
"2017-05-01","B DIVISION","Q","1","4,304","6,768","63.5933806%"
"2017-05-01","B DIVISION","R","1","4,557","6,178","73.7617352%"
"2017-05-01","B DIVISION","S Fkln","1","2,564","2,596","98.7673344%"
"2017-05-01","B DIVISION","S Rock","1","1,758","1,844","95.3362256%"
"2017-05-01","B DIVISION","W","1","2,764","4,158","66.4742665%"
"2017-06-01","A DIVISION","1","1","6,822","10,507","64.9281431%"
"2017-06-01","A DIVISION","2","1","1,927","6,981","27.6034952%"
"2017-06-01","A DIVISION","3","1","2,920","6,477","45.0826%"
"2017-06-01","A DIVISION","4","1","2,478","8,219","30.1496532%"
"2017-06-01","A DIVISION","5","1","2,273","7,212","31.5169163%"
"2017-06-01","A DIVISION","6","1","6,758","12,380","54.5880452%"
"2017-06-01","A DIVISION","7","1","10,222","13,813","74.002751%"
"2017-06-01","A DIVISION","S 42nd","1","13,285","13,493","98.4584599%"
"2017-06-01","B DIVISION","A","1","4,126","8,118","50.8253264%"
"2017-06-01","B DIVISION","B","1","2,190","4,532","48.3230362%"
"2017-06-01","B DIVISION","C","1","2,370","4,400","53.8636364%"
"2017-06-01","B DIVISION","D","1","3,048","5,917","51.5125908%"
"2017-06-01","B DIVISION","E","1","5,210","8,780","59.3394077%"
"2017-06-01","B DIVISION","F","1","3,995","8,376","47.6957975%"
"2017-06-01","B DIVISION","G","1","4,458","6,218","71.6950788%"
"2017-06-01","B DIVISION","JZ","1","3,856","6,138","62.821766%"
"2017-06-01","B DIVISION","L","1","10,800","11,297","95.6006019%"
"2017-06-01","B DIVISION","M","1","4,611","7,017","65.7118427%"
"2017-06-01","B DIVISION","N","1","2,801","6,046","46.3281508%"
"2017-06-01","B DIVISION","Q","1","4,162","6,768","61.4952719%"
"2017-06-01","B DIVISION","R","1","4,229","6,244","67.7290199%"
"2017-06-01","B DIVISION","S Fkln","1","2,593","2,596","99.8844376%"
"2017-06-01","B DIVISION","S Rock","1","1,749","1,844","94.8481562%"
"2017-06-01","B DIVISION","W","1","2,796","4,158","67.2438672%"
"2017-07-01","A DIVISION","1","1","6,147","9,265","66.3464652%"
"2017-07-01","A DIVISION","2","1","1,758","6,345","27.7068558%"
"2017-07-01","A DIVISION","3","1","3,062","6,105","50.1556102%"
"2017-07-01","A DIVISION","4","1","2,562","7,446","34.4077357%"
"2017-07-01","A DIVISION","5","1","2,237","6,635","33.7151469%"
"2017-07-01","A DIVISION","6","1","6,623","11,315","58.5329209%"
"2017-07-01","A DIVISION","7","1","9,022","12,670","71.207577%"
"2017-07-01","A DIVISION","S 42nd","1","12,686","12,756","99.4512386%"
"2017-07-01","B DIVISION","A","1","4,370","7,358","59.3911389%"
"2017-07-01","B DIVISION","B","1","2,062","4,080","50.5392157%"
"2017-07-01","B DIVISION","C","1","2,444","3,943","61.9832615%"
"2017-07-01","B DIVISION","D","1","3,345","5,626","59.4560967%"
"2017-07-01","B DIVISION","E","1","5,028","7,975","63.0470219%"
"2017-07-01","B DIVISION","F","1","4,112","7,616","53.9915966%"
"2017-07-01","B DIVISION","G","1","4,397","5,963","73.7380513%"
"2017-07-01","B DIVISION","JZ","1","4,134","5,580","74.0860215%"
"2017-07-01","B DIVISION","L","1","10,413","10,828","96.1673439%"
"2017-07-01","B DIVISION","M","1","7,235","9,570","75.6008359%"
"2017-07-01","B DIVISION","N","1","3,110","5,558","55.9553796%"
"2017-07-01","B DIVISION","Q","1","3,771","6,198","60.8422072%"
"2017-07-01","B DIVISION","R","1","4,014","5,675","70.7312775%"
"2017-07-01","B DIVISION","S Fkln","1","2,358","2,360","99.9152542%"
"2017-07-01","B DIVISION","S Rock","1","1,592","1,675","95.0447761%"
"2017-07-01","B DIVISION","W","1","2,676","3,780","70.7936508%"
"2017-08-01","A DIVISION","1","1","7,869","10,660","73.8180113%"
"2017-08-01","A DIVISION","2","1","2,038","7,302","27.9101616%"
"2017-08-01","A DIVISION","3","1","3,516","6,974","50.4158302%"
"2017-08-01","A DIVISION","4","1","3,181","8,544","37.2308052%"
"2017-08-01","A DIVISION","5","1","2,595","7,611","34.0953883%"
"2017-08-01","A DIVISION","6","1","8,126","12,981","62.5991834%"
"2017-08-01","A DIVISION","7","1","10,152","14,658","69.2591077%"
"2017-08-01","A DIVISION","S 42nd","1","13,974","14,102","99.0923273%"
"2017-08-01","B DIVISION","A","1","5,010","8,487","59.0314599%"
"2017-08-01","B DIVISION","B","1","2,609","4,738","55.0654285%"
"2017-08-01","B DIVISION","C","1","3,000","4,600","65.2173913%"
"2017-08-01","B DIVISION","D","1","3,399","6,075","55.9506173%"
"2017-08-01","B DIVISION","E","1","5,120","9,180","55.7734205%"
"2017-08-01","B DIVISION","F","1","3,657","8,758","41.7561087%"
"2017-08-01","B DIVISION","G","1","5,364","6,891","77.8406617%"
"2017-08-01","B DIVISION","JZ","1","4,544","6,417","70.8119059%"
"2017-08-01","B DIVISION","L","1","11,508","12,431","92.5750141%"
"2017-08-01","B DIVISION","M","1","8,143","11,009","73.9667545%"
"2017-08-01","B DIVISION","N","1","3,243","6,321","51.3051732%"
"2017-08-01","B DIVISION","Q","1","4,733","7,148","66.2143257%"
"2017-08-01","B DIVISION","R","1","4,682","6,528","71.7218137%"
"2017-08-01","B DIVISION","S Fkln","1","2,706","2,714","99.7052321%"
"2017-08-01","B DIVISION","S Rock","1","1,815","1,928","94.1390041%"
"2017-08-01","B DIVISION","W","1","3,125","4,347","71.8886588%"
"2017-09-01","A DIVISION","1","1","6,531","9,271","70.4454751%"
"2017-09-01","A DIVISION","2","1","1,760","6,351","27.7121713%"
"2017-09-01","A DIVISION","3","1","2,706","6,083","44.4846293%"
"2017-09-01","A DIVISION","4","1","2,377","7,431","31.9876194%"
"2017-09-01","A DIVISION","5","1","1,571","6,011","26.1354184%"
"2017-09-01","A DIVISION","6","1","5,843","11,259","51.8962608%"
"2017-09-01","A DIVISION","7","1","9,970","12,748","78.2083464%"
"2017-09-01","A DIVISION","S 42nd","1","12,219","12,271","99.5762367%"
"2017-09-01","B DIVISION","A","1","4,285","7,380","58.0623306%"
"2017-09-01","B DIVISION","B","1","2,409","4,120","58.4708738%"
"2017-09-01","B DIVISION","C","1","2,416","4,000","60.4%"
"2017-09-01","B DIVISION","D","1","3,047","5,289","57.6101342%"
"2017-09-01","B DIVISION","E","1","4,524","7,985","56.6562304%"
"2017-09-01","B DIVISION","F","1","3,416","7,619","44.8352802%"
"2017-09-01","B DIVISION","G","1","4,579","5,801","78.9346664%"
"2017-09-01","B DIVISION","JZ","1","3,851","5,580","69.0143369%"
"2017-09-01","B DIVISION","L","1","9,954","10,720","92.8544776%"
"2017-09-01","B DIVISION","M","1","7,141","9,574","74.5874243%"
"2017-09-01","B DIVISION","N","1","2,965","5,497","53.9385119%"
"2017-09-01","B DIVISION","Q","1","4,336","6,536","66.3402693%"
"2017-09-01","B DIVISION","R","1","3,794","5,549","68.3726798%"
"2017-09-01","B DIVISION","S Fkln","1","2,358","2,360","99.9152542%"
"2017-09-01","B DIVISION","S Rock","1","1,571","1,677","93.679189%"
"2017-09-01","B DIVISION","W","1","2,856","3,780","75.5555556%"
"2017-10-01","A DIVISION","1","1","7,332","10,193","71.9317178%"
"2017-10-01","A DIVISION","2","1","2,152","6,981","30.8265292%"
"2017-10-01","A DIVISION","3","1","3,164","6,661","47.5003753%"
"2017-10-01","A DIVISION","4","1","2,723","8,266","32.9421728%"
"2017-10-01","A DIVISION","5","1","1,647","6,725","24.4907063%"
"2017-10-01","A DIVISION","6","1","6,647","12,373","53.7218136%"
"2017-10-01","A DIVISION","7","1","10,210","14,016","72.8453196%"
"2017-10-01","A DIVISION","S 42nd","1","13,956","14,042","99.3875516%"
"2017-10-01","B DIVISION","A","1","4,462","8,227","54.236052%"
"2017-10-01","B DIVISION","B","1","2,554","4,532","56.3548102%"
"2017-10-01","B DIVISION","C","1","2,562","4,400","58.2272727%"
"2017-10-01","B DIVISION","D","1","3,387","6,013","56.3279561%"
"2017-10-01","B DIVISION","E","1","5,304","8,775","60.4444444%"
"2017-10-01","B DIVISION","F","1","3,721","8,369","44.4617039%"
"2017-10-01","B DIVISION","G","1","4,578","6,193","73.9221702%"
"2017-10-01","B DIVISION","JZ","1","4,135","6,138","67.3672206%"
"2017-10-01","B DIVISION","L","1","10,946","11,792","92.8256445%"
"2017-10-01","B DIVISION","M","1","7,695","10,528","73.0908055%"
"2017-10-01","B DIVISION","N","1","3,793","6,045","62.7460711%"
"2017-10-01","B DIVISION","Q","1","4,840","6,823","70.9365382%"
"2017-10-01","B DIVISION","R","1","4,045","6,243","64.7925677%"
"2017-10-01","B DIVISION","S Fkln","1","2,589","2,596","99.7303544%"
"2017-10-01","B DIVISION","S Rock","1","1,743","1,843","94.574064%"
"2017-10-01","B DIVISION","W","1","2,907","4,158","69.9134199%"
"2017-11-01","A DIVISION","1","1","6,771","9,732","69.5745993%"
"2017-11-01","A DIVISION","2","1","1,663","6,666","24.9474947%"
"2017-11-01","A DIVISION","3","1","2,535","6,134","41.3270297%"
"2017-11-01","A DIVISION","4","1","2,108","7,800","27.025641%"
"2017-11-01","A DIVISION","5","1","1,608","6,385","25.1840251%"
"2017-11-01","A DIVISION","6","1","5,630","11,816","47.647258%"
"2017-11-01","A DIVISION","7","1","9,262","13,382","69.2123748%"
"2017-11-01","A DIVISION","S 42nd","1","12,989","13,155","98.7381224%"
"2017-11-01","B DIVISION","A","1","3,854","7,754","49.7033789%"
"2017-11-01","B DIVISION","B","1","2,011","4,326","46.4863615%"
"2017-11-01","B DIVISION","C","1","2,364","4,200","56.2857143%"
"2017-11-01","B DIVISION","D","1","2,504","5,515","45.4034451%"
"2017-11-01","B DIVISION","E","1","5,103","8,302","61.4671164%"
"2017-11-01","B DIVISION","F","1","3,707","7,994","46.3722792%"
"2017-11-01","B DIVISION","G","1","4,195","5,967","70.303335%"
"2017-11-01","B DIVISION","JZ","1","4,153","5,859","70.8824031%"
"2017-11-01","B DIVISION","L","1","10,952","11,333","96.6381364%"
"2017-11-01","B DIVISION","M","1","7,635","10,051","75.9625908%"
"2017-11-01","B DIVISION","N","1","4,031","6,192","65.1001292%"
"2017-11-01","B DIVISION","Q","1","4,578","7,087","64.5971497%"
"2017-11-01","B DIVISION","R","1","3,820","5,978","63.9009702%"
"2017-11-01","B DIVISION","S Fkln","1","2,272","2,281","99.6054362%"
"2017-11-01","B DIVISION","S Rock","1","1,583","1,689","93.7240971%"
"2017-11-01","B DIVISION","W","1","2,810","3,969","70.7986898%"
"2017-12-01","A DIVISION","1","1","6,554","9,271","70.6935606%"
"2017-12-01","A DIVISION","2","1","2,754","6,351","43.3632499%"
"2017-12-01","A DIVISION","3","1","3,610","6,083","59.3457176%"
"2017-12-01","A DIVISION","4","1","3,272","7,541","43.3894709%"
"2017-12-01","A DIVISION","5","1","3,116","6,613","47.1193104%"
"2017-12-01","A DIVISION","6","1","4,849","11,499","42.1688843%"
"2017-12-01","A DIVISION","7","1","8,398","12,748","65.8770003%"
"2017-12-01","A DIVISION","S 42nd","1","11,843","12,093","97.9326883%"
"2017-12-01","B DIVISION","A","1","3,577","7,380","48.4688347%"
"2017-12-01","B DIVISION","B","1","2,019","4,120","49.0048544%"
"2017-12-01","B DIVISION","C","1","2,137","4,000","53.425%"
"2017-12-01","B DIVISION","D","1","2,394","5,254","45.5652836%"
"2017-12-01","B DIVISION","E","1","4,184","7,985","52.3982467%"
"2017-12-01","B DIVISION","F","1","3,071","7,619","40.3071269%"
"2017-12-01","B DIVISION","G","1","3,616","5,643","64.0793904%"
"2017-12-01","B DIVISION","JZ","1","3,611","5,580","64.7132616%"
"2017-12-01","B DIVISION","L","1","9,954","10,805","92.1240167%"
"2017-12-01","B DIVISION","M","1","7,255","9,541","76.0402474%"
"2017-12-01","B DIVISION","N","1","3,642","5,710","63.7828371%"
"2017-12-01","B DIVISION","Q","1","4,261","6,418","66.3913992%"
"2017-12-01","B DIVISION","R","1","3,391","5,467","62.0267057%"
"2017-12-01","B DIVISION","S Fkln","1","2,350","2,360","99.5762712%"
"2017-12-01","B DIVISION","S Rock","1","1,540","1,631","94.4206009%"
"2017-12-01","B DIVISION","W","1","2,592","3,719","69.6961549%"
"2018-01-01","A DIVISION","1","1","13,756","20,392","67.4578266%"
"2018-01-01","A DIVISION","2","1","5,390","14,466","37.2597816%"
"2018-01-01","A DIVISION","3","1","7,220","12,712","56.7967275%"
"2018-01-01","A DIVISION","4","1","6,412","16,758","38.2623225%"
"2018-01-01","A DIVISION","5","1","6,078","14,564","41.7330404%"
"2018-01-01","A DIVISION","6","1","11,684","24,760","47.1890145%"
"2018-01-01","A DIVISION","7","1","17,860","28,040","63.6947218%"
"2018-01-01","A DIVISION","S 42nd","1","27,578","27,936","98.7184994%"
"2018-01-01","B DIVISION","A","1","6,286","16,500","38.0969697%"
"2018-01-01","B DIVISION","B","1","3,982","8,708","45.7280661%"
"2018-01-01","B DIVISION","C","1","2,990","8,612","34.7189967%"
"2018-01-01","B DIVISION","D","1","4,994","11,892","41.9946182%"
"2018-01-01","B DIVISION","E","1","8,322","17,560","47.3917995%"
"2018-01-01","B DIVISION","F","1","5,428","16,864","32.186907%"
"2018-01-01","B DIVISION","G","1","6,306","12,412","50.8056719%"
"2018-01-01","B DIVISION","JZ","1","7,348","12,276","59.8566308%"
"2018-01-01","B DIVISION","L","1","20,028","23,584","84.921981%"
"2018-01-01","B DIVISION","M","1","14,818","21,060","70.3608737%"
"2018-01-01","B DIVISION","N","1","6,618","12,092","54.7304003%"
"2018-01-01","B DIVISION","Q","1","8,048","13,668","58.8820603%"
"2018-01-01","B DIVISION","R","1","7,006","12,532","55.9048835%"
"2018-01-01","B DIVISION","S Fkln","1","5,086","5,124","99.2583919%"
"2018-01-01","B DIVISION","S Rock","1","3,246","3,506","92.5841415%"
"2018-01-01","B DIVISION","W","1","5,276","8,316","63.4439634%"
"2018-02-01","A DIVISION","1","1","6,282","9,239","67.9943717%"
"2018-02-01","A DIVISION","2","1","2,660","6,033","44.0908337%"
"2018-02-01","A DIVISION","3","1","3,327","5,413","61.4631443%"
"2018-02-01","A DIVISION","4","1","3,061","7,241","42.2731667%"
"2018-02-01","A DIVISION","5","1","3,116","6,284","49.5862508%"
"2018-02-01","A DIVISION","6","1","5,259","10,695","49.1725105%"
"2018-02-01","A DIVISION","7","1","7,415","12,143","61.0639875%"
"2018-02-01","A DIVISION","S 42nd","1","11,680","11,831","98.723692%"
"2018-02-01","B DIVISION","A","1","3,570","7,011","50.9199829%"
"2018-02-01","B DIVISION","B","1","1,829","3,769","48.5274609%"
"2018-02-01","B DIVISION","C","1","1,725","3,800","45.3947368%"
"2018-02-01","B DIVISION","D","1","2,426","5,080","47.7559055%"
"2018-02-01","B DIVISION","E","1","3,802","7,585","50.1252472%"
"2018-02-01","B DIVISION","F","1","2,892","7,619","37.9577372%"
"2018-02-01","B DIVISION","G","1","3,263","5,320","61.3345865%"
"2018-02-01","B DIVISION","JZ","1","3,153","5,301","59.4793435%"
"2018-02-01","B DIVISION","L","1","9,230","10,184","90.6323645%"
"2018-02-01","B DIVISION","M","1","6,585","9,095","72.4024189%"
"2018-02-01","B DIVISION","N","1","3,030","5,375","56.372093%"
"2018-02-01","B DIVISION","Q","1","3,951","6,140","64.3485342%"
"2018-02-01","B DIVISION","R","1","2,930","5,412","54.1389505%"
"2018-02-01","B DIVISION","S Fkln","1","2,242","2,242","100%"
"2018-02-01","B DIVISION","S Rock","1","1,519","1,593","95.3546767%"
"2018-02-01","B DIVISION","W","1","2,603","3,591","72.4867725%"
"2018-03-01","A DIVISION","1","1","7,731","10,389","74.4152469%"
"2018-03-01","A DIVISION","2","1","3,274","7,019","46.6448212%"
"2018-03-01","A DIVISION","3","1","3,951","6,328","62.4367889%"
"2018-03-01","A DIVISION","4","1","3,919","8,276","47.3537941%"
"2018-03-01","A DIVISION","5","1","3,870","7,282","53.1447405%"
"2018-03-01","A DIVISION","6","1","6,253","12,380","50.5088853%"
"2018-03-01","A DIVISION","7","1","7,818","14,087","55.4979769%"
"2018-03-01","A DIVISION","S 42nd","1","13,495","13,662","98.7776314%"
"2018-03-01","B DIVISION","A","1","4,485","8,118","55.2475979%"
"2018-03-01","B DIVISION","B","1","2,245","4,248","52.8483992%"
"2018-03-01","B DIVISION","C","1","2,409","4,400","54.75%"
"2018-03-01","B DIVISION","D","1","2,948","5,778","51.0211146%"
"2018-03-01","B DIVISION","E","1","5,131","8,780","58.4396355%"
"2018-03-01","B DIVISION","F","1","3,942","8,376","47.0630372%"
"2018-03-01","B DIVISION","G","1","4,260","6,160","69.1558442%"
"2018-03-01","B DIVISION","JZ","1","4,322","6,138","70.4138156%"
"2018-03-01","B DIVISION","L","1","10,532","11,792","89.3147897%"
"2018-03-01","B DIVISION","M","1","8,160","10,530","77.4928775%"
"2018-03-01","B DIVISION","N","1","3,827","6,476","59.0951204%"
"2018-03-01","B DIVISION","Q","1","4,762","6,834","69.6810067%"
"2018-03-01","B DIVISION","R","1","4,048","6,266","64.6026173%"
"2018-03-01","B DIVISION","S Fkln","1","2,590","2,596","99.7688752%"
"2018-03-01","B DIVISION","S Rock","1","1,638","1,744","93.9220183%"
"2018-03-01","B DIVISION","W","1","2,997","4,158","72.0779221%"
"2018-04-01","A DIVISION","1","1","7,044","9,729","72.4020968%"
"2018-04-01","A DIVISION","2","1","3,506","7,104","49.3524775%"
"2018-04-01","A DIVISION","3","1","4,340","6,231","69.6517413%"
"2018-04-01","A DIVISION","4","1","4,253","7,797","54.5466205%"
"2018-04-01","A DIVISION","5","1","3,751","6,964","53.8627226%"
"2018-04-01","A DIVISION","6","1","6,356","11,941","53.2283728%"
"2018-04-01","A DIVISION","7","1","7,638","13,378","57.093736%"
"2018-04-01","A DIVISION","S 42nd","1","13,036","13,156","99.0878687%"
"2018-04-01","B DIVISION","A","1","4,643","7,749","59.9174087%"
"2018-04-01","B DIVISION","B","1","2,470","4,045","61.0630408%"
"2018-04-01","B DIVISION","C","1","2,536","4,200","60.3809524%"
"2018-04-01","B DIVISION","D","1","2,993","5,526","54.1621426%"
"2018-04-01","B DIVISION","E","1","4,802","8,375","57.3373134%"
"2018-04-01","B DIVISION","F","1","4,010","7,987","50.2065857%"
"2018-04-01","B DIVISION","G","1","4,305","5,880","73.2142857%"
"2018-04-01","B DIVISION","JZ","1","3,949","5,877","67.1941467%"
"2018-04-01","B DIVISION","L","1","10,482","11,256","93.1236674%"
"2018-04-01","B DIVISION","M","1","7,654","10,008","76.4788169%"
"2018-04-01","B DIVISION","N","1","4,035","6,095","66.2018048%"
"2018-04-01","B DIVISION","Q","1","4,713","6,521","72.2741911%"
"2018-04-01","B DIVISION","R","1","4,094","5,980","68.4615385%"
"2018-04-01","B DIVISION","S Fkln","1","2,475","2,478","99.8789346%"
"2018-04-01","B DIVISION","S Rock","1","1,722","1,759","97.8965321%"
"2018-04-01","B DIVISION","W","1","3,011","3,969","75.8629378%"
"2018-05-01","A DIVISION","1","1","7,299","10,152","71.8971631%"
"2018-05-01","A DIVISION","2","1","4,121","7,713","53.4292752%"
"2018-05-01","A DIVISION","3","1","4,456","6,476","68.8079061%"
"2018-05-01","A DIVISION","4","1","4,486","8,194","54.7473761%"
"2018-05-01","A DIVISION","5","1","4,578","7,304","62.6779847%"
"2018-05-01","A DIVISION","6","1","6,805","12,132","56.0913287%"
"2018-05-01","A DIVISION","7","1","8,801","13,907","63.2846768%"
"2018-05-01","A DIVISION","S 42nd","1","13,466","13,522","99.5858601%"
"2018-05-01","B DIVISION","A","1","4,514","8,106","55.6871453%"
"2018-05-01","B DIVISION","B","1","2,503","4,406","56.808897%"
"2018-05-01","B DIVISION","C","1","2,582","4,246","60.8101743%"
"2018-05-01","B DIVISION","D","1","3,036","6,373","47.6384748%"
"2018-05-01","B DIVISION","E","1","4,928","8,882","55.4829993%"
"2018-05-01","B DIVISION","F","1","3,414","8,508","40.1269394%"
"2018-05-01","B DIVISION","G","1","4,303","6,161","69.842558%"
"2018-05-01","B DIVISION","JZ","1","4,387","6,136","71.4960887%"
"2018-05-01","B DIVISION","L","1","10,805","11,742","92.0200988%"
"2018-05-01","B DIVISION","M","1","3,827","5,952","64.2977151%"
"2018-05-01","B DIVISION","N","1","5,980","10,096","59.2313788%"
"2018-05-01","B DIVISION","Q","1","4,228","6,968","60.6773823%"
"2018-05-01","B DIVISION","R","1","3,628","6,189","58.6201325%"
"2018-05-01","B DIVISION","S Fkln","1","5,169","5,192","99.5570108%"
"2018-05-01","B DIVISION","S Rock","1","3,171","3,276","96.7948718%"
"2018-06-01","A DIVISION","1","1","6,991","9,575","73.0130548%"
"2018-06-01","A DIVISION","2","1","4,394","7,555","58.1601588%"
"2018-06-01","A DIVISION","3","1","4,282","6,034","70.9645343%"
"2018-06-01","A DIVISION","4","1","4,674","8,102","57.6894594%"
"2018-06-01","A DIVISION","5","1","4,395","6,857","64.0950853%"
"2018-06-01","A DIVISION","6","1","7,105","11,728","60.5815143%"
"2018-06-01","A DIVISION","7","1","8,092","13,248","61.0809179%"
"2018-06-01","A DIVISION","S 42nd","1","12,552","12,596","99.6506828%"
"2018-06-01","B DIVISION","A","1","4,271","7,753","55.0883529%"
"2018-06-01","B DIVISION","B","1","2,534","4,012","63.1605184%"
"2018-06-01","B DIVISION","C","1","2,773","4,200","66.0238095%"
"2018-06-01","B DIVISION","D","1","5,307","8,137","65.2205973%"
"2018-06-01","B DIVISION","E","1","4,834","8,472","57.0585458%"
"2018-06-01","B DIVISION","F","1","3,764","8,046","46.7810092%"
"2018-06-01","B DIVISION","G","1","4,454","5,945","74.9201009%"
"2018-06-01","B DIVISION","JZ","1","3,842","5,858","65.5855241%"
"2018-06-01","B DIVISION","L","1","10,492","11,336","92.554693%"
"2018-06-01","B DIVISION","M","1","3,604","5,671","63.5514019%"
"2018-06-01","B DIVISION","N","1","5,085","9,681","52.5255655%"
"2018-06-01","B DIVISION","Q","1","4,358","6,593","66.1004095%"
"2018-06-01","B DIVISION","R","1","3,425","5,895","58.1000848%"
"2018-06-01","B DIVISION","S Fkln","1","4,942","4,956","99.7175141%"
"2018-06-01","B DIVISION","S Rock","1","3,366","3,528","95.4081633%"
"2018-07-01","A DIVISION","1","1","6,744","9,823","68.655197%"
"2018-07-01","A DIVISION","2","1","3,499","7,469","46.8469675%"
"2018-07-01","A DIVISION","3","1","3,698","5,803","63.7256591%"
"2018-07-01","A DIVISION","4","1","4,426","7,934","55.7852281%"
"2018-07-01","A DIVISION","5","1","4,116","6,909","59.5744681%"
"2018-07-01","A DIVISION","6","1","7,947","12,019","66.1203095%"
"2018-07-01","A DIVISION","7","1","9,197","13,168","69.8435601%"
"2018-07-01","A DIVISION","S 42nd","1","12,794","12,838","99.6572675%"
"2018-07-01","B DIVISION","A","1","4,128","7,628","54.1164132%"
"2018-07-01","B DIVISION","B","1","2,488","4,061","61.2656981%"
"2018-07-01","B DIVISION","C","1","2,699","4,200","64.2619048%"
"2018-07-01","B DIVISION","D","1","2,551","5,587","45.6595669%"
"2018-07-01","B DIVISION","E","1","4,701","8,470","55.501771%"
"2018-07-01","B DIVISION","F","1","3,989","8,200","48.6463415%"
"2018-07-01","B DIVISION","G","1","4,316","6,027","71.6110835%"
"2018-07-01","B DIVISION","JZ","1","3,548","5,911","60.0236847%"
"2018-07-01","B DIVISION","L","1","10,210","11,503","88.7594541%"
"2018-07-01","B DIVISION","M","1","3,281","5,628","58.2977967%"
"2018-07-01","B DIVISION","N","1","5,902","10,130","58.2625864%"
"2018-07-01","B DIVISION","Q","1","4,807","6,617","72.6462143%"
"2018-07-01","B DIVISION","R","1","2,900","5,973","48.5518165%"
"2018-07-01","B DIVISION","S Fkln","1","4,952","4,956","99.9192897%"
"2018-07-01","B DIVISION","S Rock","1","3,272","3,614","90.5368013%"
"2018-08-01","A DIVISION","1","1","7,866","10,628","74.0120436%"
"2018-08-01","A DIVISION","2","1","4,655","8,124","57.2993599%"
"2018-08-01","A DIVISION","3","1","4,524","6,032","75%"
"2018-08-01","A DIVISION","4","1","5,679","8,826","64.3439836%"
"2018-08-01","A DIVISION","5","1","5,009","7,305","68.5694729%"
"2018-08-01","A DIVISION","6","1","8,980","12,868","69.7855144%"
"2018-08-01","A DIVISION","7","1","10,411","14,486","71.8693911%"
"2018-08-01","A DIVISION","S 42nd","1","14,010","14,077","99.5240463%"
"2018-08-01","B DIVISION","A","1","4,470","8,304","53.8294797%"
"2018-08-01","B DIVISION","B","1","2,492","4,464","55.8243727%"
"2018-08-01","B DIVISION","C","1","2,746","4,544","60.431338%"
"2018-08-01","B DIVISION","D","1","6,134","9,393","65.3039497%"
"2018-08-01","B DIVISION","E","1","4,894","9,287","52.6973188%"
"2018-08-01","B DIVISION","F","1","4,501","8,842","50.9047726%"
"2018-08-01","B DIVISION","G","1","4,753","6,506","73.0556409%"
"2018-08-01","B DIVISION","JZ","1","3,692","6,466","57.0986699%"
"2018-08-01","B DIVISION","L","1","11,559","12,687","91.1090092%"
"2018-08-01","B DIVISION","M","1","3,806","6,157","61.8158193%"
"2018-08-01","B DIVISION","N","1","5,720","10,692","53.4979423%"
"2018-08-01","B DIVISION","Q","1","4,888","7,245","67.4672187%"
"2018-08-01","B DIVISION","R","1","2,710","6,525","41.532567%"
"2018-08-01","B DIVISION","S Fkln","1","5,354","5,392","99.2952522%"
"2018-08-01","B DIVISION","S Rock","1","3,732","3,956","94.3377148%"
"2018-09-01","A DIVISION","1","1","6,273","8,603","72.9164245%"
"2018-09-01","A DIVISION","2","1","3,775","6,605","57.1536715%"
"2018-09-01","A DIVISION","3","1","3,808","5,265","72.3266857%"
"2018-09-01","A DIVISION","4","1","4,559","7,634","59.7196751%"
"2018-09-01","A DIVISION","5","1","3,734","6,095","61.2633306%"
"2018-09-01","A DIVISION","6","1","7,351","10,701","68.6945145%"
"2018-09-01","A DIVISION","7","1","9,441","11,953","78.9843554%"
"2018-09-01","A DIVISION","S 42nd","1","11,329","11,377","99.5780962%"
"2018-09-01","B DIVISION","A","1","3,858","6,746","57.1894456%"
"2018-09-01","B DIVISION","B","1","2,018","3,628","55.6229327%"
"2018-09-01","B DIVISION","C","1","2,311","3,799","60.8317978%"
"2018-09-01","B DIVISION","D","1","4,788","7,262","65.9322501%"
"2018-09-01","B DIVISION","E","1","4,712","7,673","61.4101395%"
"2018-09-01","B DIVISION","F","1","3,553","7,054","50.3685852%"
"2018-09-01","B DIVISION","G","1","3,948","5,330","74.0712946%"
"2018-09-01","B DIVISION","JZ","1","2,900","5,287","54.8515226%"
"2018-09-01","B DIVISION","L","1","9,272","10,014","92.5903735%"
"2018-09-01","B DIVISION","M","1","3,373","5,103","66.0983735%"
"2018-09-01","B DIVISION","N","1","4,733","8,647","54.7357465%"
"2018-09-01","B DIVISION","Q","1","3,835","5,984","64.0875668%"
"2018-09-01","B DIVISION","R","1","2,536","5,414","46.841522%"
"2018-09-01","B DIVISION","S Fkln","1","4,398","4,416","99.5923913%"
"2018-09-01","B DIVISION","S Rock","1","3,061","3,193","95.8659568%"
"2018-10-01","A DIVISION","1","1","8,156","10,701","76.217176%"
"2018-10-01","A DIVISION","2","1","4,802","7,855","61.1330363%"
"2018-10-01","A DIVISION","3","1","4,726","6,469","73.0561138%"
"2018-10-01","A DIVISION","4","1","5,330","8,513","62.6101257%"
"2018-10-01","A DIVISION","5","1","5,159","7,500","68.7866667%"
"2018-10-01","A DIVISION","6","1","8,768","12,792","68.5428393%"
"2018-10-01","A DIVISION","7","1","11,014","14,451","76.2161788%"
"2018-10-01","A DIVISION","S 42nd","1","14,278","14,370","99.3597773%"
"2018-10-01","B DIVISION","A","1","4,579","8,482","53.9849092%"
"2018-10-01","B DIVISION","B","1","2,439","4,370","55.812357%"
"2018-10-01","B DIVISION","C","1","2,918","4,600","63.4347826%"
"2018-10-01","B DIVISION","D","1","3,277","6,239","52.524443%"
"2018-10-01","B DIVISION","E","1","5,924","9,292","63.7537667%"
"2018-10-01","B DIVISION","F","1","5,056","8,832","57.2463768%"
"2018-10-01","B DIVISION","G","1","4,524","6,441","70.2375408%"
"2018-10-01","B DIVISION","JZ","1","3,500","6,457","54.204739%"
"2018-10-01","B DIVISION","L","1","11,091","11,905","93.1625367%"
"2018-10-01","B DIVISION","M","1","4,132","6,235","66.2710505%"
"2018-10-01","B DIVISION","N","1","3,609","6,259","57.6609682%"
"2018-10-01","B DIVISION","Q","1","5,195","7,494","69.3221244%"
"2018-10-01","B DIVISION","R","1","3,086","6,435","47.956488%"
"2018-10-01","B DIVISION","S Fkln","1","5,419","5,428","99.8341931%"
"2018-10-01","B DIVISION","S Rock","1","3,646","3,864","94.3581781%"
"2018-11-01","A DIVISION","1","1","7,419","9,970","74.4132397%"
"2018-11-01","A DIVISION","2","1","4,213","6,906","61.0049233%"
"2018-11-01","A DIVISION","3","1","4,643","6,315","73.5233571%"
"2018-11-01","A DIVISION","4","1","4,969","7,911","62.8112754%"
"2018-11-01","A DIVISION","5","1","4,976","6,849","72.652942%"
"2018-11-01","A DIVISION","6","1","7,931","11,737","67.5726336%"
"2018-11-01","A DIVISION","7","1","9,902","13,240","74.7885196%"
"2018-11-01","A DIVISION","S 42nd","1","12,864","12,912","99.6282528%"
"2018-11-01","B DIVISION","A","1","4,100","7,837","52.3159372%"
"2018-11-01","B DIVISION","B","1","2,070","4,070","50.8599509%"
"2018-11-01","B DIVISION","C","1","2,586","4,200","61.5714286%"
"2018-11-01","B DIVISION","D","1","3,191","5,850","54.5470085%"
"2018-11-01","B DIVISION","E","1","5,620","8,588","65.440149%"
"2018-11-01","B DIVISION","F","1","4,192","8,205","51.0907983%"
"2018-11-01","B DIVISION","G","1","4,060","5,882","69.0241414%"
"2018-11-01","B DIVISION","JZ","1","3,510","5,861","59.8873912%"
"2018-11-01","B DIVISION","L","1","10,496","11,053","94.9606442%"
"2018-11-01","B DIVISION","M","1","3,185","5,642","56.4516129%"
"2018-11-01","B DIVISION","N","1","5,439","8,948","60.7845329%"
"2018-11-01","B DIVISION","Q","1","4,672","6,692","69.8147041%"
"2018-11-01","B DIVISION","R","1","2,778","5,937","46.7913087%"
"2018-11-01","B DIVISION","S Fkln","1","4,573","4,616","99.0684575%"
"2018-11-01","B DIVISION","S Rock","1","3,394","3,528","96.2018141%"
"2018-12-01","A DIVISION","1","1","7,225","9,260","78.0237581%"
"2018-12-01","A DIVISION","2","1","4,238","6,845","61.9138057%"
"2018-12-01","A DIVISION","3","1","4,379","5,916","74.0196078%"
"2018-12-01","A DIVISION","4","1","4,649","7,533","61.7151201%"
"2018-12-01","A DIVISION","5","1","4,592","6,552","70.0854701%"
"2018-12-01","A DIVISION","6","1","8,078","11,142","72.5004488%"
"2018-12-01","A DIVISION","7","1","10,804","12,607","85.6984215%"
"2018-12-01","A DIVISION","S 42nd","1","12,209","12,234","99.7956515%"
"2018-12-01","B DIVISION","A","1","4,419","7,700","57.3896104%"
"2018-12-01","B DIVISION","B","1","2,417","3,928","61.5325866%"
"2018-12-01","B DIVISION","C","1","2,524","4,023","62.7392493%"
"2018-12-01","B DIVISION","D","1","3,391","5,597","60.5860282%"
"2018-12-01","B DIVISION","E","1","5,250","8,196","64.0556369%"
"2018-12-01","B DIVISION","F","1","3,361","7,841","42.8644306%"
"2018-12-01","B DIVISION","G","1","4,336","5,588","77.5948461%"
"2018-12-01","B DIVISION","JZ","1","3,315","5,584","59.3660458%"
"2018-12-01","B DIVISION","L","1","9,404","10,444","90.0421295%"
"2018-12-01","B DIVISION","M","1","3,450","5,188","66.4996145%"
"2018-12-01","B DIVISION","N","1","5,767","9,203","62.6643486%"
"2018-12-01","B DIVISION","Q","1","5,056","6,444","78.4605835%"
"2018-12-01","B DIVISION","R","1","3,245","5,543","58.5423056%"
"2018-12-01","B DIVISION","S Fkln","1","4,699","4,720","99.5550847%"
"2018-12-01","B DIVISION","S Rock","1","3,235","3,360","96.2797619%"
"2019-01-01","A DIVISION","1","1","8,646","10,164","85.0649351%"
"2019-01-01","A DIVISION","2","1","5,225","7,222","72.34838%"
"2019-01-01","A DIVISION","3","1","5,103","6,176","82.6262953%"
"2019-01-01","A DIVISION","4","1","5,371","8,136","66.0152409%"
"2019-01-01","A DIVISION","5","1","5,374","7,222","74.4115204%"
"2019-01-01","A DIVISION","6","1","8,831","12,238","72.1604837%"
"2019-01-01","A DIVISION","7","1","11,992","13,694","87.5711991%"
"2019-01-01","A DIVISION","S 42nd","1","14,249","14,270","99.8528381%"
"2019-01-01","B DIVISION","A","1","5,074","8,367","60.6430023%"
"2019-01-01","B DIVISION","B","1","2,711","4,326","62.6675913%"
"2019-01-01","B DIVISION","C","1","3,009","4,400","68.3863636%"
"2019-01-01","B DIVISION","D","1","4,150","6,158","67.3920104%"
"2019-01-01","B DIVISION","E","1","6,585","9,007","73.1098035%"
"2019-01-01","B DIVISION","F","1","4,610","8,623","53.4616723%"
"2019-01-01","B DIVISION","G","1","4,518","6,160","73.3441558%"
"2019-01-01","B DIVISION","JZ","1","4,093","6,141","66.6503827%"
"2019-01-01","B DIVISION","L","1","10,394","11,522","90.210033%"
"2019-01-01","B DIVISION","M","1","4,037","5,765","70.0260191%"
"2019-01-01","B DIVISION","N","1","6,815","10,152","67.1296296%"
"2019-01-01","B DIVISION","Q","1","5,729","6,930","82.6695527%"
"2019-01-01","B DIVISION","R","1","4,162","6,209","67.0317281%"
"2019-01-01","B DIVISION","S Fkln","1","5,161","5,192","99.4029276%"
"2019-01-01","B DIVISION","S Rock","1","3,600","3,696","97.4025974%"
"2019-02-01","A DIVISION","1","1","7,336","8,778","83.5725678%"
"2019-02-01","A DIVISION","2","1","4,550","6,307","72.1420644%"
"2019-02-01","A DIVISION","3","1","4,706","5,525","85.1764706%"
"2019-02-01","A DIVISION","4","1","5,220","7,426","70.2935632%"
"2019-02-01","A DIVISION","5","1","4,712","6,214","75.8287737%"
"2019-02-01","A DIVISION","6","1","7,883","10,591","74.4311208%"
"2019-02-01","A DIVISION","7","1","10,622","11,951","88.8795917%"
"2019-02-01","A DIVISION","S 42nd","1","11,770","11,794","99.7965067%"
"2019-02-01","B DIVISION","A","1","4,406","7,105","62.0126671%"
"2019-02-01","B DIVISION","B","1","2,144","3,702","57.9146407%"
"2019-02-01","B DIVISION","C","1","2,566","3,800","67.5263158%"
"2019-02-01","B DIVISION","D","1","2,948","5,234","56.3240352%"
"2019-02-01","B DIVISION","E","1","5,840","7,788","74.9871597%"
"2019-02-01","B DIVISION","F","1","3,885","7,442","52.2037087%"
"2019-02-01","B DIVISION","G","1","3,835","5,324","72.0323065%"
"2019-02-01","B DIVISION","JZ","1","3,483","5,299","65.7293829%"
"2019-02-01","B DIVISION","L","1","8,873","10,137","87.5308277%"
"2019-02-01","B DIVISION","M","1","3,529","5,159","68.4047296%"
"2019-02-01","B DIVISION","N","1","3,443","5,126","67.167382%"
"2019-02-01","B DIVISION","Q","1","4,831","6,209","77.80641%"
"2019-02-01","B DIVISION","R","1","3,674","5,377","68.328064%"
"2019-02-01","B DIVISION","S Fkln","1","4,481","4,484","99.9330955%"
"2019-02-01","B DIVISION","S Rock","1","3,108","3,193","97.3379267%"
"2019-03-01","A DIVISION","1","1","8,343","9,702","85.9925788%"
"2019-03-01","A DIVISION","2","1","4,878","6,780","71.9469027%"
"2019-03-01","A DIVISION","3","1","4,970","6,240","79.6474359%"
"2019-03-01","A DIVISION","4","1","5,934","8,034","73.8610904%"
"2019-03-01","A DIVISION","5","1","5,435","6,894","78.8366696%"
"2019-03-01","A DIVISION","6","1","8,951","11,862","75.4594503%"
"2019-03-01","A DIVISION","7","1","12,046","13,237","91.002493%"
"2019-03-01","A DIVISION","S 42nd","1","12,802","12,844","99.6729991%"
"2019-03-01","B DIVISION","A","1","4,975","7,897","62.9986071%"
"2019-03-01","B DIVISION","B","1","2,440","4,016","60.7569721%"
"2019-03-01","B DIVISION","C","1","2,800","4,088","68.4931507%"
"2019-03-01","B DIVISION","D","1","3,524","5,754","61.2443518%"
"2019-03-01","B DIVISION","E","1","6,011","8,609","69.822279%"
"2019-03-01","B DIVISION","F","1","4,610","8,226","56.0418186%"
"2019-03-01","B DIVISION","G","1","4,585","5,873","78.0691299%"
"2019-03-01","B DIVISION","JZ","1","4,320","5,855","73.7830914%"
"2019-03-01","B DIVISION","L","1","9,883","10,890","90.7529844%"
"2019-03-01","B DIVISION","M","1","4,014","5,695","70.4828797%"
"2019-03-01","B DIVISION","N","1","4,067","5,637","72.1483058%"
"2019-03-01","B DIVISION","Q","1","5,425","6,633","81.7880295%"
"2019-03-01","B DIVISION","R","1","4,027","5,943","67.7603904%"
"2019-03-01","B DIVISION","S Fkln","1","4,935","4,956","99.5762712%"
"2019-03-01","B DIVISION","S Rock","1","3,444","3,528","97.6190476%"
"2019-04-01","A DIVISION","1","1","8,830","10,143","87.0551119%"
"2019-04-01","A DIVISION","1","2","2,138","2,336","91.5239726%"
"2019-04-01","A DIVISION","2","1","5,420","7,128","76.0381594%"
"2019-04-01","A DIVISION","2","2","1,022","1,900","53.7894737%"
"2019-04-01","A DIVISION","3","1","5,335","6,208","85.9375%"
"2019-04-01","A DIVISION","3","2","913","1,580","57.7848101%"
"2019-04-01","A DIVISION","4","1","6,163","8,139","75.7218331%"
"2019-04-01","A DIVISION","4","2","1,589","2,140","74.2523364%"
"2019-04-01","A DIVISION","5","1","5,887","7,229","81.4358832%"
"2019-04-01","A DIVISION","5","2","1,288","1,549","83.1504196%"
"2019-04-01","A DIVISION","6","1","9,401","12,512","75.1358696%"
"2019-04-01","A DIVISION","6","2","2,360","3,101","76.1044824%"
"2019-04-01","A DIVISION","7","1","12,444","13,919","89.4029744%"
"2019-04-01","A DIVISION","7","2","2,600","2,840","91.5492958%"
"2019-04-01","A DIVISION","S 42nd","1","13,430","13,454","99.8216144%"
"2019-04-01","A DIVISION","S 42nd","2","2,727","2,728","99.9633431%"
"2019-04-01","B DIVISION","A","1","5,432","8,158","66.5849473%"
"2019-04-01","B DIVISION","A","2","1,985","2,488","79.7829582%"
"2019-04-01","B DIVISION","B","1","2,813","4,344","64.7559853%"
"2019-04-01","B DIVISION","C","1","3,205","4,288","74.7434701%"
"2019-04-01","B DIVISION","C","2","965","1,314","73.4398782%"
"2019-04-01","B DIVISION","D","1","3,798","6,029","62.9955216%"
"2019-04-01","B DIVISION","D","2","1,120","1,680","66.6666667%"
"2019-04-01","B DIVISION","E","1","6,933","9,023","76.8369722%"
"2019-04-01","B DIVISION","E","2","1,432","1,695","84.4837758%"
"2019-04-01","B DIVISION","F","1","5,624","8,904","63.1626235%"
"2019-04-01","B DIVISION","F","2","1,301","1,674","77.7180406%"
"2019-04-01","B DIVISION","G","1","5,251","6,439","81.5499301%"
"2019-04-01","B DIVISION","G","2","1,241","1,446","85.8229599%"
"2019-04-01","B DIVISION","JZ","1","4,701","6,143","76.5261273%"
"2019-04-01","B DIVISION","JZ","2","1,627","1,800","90.3888889%"
"2019-04-01","B DIVISION","L","1","10,109","11,094","91.1213268%"
"2019-04-01","B DIVISION","L","2","2,618","2,862","91.4744934%"
"2019-04-01","B DIVISION","M","1","4,411","5,965","73.9480302%"
"2019-04-01","B DIVISION","M","2","1,231","1,353","90.9830007%"
"2019-04-01","B DIVISION","N","1","6,462","9,432","68.5114504%"
"2019-04-01","B DIVISION","N","2","1,229","1,692","72.6359338%"
"2019-04-01","B DIVISION","Q","1","5,724","6,934","82.5497548%"
"2019-04-01","B DIVISION","Q","2","1,685","2,008","83.9143426%"
"2019-04-01","B DIVISION","R","1","3,907","6,224","62.7731362%"
"2019-04-01","B DIVISION","R","2","1,337","1,720","77.7325581%"
"2019-04-01","B DIVISION","S Fkln","1","5,184","5,192","99.8459168%"
"2019-04-01","B DIVISION","S Fkln","2","1,682","1,696","99.1745283%"
"2019-04-01","B DIVISION","S Rock","1","3,579","3,696","96.8344156%"
"2019-04-01","B DIVISION","S Rock","2","1,183","1,200","98.5833333%"
"2019-05-01","A DIVISION","1","1","8,510","10,157","83.7845821%"
"2019-05-01","A DIVISION","1","2","2,353","2,610","90.1532567%"
"2019-05-01","A DIVISION","2","1","5,249","7,128","73.6391695%"
"2019-05-01","A DIVISION","2","2","974","2,146","45.3867661%"
"2019-05-01","A DIVISION","3","1","5,190","6,326","82.0423648%"
"2019-05-01","A DIVISION","3","2","831","1,254","66.2679426%"
"2019-05-01","A DIVISION","4","1","6,006","8,120","73.9655172%"
"2019-05-01","A DIVISION","4","2","1,543","2,388","64.6147404%"
"2019-05-01","A DIVISION","5","1","5,722","7,184","79.6492205%"
"2019-05-01","A DIVISION","5","2","1,569","1,857","84.4911147%"
"2019-05-01","A DIVISION","6","1","9,579","12,575","76.1749503%"
"2019-05-01","A DIVISION","6","2","2,893","3,372","85.7947805%"
"2019-05-01","A DIVISION","7","1","13,046","14,423","90.4527491%"
"2019-05-01","A DIVISION","7","2","2,749","3,208","85.69202%"
"2019-05-01","A DIVISION","S 42nd","1","13,420","13,454","99.7472871%"
"2019-05-01","A DIVISION","S 42nd","2","3,252","3,253","99.9692591%"
"2019-05-01","B DIVISION","A","1","5,529","8,373","66.0336797%"
"2019-05-01","B DIVISION","A","2","2,407","2,742","87.7826404%"
"2019-05-01","B DIVISION","B","1","2,726","4,292","63.5135135%"
"2019-05-01","B DIVISION","C","1","3,292","4,400","74.8181818%"
"2019-05-01","B DIVISION","C","2","1,337","1,548","86.369509%"
"2019-05-01","B DIVISION","D","1","3,804","6,028","63.1055076%"
"2019-05-01","B DIVISION","D","2","1,599","1,886","84.7826087%"
"2019-05-01","B DIVISION","E","1","7,059","9,020","78.2594235%"
"2019-05-01","B DIVISION","E","2","1,754","1,894","92.6082365%"
"2019-05-01","B DIVISION","F","1","5,573","8,621","64.6444728%"
"2019-05-01","B DIVISION","F","2","1,687","1,874","90.0213447%"
"2019-05-01","B DIVISION","G","1","4,719","6,380","73.9655172%"
"2019-05-01","B DIVISION","G","2","1,816","2,318","78.3433995%"
"2019-05-01","B DIVISION","JZ","1","4,268","6,138","69.5340502%"
"2019-05-01","B DIVISION","JZ","2","1,849","2,004","92.2654691%"
"2019-05-01","B DIVISION","L","1","9,777","10,670","91.6307404%"
"2019-05-01","B DIVISION","L","2","2,319","2,358","98.346056%"
"2019-05-01","B DIVISION","M","1","4,232","6,087","69.5252177%"
"2019-05-01","B DIVISION","M","2","2,197","2,479","88.6244453%"
"2019-05-01","B DIVISION","N","1","7,133","9,911","71.9705378%"
"2019-05-01","B DIVISION","N","2","1,453","1,889","76.9190048%"
"2019-05-01","B DIVISION","Q","1","5,968","6,930","86.1183261%"
"2019-05-01","B DIVISION","Q","2","2,023","2,328","86.8986254%"
"2019-05-01","B DIVISION","R","1","4,328","6,219","69.5931822%"
"2019-05-01","B DIVISION","R","2","1,535","1,944","78.9609053%"
"2019-05-01","B DIVISION","S Fkln","1","4,907","4,920","99.7357724%"
"2019-05-01","B DIVISION","S Fkln","2","1,668","1,668","100%"
"2019-05-01","B DIVISION","S Rock","1","3,106","3,256","95.3931204%"
"2019-05-01","B DIVISION","S Rock","2","1,423","1,467","97.0006817%"
"2019-06-01","A DIVISION","1","1","7,841","9,489","82.6325219%"
"2019-06-01","A DIVISION","1","2","2,801","2,976","94.1196237%"
"2019-06-01","A DIVISION","2","1","4,901","6,480","75.632716%"
"2019-06-01","A DIVISION","2","2","1,209","2,456","49.2263844%"
"2019-06-01","A DIVISION","3","1","4,831","5,896","81.9369064%"
"2019-06-01","A DIVISION","3","2","1,372","2,090","65.645933%"
"2019-06-01","A DIVISION","4","1","5,510","7,451","73.9498054%"
"2019-06-01","A DIVISION","4","2","1,801","2,670","67.4531835%"
"2019-06-01","A DIVISION","5","1","5,321","6,527","81.5229049%"
"2019-06-01","A DIVISION","5","2","1,347","1,647","81.7850638%"
"2019-06-01","A DIVISION","6","1","8,911","11,235","79.3146417%"
"2019-06-01","A DIVISION","6","2","2,672","3,282","81.4137721%"
"2019-06-01","A DIVISION","7","1","11,826","13,113","90.1853123%"
"2019-06-01","A DIVISION","7","2","3,385","3,799","89.1023954%"
"2019-06-01","A DIVISION","S 42nd","1","12,222","12,234","99.9019127%"
"2019-06-01","A DIVISION","S 42nd","2","3,468","3,470","99.9423631%"
"2019-06-01","B DIVISION","A","1","4,935","7,524","65.5901116%"
"2019-06-01","B DIVISION","A","2","2,339","2,885","81.0745234%"
"2019-06-01","B DIVISION","B","1","2,705","3,848","70.2962578%"
"2019-06-01","B DIVISION","C","1","2,968","4,000","74.2%"
"2019-06-01","B DIVISION","C","2","1,377","1,659","83.0018083%"
"2019-06-01","B DIVISION","D","1","3,688","5,479","67.3115532%"
"2019-06-01","B DIVISION","D","2","1,707","2,100","81.2857143%"
"2019-06-01","B DIVISION","E","1","6,499","8,194","79.3141323%"
"2019-06-01","B DIVISION","E","2","1,841","2,100","87.6666667%"
"2019-06-01","B DIVISION","F","1","5,346","7,838","68.206175%"
"2019-06-01","B DIVISION","F","2","1,721","2,090","82.3444976%"
"2019-06-01","B DIVISION","G","1","4,700","5,790","81.1744387%"
"2019-06-01","B DIVISION","G","2","2,167","2,544","85.1808176%"
"2019-06-01","B DIVISION","JZ","1","4,546","5,579","81.4841369%"
"2019-06-01","B DIVISION","JZ","2","1,922","2,240","85.8035714%"
"2019-06-01","B DIVISION","L","1","9,121","9,670","94.3226474%"
"2019-06-01","B DIVISION","L","2","2,905","3,040","95.5592105%"
"2019-06-01","B DIVISION","M","1","4,105","5,518","74.392896%"
"2019-06-01","B DIVISION","M","2","2,461","2,676","91.9656203%"
"2019-06-01","B DIVISION","N","1","6,944","8,877","78.2246254%"
"2019-06-01","B DIVISION","N","2","1,571","2,227","70.5433318%"
"2019-06-01","B DIVISION","Q","1","5,547","6,300","88.047619%"
"2019-06-01","B DIVISION","Q","2","2,337","2,664","87.7252252%"
"2019-06-01","B DIVISION","R","1","3,889","5,590","69.5706619%"
"2019-06-01","B DIVISION","R","2","1,462","2,080","70.2884615%"
"2019-06-01","B DIVISION","S Fkln","1","4,674","4,720","99.0254237%"
"2019-06-01","B DIVISION","S Fkln","2","1,857","1,868","99.4111349%"
"2019-06-01","B DIVISION","S Rock","1","3,243","3,360","96.5178571%"
"2019-06-01","B DIVISION","S Rock","2","1,386","1,519","91.2442396%"
"2019-07-01","A DIVISION","1","1","8,878","10,412","85.2669996%"
"2019-07-01","A DIVISION","1","2","4,065","4,398","92.4283765%"
"2019-07-01","A DIVISION","2","1","5,193","7,310","71.0396717%"
"2019-07-01","A DIVISION","2","2","969","2,178","44.4903581%"
"2019-07-01","A DIVISION","3","1","4,898","6,076","80.6122449%"
"2019-07-01","A DIVISION","3","2","743","1,050","70.7619048%"
"2019-07-01","A DIVISION","4","1","6,046","8,124","74.4214673%"
"2019-07-01","A DIVISION","4","2","1,665","2,458","67.7379984%"
"2019-07-01","A DIVISION","5","1","5,387","7,158","75.2584521%"
"2019-07-01","A DIVISION","5","2","1,260","1,458","86.4197531%"
"2019-07-01","A DIVISION","6","1","9,923","12,264","80.9116112%"
"2019-07-01","A DIVISION","6","2","2,074","2,558","81.0789679%"
"2019-07-01","A DIVISION","7","1","13,190","14,370","91.7884482%"
"2019-07-01","A DIVISION","7","2","2,743","3,300","83.1212121%"
"2019-07-01","A DIVISION","S 42nd","1","13,743","13,828","99.3853052%"
"2019-07-01","A DIVISION","S 42nd","2","3,106","3,145","98.7599364%"
"2019-07-01","B DIVISION","A","1","5,358","8,304","64.5231214%"
"2019-07-01","B DIVISION","A","2","1,879","2,570","73.1128405%"
"2019-07-01","B DIVISION","B","1","2,952","4,300","68.6511628%"
"2019-07-01","B DIVISION","C","1","3,082","4,400","70.0454545%"
"2019-07-01","B DIVISION","C","2","1,109","1,435","77.28223%"
"2019-07-01","B DIVISION","D","1","4,210","6,103","68.9824676%"
"2019-07-01","B DIVISION","D","2","1,679","1,988","84.4567404%"
"2019-07-01","B DIVISION","E","1","7,147","9,020","79.2350333%"
"2019-07-01","B DIVISION","E","2","1,727","1,896","91.0864979%"
"2019-07-01","B DIVISION","F","1","5,504","8,624","63.8218924%"
"2019-07-01","B DIVISION","F","2","1,587","1,902","83.4384858%"
"2019-07-01","B DIVISION","G","1","5,072","6,381","79.485974%"
"2019-07-01","B DIVISION","G","2","2,105","2,414","87.1996686%"
"2019-07-01","B DIVISION","JZ","1","5,199","6,138","84.7018573%"
"2019-07-01","B DIVISION","JZ","2","1,636","2,028","80.6706114%"
"2019-07-01","B DIVISION","L","1","10,005","10,738","93.1737754%"
"2019-07-01","B DIVISION","L","2","2,731","3,112","87.7570694%"
"2019-07-01","B DIVISION","M","1","4,561","6,077","75.0534803%"
"2019-07-01","B DIVISION","M","2","2,061","2,468","83.5089141%"
"2019-07-01","B DIVISION","N","1","7,421","9,529","77.8780565%"
"2019-07-01","B DIVISION","N","2","1,198","1,943","61.6572311%"
"2019-07-01","B DIVISION","Q","1","5,978","6,931","86.2501803%"
"2019-07-01","B DIVISION","Q","2","1,701","2,344","72.5682594%"
"2019-07-01","B DIVISION","R","1","4,534","6,180","73.3656958%"
"2019-07-01","B DIVISION","R","2","1,354","1,860","72.7956989%"
"2019-07-01","B DIVISION","S Fkln","1","5,079","5,120","99.1992188%"
"2019-07-01","B DIVISION","S Fkln","2","1,901","1,922","98.9073881%"
"2019-07-01","B DIVISION","S Rock","1","3,540","3,699","95.701541%"
"2019-07-01","B DIVISION","S Rock","2","1,180","1,351","87.3427091%"
"2019-08-01","A DIVISION","1","1","9,051","10,264","88.1819953%"
"2019-08-01","A DIVISION","1","2","2,161","2,478","87.2074253%"
"2019-08-01","A DIVISION","2","1","5,680","7,462","76.1190029%"
"2019-08-01","A DIVISION","2","2","1,587","2,506","63.3280128%"
"2019-08-01","A DIVISION","3","1","4,826","5,626","85.7803057%"
"2019-08-01","A DIVISION","3","2","172","214","80.3738318%"
"2019-08-01","A DIVISION","4","1","6,490","8,136","79.7689282%"
"2019-08-01","A DIVISION","4","2","1,574","2,418","65.0951199%"
"2019-08-01","A DIVISION","5","1","5,932","7,256","81.753032%"
"2019-08-01","A DIVISION","5","2","2,599","2,860","90.8741259%"
"2019-08-01","A DIVISION","6","1","10,673","12,239","87.204837%"
"2019-08-01","A DIVISION","6","2","2,240","2,558","87.5684128%"
"2019-08-01","A DIVISION","7","1","13,279","14,422","92.0746082%"
"2019-08-01","A DIVISION","7","2","3,233","3,498","92.4242424%"
"2019-08-01","A DIVISION","S 42nd","1","13,216","13,284","99.488106%"
"2019-08-01","A DIVISION","S 42nd","2","3,648","3,659","99.6993714%"
"2019-08-01","B DIVISION","A","1","6,039","8,245","73.2443905%"
"2019-08-01","B DIVISION","A","2","2,162","2,650","81.5849057%"
"2019-08-01","B DIVISION","B","1","3,266","4,392","74.3624772%"
"2019-08-01","B DIVISION","C","1","3,440","4,400","78.1818182%"
"2019-08-01","B DIVISION","C","2","1,107","1,512","73.2142857%"
"2019-08-01","B DIVISION","D","1","4,585","6,091","75.2749959%"
"2019-08-01","B DIVISION","D","2","1,578","1,894","83.3157339%"
"2019-08-01","B DIVISION","E","1","7,508","9,004","83.3851622%"
"2019-08-01","B DIVISION","E","2","1,771","1,900","93.2105263%"
"2019-08-01","B DIVISION","F","1","5,323","8,622","61.7374159%"
"2019-08-01","B DIVISION","F","2","1,633","1,888","86.4936441%"
"2019-08-01","B DIVISION","G","1","5,318","6,380","83.354232%"
"2019-08-01","B DIVISION","G","2","2,151","2,362","91.0668925%"
"2019-08-01","B DIVISION","JZ","1","5,115","6,129","83.4557024%"
"2019-08-01","B DIVISION","JZ","2","1,789","2,028","88.2149901%"
"2019-08-01","B DIVISION","L","1","9,956","10,850","91.7603687%"
"2019-08-01","B DIVISION","L","2","2,484","2,632","94.3768997%"
"2019-08-01","B DIVISION","M","1","4,409","6,070","72.6359143%"
"2019-08-01","B DIVISION","M","2","1,733","2,507","69.126446%"
"2019-08-01","B DIVISION","N","1","8,036","9,625","83.4909091%"
"2019-08-01","B DIVISION","N","2","1,636","2,002","81.7182817%"
"2019-08-01","B DIVISION","Q","1","6,090","6,930","87.8787879%"
"2019-08-01","B DIVISION","Q","2","2,105","2,340","89.957265%"
"2019-08-01","B DIVISION","R","1","4,700","6,174","76.1256884%"
"2019-08-01","B DIVISION","R","2","1,611","1,864","86.4270386%"
"2019-08-01","B DIVISION","S Fkln","1","5,175","5,192","99.6725732%"
"2019-08-01","B DIVISION","S Fkln","2","1,869","1,922","97.2424558%"
"2019-08-01","B DIVISION","S Rock","1","3,515","3,696","95.1028139%"
"2019-08-01","B DIVISION","S Rock","2","1,257","1,419","88.5835095%"
"2019-09-01","A DIVISION","1","1","8,458","9,343","90.5276678%"
"2019-09-01","A DIVISION","1","2","2,755","2,884","95.5270458%"
"2019-09-01","A DIVISION","2","1","5,146","6,580","78.2066869%"
"2019-09-01","A DIVISION","2","2","1,473","2,358","62.4681934%"
"2019-09-01","A DIVISION","3","1","5,070","5,727","88.5280251%"
"2019-09-01","A DIVISION","3","2","1,510","2,080","72.5961538%"
"2019-09-01","A DIVISION","4","1","5,711","7,504","76.1060768%"
"2019-09-01","A DIVISION","4","2","1,900","3,135","60.6060606%"
"2019-09-01","A DIVISION","5","1","5,144","6,541","78.6424094%"
"2019-09-01","A DIVISION","5","2","1,793","2,048","87.5488281%"
"2019-09-01","A DIVISION","6","1","8,834","11,261","78.44774%"
"2019-09-01","A DIVISION","6","2","3,004","3,698","81.233099%"
"2019-09-01","A DIVISION","7","1","12,592","13,113","96.0268436%"
"2019-09-01","A DIVISION","7","2","3,776","3,974","95.0176145%"
"2019-09-01","A DIVISION","S 42nd","1","10,280","10,329","99.5256075%"
"2019-09-01","A DIVISION","S 42nd","2","3,356","3,356","100%"
"2019-09-01","B DIVISION","A","1","4,953","7,511","65.9432832%"
"2019-09-01","B DIVISION","A","2","2,589","3,023","85.6434006%"
"2019-09-01","B DIVISION","B","1","2,746","3,928","69.9083503%"
"2019-09-01","B DIVISION","C","1","2,999","4,000","74.975%"
"2019-09-01","B DIVISION","C","2","1,273","1,544","82.4481865%"
"2019-09-01","B DIVISION","D","1","3,729","5,480","68.0474453%"
"2019-09-01","B DIVISION","D","2","1,753","2,092","83.7954111%"
"2019-09-01","B DIVISION","E","1","6,534","8,213","79.5568002%"
"2019-09-01","B DIVISION","E","2","1,932","2,086","92.6174497%"
"2019-09-01","B DIVISION","F","1","5,230","7,829","66.8029122%"
"2019-09-01","B DIVISION","F","2","1,770","2,077","85.219066%"
"2019-09-01","B DIVISION","G","1","4,581","5,799","78.9963787%"
"2019-09-01","B DIVISION","G","2","2,181","2,556","85.3286385%"
"2019-09-01","B DIVISION","JZ","1","4,726","5,580","84.6953405%"
"2019-09-01","B DIVISION","JZ","2","1,923","2,216","86.7779783%"
"2019-09-01","B DIVISION","L","1","9,137","10,066","90.770912%"
"2019-09-01","B DIVISION","L","2","2,709","2,876","94.1933241%"
"2019-09-01","B DIVISION","M","1","4,344","5,594","77.65463%"
"2019-09-01","B DIVISION","M","2","2,424","2,742","88.4026258%"
"2019-09-01","B DIVISION","N","1","7,410","9,233","80.2556049%"
"2019-09-01","B DIVISION","N","2","1,787","2,107","84.8125297%"
"2019-09-01","B DIVISION","Q","1","5,470","6,300","86.8253968%"
"2019-09-01","B DIVISION","Q","2","2,121","2,484","85.3864734%"
"2019-09-01","B DIVISION","R","1","4,373","5,647","77.4393483%"
"2019-09-01","B DIVISION","R","2","1,873","2,160","86.712963%"
"2019-09-01","B DIVISION","S Fkln","1","4,708","4,720","99.7457627%"
"2019-09-01","B DIVISION","S Fkln","2","2,082","2,092","99.5219885%"
"2019-09-01","B DIVISION","S Rock","1","2,832","2,940","96.3265306%"
"2019-09-01","B DIVISION","S Rock","2","963","1,010","95.3465347%"
"2019-10-01","A DIVISION","1","1","9,140","10,626","86.0154338%"
"2019-10-01","A DIVISION","1","2","2,159","2,328","92.7405498%"
"2019-10-01","A DIVISION","2","1","5,981","7,571","78.9988113%"
"2019-10-01","A DIVISION","2","2","1,096","1,900","57.6842105%"
"2019-10-01","A DIVISION","3","1","5,899","6,638","88.8671287%"
"2019-10-01","A DIVISION","3","2","1,355","1,668","81.235012%"
"2019-10-01","A DIVISION","4","1","6,583","8,507","77.3833314%"
"2019-10-01","A DIVISION","4","2","1,497","2,136","70.0842697%"
"2019-10-01","A DIVISION","5","1","6,088","7,543","80.7105926%"
"2019-10-01","A DIVISION","5","2","1,661","1,978","83.9737108%"
"2019-10-01","A DIVISION","6","1","9,878","12,821","77.0454723%"
"2019-10-01","A DIVISION","6","2","2,392","2,680","89.2537313%"
"2019-10-01","A DIVISION","7","1","13,228","15,062","87.8236622%"
"2019-10-01","A DIVISION","7","2","2,431","2,914","83.4248456%"
"2019-10-01","A DIVISION","S 42nd","1","11,616","11,816","98.3073798%"
"2019-10-01","A DIVISION","S 42nd","2","2,859","2,864","99.825419%"
"2019-10-01","B DIVISION","A","1","5,693","8,670","65.6632065%"
"2019-10-01","B DIVISION","A","2","1,965","2,324","84.5524957%"
"2019-10-01","B DIVISION","B","1","2,973","4,486","66.2728489%"
"2019-10-01","B DIVISION","C","1","3,449","4,600","74.9782609%"
"2019-10-01","B DIVISION","C","2","1,135","1,316","86.2462006%"
"2019-10-01","B DIVISION","D","1","3,950","6,302","62.6785148%"
"2019-10-01","B DIVISION","D","2","1,214","1,680","72.2619048%"
"2019-10-01","B DIVISION","E","1","7,398","9,430","78.4517497%"
"2019-10-01","B DIVISION","E","2","1,553","1,680","92.4404762%"
"2019-10-01","B DIVISION","F","1","6,097","8,990","67.8197998%"
"2019-10-01","B DIVISION","F","2","1,443","1,673","86.2522415%"
"2019-10-01","B DIVISION","G","1","5,285","6,670","79.2353823%"
"2019-10-01","B DIVISION","G","2","1,780","2,080","85.5769231%"
"2019-10-01","B DIVISION","JZ","1","5,284","6,413","82.3951349%"
"2019-10-01","B DIVISION","JZ","2","1,497","1,792","83.5379464%"
"2019-10-01","B DIVISION","L","1","10,568","11,280","93.6879433%"
"2019-10-01","B DIVISION","L","2","2,249","2,370","94.8945148%"
"2019-10-01","B DIVISION","M","1","5,217","6,512","80.1136364%"
"2019-10-01","B DIVISION","M","2","1,844","2,212","83.363472%"
"2019-10-01","B DIVISION","N","1","8,622","11,003","78.3604472%"
"2019-10-01","B DIVISION","N","2","1,278","1,743","73.3218589%"
"2019-10-01","B DIVISION","Q","1","6,089","7,324","83.1376297%"
"2019-10-01","B DIVISION","Q","2","1,608","2,008","80.0796813%"
"2019-10-01","B DIVISION","R","1","4,988","6,487","76.892246%"
"2019-10-01","B DIVISION","R","2","1,516","1,728","87.7314815%"
"2019-10-01","B DIVISION","S Fkln","1","5,412","5,428","99.7052321%"
"2019-10-01","B DIVISION","S Fkln","2","1,694","1,696","99.8820755%"
"2019-10-01","B DIVISION","S Rock","1","3,652","3,744","97.542735%"
"2019-10-01","B DIVISION","S Rock","2","1,149","1,177","97.6210705%"
"2019-11-01","A DIVISION","1","1","7,736","9,192","84.1601393%"
"2019-11-01","A DIVISION","1","2","2,600","2,926","88.8585099%"
"2019-11-01","A DIVISION","2","1","5,524","6,805","81.1756062%"
"2019-11-01","A DIVISION","2","2","2,140","3,271","65.4234179%"
"2019-11-01","A DIVISION","3","1","5,243","5,874","89.257746%"
"2019-11-01","A DIVISION","3","2","1,101","1,460","75.4109589%"
"2019-11-01","A DIVISION","4","1","5,669","7,400","76.6081081%"
"2019-11-01","A DIVISION","4","2","1,896","2,676","70.8520179%"
"2019-11-01","A DIVISION","5","1","5,215","6,559","79.5090715%"
"2019-11-01","A DIVISION","5","2","1,874","2,259","82.9570606%"
"2019-11-01","A DIVISION","6","1","8,596","11,088","77.5252525%"
"2019-11-01","A DIVISION","6","2","2,459","2,826","87.0134466%"
"2019-11-01","A DIVISION","7","1","12,081","13,081","92.3553245%"
"2019-11-01","A DIVISION","7","2","3,563","3,792","93.9609705%"
"2019-11-01","A DIVISION","S 42nd","1","10,353","10,556","98.0769231%"
"2019-11-01","A DIVISION","S 42nd","2","3,674","3,674","100%"
"2019-11-01","B DIVISION","A","1","5,001","7,495","66.724483%"
"2019-11-01","B DIVISION","A","2","2,301","2,811","81.8569904%"
"2019-11-01","B DIVISION","B","1","2,426","3,859","62.8660275%"
"2019-11-01","B DIVISION","C","1","2,948","3,860","76.373057%"
"2019-11-01","B DIVISION","C","2","1,189","1,570","75.7324841%"
"2019-11-01","B DIVISION","D","1","3,990","5,916","67.4442191%"
"2019-11-01","B DIVISION","D","2","2,234","2,544","87.8144654%"
"2019-11-01","B DIVISION","E","1","6,425","8,200","78.3536585%"
"2019-11-01","B DIVISION","E","2","1,851","2,103","88.0171184%"
"2019-11-01","B DIVISION","F","1","5,593","7,838","71.3574892%"
"2019-11-01","B DIVISION","F","2","1,666","2,097","79.4468288%"
"2019-11-01","B DIVISION","G","1","4,443","5,804","76.5506547%"
"2019-11-01","B DIVISION","G","2","2,052","2,571","79.8133022%"
"2019-11-01","B DIVISION","JZ","1","4,597","5,580","82.3835125%"
"2019-11-01","B DIVISION","JZ","2","2,050","2,246","91.2733749%"
"2019-11-01","B DIVISION","L","1","9,482","9,956","95.2390518%"
"2019-11-01","B DIVISION","L","2","2,615","2,816","92.8622159%"
"2019-11-01","B DIVISION","M","1","4,555","5,630","80.9058615%"
"2019-11-01","B DIVISION","M","2","2,393","2,712","88.2374631%"
"2019-11-01","B DIVISION","N","1","6,886","9,213","74.7422121%"
"2019-11-01","B DIVISION","N","2","1,531","2,366","64.7083686%"
"2019-11-01","B DIVISION","Q","1","5,181","6,346","81.6419792%"
"2019-11-01","B DIVISION","Q","2","2,388","2,526","94.5368171%"
"2019-11-01","B DIVISION","R","1","4,263","5,622","75.8271078%"
"2019-11-01","B DIVISION","R","2","1,509","2,082","72.4783862%"
"2019-11-01","B DIVISION","S Fkln","1","4,676","4,720","99.0677966%"
"2019-11-01","B DIVISION","S Fkln","2","2,091","2,126","98.3537159%"
"2019-11-01","B DIVISION","S Rock","1","3,085","3,240","95.2160494%"
"2019-11-01","B DIVISION","S Rock","2","1,497","1,521","98.4220907%"
"2019-12-01","A DIVISION","1","1","8,224","9,752","84.3314192%"
"2019-12-01","A DIVISION","1","2","2,673","2,884","92.6837725%"
"2019-12-01","A DIVISION","2","1","5,268","6,833","77.0964437%"
"2019-12-01","A DIVISION","2","2","1,813","2,796","64.8426323%"
"2019-12-01","A DIVISION","3","1","5,435","6,304","86.2151015%"
"2019-12-01","A DIVISION","3","2","1,056","1,390","75.971223%"
"2019-12-01","A DIVISION","4","1","6,137","7,771","78.9731051%"
"2019-12-01","A DIVISION","4","2","2,046","2,640","77.5%"
"2019-12-01","A DIVISION","5","1","5,555","6,886","80.6709265%"
"2019-12-01","A DIVISION","5","2","2,224","2,485","89.4969819%"
"2019-12-01","A DIVISION","6","1","8,998","11,696","76.9322845%"
"2019-12-01","A DIVISION","6","2","2,485","2,780","89.3884892%"
"2019-12-01","A DIVISION","7","1","12,163","13,646","89.1323465%"
"2019-12-01","A DIVISION","7","2","3,522","3,704","95.0863931%"
"2019-12-01","A DIVISION","S 42nd","1","11,079","11,264","98.3575994%"
"2019-12-01","A DIVISION","S 42nd","2","3,558","3,560","99.9438202%"
"2019-12-01","B DIVISION","A","1","5,223","7,984","65.4183367%"
"2019-12-01","B DIVISION","A","2","2,995","3,690","81.1653117%"
"2019-12-01","B DIVISION","B","1","2,575","4,088","62.9892368%"
"2019-12-01","B DIVISION","C","1","2,968","4,222","70.2984368%"
"2019-12-01","B DIVISION","C","2","1,213","1,548","78.3591731%"
"2019-12-01","B DIVISION","D","1","3,629","5,764","62.9597502%"
"2019-12-01","B DIVISION","D","2","2,019","2,276","88.7082601%"
"2019-12-01","B DIVISION","E","1","6,677","8,610","77.5493612%"
"2019-12-01","B DIVISION","E","2","1,905","2,088","91.2356322%"
"2019-12-01","B DIVISION","F","1","5,516","8,230","67.0230863%"
"2019-12-01","B DIVISION","F","2","1,726","2,076","83.1406551%"
"2019-12-01","B DIVISION","G","1","4,431","6,090","72.7586207%"
"2019-12-01","B DIVISION","G","2","2,041","2,558","79.7888976%"
"2019-12-01","B DIVISION","JZ","1","4,570","5,842","78.2266347%"
"2019-12-01","B DIVISION","JZ","2","1,918","2,218","86.4743012%"
"2019-12-01","B DIVISION","L","1","9,822","10,291","95.4426198%"
"2019-12-01","B DIVISION","L","2","2,719","2,804","96.9686163%"
"2019-12-01","B DIVISION","M","1","4,811","6,059","79.4025417%"
"2019-12-01","B DIVISION","M","2","2,441","2,691","90.7097733%"
"2019-12-01","B DIVISION","N","1","6,791","9,624","70.5631754%"
"2019-12-01","B DIVISION","N","2","1,607","2,190","73.3789954%"
"2019-12-01","B DIVISION","Q","1","5,498","6,621","83.0388159%"
"2019-12-01","B DIVISION","Q","2","1,798","2,454","73.2681337%"
"2019-12-01","B DIVISION","R","1","4,253","5,943","71.5631836%"
"2019-12-01","B DIVISION","R","2","1,847","2,160","85.5092593%"
"2019-12-01","B DIVISION","S Fkln","1","4,944","4,956","99.7578692%"
"2019-12-01","B DIVISION","S Fkln","2","2,072","2,092","99.0439771%"
"2019-12-01","B DIVISION","S Rock","1","3,379","3,528","95.776644%"
"2019-12-01","B DIVISION","S Rock","2","1,497","1,544","96.9559585%"
"2020-01-01","A DIVISION","1","1","9,035","10,554","85.6073526625%"
"2020-01-01","A DIVISION","1","2","2,866","3,050","93.96721311475%"
"2020-01-01","A DIVISION","2","1","6,058","7,330","82.64665757162%"
"2020-01-01","A DIVISION","2","2","1,674","2,340","71.53846153846%"
"2020-01-01","A DIVISION","3","1","5,732","6,603","86.80902620021%"
"2020-01-01","A DIVISION","3","2","1,527","1,875","81.44%"
"2020-01-01","A DIVISION","4","1","6,552","8,124","80.64992614476%"
"2020-01-01","A DIVISION","4","2","1,890","2,390","79.07949790795%"
"2020-01-01","A DIVISION","5","1","6,149","7,230","85.04840940526%"
"2020-01-01","A DIVISION","5","2","1,594","1,766","90.26047565119%"
"2020-01-01","A DIVISION","6","1","10,238","12,243","83.62329494405%"
"2020-01-01","A DIVISION","6","2","2,170","2,528","85.83860759494%"
"2020-01-01","A DIVISION","7","1","13,310","14,539","91.5468739253%"
"2020-01-01","A DIVISION","7","2","3,013","3,212","93.80448318804%"
"2020-01-01","A DIVISION","GS","1","11,823","11,968","98.78843582888%"
"2020-01-01","A DIVISION","GS","2","2,746","2,755","99.67332123412%"
"2020-01-01","B DIVISION","A","1","6,010","8,254","72.81318148776%"
"2020-01-01","B DIVISION","A","2","2,221","2,724","81.53450807636%"
"2020-01-01","B DIVISION","B","1","3,083","4,312","71.49814471243%"
"2020-01-01","B DIVISION","C","1","3,424","4,400","77.81818181818%"
"2020-01-01","B DIVISION","C","2","1,042","1,398","74.53505007153%"
"2020-01-01","B DIVISION","D","1","4,268","6,028","70.80291970803%"
"2020-01-01","B DIVISION","D","2","1,683","2,074","81.14754098361%"
"2020-01-01","B DIVISION","E","1","7,165","8,898","80.52371319398%"
"2020-01-01","B DIVISION","E","2","1,690","1,884","89.70276008493%"
"2020-01-01","B DIVISION","F","1","6,656","9,179","72.51334568036%"
"2020-01-01","B DIVISION","F","2","1,448","1,874","77.26787620064%"
"2020-01-01","B DIVISION","FS","1","5,183","5,192","99.82665639445%"
"2020-01-01","B DIVISION","FS","2","1,889","1,894","99.73600844773%"
"2020-01-01","B DIVISION","G","1","4,980","6,380","78.05642633229%"
"2020-01-01","B DIVISION","G","2","1,854","2,318","79.98274374461%"
"2020-01-01","B DIVISION","H","1","3,596","3,696","97.29437229437%"
"2020-01-01","B DIVISION","H","2","1,360","1,395","97.49103942652%"
"2020-01-01","B DIVISION","J","1","5,098","6,133","83.12408283059%"
"2020-01-01","B DIVISION","J","2","1,674","2,004","83.53293413174%"
"2020-01-01","B DIVISION","L","1","10,077","10,783","93.45265696003%"
"2020-01-01","B DIVISION","L","2","2,726","2,816","96.80397727273%"
"2020-01-01","B DIVISION","M","1","4,949","6,160","80.34090909091%"
"2020-01-01","B DIVISION","M","2","2,168","2,424","89.43894389439%"
"2020-01-01","B DIVISION","N","1","6,673","9,843","67.79437163466%"
"2020-01-01","B DIVISION","N","2","1,394","2,027","68.77158362111%"
"2020-01-01","B DIVISION","Q","1","5,854","6,910","84.71780028944%"
"2020-01-01","B DIVISION","Q","2","1,765","2,222","79.43294329433%"
"2020-01-01","B DIVISION","R","1","4,727","6,204","76.19277885235%"
"2020-01-01","B DIVISION","R","2","1,662","1,940","85.67010309278%"
"2020-02-01","A DIVISION","1","1","8,119","9,309","87.21667203781%"
"2020-02-01","A DIVISION","1","2","4,421","4,668","94.70865467009%"
"2020-02-01","A DIVISION","2","1","5,010","6,156","81.38401559454%"
"2020-02-01","A DIVISION","2","2","1,847","2,648","69.75075528701%"
"2020-02-01","A DIVISION","3","1","5,001","5,746","87.03445875392%"
"2020-02-01","A DIVISION","3","2","1,710","2,097","81.54506437768%"
"2020-02-01","A DIVISION","4","1","5,522","7,026","78.59379447765%"
"2020-02-01","A DIVISION","4","2","2,136","2,700","79.11111111111%"
"2020-02-01","A DIVISION","5","1","5,071","6,199","81.80351669624%"
"2020-02-01","A DIVISION","5","2","1,678","1,901","88.26933193056%"
"2020-02-01","A DIVISION","6","1","8,428","10,585","79.62210675484%"
"2020-02-01","A DIVISION","6","2","2,555","2,860","89.33566433566%"
"2020-02-01","A DIVISION","7","1","11,532","12,376","93.1803490627%"
"2020-02-01","A DIVISION","7","2","3,556","3,740","95.08021390374%"
"2020-02-01","A DIVISION","GS","1","9,584","9,664","99.17218543046%"
"2020-02-01","A DIVISION","GS","2","2,768","2,782","99.49676491733%"
"2020-02-01","B DIVISION","A","1","5,300","7,135","74.28170988087%"
"2020-02-01","B DIVISION","A","2","2,488","3,021","82.35683548494%"
"2020-02-01","B DIVISION","B","1","2,629","3,724","70.59613319012%"
"2020-02-01","B DIVISION","C","1","3,010","3,800","79.21052631579%"
"2020-02-01","B DIVISION","C","2","1,308","1,572","83.20610687023%"
"2020-02-01","B DIVISION","D","1","3,686","5,206","70.80291970803%"
"2020-02-01","B DIVISION","D","2","1,976","2,260","87.43362831858%"
"2020-02-01","B DIVISION","E","1","6,237","7,788","80.08474576271%"
"2020-02-01","B DIVISION","E","2","1,911","2,110","90.56872037915%"
"2020-02-01","B DIVISION","F","1","5,402","7,443","72.57826145371%"
"2020-02-01","B DIVISION","F","2","1,725","2,104","81.98669201521%"
"2020-02-01","B DIVISION","FS","1","4,470","4,484","99.68777876896%"
"2020-02-01","B DIVISION","FS","2","2,121","2,148","98.74301675978%"
"2020-02-01","B DIVISION","G","1","4,258","5,509","77.29170448357%"
"2020-02-01","B DIVISION","G","2","2,190","2,642","82.89174867525%"
"2020-02-01","B DIVISION","H","1","3,146","3,195","98.46635367762%"
"2020-02-01","B DIVISION","H","2","1,302","1,326","98.19004524887%"
"2020-02-01","B DIVISION","J","1","4,452","5,296","84.06344410876%"
"2020-02-01","B DIVISION","J","2","1,956","2,264","86.39575971731%"
"2020-02-01","B DIVISION","L","1","8,599","9,395","91.52740819585%"
"2020-02-01","B DIVISION","L","2","2,901","3,034","95.61634805537%"
"2020-02-01","B DIVISION","M","1","4,440","5,301","83.75778155065%"
"2020-02-01","B DIVISION","M","2","2,533","2,790","90.78853046595%"
"2020-02-01","B DIVISION","N","1","5,520","8,683","63.57249798457%"
"2020-02-01","B DIVISION","N","2","1,366","2,202","62.03451407811%"
"2020-02-01","B DIVISION","Q","1","5,046","6,289","80.23533153125%"
"2020-02-01","B DIVISION","Q","2","2,192","2,452","89.39641109299%"
"2020-02-01","B DIVISION","R","1","4,209","5,343","78.77596855699%"
"2020-02-01","B DIVISION","R","2","1,913","2,160","88.56481481481%"
"2020-03-01","A DIVISION","1","1","6,403","6,952","92.10299194476%"
"2020-03-01","A DIVISION","1","2","2,111","2,227","94.79119892232%"
"2020-03-01","A DIVISION","2","1","4,121","4,864","84.72450657895%"
"2020-03-01","A DIVISION","2","2","1,123","1,508","74.46949602122%"
"2020-03-01","A DIVISION","3","1","4,143","4,500","92.06666666667%"
"2020-03-01","A DIVISION","3","2","1,233","1,452","84.9173553719%"
"2020-03-01","A DIVISION","4","1","4,709","5,470","86.08775137112%"
"2020-03-01","A DIVISION","4","2","1,431","1,842","77.68729641694%"
"2020-03-01","A DIVISION","5","1","4,132","4,761","86.78848981306%"
"2020-03-01","A DIVISION","5","2","1,812","1,922","94.2767950052%"
"2020-03-01","A DIVISION","6","1","7,286","8,380","86.94510739857%"
"2020-03-01","A DIVISION","6","2","1,701","1,948","87.32032854209%"
"2020-03-01","A DIVISION","7","1","9,094","9,775","93.03324808184%"
"2020-03-01","A DIVISION","7","2","2,218","2,514","88.22593476531%"
"2020-03-01","A DIVISION","GS","1","7,690","7,740","99.35400516796%"
"2020-03-01","A DIVISION","GS","2","2,344","2,360","99.32203389831%"
"2020-03-01","B DIVISION","A","1","4,288","5,662","75.73295655245%"
"2020-03-01","B DIVISION","A","2","1,767","2,428","72.77594728171%"
"2020-03-01","B DIVISION","B","1","2,361","2,940","80.30612244898%"
"2020-03-01","B DIVISION","C","1","2,431","3,000","81.03333333333%"
"2020-03-01","B DIVISION","C","2","548","774","70.80103359173%"
"2020-03-01","B DIVISION","D","1","3,171","4,110","77.15328467153%"
"2020-03-01","B DIVISION","D","2","1,313","1,537","85.4261548471%"
"2020-03-01","B DIVISION","E","1","5,239","6,154","85.13162170946%"
"2020-03-01","B DIVISION","E","2","1,352","1,466","92.22373806276%"
"2020-03-01","B DIVISION","F","1","4,656","5,875","79.25106382979%"
"2020-03-01","B DIVISION","F","2","1,205","1,451","83.04617505169%"
"2020-03-01","B DIVISION","FS","1","3,518","3,540","99.37853107345%"
"2020-03-01","B DIVISION","FS","2","1,462","1,470","99.45578231293%"
"2020-03-01","B DIVISION","G","1","3,476","4,350","79.90804597701%"
"2020-03-01","B DIVISION","G","2","1,571","1,785","88.01120448179%"
"2020-03-01","B DIVISION","H","1","2,461","2,520","97.65873015873%"
"2020-03-01","B DIVISION","H","2","1,059","1,075","98.51162790698%"
"2020-03-01","B DIVISION","J","1","3,639","4,184","86.9741873805%"
"2020-03-01","B DIVISION","J","2","1,320","1,550","85.16129032258%"
"2020-03-01","B DIVISION","L","1","6,895","7,554","91.27614508869%"
"2020-03-01","B DIVISION","L","2","1,817","1,828","99.39824945295%"
"2020-03-01","B DIVISION","M","1","3,866","4,387","88.12400273535%"
"2020-03-01","B DIVISION","M","2","1,617","1,913","84.52692106639%"
"2020-03-01","B DIVISION","N","1","4,867","6,900","70.53623188406%"
"2020-03-01","B DIVISION","N","2","1,128","1,560","72.30769230769%"
"2020-03-01","B DIVISION","Q","1","3,942","4,728","83.37563451777%"
"2020-03-01","B DIVISION","Q","2","2,030","2,312","87.80276816609%"
"2020-03-01","B DIVISION","R","1","3,523","4,230","83.28605200946%"
"2020-03-01","B DIVISION","R","2","1,416","1,504","94.14893617021%"
"2020-04-01","A DIVISION","1","1","3,851","4,030","95.55831265509%"
"2020-04-01","A DIVISION","1","2","1,024","1,168","87.67123287671%"
"2020-04-01","A DIVISION","2","1","3,236","3,729","86.77929739877%"
"2020-04-01","A DIVISION","2","2","541","1,048","51.62213740458%"
"2020-04-01","A DIVISION","3","1","2,534","2,756","91.94484760522%"
"2020-04-01","A DIVISION","3","2","452","652","69.32515337423%"
"2020-04-01","A DIVISION","4","1","3,643","3,930","92.69720101781%"
"2020-04-01","A DIVISION","4","2","849","1,068","79.49438202247%"
"2020-04-01","A DIVISION","5","1","2,507","2,769","90.53810039726%"
"2020-04-01","A DIVISION","5","2","700","836","83.73205741627%"
"2020-04-01","A DIVISION","6","1","3,603","3,926","91.77279673968%"
"2020-04-01","A DIVISION","6","2","804","1,128","71.27659574468%"
"2020-04-01","A DIVISION","7","1","3,486","4,196","83.07912297426%"
"2020-04-01","A DIVISION","7","2","1,050","1,628","64.49631449631%"
"2020-04-01","B DIVISION","A","1","2,295","2,602","88.20138355111%"
"2020-04-01","B DIVISION","D","1","2,842","3,146","90.33693579148%"
"2020-04-01","B DIVISION","D","2","720","924","77.92207792208%"
"2020-04-01","B DIVISION","E","1","2,504","2,808","89.17378917379%"
"2020-04-01","B DIVISION","E","2","667","840","79.40476190476%"
"2020-04-01","B DIVISION","F","1","2,486","2,808","88.53276353276%"
"2020-04-01","B DIVISION","F","2","632","836","75.5980861244%"
"2020-04-01","B DIVISION","FS","1","3,053","3,068","99.5110821382%"
"2020-04-01","B DIVISION","FS","2","846","848","99.7641509434%"
"2020-04-01","B DIVISION","G","1","2,455","3,440","71.36627906977%"
"2020-04-01","B DIVISION","G","2","816","1,023","79.76539589443%"
"2020-04-01","B DIVISION","H","1","1,800","1,820","98.9010989011%"
"2020-04-01","B DIVISION","H","2","623","626","99.52076677316%"
"2020-04-01","B DIVISION","J","1","2,375","3,068","77.41199478488%"
"2020-04-01","B DIVISION","J","2","673","896","75.11160714286%"
"2020-04-01","B DIVISION","L","1","3,131","3,263","95.9546429666%"
"2020-04-01","B DIVISION","L","2","569","576","98.78472222222%"
"2020-04-01","B DIVISION","M","1","2,359","2,916","80.89849108368%"
"2020-04-01","B DIVISION","M","2","641","1,110","57.74774774775%"
"2020-04-01","B DIVISION","N","1","2,245","3,198","70.20012507817%"
"2020-04-01","B DIVISION","N","2","485","944","51.37711864407%"
"2020-04-01","B DIVISION","Q","1","2,834","3,276","86.50793650794%"
"2020-04-01","B DIVISION","Q","2","808","1,088","74.26470588235%"
"2020-04-01","B DIVISION","R","1","2,374","2,808","84.54415954416%"
"2020-04-01","B DIVISION","R","2","715","864","82.75462962963%"
"2020-05-01","A DIVISION","1","1","6,027","6,200","97.20967741935%"
"2020-05-01","A DIVISION","1","2","3,068","3,194","96.05510331872%"
"2020-05-01","A DIVISION","2","1","5,997","6,480","92.5462962963%"
"2020-05-01","A DIVISION","2","2","2,316","2,866","80.8094905792%"
"2020-05-01","A DIVISION","3","1","5,369","5,732","93.66713189114%"
"2020-05-01","A DIVISION","3","2","1,626","1,814","89.6361631753%"
"2020-05-01","A DIVISION","4","1","6,980","7,400","94.32432432432%"
"2020-05-01","A DIVISION","4","2","2,584","2,922","88.43258042437%"
"2020-05-01","A DIVISION","5","1","3,833","4,266","89.84997655884%"
"2020-05-01","A DIVISION","5","2","2,186","2,305","94.83731019523%"
"2020-05-01","A DIVISION","6","1","5,893","6,300","93.53968253968%"
"2020-05-01","A DIVISION","6","2","2,912","3,082","94.48410123297%"
"2020-05-01","A DIVISION","7","1","6,578","6,669","98.63547758285%"
"2020-05-01","A DIVISION","7","2","4,022","4,236","94.94806421152%"
"2020-05-01","B DIVISION","A","1","5,317","5,718","92.98705841203%"
"2020-05-01","B DIVISION","A","2","2,856","3,086","92.54698639015%"
"2020-05-01","B DIVISION","C","1","3,075","3,244","94.79038224414%"
"2020-05-01","B DIVISION","C","2","1,569","1,710","91.75438596491%"
"2020-05-01","B DIVISION","D","1","4,683","4,984","93.9606741573%"
"2020-05-01","B DIVISION","D","2","2,370","2,532","93.6018957346%"
"2020-05-01","B DIVISION","E","1","4,185","4,320","96.875%"
"2020-05-01","B DIVISION","E","2","2,222","2,304","96.44097222222%"
"2020-05-01","B DIVISION","F","1","4,022","4,319","93.12340819634%"
"2020-05-01","B DIVISION","F","2","2,123","2,292","92.62652705061%"
"2020-05-01","B DIVISION","FS","1","4,694","4,720","99.44915254237%"
"2020-05-01","B DIVISION","FS","2","2,301","2,318","99.26660914582%"
"2020-05-01","B DIVISION","G","1","4,123","4,280","96.33177570093%"
"2020-05-01","B DIVISION","G","2","2,366","2,537","93.25975561687%"
"2020-05-01","B DIVISION","H","1","2,752","2,798","98.35596854896%"
"2020-05-01","B DIVISION","H","2","1,614","1,643","98.23493609251%"
"2020-05-01","B DIVISION","J","1","4,539","4,720","96.16525423729%"
"2020-05-01","B DIVISION","J","2","2,371","2,452","96.69657422512%"
"2020-05-01","B DIVISION","L","1","5,247","5,308","98.85079125848%"
"2020-05-01","B DIVISION","L","2","4,943","5,166","95.683313976%"
"2020-05-01","B DIVISION","M","1","4,305","4,400","97.84090909091%"
"2020-05-01","B DIVISION","M","2","2,482","2,516","98.64864864865%"
"2020-05-01","B DIVISION","N","1","4,526","5,064","89.37598736177%"
"2020-05-01","B DIVISION","N","2","2,001","2,586","77.37819025522%"
"2020-05-01","B DIVISION","Q","1","6,047","6,300","95.98412698413%"
"2020-05-01","B DIVISION","Q","2","2,765","2,984","92.66085790885%"
"2020-05-01","B DIVISION","R","1","4,109","4,324","95.02775208141%"
"2020-05-01","B DIVISION","R","2","2,234","2,376","94.02356902357%"
"2020-06-01","A DIVISION","1","1","9,645","9,982","96.62392306151%"
"2020-06-01","A DIVISION","1","2","2,233","2,336","95.59075342466%"
"2020-06-01","A DIVISION","2","1","6,428","7,120","90.2808988764%"
"2020-06-01","A DIVISION","2","2","1,696","2,092","81.0707456979%"
"2020-06-01","A DIVISION","3","1","6,087","6,512","93.47358722359%"
"2020-06-01","A DIVISION","3","2","1,162","1,304","89.11042944785%"
"2020-06-01","A DIVISION","4","1","7,410","8,140","91.03194103194%"
"2020-06-01","A DIVISION","4","2","1,728","2,136","80.89887640449%"
"2020-06-01","A DIVISION","5","1","5,936","6,626","89.58647751283%"
"2020-06-01","A DIVISION","5","2","1,501","1,556","96.46529562982%"
"2020-06-01","A DIVISION","6","1","10,968","11,715","93.62355953905%"
"2020-06-01","A DIVISION","6","2","2,130","2,256","94.41489361702%"
"2020-06-01","A DIVISION","7","1","12,821","13,568","94.49439858491%"
"2020-06-01","A DIVISION","7","2","2,863","3,054","93.7459070072%"
"2020-06-01","B DIVISION","A","1","6,740","7,538","89.41363756965%"
"2020-06-01","B DIVISION","A","2","2,131","2,249","94.75322365496%"
"2020-06-01","B DIVISION","B","1","2,847","3,332","85.44417767107%"
"2020-06-01","B DIVISION","C","1","3,251","3,553","91.50014072615%"
"2020-06-01","B DIVISION","C","2","1,176","1,248","94.23076923077%"
"2020-06-01","B DIVISION","D","1","5,480","6,108","89.71840209561%"
"2020-06-01","B DIVISION","D","2","1,728","1,848","93.50649350649%"
"2020-06-01","B DIVISION","E","1","7,899","8,402","94.01333015949%"
"2020-06-01","B DIVISION","E","2","1,517","1,680","90.29761904762%"
"2020-06-01","B DIVISION","F","1","5,960","6,644","89.70499698977%"
"2020-06-01","B DIVISION","F","2","1,444","1,672","86.36363636364%"
"2020-06-01","B DIVISION","FS","1","5,162","5,192","99.42218798151%"
"2020-06-01","B DIVISION","FS","2","1,695","1,696","99.94103773585%"
"2020-06-01","B DIVISION","G","1","5,635","5,970","94.38860971524%"
"2020-06-01","B DIVISION","G","2","1,708","1,852","92.22462203024%"
"2020-06-01","B DIVISION","H","1","3,409","3,471","98.21377124748%"
"2020-06-01","B DIVISION","H","2","1,178","1,185","99.40928270042%"
"2020-06-01","B DIVISION","J","1","5,683","5,921","95.98040871474%"
"2020-06-01","B DIVISION","J","2","1,437","1,604","89.5885286783%"
"2020-06-01","B DIVISION","L","1","6,908","7,114","97.10430137757%"
"2020-06-01","B DIVISION","L","2","3,401","3,626","93.79481522339%"
"2020-06-01","B DIVISION","M","1","5,562","5,888","94.46331521739%"
"2020-06-01","B DIVISION","M","2","1,798","1,820","98.79120879121%"
"2020-06-01","B DIVISION","N","1","7,713","9,324","82.72200772201%"
"2020-06-01","B DIVISION","N","2","1,326","1,836","72.22222222222%"
"2020-06-01","B DIVISION","Q","1","6,391","6,929","92.23553182277%"
"2020-06-01","B DIVISION","Q","2","1,877","2,176","86.25919117647%"
"2020-06-01","B DIVISION","R","1","5,540","6,159","89.94966715376%"
"2020-06-01","B DIVISION","R","2","1,463","1,728","84.66435185185%"
"2020-07-01","A DIVISION","1","1","9,469","10,104","93.71536025337%"
"2020-07-01","A DIVISION","1","2","2,261","2,336","96.78938356164%"
"2020-07-01","A DIVISION","2","1","6,020","7,093","84.87240941774%"
"2020-07-01","A DIVISION","2","2","1,867","2,370","78.77637130802%"
"2020-07-01","A DIVISION","3","1","5,857","6,454","90.74992252866%"
"2020-07-01","A DIVISION","3","2","1,447","1,702","85.01762632197%"
"2020-07-01","A DIVISION","4","1","7,260","8,140","89.18918918919%"
"2020-07-01","A DIVISION","4","2","1,837","2,418","75.97187758478%"
"2020-07-01","A DIVISION","5","1","6,257","7,146","87.55947383151%"
"2020-07-01","A DIVISION","5","2","740","798","92.73182957393%"
"2020-07-01","A DIVISION","6","1","11,156","12,244","91.11401502777%"
"2020-07-01","A DIVISION","6","2","2,314","2,558","90.46129788898%"
"2020-07-01","A DIVISION","7","1","13,587","14,388","94.43286071726%"
"2020-07-01","A DIVISION","7","2","2,806","2,900","96.75862068966%"
"2020-07-01","B DIVISION","A","1","7,024","8,250","85.13939393939%"
"2020-07-01","B DIVISION","A","2","2,194","2,532","86.65086887836%"
"2020-07-01","B DIVISION","B","1","3,503","4,312","81.23840445269%"
"2020-07-01","B DIVISION","C","1","3,154","3,559","88.62039898848%"
"2020-07-01","B DIVISION","C","2","1,150","1,410","81.56028368794%"
"2020-07-01","B DIVISION","D","1","5,091","6,028","84.45587259456%"
"2020-07-01","B DIVISION","D","2","1,897","2,088","90.85249042146%"
"2020-07-01","B DIVISION","E","1","8,187","9,020","90.76496674058%"
"2020-07-01","B DIVISION","E","2","1,681","1,896","88.66033755274%"
"2020-07-01","B DIVISION","F","1","5,761","6,732","85.57635175282%"
"2020-07-01","B DIVISION","F","2","1,651","1,886","87.53976670201%"
"2020-07-01","B DIVISION","FS","1","5,169","5,192","99.55701078582%"
"2020-07-01","B DIVISION","FS","2","1,922","1,922","100%"
"2020-07-01","B DIVISION","G","1","5,622","6,160","91.26623376623%"
"2020-07-01","B DIVISION","G","2","1,918","2,094","91.59503342884%"
"2020-07-01","B DIVISION","H","1","3,589","3,696","97.10497835498%"
"2020-07-01","B DIVISION","H","2","1,358","1,420","95.6338028169%"
"2020-07-01","B DIVISION","J","1","5,779","6,142","94.08987300554%"
"2020-07-01","B DIVISION","J","2","1,965","2,028","96.89349112426%"
"2020-07-01","B DIVISION","L","1","11,322","11,932","94.88769694938%"
"2020-07-01","B DIVISION","L","2","4,096","4,272","95.88014981273%"
"2020-07-01","B DIVISION","M","1","5,467","5,940","92.03703703704%"
"2020-07-01","B DIVISION","M","2","1,992","2,060","96.69902912621%"
"2020-07-01","B DIVISION","N","1","8,109","10,422","77.80656303972%"
"2020-07-01","B DIVISION","N","2","1,372","2,030","67.58620689655%"
"2020-07-01","B DIVISION","Q","1","5,946","6,929","85.81324866503%"
"2020-07-01","B DIVISION","Q","2","2,058","2,400","85.75%"
"2020-07-01","B DIVISION","R","1","5,150","5,962","86.38040925864%"
"2020-07-01","B DIVISION","R","2","1,797","1,944","92.43827160494%"
"2020-08-01","A DIVISION","1","1","9,094","9,690","93.84932920537%"
"2020-08-01","A DIVISION","1","2","2,825","2,920","96.74657534247%"
"2020-08-01","A DIVISION","2","1","5,515","6,800","81.10294117647%"
"2020-08-01","A DIVISION","2","2","1,880","2,485","75.65392354125%"
"2020-08-01","A DIVISION","3","1","5,340","6,352","84.06801007557%"
"2020-08-01","A DIVISION","3","2","1,753","2,090","83.87559808612%"
"2020-08-01","A DIVISION","4","1","6,454","7,697","83.8508509809%"
"2020-08-01","A DIVISION","4","2","2,009","2,556","78.59937402191%"
"2020-08-01","A DIVISION","5","1","5,642","6,777","83.25217647927%"
"2020-08-01","A DIVISION","5","2","1,984","2,106","94.20702754036%"
"2020-08-01","A DIVISION","6","1","10,121","11,453","88.36985942548%"
"2020-08-01","A DIVISION","6","2","2,237","2,580","86.70542635659%"
"2020-08-01","A DIVISION","7","1","12,283","13,710","89.59153902261%"
"2020-08-01","A DIVISION","7","2","3,380","3,464","97.57505773672%"
"2020-08-01","A DIVISION","GS","1","8,066","8,128","99.23720472441%"
"2020-08-01","A DIVISION","GS","2","2,046","2,061","99.27219796215%"
"2020-08-01","B DIVISION","A","1","6,510","7,875","82.66666666667%"
"2020-08-01","B DIVISION","A","2","2,287","2,773","82.47385503065%"
"2020-08-01","B DIVISION","B","1","3,362","4,116","81.68124392614%"
"2020-08-01","B DIVISION","C","1","3,014","3,382","89.11886457717%"
"2020-08-01","B DIVISION","C","2","1,273","1,560","81.60256410256%"
"2020-08-01","B DIVISION","D","1","4,890","5,754","84.98435870699%"
"2020-08-01","B DIVISION","D","2","2,131","2,226","95.73225516622%"
"2020-08-01","B DIVISION","E","1","7,892","8,610","91.66085946574%"
"2020-08-01","B DIVISION","E","2","1,893","2,100","90.14285714286%"
"2020-08-01","B DIVISION","F","1","5,604","6,577","85.20602098221%"
"2020-08-01","B DIVISION","F","2","1,746","2,090","83.54066985646%"
"2020-08-01","B DIVISION","FS","1","4,911","4,956","99.09200968523%"
"2020-08-01","B DIVISION","FS","2","2,109","2,120","99.48113207547%"
"2020-08-01","B DIVISION","G","1","5,600","6,044","92.65387160821%"
"2020-08-01","B DIVISION","G","2","1,952","2,146","90.95992544268%"
"2020-08-01","B DIVISION","H","1","3,373","3,528","95.60657596372%"
"2020-08-01","B DIVISION","H","2","1,489","1,565","95.14376996805%"
"2020-08-01","B DIVISION","J","1","5,363","5,859","91.53439153439%"
"2020-08-01","B DIVISION","J","2","2,065","2,240","92.1875%"
"2020-08-01","B DIVISION","L","1","10,759","11,357","94.73452496258%"
"2020-08-01","B DIVISION","L","2","4,506","4,604","97.87141615986%"
"2020-08-01","B DIVISION","M","1","5,280","5,670","93.12169312169%"
"2020-08-01","B DIVISION","M","2","2,254","2,292","98.34205933682%"
"2020-08-01","B DIVISION","N","1","7,827","9,670","80.94105480869%"
"2020-08-01","B DIVISION","N","2","1,797","2,316","77.59067357513%"
"2020-08-01","B DIVISION","Q","1","5,910","6,847","86.31517452899%"
"2020-08-01","B DIVISION","Q","2","2,318","2,634","88.00303720577%"
"2020-08-01","B DIVISION","R","1","5,354","5,943","90.08918054854%"
"2020-08-01","B DIVISION","R","2","2,017","2,160","93.37962962963%"
"2020-09-01","A DIVISION","1","1","8,939","9,625","92.87272727273%"
"2020-09-01","A DIVISION","1","2","2,465","2,610","94.44444444444%"
"2020-09-01","A DIVISION","2","1","5,559","6,785","81.93072955048%"
"2020-09-01","A DIVISION","2","2","1,368","2,042","66.99314397649%"
"2020-09-01","A DIVISION","3","1","5,682","6,222","91.32111861138%"
"2020-09-01","A DIVISION","3","2","1,350","1,876","71.96162046908%"
"2020-09-01","A DIVISION","4","1","6,932","7,821","88.63316711418%"
"2020-09-01","A DIVISION","4","2","2,037","2,388","85.30150753769%"
"2020-09-01","A DIVISION","5","1","6,079","6,856","88.66686114352%"
"2020-09-01","A DIVISION","5","2","1,892","2,010","94.12935323383%"
"2020-09-01","A DIVISION","6","1","10,423","11,628","89.63708290334%"
"2020-09-01","A DIVISION","6","2","2,302","2,518","91.42176330421%"
"2020-09-01","A DIVISION","7","1","13,036","13,577","96.01532002652%"
"2020-09-01","A DIVISION","7","2","3,098","3,210","96.51090342679%"
"2020-09-01","A DIVISION","GS","1","10,590","10,668","99.26884139483%"
"2020-09-01","A DIVISION","GS","2","3,042","3,042","100%"
"2020-09-01","B DIVISION","A","1","6,615","7,927","83.4489718683%"
"2020-09-01","B DIVISION","A","2","1,987","2,519","78.88050813815%"
"2020-09-01","B DIVISION","B","1","3,475","4,110","84.5498783455%"
"2020-09-01","B DIVISION","C","1","3,069","3,406","90.10569583089%"
"2020-09-01","B DIVISION","C","2","1,132","1,398","80.97281831187%"
"2020-09-01","B DIVISION","D","1","4,812","5,754","83.62877997914%"
"2020-09-01","B DIVISION","D","2","1,612","1,886","85.47189819724%"
"2020-09-01","B DIVISION","E","1","7,247","8,504","85.21872060207%"
"2020-09-01","B DIVISION","E","2","1,633","1,916","85.22964509395%"
"2020-09-01","B DIVISION","F","1","5,050","6,420","78.66043613707%"
"2020-09-01","B DIVISION","F","2","1,462","1,877","77.89025039957%"
"2020-09-01","B DIVISION","FS","1","4,954","4,956","99.9596448749%"
"2020-09-01","B DIVISION","FS","2","1,879","1,894","99.20802534319%"
"2020-09-01","B DIVISION","G","1","5,268","5,880","89.59183673469%"
"2020-09-01","B DIVISION","G","2","1,607","1,904","84.4012605042%"
"2020-09-01","B DIVISION","H","1","3,451","3,528","97.81746031746%"
"2020-09-01","B DIVISION","H","2","1,370","1,398","97.99713876967%"
"2020-09-01","B DIVISION","J","1","5,479","5,857","93.54618405327%"
"2020-09-01","B DIVISION","J","2","1,888","2,004","94.21157684631%"
"2020-09-01","B DIVISION","L","1","10,548","11,466","91.99372056515%"
"2020-09-01","B DIVISION","L","2","2,761","2,898","95.27260179434%"
"2020-09-01","B DIVISION","M","1","5,314","5,668","93.75441072689%"
"2020-09-01","B DIVISION","M","2","2,028","2,048","99.0234375%"
"2020-09-01","B DIVISION","N","1","7,631","9,667","78.93865728768%"
"2020-09-01","B DIVISION","N","2","1,599","2,062","77.54607177498%"
"2020-09-01","B DIVISION","Q","1","5,931","6,648","89.21480144404%"
"2020-09-01","B DIVISION","Q","2","2,443","2,688","90.88541666667%"
"2020-09-01","B DIVISION","R","1","5,192","5,907","87.895716946%"
"2020-09-01","B DIVISION","R","2","1,690","1,940","87.11340206186%"
"2020-10-01","A DIVISION","1","1","9,256","10,064","91.97138314785%"
"2020-10-01","A DIVISION","1","2","2,224","2,372","93.76053962901%"
"2020-10-01","A DIVISION","2","1","6,044","7,128","84.7923681257%"
"2020-10-01","A DIVISION","2","2","1,480","1,920","77.08333333333%"
"2020-10-01","A DIVISION","3","1","6,008","6,551","91.71118913143%"
"2020-10-01","A DIVISION","3","2","1,425","1,886","75.55673382821%"
"2020-10-01","A DIVISION","4","1","7,427","8,207","90.49591811868%"
"2020-10-01","A DIVISION","4","2","2,624","3,166","82.88060644346%"
"2020-10-01","A DIVISION","5","1","6,458","7,186","89.86919009185%"
"2020-10-01","A DIVISION","5","2","2,006","2,026","99.01283316881%"
"2020-10-01","A DIVISION","6","1","11,376","12,240","92.94117647059%"
"2020-10-01","A DIVISION","6","2","2,095","2,390","87.65690376569%"
"2020-10-01","A DIVISION","7","1","13,703","14,141","96.90262357683%"
"2020-10-01","A DIVISION","7","2","2,973","3,122","95.22741832159%"
"2020-10-01","A DIVISION","GS","1","11,150","11,176","99.76735862563%"
"2020-10-01","A DIVISION","GS","2","3,082","3,096","99.54780361757%"
"2020-10-01","B DIVISION","A","1","6,696","8,305","80.62612883805%"
"2020-10-01","B DIVISION","A","2","2,138","2,530","84.50592885375%"
"2020-10-01","B DIVISION","B","1","3,752","4,297","87.31673260414%"
"2020-10-01","B DIVISION","C","1","3,176","3,565","89.08835904628%"
"2020-10-01","B DIVISION","C","2","1,149","1,410","81.48936170213%"
"2020-10-01","B DIVISION","D","1","4,993","6,141","81.30597622537%"
"2020-10-01","B DIVISION","D","2","3,120","3,310","94.25981873112%"
"2020-10-01","B DIVISION","E","1","7,032","8,711","80.72551945816%"
"2020-10-01","B DIVISION","E","2","1,550","1,938","79.97936016512%"
"2020-10-01","B DIVISION","F","1","5,429","6,756","80.35820011841%"
"2020-10-01","B DIVISION","F","2","1,604","1,888","84.95762711864%"
"2020-10-01","B DIVISION","FS","1","5,186","5,192","99.8844375963%"
"2020-10-01","B DIVISION","FS","2","1,922","1,922","100%"
"2020-10-01","B DIVISION","G","1","5,797","6,319","91.73919924039%"
"2020-10-01","B DIVISION","G","2","1,923","2,094","91.83381088825%"
"2020-10-01","B DIVISION","H","1","3,628","3,696","98.16017316017%"
"2020-10-01","B DIVISION","H","2","1,405","1,419","99.01338971106%"
"2020-10-01","B DIVISION","J","1","5,693","6,138","92.75008145976%"
"2020-10-01","B DIVISION","J","2","1,869","2,028","92.15976331361%"
"2020-10-01","B DIVISION","L","1","11,367","12,012","94.63036963037%"
"2020-10-01","B DIVISION","L","2","4,005","4,090","97.9217603912%"
"2020-10-01","B DIVISION","M","1","5,562","5,940","93.63636363636%"
"2020-10-01","B DIVISION","M","2","2,067","2,084","99.18426103647%"
"2020-10-01","B DIVISION","N","1","8,302","10,132","81.93841294907%"
"2020-10-01","B DIVISION","N","2","2,452","3,034","80.81740276862%"
"2020-10-01","B DIVISION","Q","1","6,373","6,930","91.96248196248%"
"2020-10-01","B DIVISION","Q","2","2,155","2,430","88.68312757202%"
"2020-10-01","B DIVISION","R","1","5,544","6,197","89.46264321446%"
"2020-10-01","B DIVISION","R","2","2,487","2,772","89.71861471861%"
"2020-11-01","A DIVISION","1","1","7,626","8,316","91.70274170274%"
"2020-11-01","A DIVISION","1","2","2,627","2,856","91.98179271709%"
"2020-11-01","A DIVISION","2","1","5,332","6,452","82.64104153751%"
"2020-11-01","A DIVISION","2","2","1,306","2,130","61.31455399061%"
"2020-11-01","A DIVISION","3","1","5,378","5,963","90.18950192856%"
"2020-11-01","A DIVISION","3","2","1,544","2,055","75.13381995134%"
"2020-11-01","A DIVISION","4","1","6,726","7,420","90.64690026954%"
"2020-11-01","A DIVISION","4","2","2,274","2,830","80.35335689046%"
"2020-11-01","A DIVISION","5","1","5,817","6,571","88.52533860904%"
"2020-11-01","A DIVISION","5","2","953","1,186","80.35413153457%"
"2020-11-01","A DIVISION","6","1","9,968","11,167","89.26300707442%"
"2020-11-01","A DIVISION","6","2","3,194","3,630","87.98898071625%"
"2020-11-01","A DIVISION","7","1","12,342","12,875","95.86019417476%"
"2020-11-01","A DIVISION","7","2","3,397","3,682","92.25964149919%"
"2020-11-01","A DIVISION","GS","1","10,126","10,160","99.66535433071%"
"2020-11-01","A DIVISION","GS","2","3,353","3,356","99.91060786651%"
"2020-11-01","B DIVISION","A","1","6,185","7,493","82.5437074603%"
"2020-11-01","B DIVISION","A","2","2,303","2,800","82.25%"
"2020-11-01","B DIVISION","B","1","3,400","3,920","86.73469387755%"
"2020-11-01","B DIVISION","C","1","2,811","3,086","91.08878807518%"
"2020-11-01","B DIVISION","C","2","1,349","1,548","87.14470284238%"
"2020-11-01","B DIVISION","D","1","4,494","5,473","82.11218710031%"
"2020-11-01","B DIVISION","D","2","1,705","2,144","79.52425373134%"
"2020-11-01","B DIVISION","E","1","6,293","7,138","88.16195012609%"
"2020-11-01","B DIVISION","E","2","1,925","2,134","90.20618556701%"
"2020-11-01","B DIVISION","F","1","5,205","6,189","84.10082404266%"
"2020-11-01","B DIVISION","F","2","1,819","2,053","88.60204578665%"
"2020-11-01","B DIVISION","FS","1","4,698","4,720","99.53389830508%"
"2020-11-01","B DIVISION","FS","2","2,082","2,098","99.23736892278%"
"2020-11-01","B DIVISION","G","1","5,071","5,600","90.55357142857%"
"2020-11-01","B DIVISION","G","2","1,995","2,294","86.96599825632%"
"2020-11-01","B DIVISION","H","1","3,044","3,130","97.25239616613%"
"2020-11-01","B DIVISION","H","2","1,186","1,216","97.53289473684%"
"2020-11-01","B DIVISION","J","1","5,250","5,580","94.08602150538%"
"2020-11-01","B DIVISION","J","2","2,102","2,224","94.51438848921%"
"2020-11-01","B DIVISION","L","1","10,626","11,177","95.07023351525%"
"2020-11-01","B DIVISION","L","2","4,190","4,337","96.61056029513%"
"2020-11-01","B DIVISION","M","1","5,042","5,400","93.37037037037%"
"2020-11-01","B DIVISION","M","2","1,827","1,845","99.0243902439%"
"2020-11-01","B DIVISION","N","1","7,176","9,118","78.70146962053%"
"2020-11-01","B DIVISION","N","2","2,009","2,391","84.02342116269%"
"2020-11-01","B DIVISION","Q","1","5,586","6,356","87.88546255507%"
"2020-11-01","B DIVISION","Q","2","2,317","2,597","89.21832884097%"
"2020-11-01","B DIVISION","R","1","4,850","5,635","86.06921029281%"
"2020-11-01","B DIVISION","R","2","1,997","2,129","93.79990605918%"
"2020-12-01","A DIVISION","1","1","9,147","10,250","89.23902439024%"
"2020-12-01","A DIVISION","1","2","2,337","2,610","89.54022988506%"
"2020-12-01","A DIVISION","2","1","5,945","7,192","82.66129032258%"
"2020-12-01","A DIVISION","2","2","1,516","2,142","70.77497665733%"
"2020-12-01","A DIVISION","3","1","5,738","6,508","88.16840811309%"
"2020-12-01","A DIVISION","3","2","989","1,364","72.5073313783%"
"2020-12-01","A DIVISION","4","1","7,200","8,140","88.45208845209%"
"2020-12-01","A DIVISION","4","2","1,909","2,388","79.94137353434%"
"2020-12-01","A DIVISION","5","1","6,382","7,244","88.100496963%"
"2020-12-01","A DIVISION","5","2","1,654","2,059","80.33025740651%"
"2020-12-01","A DIVISION","6","1","10,572","12,245","86.33728052266%"
"2020-12-01","A DIVISION","6","2","2,184","2,518","86.73550436855%"
"2020-12-01","A DIVISION","7","1","12,870","14,192","90.68489289741%"
"2020-12-01","A DIVISION","7","2","3,359","3,614","92.94410625346%"
"2020-12-01","A DIVISION","GS","1","11,079","11,176","99.13206871868%"
"2020-12-01","A DIVISION","GS","2","3,039","3,042","99.90138067061%"
"2020-12-01","B DIVISION","A","1","6,432","8,273","77.74688746525%"
"2020-12-01","B DIVISION","A","2","2,062","2,519","81.85788011116%"
"2020-12-01","B DIVISION","B","1","3,490","4,262","81.88643829188%"
"2020-12-01","B DIVISION","C","1","3,279","3,565","91.97755960729%"
"2020-12-01","B DIVISION","C","2","1,192","1,398","85.26466380544%"
"2020-12-01","B DIVISION","D","1","4,908","6,022","81.50116240452%"
"2020-12-01","B DIVISION","D","2","1,480","1,944","76.1316872428%"
"2020-12-01","B DIVISION","E","1","8,004","9,018","88.75582168995%"
"2020-12-01","B DIVISION","E","2","1,779","1,896","93.82911392405%"
"2020-12-01","B DIVISION","F","1","5,925","6,754","87.72579212319%"
"2020-12-01","B DIVISION","F","2","1,714","1,875","91.41333333333%"
"2020-12-01","B DIVISION","FS","1","5,190","5,192","99.96147919877%"
"2020-12-01","B DIVISION","FS","2","1,894","1,894","100%"
"2020-12-01","B DIVISION","G","1","5,782","6,328","91.37168141593%"
"2020-12-01","B DIVISION","G","2","1,870","2,073","90.20742884708%"
"2020-12-01","B DIVISION","H","1","3,233","3,364","96.10582639715%"
"2020-12-01","B DIVISION","H","2","966","990","97.57575757576%"
"2020-12-01","B DIVISION","J","1","5,572","6,124","90.98628347485%"
"2020-12-01","B DIVISION","J","2","1,827","2,004","91.16766467066%"
"2020-12-01","B DIVISION","L","1","11,033","11,952","92.3109103079%"
"2020-12-01","B DIVISION","L","2","3,735","3,938","94.84509903504%"
"2020-12-01","B DIVISION","M","1","5,553","5,920","93.80067567568%"
"2020-12-01","B DIVISION","M","2","1,653","1,684","98.15914489311%"
"2020-12-01","B DIVISION","N","1","7,917","9,972","79.39229843562%"
"2020-12-01","B DIVISION","N","2","1,498","1,944","77.05761316872%"
"2020-12-01","B DIVISION","Q","1","5,716","6,917","82.6369813503%"
"2020-12-01","B DIVISION","Q","2","2,060","2,440","84.4262295082%"
"2020-12-01","B DIVISION","R","1","5,478","6,221","88.056582543%"
"2020-12-01","B DIVISION","R","2","1,769","1,944","90.99794238683%"
"2021-01-01","A DIVISION","1","1","8,790","9,757","90.08916675208%"
"2021-01-01","A DIVISION","1","2","2,912","3,194","91.17094552286%"
"2021-01-01","A DIVISION","2","1","5,504","6,493","84.76821192053%"
"2021-01-01","A DIVISION","2","2","1,869","2,866","65.21284019539%"
"2021-01-01","A DIVISION","3","1","5,059","5,648","89.57152974504%"
"2021-01-01","A DIVISION","3","2","1,774","2,294","77.33217088056%"
"2021-01-01","A DIVISION","4","1","6,578","7,400","88.89189189189%"
"2021-01-01","A DIVISION","4","2","2,430","2,922","83.16221765914%"
"2021-01-01","A DIVISION","5","1","5,798","6,565","88.31683168317%"
"2021-01-01","A DIVISION","5","2","2,022","2,295","88.1045751634%"
"2021-01-01","A DIVISION","6","1","9,996","11,163","89.54582101586%"
"2021-01-01","A DIVISION","6","2","2,997","3,504","85.53082191781%"
"2021-01-01","A DIVISION","7","1","11,840","12,830","92.28371005456%"
"2021-01-01","A DIVISION","7","2","3,500","3,592","97.43875278396%"
"2021-01-01","A DIVISION","GS","2","3,713","3,724","99.70461868958%"
"2021-01-01","B DIVISION","A","1","6,511","7,500","86.81333333333%"
"2021-01-01","B DIVISION","A","2","2,564","3,048","84.12073490814%"
"2021-01-01","B DIVISION","B","1","3,385","3,920","86.35204081633%"
"2021-01-01","B DIVISION","C","1","2,993","3,240","92.37654320988%"
"2021-01-01","B DIVISION","C","2","1,418","1,710","82.92397660819%"
"2021-01-01","B DIVISION","D","1","4,797","5,480","87.53649635036%"
"2021-01-01","B DIVISION","D","2","2,182","2,376","91.83501683502%"
"2021-01-01","B DIVISION","E","1","6,767","8,224","82.28356031128%"
"2021-01-01","B DIVISION","E","2","2,411","2,518","95.75059571088%"
"2021-01-01","B DIVISION","F","1","5,195","6,095","85.23379819524%"
"2021-01-01","B DIVISION","F","2","1,950","2,292","85.07853403141%"
"2021-01-01","B DIVISION","FS","1","4,718","4,720","99.95762711864%"
"2021-01-01","B DIVISION","FS","2","2,244","2,318","96.80759275237%"
"2021-01-01","B DIVISION","G","1","5,224","5,600","93.28571428571%"
"2021-01-01","B DIVISION","G","2","2,327","2,536","91.75867507886%"
"2021-01-01","B DIVISION","H","1","3,307","3,360","98.42261904762%"
"2021-01-01","B DIVISION","H","2","1,695","1,709","99.18080748976%"
"2021-01-01","B DIVISION","J","1","5,310","5,580","95.16129032258%"
"2021-01-01","B DIVISION","J","2","2,276","2,452","92.82218597064%"
"2021-01-01","B DIVISION","L","1","10,486","10,918","96.04323136106%"
"2021-01-01","B DIVISION","L","2","4,596","4,882","94.1417451864%"
"2021-01-01","B DIVISION","M","1","4,575","5,400","84.72222222222%"
"2021-01-01","B DIVISION","M","2","2,468","2,493","98.99719213799%"
"2021-01-01","B DIVISION","N","1","7,620","9,120","83.55263157895%"
"2021-01-01","B DIVISION","N","2","2,460","2,872","85.65459610028%"
"2021-01-01","B DIVISION","Q","1","5,464","6,292","86.84043229498%"
"2021-01-01","B DIVISION","Q","2","2,565","2,984","85.95844504021%"
"2021-01-01","B DIVISION","R","1","4,806","5,660","84.91166077739%"
"2021-01-01","B DIVISION","R","2","2,227","2,376","93.72895622896%"
"2021-02-01","A DIVISION","1","1","7,793","9,068","85.93956771063%"
"2021-02-01","A DIVISION","1","2","3,656","4,176","87.54789272031%"
"2021-02-01","A DIVISION","2","1","4,536","6,137","73.91233501711%"
"2021-02-01","A DIVISION","2","2","1,458","2,276","64.05975395431%"
"2021-02-01","A DIVISION","3","1","4,729","5,735","82.45858761988%"
"2021-02-01","A DIVISION","3","2","1,448","1,886","76.77624602333%"
"2021-02-01","A DIVISION","4","1","5,948","7,188","82.7490261547%"
"2021-02-01","A DIVISION","4","2","1,975","2,418","81.67907361456%"
"2021-02-01","A DIVISION","5","1","5,005","6,234","80.28553095926%"
"2021-02-01","A DIVISION","5","2","1,694","1,885","89.86737400531%"
"2021-02-01","A DIVISION","6","1","8,880","10,537","84.27446142166%"
"2021-02-01","A DIVISION","6","2","2,187","2,558","85.49648162627%"
"2021-02-01","A DIVISION","7","1","10,470","12,197","85.8407805198%"
"2021-02-01","A DIVISION","7","2","3,110","3,289","94.55761629675%"
"2021-02-01","A DIVISION","GS","1","5,000","5,012","99.76057462091%"
"2021-02-01","A DIVISION","GS","2","1,910","1,936","98.65702479339%"
"2021-02-01","B DIVISION","A","1","5,182","7,149","72.4856623304%"
"2021-02-01","B DIVISION","A","2","2,039","2,529","80.62475286675%"
"2021-02-01","B DIVISION","B","1","2,607","3,651","71.40509449466%"
"2021-02-01","B DIVISION","C","1","2,542","3,078","82.5860948668%"
"2021-02-01","B DIVISION","C","2","1,038","1,410","73.6170212766%"
"2021-02-01","B DIVISION","D","1","3,870","5,194","74.50904890258%"
"2021-02-01","B DIVISION","D","2","1,709","1,944","87.91152263374%"
"2021-02-01","B DIVISION","E","1","6,647","7,814","85.06526746865%"
"2021-02-01","B DIVISION","E","2","1,785","1,896","94.14556962025%"
"2021-02-01","B DIVISION","F","1","4,770","5,817","82.00103145952%"
"2021-02-01","B DIVISION","F","2","1,619","1,888","85.75211864407%"
"2021-02-01","B DIVISION","FS","1","4,411","4,484","98.37198929527%"
"2021-02-01","B DIVISION","FS","2","1,914","1,922","99.58376690947%"
"2021-02-01","B DIVISION","G","1","4,562","5,318","85.78412937194%"
"2021-02-01","B DIVISION","G","2","1,911","2,102","90.91341579448%"
"2021-02-01","B DIVISION","H","1","2,805","3,039","92.30009871668%"
"2021-02-01","B DIVISION","H","2","1,344","1,420","94.64788732394%"
"2021-02-01","B DIVISION","J","1","4,417","5,287","83.54454321922%"
"2021-02-01","B DIVISION","J","2","1,746","2,028","86.09467455621%"
"2021-02-01","B DIVISION","L","1","8,939","10,355","86.32544664413%"
"2021-02-01","B DIVISION","L","2","3,043","3,296","92.32402912621%"
"2021-02-01","B DIVISION","M","1","4,451","5,128","86.79797191888%"
"2021-02-01","B DIVISION","M","2","2,005","2,076","96.57996146435%"
"2021-02-01","B DIVISION","N","1","6,527","8,627","75.65781847687%"
"2021-02-01","B DIVISION","N","2","1,728","2,192","78.83211678832%"
"2021-02-01","B DIVISION","Q","1","4,430","5,991","73.9442497079%"
"2021-02-01","B DIVISION","Q","2","2,358","2,704","87.20414201183%"
"2021-02-01","B DIVISION","R","1","4,512","5,377","83.91296261856%"
"2021-02-01","B DIVISION","R","2","1,807","1,944","92.95267489712%"
"2021-03-01","A DIVISION","1","1","9,705","10,786","89.9777489338%"
"2021-03-01","A DIVISION","1","2","2,107","2,330","90.42918454936%"
"2021-03-01","A DIVISION","2","1","6,262","7,832","79.95403472932%"
"2021-03-01","A DIVISION","2","2","1,285","1,888","68.06144067797%"
"2021-03-01","A DIVISION","3","1","5,469","6,173","88.59549651709%"
"2021-03-01","A DIVISION","3","2","1,158","1,574","73.57052096569%"
"2021-03-01","A DIVISION","4","1","7,401","8,622","85.83855254001%"
"2021-03-01","A DIVISION","4","2","1,821","2,126","85.65380997178%"
"2021-03-01","A DIVISION","5","1","6,618","7,519","88.01702354036%"
"2021-03-01","A DIVISION","5","2","1,255","1,414","88.75530410184%"
"2021-03-01","A DIVISION","6","1","11,274","12,742","88.47904567572%"
"2021-03-01","A DIVISION","6","2","1,951","2,250","86.71111111111%"
"2021-03-01","A DIVISION","7","1","13,990","14,717","95.06013453829%"
"2021-03-01","A DIVISION","7","2","2,521","2,638","95.56482183472%"
"2021-03-01","A DIVISION","GS","1","11,456","11,486","99.73881246735%"
"2021-03-01","A DIVISION","GS","2","2,350","2,350","100%"
"2021-03-01","B DIVISION","A","1","7,107","8,664","82.02908587258%"
"2021-03-01","B DIVISION","A","2","1,704","2,231","76.37830569251%"
"2021-03-01","B DIVISION","B","1","3,701","4,476","82.6854334227%"
"2021-03-01","B DIVISION","C","1","3,382","3,726","90.76757917338%"
"2021-03-01","B DIVISION","C","2","1,013","1,248","81.16987179487%"
"2021-03-01","B DIVISION","D","1","5,399","6,301","85.68481193461%"
"2021-03-01","B DIVISION","D","2","1,522","1,722","88.3855981417%"
"2021-03-01","B DIVISION","E","1","8,531","9,446","90.31336015245%"
"2021-03-01","B DIVISION","E","2","1,643","1,674","98.14814814815%"
"2021-03-01","B DIVISION","F","1","6,163","7,395","83.34009465855%"
"2021-03-01","B DIVISION","F","2","1,478","1,666","88.71548619448%"
"2021-03-01","B DIVISION","FS","1","5,425","5,428","99.94473102432%"
"2021-03-01","B DIVISION","FS","2","1,690","1,690","100%"
"2021-03-01","B DIVISION","G","1","5,834","6,440","90.5900621118%"
"2021-03-01","B DIVISION","G","2","1,668","1,847","90.30860855441%"
"2021-03-01","B DIVISION","H","1","3,255","3,340","97.45508982036%"
"2021-03-01","B DIVISION","H","2","168","168","100%"
"2021-03-01","B DIVISION","J","1","5,913","6,416","92.1602244389%"
"2021-03-01","B DIVISION","J","2","1,571","1,780","88.25842696629%"
"2021-03-01","B DIVISION","L","1","11,964","12,624","94.77186311787%"
"2021-03-01","B DIVISION","L","2","3,236","3,432","94.28904428904%"
"2021-03-01","B DIVISION","M","1","5,707","6,204","91.98903932946%"
"2021-03-01","B DIVISION","M","2","1,771","1,828","96.8818380744%"
"2021-03-01","B DIVISION","N","1","8,828","10,482","84.22056859378%"
"2021-03-01","B DIVISION","N","2","1,486","1,722","86.2950058072%"
"2021-03-01","B DIVISION","Q","1","6,301","7,324","86.03222282906%"
"2021-03-01","B DIVISION","Q","2","1,914","2,163","88.48821081831%"
"2021-03-01","B DIVISION","R","1","5,827","6,509","89.52220003073%"
"2021-03-01","B DIVISION","R","2","1,632","1,717","95.0495049505%"
"2021-04-01","A DIVISION","1","1","9,363","10,330","90.63891577928%"
"2021-04-01","A DIVISION","1","2","2,015","2,336","86.25856164384%"
"2021-04-01","A DIVISION","2","1","6,253","7,144","87.52799552072%"
"2021-04-01","A DIVISION","2","2","931","1,700","54.76470588235%"
"2021-04-01","A DIVISION","3","1","5,905","6,456","91.46530359356%"
"2021-04-01","A DIVISION","3","2","1,013","1,580","64.11392405063%"
"2021-04-01","A DIVISION","4","1","7,083","8,136","87.05752212389%"
"2021-04-01","A DIVISION","4","2","1,800","2,136","84.26966292135%"
"2021-04-01","A DIVISION","5","1","6,406","7,190","89.09596662031%"
"2021-04-01","A DIVISION","5","2","1,355","1,548","87.5322997416%"
"2021-04-01","A DIVISION","6","1","10,977","12,195","90.012300123%"
"2021-04-01","A DIVISION","6","2","1,949","2,256","86.39184397163%"
"2021-04-01","A DIVISION","7","1","13,026","14,144","92.09558823529%"
"2021-04-01","A DIVISION","7","2","2,696","2,852","94.5301542777%"
"2021-04-01","A DIVISION","GS","1","10,867","10,906","99.64239867963%"
"2021-04-01","A DIVISION","GS","2","2,430","2,476","98.14216478191%"
"2021-04-01","B DIVISION","A","1","6,971","8,381","83.17623195323%"
"2021-04-01","B DIVISION","A","2","1,813","2,244","80.79322638146%"
"2021-04-01","B DIVISION","B","1","3,733","4,312","86.57235621521%"
"2021-04-01","B DIVISION","C","1","3,244","3,564","91.02132435466%"
"2021-04-01","B DIVISION","C","2","1,182","1,450","81.51724137931%"
"2021-04-01","B DIVISION","D","1","5,210","6,036","86.3154406892%"
"2021-04-01","B DIVISION","D","2","1,640","1,748","93.82151029748%"
"2021-04-01","B DIVISION","E","1","8,164","9,020","90.50997782705%"
"2021-04-01","B DIVISION","E","2","1,571","1,680","93.5119047619%"
"2021-04-01","B DIVISION","F","1","5,997","6,735","89.04231625835%"
"2021-04-01","B DIVISION","F","2","1,497","1,672","89.53349282297%"
"2021-04-01","B DIVISION","FS","1","5,186","5,192","99.8844375963%"
"2021-04-01","B DIVISION","FS","2","1,690","1,696","99.64622641509%"
"2021-04-01","B DIVISION","G","1","5,658","6,160","91.85064935065%"
"2021-04-01","B DIVISION","G","2","1,694","1,852","91.4686825054%"
"2021-04-01","B DIVISION","H","1","3,580","3,652","98.02847754655%"
"2021-04-01","B DIVISION","H","2","1,233","1,252","98.48242811502%"
"2021-04-01","B DIVISION","J","1","5,779","6,139","94.13585274475%"
"2021-04-01","B DIVISION","J","2","1,695","1,792","94.58705357143%"
"2021-04-01","B DIVISION","L","1","11,587","12,058","96.09387958202%"
"2021-04-01","B DIVISION","L","2","3,460","3,732","92.71168274384%"
"2021-04-01","B DIVISION","M","1","5,428","5,930","91.53456998314%"
"2021-04-01","B DIVISION","M","2","1,799","1,822","98.73765093304%"
"2021-04-01","B DIVISION","N","1","8,575","9,712","88.29283360791%"
"2021-04-01","B DIVISION","N","2","1,425","1,728","82.46527777778%"
"2021-04-01","B DIVISION","Q","1","6,106","6,949","87.86875809469%"
"2021-04-01","B DIVISION","Q","2","1,924","2,176","88.41911764706%"
"2021-04-01","B DIVISION","R","1","5,656","6,227","90.83025533965%"
"2021-04-01","B DIVISION","R","2","1,579","1,728","91.37731481481%"
"2021-05-01","A DIVISION","1","1","8,421","9,226","91.2746585736%"
"2021-05-01","A DIVISION","1","2","2,736","3,194","85.66061365059%"
"2021-05-01","A DIVISION","2","1","5,526","6,484","85.22516964837%"
"2021-05-01","A DIVISION","2","2","1,759","2,728","64.47947214076%"
"2021-05-01","A DIVISION","3","1","5,391","5,978","90.18066242891%"
"2021-05-01","A DIVISION","3","2","1,622","2,294","70.70619006103%"
"2021-05-01","A DIVISION","4","1","6,503","7,444","87.35894680279%"
"2021-05-01","A DIVISION","4","2","2,396","2,922","81.99863107461%"
"2021-05-01","A DIVISION","5","1","5,708","6,508","87.70743700061%"
"2021-05-01","A DIVISION","5","2","1,595","1,879","84.88557743481%"
"2021-05-01","A DIVISION","6","1","10,092","11,133","90.64942064134%"
"2021-05-01","A DIVISION","6","2","2,671","3,082","86.66450356911%"
"2021-05-01","A DIVISION","7","1","11,017","12,188","90.3921890384%"
"2021-05-01","A DIVISION","7","2","3,601","4,032","89.31051587302%"
"2021-05-01","A DIVISION","GS","1","10,282","10,304","99.78649068323%"
"2021-05-01","A DIVISION","GS","2","3,253","3,276","99.29792429792%"
"2021-05-01","B DIVISION","A","1","5,903","7,735","76.31544925663%"
"2021-05-01","B DIVISION","A","2","2,431","3,080","78.92857142857%"
"2021-05-01","B DIVISION","B","1","3,056","3,872","78.92561983471%"
"2021-05-01","B DIVISION","C","1","2,698","3,240","83.27160493827%"
"2021-05-01","B DIVISION","C","2","1,421","1,710","83.09941520468%"
"2021-05-01","B DIVISION","D","1","4,216","5,456","77.27272727273%"
"2021-05-01","B DIVISION","D","2","2,074","2,376","87.28956228956%"
"2021-05-01","B DIVISION","E","1","6,725","8,184","82.17253176931%"
"2021-05-01","B DIVISION","E","2","2,032","2,304","88.19444444444%"
"2021-05-01","B DIVISION","F","1","5,746","7,785","73.80860629416%"
"2021-05-01","B DIVISION","F","2","1,876","2,292","81.84991273997%"
"2021-05-01","B DIVISION","FS","1","4,471","4,484","99.71008028546%"
"2021-05-01","B DIVISION","FS","2","2,315","2,318","99.87057808456%"
"2021-05-01","B DIVISION","G","1","4,668","5,597","83.40182240486%"
"2021-05-01","B DIVISION","G","2","2,300","2,536","90.69400630915%"
"2021-05-01","B DIVISION","H","1","2,772","2,832","97.8813559322%"
"2021-05-01","B DIVISION","H","2","854","868","98.38709677419%"
"2021-05-01","B DIVISION","J","1","4,826","5,301","91.0394265233%"
"2021-05-01","B DIVISION","J","2","2,296","2,452","93.63784665579%"
"2021-05-01","B DIVISION","L","1","10,420","10,966","95.02097391939%"
"2021-05-01","B DIVISION","L","2","4,911","5,122","95.88051542366%"
"2021-05-01","B DIVISION","M","1","4,753","5,384","88.28008915305%"
"2021-05-01","B DIVISION","M","2","2,407","2,502","96.20303756994%"
"2021-05-01","B DIVISION","N","1","7,021","8,593","81.70603979984%"
"2021-05-01","B DIVISION","N","2","2,353","2,808","83.7962962963%"
"2021-05-01","B DIVISION","Q","1","5,058","6,438","78.56477166822%"
"2021-05-01","B DIVISION","Q","2","2,391","2,984","80.1273458445%"
"2021-05-01","B DIVISION","R","1","4,778","5,660","84.41696113074%"
"2021-05-01","B DIVISION","R","2","2,171","2,376","91.37205387205%"
"2021-06-01","A DIVISION","1","1","9,052","10,192","88.8147566719%"
"2021-06-01","A DIVISION","1","2","1,915","2,336","81.97773972603%"
"2021-06-01","A DIVISION","2","1","5,898","7,127","82.75571769328%"
"2021-06-01","A DIVISION","2","2","828","1,680","49.28571428571%"
"2021-06-01","A DIVISION","3","1","5,646","6,584","85.75334143378%"
"2021-06-01","A DIVISION","3","2","1,078","1,668","64.62829736211%"
"2021-06-01","A DIVISION","4","1","6,625","8,128","81.50836614173%"
"2021-06-01","A DIVISION","4","2","1,627","2,136","76.17041198502%"
"2021-06-01","A DIVISION","5","1","6,081","7,247","83.9105836898%"
"2021-06-01","A DIVISION","5","2","937","1,130","82.9203539823%"
"2021-06-01","A DIVISION","6","1","10,799","12,440","86.80868167203%"
"2021-06-01","A DIVISION","6","2","1,757","2,256","77.88120567376%"
"2021-06-01","A DIVISION","7","1","13,093","14,399","90.92992568928%"
"2021-06-01","A DIVISION","7","2","2,417","2,852","84.74754558205%"
"2021-06-01","A DIVISION","GS","1","10,999","11,308","97.26742129466%"
"2021-06-01","A DIVISION","GS","2","2,860","2,865","99.82547993019%"
"2021-06-01","B DIVISION","A","1","6,384","8,507","75.04408134477%"
"2021-06-01","B DIVISION","A","2","3,058","3,787","80.74993398468%"
"2021-06-01","B DIVISION","B","1","3,097","4,272","72.49531835206%"
"2021-06-01","B DIVISION","C","1","3,033","3,566","85.0532809871%"
"2021-06-01","B DIVISION","C","2","863","1,248","69.15064102564%"
"2021-06-01","B DIVISION","D","1","4,471","6,072","73.63306982872%"
"2021-06-01","B DIVISION","D","2","1,391","1,728","80.49768518519%"
"2021-06-01","B DIVISION","E","1","6,112","9,020","67.76053215078%"
"2021-06-01","B DIVISION","E","2","1,508","1,680","89.7619047619%"
"2021-06-01","B DIVISION","F","1","5,769","8,560","67.39485981308%"
"2021-06-01","B DIVISION","F","2","1,413","1,672","84.50956937799%"
"2021-06-01","B DIVISION","FS","1","5,164","5,192","99.46070878274%"
"2021-06-01","B DIVISION","FS","2","1,693","1,696","99.82311320755%"
"2021-06-01","B DIVISION","G","1","5,065","6,149","82.37111725484%"
"2021-06-01","B DIVISION","G","2","1,614","1,852","87.14902807775%"
"2021-06-01","B DIVISION","H","1","3,531","3,696","95.53571428571%"
"2021-06-01","B DIVISION","H","2","1,222","1,252","97.60383386581%"
"2021-06-01","B DIVISION","J","1","5,660","6,139","92.19742629093%"
"2021-06-01","B DIVISION","J","2","1,611","1,792","89.89955357143%"
"2021-06-01","B DIVISION","L","1","11,517","12,360","93.17961165049%"
"2021-06-01","B DIVISION","L","2","3,483","3,644","95.58177826564%"
"2021-06-01","B DIVISION","M","1","4,809","5,924","81.17825793383%"
"2021-06-01","B DIVISION","M","2","1,742","1,832","95.08733624454%"
"2021-06-01","B DIVISION","N","1","7,707","9,961","77.37174982431%"
"2021-06-01","B DIVISION","N","2","1,281","1,728","74.13194444444%"
"2021-06-01","B DIVISION","Q","1","5,240","6,970","75.17934002869%"
"2021-06-01","B DIVISION","Q","2","1,428","2,068","69.05222437137%"
"2021-06-01","B DIVISION","R","1","5,009","6,216","80.58236808237%"
"2021-06-01","B DIVISION","R","2","1,308","1,724","75.87006960557%"
"2021-07-01","A DIVISION","1","1","8,044","9,632","83.51328903654%"
"2021-07-01","A DIVISION","1","2","2,756","2,956","93.23410013532%"
"2021-07-01","A DIVISION","2","1","5,393","6,789","79.4373250847%"
"2021-07-01","A DIVISION","2","2","1,553","2,292","67.75741710297%"
"2021-07-01","A DIVISION","3","1","5,207","6,130","84.94290375204%"
"2021-07-01","A DIVISION","3","2","1,658","2,060","80.4854368932%"
"2021-07-01","A DIVISION","4","1","6,587","7,766","84.81843935102%"
"2021-07-01","A DIVISION","4","2","2,300","2,698","85.24833209785%"
"2021-07-01","A DIVISION","5","1","5,890","6,909","85.25112172529%"
"2021-07-01","A DIVISION","5","2","1,374","1,463","93.91660970608%"
"2021-07-01","A DIVISION","6","1","10,445","12,174","85.7976014457%"
"2021-07-01","A DIVISION","6","2","3,681","3,944","93.33164300203%"
"2021-07-01","A DIVISION","7","1","12,622","13,520","93.35798816568%"
"2021-07-01","A DIVISION","7","2","3,585","3,994","89.75963945919%"
"2021-07-01","A DIVISION","GS","1","10,432","10,510","99.25784966698%"
"2021-07-01","A DIVISION","GS","2","2,576","2,602","99.00076863951%"
"2021-07-01","B DIVISION","A","1","5,498","7,750","70.94193548387%"
"2021-07-01","B DIVISION","A","2","2,074","2,816","73.65056818182%"
"2021-07-01","B DIVISION","B","1","2,972","4,116","72.20602526725%"
"2021-07-01","B DIVISION","C","1","2,708","3,592","75.38975501114%"
"2021-07-01","B DIVISION","C","2","1,258","1,572","80.02544529262%"
"2021-07-01","B DIVISION","D","1","4,266","6,057","70.4309063893%"
"2021-07-01","B DIVISION","D","2","3,557","4,292","82.87511649581%"
"2021-07-01","B DIVISION","E","1","5,929","8,610","68.86178861789%"
"2021-07-01","B DIVISION","E","2","1,904","2,112","90.15151515152%"
"2021-07-01","B DIVISION","F","1","5,595","8,134","68.78534546349%"
"2021-07-01","B DIVISION","F","2","1,875","2,104","89.11596958175%"
"2021-07-01","B DIVISION","FS","1","4,640","4,668","99.40017137961%"
"2021-07-01","B DIVISION","FS","2","2,124","2,148","98.88268156425%"
"2021-07-01","B DIVISION","G","1","4,991","5,880","84.88095238095%"
"2021-07-01","B DIVISION","G","2","1,982","2,336","84.84589041096%"
"2021-07-01","B DIVISION","H","1","3,472","3,529","98.38481156135%"
"2021-07-01","B DIVISION","H","2","1,429","1,587","90.04410838059%"
"2021-07-01","B DIVISION","J","1","5,038","5,859","85.98736985834%"
"2021-07-01","B DIVISION","J","2","2,095","2,262","92.61715296198%"
"2021-07-01","B DIVISION","L","1","10,878","11,647","93.39744140122%"
"2021-07-01","B DIVISION","L","2","4,515","4,772","94.61441743504%"
"2021-07-01","B DIVISION","M","1","4,533","5,668","79.97529992943%"
"2021-07-01","B DIVISION","M","2","2,203","2,328","94.63058419244%"
"2021-07-01","B DIVISION","N","1","7,143","9,571","74.63169992686%"
"2021-07-01","B DIVISION","N","2","1,733","2,160","80.23148148148%"
"2021-07-01","B DIVISION","Q","1","5,166","6,891","74.96734871572%"
"2021-07-01","B DIVISION","Q","2","2,200","2,682","82.02833706189%"
"2021-07-01","B DIVISION","R","1","4,790","5,930","80.77571669477%"
"2021-07-01","B DIVISION","R","2","1,988","2,160","92.03703703704%"
"2021-08-01","A DIVISION","1","1","8,534","9,986","85.4596435009%"
"2021-08-01","A DIVISION","1","2","2,197","2,610","84.17624521073%"
"2021-08-01","A DIVISION","2","1","6,005","7,130","84.22159887798%"
"2021-08-01","A DIVISION","2","2","1,203","1,906","63.11647429171%"
"2021-08-01","A DIVISION","3","1","5,583","6,626","84.25897977664%"
"2021-08-01","A DIVISION","3","2","1,411","1,824","77.35745614035%"
"2021-08-01","A DIVISION","4","1","7,177","8,447","84.96507635847%"
"2021-08-01","A DIVISION","4","2","1,816","2,388","76.04690117253%"
"2021-08-01","A DIVISION","5","1","6,333","7,238","87.49654600718%"
"2021-08-01","A DIVISION","5","2","1,614","1,817","88.82773802972%"
"2021-08-01","A DIVISION","6","1","10,401","12,259","84.84378823721%"
"2021-08-01","A DIVISION","6","2","2,109","2,518","83.75694996029%"
"2021-08-01","A DIVISION","7","1","12,520","14,163","88.39935042011%"
"2021-08-01","A DIVISION","7","2","3,336","3,618","92.2056384743%"
"2021-08-01","A DIVISION","GS","1","7,366","7,480","98.47593582888%"
"2021-08-01","A DIVISION","GS","2","1,860","1,872","99.35897435897%"
"2021-08-01","B DIVISION","A","1","5,720","8,377","68.28220126537%"
"2021-08-01","B DIVISION","A","2","1,749","2,495","70.1002004008%"
"2021-08-01","B DIVISION","B","1","3,236","4,312","75.04638218924%"
"2021-08-01","B DIVISION","C","1","3,175","4,400","72.15909090909%"
"2021-08-01","B DIVISION","C","2","981","1,398","70.17167381974%"
"2021-08-01","B DIVISION","D","1","4,614","6,091","75.75110819242%"
"2021-08-01","B DIVISION","D","2","1,757","2,156","81.49350649351%"
"2021-08-01","B DIVISION","E","1","6,812","9,020","75.52106430155%"
"2021-08-01","B DIVISION","E","2","1,612","1,884","85.56263269639%"
"2021-08-01","B DIVISION","F","1","6,218","8,588","72.40335351653%"
"2021-08-01","B DIVISION","F","2","1,314","1,880","69.89361702128%"
"2021-08-01","B DIVISION","FS","1","5,168","5,192","99.53775038521%"
"2021-08-01","B DIVISION","FS","2","1,843","1,894","97.30728616684%"
"2021-08-01","B DIVISION","G","1","5,483","6,523","84.05641575962%"
"2021-08-01","B DIVISION","G","2","1,762","2,152","81.87732342007%"
"2021-08-01","B DIVISION","H","1","3,627","3,696","98.13311688312%"
"2021-08-01","B DIVISION","H","2","1,340","1,398","95.85121602289%"
"2021-08-01","B DIVISION","J","1","5,578","6,140","90.84690553746%"
"2021-08-01","B DIVISION","J","2","1,741","2,006","86.78963110668%"
"2021-08-01","B DIVISION","L","1","11,179","12,031","92.91829440612%"
"2021-08-01","B DIVISION","L","2","3,062","3,492","87.686139748%"
"2021-08-01","B DIVISION","M","1","4,827","5,940","81.26262626263%"
"2021-08-01","B DIVISION","M","2","1,257","1,304","96.39570552147%"
"2021-08-01","B DIVISION","N","1","7,273","9,788","74.30527176134%"
"2021-08-01","B DIVISION","N","2","1,419","1,944","72.99382716049%"
"2021-08-01","B DIVISION","Q","1","4,887","6,923","70.59078434205%"
"2021-08-01","B DIVISION","Q","2","1,790","2,386","75.02095557418%"
"2021-08-01","B DIVISION","R","1","4,910","6,195","79.25746569814%"
"2021-08-01","B DIVISION","R","2","1,606","1,940","82.78350515464%"
"2021-09-01","A DIVISION","1","1","7,823","9,220","84.84815618221%"
"2021-09-01","A DIVISION","1","2","2,306","2,610","88.35249042146%"
"2021-09-01","A DIVISION","2","1","5,224","6,477","80.65462405435%"
"2021-09-01","A DIVISION","2","2","1,310","2,136","61.32958801498%"
"2021-09-01","A DIVISION","3","1","5,133","5,920","86.70608108108%"
"2021-09-01","A DIVISION","3","2","1,335","1,784","74.83183856502%"
"2021-09-01","A DIVISION","4","1","6,010","7,589","79.19356964027%"
"2021-09-01","A DIVISION","4","2","2,076","2,854","72.74001401542%"
"2021-09-01","A DIVISION","5","1","5,419","6,532","82.96080832823%"
"2021-09-01","A DIVISION","5","2","1,168","1,463","79.83595352016%"
"2021-09-01","A DIVISION","6","1","9,053","10,582","85.55093555094%"
"2021-09-01","A DIVISION","6","2","1,615","2,010","80.34825870647%"
"2021-09-01","A DIVISION","7","1","11,466","12,844","89.27125506073%"
"2021-09-01","A DIVISION","7","2","3,244","3,618","89.66279712548%"
"2021-09-01","A DIVISION","GS","1","9,342","9,344","99.97859589041%"
"2021-09-01","A DIVISION","GS","2","2,360","2,360","100%"
"2021-09-01","B DIVISION","A","1","4,985","7,551","66.01774599391%"
"2021-09-01","B DIVISION","A","2","1,578","2,519","62.64390631203%"
"2021-09-01","B DIVISION","B","1","2,633","3,920","67.16836734694%"
"2021-09-01","B DIVISION","C","1","2,537","4,000","63.425%"
"2021-09-01","B DIVISION","C","2","918","1,398","65.6652360515%"
"2021-09-01","B DIVISION","D","1","3,767","5,479","68.75342215733%"
"2021-09-01","B DIVISION","D","2","1,546","1,944","79.52674897119%"
"2021-09-01","B DIVISION","E","1","5,522","8,200","67.34146341463%"
"2021-09-01","B DIVISION","E","2","1,476","1,884","78.34394904459%"
"2021-09-01","B DIVISION","F","1","5,101","7,834","65.11360735257%"
"2021-09-01","B DIVISION","F","2","1,497","1,874","79.8826040555%"
"2021-09-01","B DIVISION","FS","1","4,655","4,720","98.62288135593%"
"2021-09-01","B DIVISION","FS","2","1,849","1,894","97.62407602957%"
"2021-09-01","B DIVISION","G","1","3,986","5,636","70.72391767211%"
"2021-09-01","B DIVISION","G","2","1,882","2,078","90.56785370549%"
"2021-09-01","B DIVISION","H","1","3,264","3,365","96.9985141159%"
"2021-09-01","B DIVISION","H","2","1,350","1,398","96.56652360515%"
"2021-09-01","B DIVISION","J","1","5,033","5,580","90.19713261649%"
"2021-09-01","B DIVISION","J","2","1,701","2,005","84.83790523691%"
"2021-09-01","B DIVISION","L","1","10,169","11,049","92.03547832383%"
"2021-09-01","B DIVISION","L","2","3,581","3,938","90.9344845099%"
"2021-09-01","B DIVISION","M","1","4,209","5,400","77.94444444444%"
"2021-09-01","B DIVISION","M","2","1,998","2,056","97.17898832685%"
"2021-09-01","B DIVISION","N","1","6,166","8,625","71.48985507246%"
"2021-09-01","B DIVISION","N","2","1,365","1,944","70.21604938272%"
"2021-09-01","B DIVISION","Q","1","4,503","6,357","70.83529966966%"
"2021-09-01","B DIVISION","Q","2","1,849","2,386","77.49371332775%"
"2021-09-01","B DIVISION","R","1","4,357","5,657","77.01962170762%"
"2021-09-01","B DIVISION","R","2","1,628","1,941","83.87429160227%"
"2021-10-01","A DIVISION","1","1","8,388","9,682","86.63499277009%"
"2021-10-01","A DIVISION","1","2","2,556","2,920","87.53424657534%"
"2021-10-01","A DIVISION","2","1","5,669","6,807","83.28191567504%"
"2021-10-01","A DIVISION","2","2","1,309","2,322","56.37381567614%"
"2021-10-01","A DIVISION","3","1","5,421","6,276","86.37667304015%"
"2021-10-01","A DIVISION","3","2","1,421","1,998","71.12112112112%"
"2021-10-01","A DIVISION","4","1","6,866","8,175","83.9877675841%"
"2021-10-01","A DIVISION","4","2","2,617","3,136","83.45025510204%"
"2021-10-01","A DIVISION","5","1","5,954","6,891","86.40255405602%"
"2021-10-01","A DIVISION","5","2","1,206","1,402","86.01997146933%"
"2021-10-01","A DIVISION","6","1","9,948","11,618","85.62575314168%"
"2021-10-01","A DIVISION","6","2","2,427","2,882","84.21235253296%"
"2021-10-01","A DIVISION","7","1","12,183","13,399","90.92469587283%"
"2021-10-01","A DIVISION","7","2","2,901","3,202","90.59962523423%"
"2021-10-01","A DIVISION","GS","1","11,623","11,630","99.93981083405%"
"2021-10-01","A DIVISION","GS","2","3,541","3,550","99.74647887324%"
"2021-10-01","B DIVISION","A","1","5,184","7,808","66.39344262295%"
"2021-10-01","B DIVISION","A","2","1,580","2,805","56.32798573975%"
"2021-10-01","B DIVISION","B","1","2,964","4,116","72.01166180758%"
"2021-10-01","B DIVISION","C","1","2,957","4,200","70.40476190476%"
"2021-10-01","B DIVISION","C","2","921","1,560","59.03846153846%"
"2021-10-01","B DIVISION","D","1","3,893","5,754","67.65728189086%"
"2021-10-01","B DIVISION","D","2","1,523","2,160","70.50925925926%"
"2021-10-01","B DIVISION","E","1","6,221","8,610","72.25319396051%"
"2021-10-01","B DIVISION","E","2","1,771","2,104","84.17300380228%"
"2021-10-01","B DIVISION","F","1","5,590","8,228","67.93874574623%"
"2021-10-01","B DIVISION","F","2","1,656","2,090","79.23444976077%"
"2021-10-01","B DIVISION","FS","1","4,941","4,956","99.69733656174%"
"2021-10-01","B DIVISION","FS","2","2,107","2,120","99.38679245283%"
"2021-10-01","B DIVISION","G","1","4,911","5,924","82.90006752194%"
"2021-10-01","B DIVISION","G","2","1,978","2,315","85.44276457883%"
"2021-10-01","B DIVISION","H","1","3,285","3,390","96.90265486726%"
"2021-10-01","B DIVISION","H","2","1,540","1,565","98.40255591054%"
"2021-10-01","B DIVISION","J","1","5,367","5,859","91.6026625704%"
"2021-10-01","B DIVISION","J","2","1,911","2,240","85.3125%"
"2021-10-01","B DIVISION","L","1","10,658","11,506","92.62993220928%"
"2021-10-01","B DIVISION","L","2","3,810","4,152","91.76300578035%"
"2021-10-01","B DIVISION","M","1","4,499","5,668","79.37544107269%"
"2021-10-01","B DIVISION","M","2","1,834","1,928","95.1244813278%"
"2021-10-01","B DIVISION","N","1","7,120","9,145","77.85675232367%"
"2021-10-01","B DIVISION","N","2","1,714","2,458","69.73148901546%"
"2021-10-01","B DIVISION","Q","1","5,003","6,615","75.63114134543%"
"2021-10-01","B DIVISION","Q","2","1,990","2,554","77.91699295223%"
"2021-10-01","B DIVISION","R","1","4,708","5,928","79.41970310391%"
"2021-10-01","B DIVISION","R","2","1,797","2,158","83.27154772938%"
"2021-11-01","A DIVISION","1","1","8,531","9,666","88.25781088351%"
"2021-11-01","A DIVISION","1","2","2,378","2,591","91.77923581629%"
"2021-11-01","A DIVISION","2","1","5,735","6,805","84.2762674504%"
"2021-11-01","A DIVISION","2","2","1,464","2,312","63.32179930796%"
"2021-11-01","A DIVISION","3","1","5,693","6,350","89.65354330709%"
"2021-11-01","A DIVISION","3","2","1,454","1,851","78.55213398163%"
"2021-11-01","A DIVISION","4","1","6,669","8,020","83.15461346633%"
"2021-11-01","A DIVISION","4","2","2,477","3,069","80.71032909743%"
"2021-11-01","A DIVISION","5","1","5,642","6,732","83.80867498515%"
"2021-11-01","A DIVISION","5","2","659","913","72.17962760131%"
"2021-11-01","A DIVISION","6","1","10,030","11,710","85.65328778822%"
"2021-11-01","A DIVISION","6","2","2,072","2,574","80.49728049728%"
"2021-11-01","A DIVISION","7","1","12,081","13,397","90.1769052773%"
"2021-11-01","A DIVISION","7","2","2,878","3,182","90.4462602137%"
"2021-11-01","A DIVISION","GS","1","11,749","11,770","99.82158028887%"
"2021-11-01","A DIVISION","GS","2","3,136","3,240","96.79012345679%"
"2021-11-01","B DIVISION","A","1","4,731","7,784","60.77852004111%"
"2021-11-01","B DIVISION","A","2","1,440","2,183","65.9642693541%"
"2021-11-01","B DIVISION","B","1","2,928","4,116","71.13702623907%"
"2021-11-01","B DIVISION","C","1","2,713","4,200","64.59523809524%"
"2021-11-01","B DIVISION","C","2","937","1,398","67.0243204578%"
"2021-11-01","B DIVISION","D","1","3,819","5,754","66.37122002086%"
"2021-11-01","B DIVISION","D","2","1,325","1,917","69.11841418884%"
"2021-11-01","B DIVISION","E","1","6,406","8,610","74.4018583043%"
"2021-11-01","B DIVISION","E","2","1,435","1,861","77.10908113917%"
"2021-11-01","B DIVISION","F","1","6,218","8,233","75.52532491194%"
"2021-11-01","B DIVISION","F","2","1,560","1,848","84.41558441558%"
"2021-11-01","B DIVISION","FS","1","4,928","4,956","99.43502824859%"
"2021-11-01","B DIVISION","FS","2","1,860","1,868","99.57173447537%"
"2021-11-01","B DIVISION","G","1","5,450","6,155","88.54589764419%"
"2021-11-01","B DIVISION","G","2","1,848","2,053","90.01461276181%"
"2021-11-01","B DIVISION","H","1","3,196","3,344","95.57416267943%"
"2021-11-01","B DIVISION","H","2","1,332","1,370","97.22627737226%"
"2021-11-01","B DIVISION","J","1","5,312","5,861","90.63299778195%"
"2021-11-01","B DIVISION","J","2","1,739","1,978","87.91708796764%"
"2021-11-01","B DIVISION","L","1","10,457","11,486","91.04126763016%"
"2021-11-01","B DIVISION","L","2","3,764","3,957","95.12256760172%"
"2021-11-01","B DIVISION","M","1","4,506","5,668","79.49894142555%"
"2021-11-01","B DIVISION","M","2","1,910","2,022","94.4609297725%"
"2021-11-01","B DIVISION","N","1","7,343","9,566","76.76144679072%"
"2021-11-01","B DIVISION","N","2","1,307","1,918","68.14389989572%"
"2021-11-01","B DIVISION","Q","1","5,019","6,615","75.87301587302%"
"2021-11-01","B DIVISION","Q","2","1,789","2,358","75.86938083121%"
"2021-11-01","B DIVISION","R","1","4,577","5,927","77.2228783533%"
"2021-11-01","B DIVISION","R","2","1,549","1,917","80.80333854982%"
"2021-12-01","A DIVISION","1","1","8,010","9,631","83.16893365175%"
"2021-12-01","A DIVISION","1","2","2,406","2,956","81.39377537212%"
"2021-12-01","A DIVISION","2","1","5,235","7,047","74.28693060877%"
"2021-12-01","A DIVISION","2","2","1,400","2,406","58.18786367415%"
"2021-12-01","A DIVISION","3","1","4,771","5,612","85.0142551675%"
"2021-12-01","A DIVISION","3","2","1,324","1,916","69.10229645094%"
"2021-12-01","A DIVISION","4","1","6,323","7,895","80.08866371121%"
"2021-12-01","A DIVISION","4","2","2,071","2,700","76.7037037037%"
"2021-12-01","A DIVISION","5","1","5,674","6,883","82.43498474502%"
"2021-12-01","A DIVISION","5","2","1,674","2,098","79.79027645377%"
"2021-12-01","A DIVISION","6","1","9,333","11,665","80.00857265324%"
"2021-12-01","A DIVISION","6","2","2,305","2,860","80.59440559441%"
"2021-12-01","A DIVISION","7","1","11,757","13,474","87.25693929049%"
"2021-12-01","A DIVISION","7","2","3,575","4,184","85.44455066922%"
"2021-12-01","A DIVISION","GS","1","11,173","11,282","99.03385924481%"
"2021-12-01","A DIVISION","GS","2","3,479","3,514","99.00398406375%"
"2021-12-01","B DIVISION","A","1","5,039","7,602","66.28518810839%"
"2021-12-01","B DIVISION","A","2","2,014","2,816","71.51988636364%"
"2021-12-01","B DIVISION","B","1","2,715","3,920","69.26020408163%"
"2021-12-01","B DIVISION","C","1","2,841","4,200","67.64285714286%"
"2021-12-01","B DIVISION","C","2","1,194","1,572","75.95419847328%"
"2021-12-01","B DIVISION","D","1","4,068","5,754","70.69864442127%"
"2021-12-01","B DIVISION","D","2","1,670","2,168","77.0295202952%"
"2021-12-01","B DIVISION","E","1","6,397","8,610","74.29732868757%"
"2021-12-01","B DIVISION","E","2","1,638","2,120","77.2641509434%"
"2021-12-01","B DIVISION","F","1","5,373","7,889","68.10749144378%"
"2021-12-01","B DIVISION","F","2","1,747","2,104","83.03231939163%"
"2021-12-01","B DIVISION","FS","1","4,858","4,956","98.02259887006%"
"2021-12-01","B DIVISION","FS","2","2,148","2,148","100%"
"2021-12-01","B DIVISION","G","1","5,656","6,589","85.84003642434%"
"2021-12-01","B DIVISION","G","2","3,018","3,210","94.01869158879%"
"2021-12-01","B DIVISION","H","1","3,362","3,528","95.2947845805%"
"2021-12-01","B DIVISION","H","2","1,545","1,592","97.04773869347%"
"2021-12-01","B DIVISION","J","1","4,982","5,687","87.60330578512%"
"2021-12-01","B DIVISION","J","2","1,796","2,264","79.32862190813%"
"2021-12-01","B DIVISION","L","1","10,090","11,486","87.84607348076%"
"2021-12-01","B DIVISION","L","2","3,977","4,488","88.61408199643%"
"2021-12-01","B DIVISION","M","1","4,272","5,470","78.0987202925%"
"2021-12-01","B DIVISION","M","2","1,999","2,326","85.94153052451%"
"2021-12-01","B DIVISION","N","1","6,984","9,538","73.22289788216%"
"2021-12-01","B DIVISION","N","2","1,395","2,160","64.58333333333%"
"2021-12-01","B DIVISION","Q","1","4,805","6,615","72.63794406652%"
"2021-12-01","B DIVISION","Q","2","1,941","2,568","75.58411214953%"
"2021-12-01","B DIVISION","R","1","4,488","5,931","75.67020738493%"
"2021-12-01","B DIVISION","R","2","1,646","2,152","76.48698884758%"
"2022-01-01","A DIVISION","1","1","7,529","8,863","84.94866298093%"
"2022-01-01","A DIVISION","1","2","2,524","2,912","86.67582417582%"
"2022-01-01","A DIVISION","2","1","5,351","6,777","78.95824110964%"
"2022-01-01","A DIVISION","2","2","1,377","2,460","55.9756097561%"
"2022-01-01","A DIVISION","3","1","4,408","5,085","86.68633235005%"
"2022-01-01","A DIVISION","3","2","1,539","2,086","73.77756471716%"
"2022-01-01","A DIVISION","4","1","6,038","7,770","77.70913770914%"
"2022-01-01","A DIVISION","4","2","1,982","2,670","74.23220973783%"
"2022-01-01","A DIVISION","5","1","5,617","6,886","81.57130409527%"
"2022-01-01","A DIVISION","5","2","1,266","1,547","81.83581124758%"
"2022-01-01","A DIVISION","6","1","7,781","10,534","73.86557812797%"
"2022-01-01","A DIVISION","6","2","2,271","2,820","80.53191489362%"
"2022-01-01","A DIVISION","7","1","11,015","12,178","90.44999178847%"
"2022-01-01","A DIVISION","7","2","3,499","4,074","85.88610702013%"
"2022-01-01","A DIVISION","GS","1","10,552","10,672","98.87556221889%"
"2022-01-01","A DIVISION","GS","2","2,796","2,798","99.92852037169%"
"2022-01-01","B DIVISION","A","1","4,954","7,894","62.75652394223%"
"2022-01-01","B DIVISION","A","2","1,604","2,805","57.18360071301%"
"2022-01-01","B DIVISION","B","1","1,181","1,764","66.95011337868%"
"2022-01-01","B DIVISION","C","1","2,733","4,186","65.28905876732%"
"2022-01-01","B DIVISION","C","2","1,095","1,560","70.19230769231%"
"2022-01-01","B DIVISION","D","1","4,490","5,754","78.03267292318%"
"2022-01-01","B DIVISION","D","2","1,516","2,162","70.12025901943%"
"2022-01-01","B DIVISION","E","1","6,207","8,609","72.09896619816%"
"2022-01-01","B DIVISION","E","2","1,588","2,100","75.61904761905%"
"2022-01-01","B DIVISION","F","1","5,047","6,455","78.18745158792%"
"2022-01-01","B DIVISION","F","2","1,497","2,090","71.62679425837%"
"2022-01-01","B DIVISION","FS","1","4,860","4,956","98.06295399516%"
"2022-01-01","B DIVISION","FS","2","1,959","2,120","92.40566037736%"
"2022-01-01","B DIVISION","G","1","5,426","5,880","92.27891156463%"
"2022-01-01","B DIVISION","G","2","2,045","2,320","88.14655172414%"
"2022-01-01","B DIVISION","H","1","3,282","3,528","93.02721088435%"
"2022-01-01","B DIVISION","H","2","1,439","1,568","91.77295918367%"
"2022-01-01","B DIVISION","J","1","4,619","5,337","86.54674910999%"
"2022-01-01","B DIVISION","J","2","1,584","2,222","71.28712871287%"
"2022-01-01","B DIVISION","L","1","7,891","8,562","92.16304601729%"
"2022-01-01","B DIVISION","L","2","3,451","4,436","77.79531109107%"
"2022-01-01","B DIVISION","M","1","3,949","4,644","85.03445305771%"
"2022-01-01","B DIVISION","M","2","1,823","2,298","79.32985204526%"
"2022-01-01","B DIVISION","N","1","5,026","6,756","74.39313203079%"
"2022-01-01","B DIVISION","N","2","1,245","2,166","57.47922437673%"
"2022-01-01","B DIVISION","Q","1","5,071","6,630","76.48567119155%"
"2022-01-01","B DIVISION","Q","2","1,628","2,726","59.72120322817%"
"2022-01-01","B DIVISION","R","1","4,384","5,226","83.88825105243%"
"2022-01-01","B DIVISION","R","2","1,656","2,156","76.80890538033%"
"2022-02-01","A DIVISION","1","1","7,360","8,788","83.75056895767%"
"2022-02-01","A DIVISION","1","2","2,416","3,086","78.28904731043%"
"2022-02-01","A DIVISION","2","1","4,608","6,155","74.86596263201%"
"2022-02-01","A DIVISION","2","2","1,227","2,119","57.9046720151%"
"2022-02-01","A DIVISION","3","1","4,624","5,299","87.26174749953%"
"2022-02-01","A DIVISION","3","2","913","1,370","66.64233576642%"
"2022-02-01","A DIVISION","4","1","5,424","7,058","76.84896571267%"
"2022-02-01","A DIVISION","4","2","2,157","2,841","75.92397043295%"
"2022-02-01","A DIVISION","5","1","5,021","6,236","80.51635663887%"
"2022-02-01","A DIVISION","5","2","1,882","1,998","94.19419419419%"
"2022-02-01","A DIVISION","6","1","8,144","10,587","76.92453008407%"
"2022-02-01","A DIVISION","6","2","2,085","2,676","77.91479820628%"
"2022-02-01","A DIVISION","7","1","11,065","12,204","90.66699442806%"
"2022-02-01","A DIVISION","7","2","3,012","3,272","92.05378973105%"
"2022-02-01","A DIVISION","GS","1","9,795","9,806","99.88782378136%"
"2022-02-01","A DIVISION","GS","2","2,264","2,270","99.73568281938%"
"2022-02-01","B DIVISION","A","1","4,454","7,197","61.88689731833%"
"2022-02-01","B DIVISION","A","2","1,142","2,255","50.64301552106%"
"2022-02-01","B DIVISION","B","1","2,747","3,724","73.76476906552%"
"2022-02-01","B DIVISION","C","1","2,401","3,646","65.85298957762%"
"2022-02-01","B DIVISION","C","2","517","1,260","41.03174603175%"
"2022-02-01","B DIVISION","D","1","3,733","5,206","71.70572416443%"
"2022-02-01","B DIVISION","D","2","1,447","1,728","83.73842592593%"
"2022-02-01","B DIVISION","E","1","5,499","7,791","70.58144012322%"
"2022-02-01","B DIVISION","E","2","1,156","1,692","68.32151300236%"
"2022-02-01","B DIVISION","F","1","4,464","6,373","70.04550447199%"
"2022-02-01","B DIVISION","F","2","990","1,686","58.71886120996%"
"2022-02-01","B DIVISION","FS","1","4,418","4,484","98.52809991079%"
"2022-02-01","B DIVISION","FS","2","1,722","1,724","99.88399071926%"
"2022-02-01","B DIVISION","G","1","4,811","5,331","90.24573250797%"
"2022-02-01","B DIVISION","G","2","1,588","1,876","84.64818763326%"
"2022-02-01","B DIVISION","H","1","2,994","3,115","96.11556982343%"
"2022-02-01","B DIVISION","H","2","1,249","1,275","97.96078431373%"
"2022-02-01","B DIVISION","J","1","4,455","5,301","84.04074702886%"
"2022-02-01","B DIVISION","J","2","1,479","1,812","81.62251655629%"
"2022-02-01","B DIVISION","L","1","6,862","7,810","87.86171574904%"
"2022-02-01","B DIVISION","L","2","3,458","3,926","88.07947019868%"
"2022-02-01","B DIVISION","M","1","3,514","4,428","79.3586269196%"
"2022-02-01","B DIVISION","M","2","1,660","1,818","91.30913091309%"
"2022-02-01","B DIVISION","N","1","6,608","8,533","77.44052502051%"
"2022-02-01","B DIVISION","N","2","1,176","1,728","68.05555555556%"
"2022-02-01","B DIVISION","Q","1","4,550","5,977","76.12514639451%"
"2022-02-01","B DIVISION","Q","2","1,305","1,994","65.44633901705%"
"2022-02-01","B DIVISION","R","1","4,171","5,074","82.20338983051%"
"2022-02-01","B DIVISION","R","2","1,255","1,726","72.71147161066%"
"2022-03-01","A DIVISION","1","1","8,989","10,554","85.17149895774%"
"2022-03-01","A DIVISION","1","2","2,014","2,322","86.73557278208%"
"2022-03-01","A DIVISION","2","1","6,106","7,612","80.21544929059%"
"2022-03-01","A DIVISION","2","2","1,148","1,862","61.65413533835%"
"2022-03-01","A DIVISION","3","1","6,128","6,710","91.32637853949%"
"2022-03-01","A DIVISION","3","2","1,111","1,570","70.76433121019%"
"2022-03-01","A DIVISION","4","1","6,986","8,506","82.13026099224%"
"2022-03-01","A DIVISION","4","2","1,431","2,130","67.18309859155%"
"2022-03-01","A DIVISION","5","1","6,351","7,535","84.28666224287%"
"2022-03-01","A DIVISION","5","2","1,007","1,271","79.22895357986%"
"2022-03-01","A DIVISION","6","1","10,110","12,870","78.55477855478%"
"2022-03-01","A DIVISION","6","2","1,869","2,250","83.06666666667%"
"2022-03-01","A DIVISION","7","1","12,938","14,680","88.13351498638%"
"2022-03-01","A DIVISION","7","2","2,365","2,634","89.78739559605%"
"2022-03-01","A DIVISION","GS","1","13,080","13,154","99.43743348031%"
"2022-03-01","A DIVISION","GS","2","3,134","3,144","99.68193384224%"
"2022-03-01","B DIVISION","A","1","6,049","8,625","70.13333333333%"
"2022-03-01","B DIVISION","A","2","1,818","2,635","68.99430740038%"
"2022-03-01","B DIVISION","B","1","3,029","4,508","67.1916592724%"
"2022-03-01","B DIVISION","C","1","3,194","4,446","71.83985605038%"
"2022-03-01","B DIVISION","C","2","841","1,248","67.38782051282%"
"2022-03-01","B DIVISION","D","1","4,580","6,302","72.67534116154%"
"2022-03-01","B DIVISION","D","2","1,302","1,728","75.34722222222%"
"2022-03-01","B DIVISION","E","1","6,592","9,430","69.90455991516%"
"2022-03-01","B DIVISION","E","2","1,269","1,678","75.62574493445%"
"2022-03-01","B DIVISION","F","1","6,669","9,659","69.04441453567%"
"2022-03-01","B DIVISION","F","2","959","1,666","57.56302521008%"
"2022-03-01","B DIVISION","FS","1","5,412","5,428","99.7052321297%"
"2022-03-01","B DIVISION","FS","2","1,680","1,690","99.40828402367%"
"2022-03-01","B DIVISION","G","1","6,149","6,980","88.09455587393%"
"2022-03-01","B DIVISION","G","2","1,603","1,850","86.64864864865%"
"2022-03-01","B DIVISION","H","1","3,713","3,850","96.44155844156%"
"2022-03-01","B DIVISION","H","2","828","839","98.68891537545%"
"2022-03-01","B DIVISION","J","1","5,662","6,416","88.24812967581%"
"2022-03-01","B DIVISION","J","2","1,418","1,780","79.66292134831%"
"2022-03-01","B DIVISION","L","1","10,733","11,878","90.36033002189%"
"2022-03-01","B DIVISION","L","2","2,615","2,878","90.8617095205%"
"2022-03-01","B DIVISION","M","1","4,939","6,202","79.6356014189%"
"2022-03-01","B DIVISION","M","2","1,772","1,828","96.93654266958%"
"2022-03-01","B DIVISION","N","1","7,646","10,100","75.70297029703%"
"2022-03-01","B DIVISION","N","2","1,162","2,086","55.70469798658%"
"2022-03-01","B DIVISION","Q","1","5,478","7,241","75.65253418036%"
"2022-03-01","B DIVISION","Q","2","1,486","2,176","68.29044117647%"
"2022-03-01","B DIVISION","R","1","4,856","6,414","75.70938571874%"
"2022-03-01","B DIVISION","R","2","1,363","1,722","79.15214866434%"
"2022-04-01","A DIVISION","1","1","7,818","9,636","81.13325031133%"
"2022-04-01","A DIVISION","1","2","2,750","3,086","89.11211924822%"
"2022-04-01","A DIVISION","2","1","4,958","6,787","73.05142183586%"
"2022-04-01","A DIVISION","2","2","1,212","2,116","57.27788279773%"
"2022-04-01","A DIVISION","3","1","4,961","5,934","83.60296595888%"
"2022-04-01","A DIVISION","3","2","1,086","1,468","73.97820163488%"
"2022-04-01","A DIVISION","4","1","6,527","8,106","80.52060202319%"
"2022-04-01","A DIVISION","4","2","2,191","2,916","75.13717421125%"
"2022-04-01","A DIVISION","5","1","5,665","6,860","82.58017492711%"
"2022-04-01","A DIVISION","5","2","1,411","1,514","93.19682959049%"
"2022-04-01","A DIVISION","6","1","9,255","11,618","79.66087106214%"
"2022-04-01","A DIVISION","6","2","2,063","2,620","78.74045801527%"
"2022-04-01","A DIVISION","7","1","12,101","13,473","89.81667037779%"
"2022-04-01","A DIVISION","7","2","2,917","3,354","86.97078115683%"
"2022-04-01","A DIVISION","GS","1","10,878","10,934","99.48783610755%"
"2022-04-01","A DIVISION","GS","2","2,950","2,952","99.93224932249%"
"2022-04-01","B DIVISION","A","1","5,556","8,003","69.42396601275%"
"2022-04-01","B DIVISION","A","2","2,639","3,748","70.41088580576%"
"2022-04-01","B DIVISION","B","1","2,718","3,920","69.33673469388%"
"2022-04-01","B DIVISION","C","1","3,044","4,200","72.47619047619%"
"2022-04-01","B DIVISION","C","2","914","1,410","64.82269503546%"
"2022-04-01","B DIVISION","D","1","4,100","5,482","74.79022254652%"
"2022-04-01","B DIVISION","D","2","1,834","2,343","78.27571489543%"
"2022-04-01","B DIVISION","E","1","6,193","8,610","71.92799070848%"
"2022-04-01","B DIVISION","E","2","1,213","1,896","63.97679324895%"
"2022-04-01","B DIVISION","F","1","5,869","8,223","71.37297823179%"
"2022-04-01","B DIVISION","F","2","1,183","1,888","62.65889830508%"
"2022-04-01","B DIVISION","FS","1","4,935","4,956","99.57627118644%"
"2022-04-01","B DIVISION","FS","2","1,880","1,922","97.81477627471%"
"2022-04-01","B DIVISION","G","1","5,085","5,879","86.494301752%"
"2022-04-01","B DIVISION","G","2","1,839","2,098","87.65490943756%"
"2022-04-01","B DIVISION","H","1","3,420","3,514","97.3249857712%"
"2022-04-01","B DIVISION","H","2","969","984","98.4756097561%"
"2022-04-01","B DIVISION","J","1","5,316","5,859","90.73220686124%"
"2022-04-01","B DIVISION","J","2","1,726","2,028","85.10848126233%"
"2022-04-01","B DIVISION","L","1","10,668","11,518","92.62024657059%"
"2022-04-01","B DIVISION","L","2","3,601","3,958","90.98029307731%"
"2022-04-01","B DIVISION","M","1","4,524","5,662","79.90109501943%"
"2022-04-01","B DIVISION","M","2","1,988","2,107","94.35215946844%"
"2022-04-01","B DIVISION","N","1","6,835","8,643","79.08133749855%"
"2022-04-01","B DIVISION","N","2","1,189","1,944","61.16255144033%"
"2022-04-01","B DIVISION","Q","1","5,228","6,615","79.03250188964%"
"2022-04-01","B DIVISION","Q","2","1,773","2,426","73.08326463314%"
"2022-04-01","B DIVISION","R","1","4,023","5,167","77.85949293594%"
"2022-04-01","B DIVISION","R","2","1,108","1,875","59.09333333333%"
"2022-05-01","A DIVISION","1","1","8,064","9,626","83.77311448161%"
"2022-05-01","A DIVISION","1","2","2,468","2,884","85.57558945908%"
"2022-05-01","A DIVISION","2","1","5,443","7,015","77.5908766928%"
"2022-05-01","A DIVISION","2","2","1,489","2,786","53.44580043073%"
"2022-05-01","A DIVISION","3","1","5,267","6,002","87.75408197268%"
"2022-05-01","A DIVISION","3","2","1,445","2,080","69.47115384615%"
"2022-05-01","A DIVISION","4","1","6,735","7,979","84.40907381877%"
"2022-05-01","A DIVISION","4","2","2,749","3,876","70.92363261094%"
"2022-05-01","A DIVISION","5","1","6,018","6,881","87.45821828223%"
"2022-05-01","A DIVISION","5","2","2,084","2,247","92.74588340009%"
"2022-05-01","A DIVISION","6","1","9,407","11,690","80.47048759624%"
"2022-05-01","A DIVISION","6","2","2,095","2,934","71.4042263122%"
"2022-05-01","A DIVISION","7","1","11,857","13,498","87.84264335457%"
"2022-05-01","A DIVISION","7","2","3,149","3,760","83.75%"
"2022-05-01","A DIVISION","GS","1","10,990","11,000","99.90909090909%"
"2022-05-01","A DIVISION","GS","2","3,447","3,494","98.65483686319%"
"2022-05-01","B DIVISION","A","1","5,438","7,875","69.05396825397%"
"2022-05-01","B DIVISION","A","2","2,028","2,988","67.87148594378%"
"2022-05-01","B DIVISION","B","1","2,740","4,116","66.56948493683%"
"2022-05-01","B DIVISION","C","1","2,930","4,200","69.7619047619%"
"2022-05-01","B DIVISION","C","2","1,093","1,548","70.60723514212%"
"2022-05-01","B DIVISION","D","1","4,258","5,757","73.96213305541%"
"2022-05-01","B DIVISION","D","2","1,694","2,160","78.42592592593%"
"2022-05-01","B DIVISION","E","1","6,233","8,610","72.39256678281%"
"2022-05-01","B DIVISION","E","2","1,346","2,088","64.46360153257%"
"2022-05-01","B DIVISION","F","1","5,744","8,233","69.76800680189%"
"2022-05-01","B DIVISION","F","2","1,225","2,076","59.00770712909%"
"2022-05-01","B DIVISION","FS","1","4,912","4,956","99.11218724778%"
"2022-05-01","B DIVISION","FS","2","2,092","2,092","100%"
"2022-05-01","B DIVISION","G","1","5,184","5,870","88.31345826235%"
"2022-05-01","B DIVISION","G","2","2,097","2,300","91.17391304348%"
"2022-05-01","B DIVISION","H","1","3,305","3,422","96.58094681473%"
"2022-05-01","B DIVISION","H","2","728","772","94.30051813472%"
"2022-05-01","B DIVISION","J","1","4,987","5,859","85.11691414917%"
"2022-05-01","B DIVISION","J","2","2,511","2,855","87.95096322242%"
"2022-05-01","B DIVISION","L","1","10,329","11,556","89.38213914849%"
"2022-05-01","B DIVISION","L","2","3,734","4,218","88.52536747274%"
"2022-05-01","B DIVISION","M","1","4,688","5,660","82.82685512367%"
"2022-05-01","B DIVISION","M","2","1,545","1,599","96.62288930582%"
"2022-05-01","B DIVISION","N","1","6,953","9,064","76.71006178288%"
"2022-05-01","B DIVISION","N","2","1,377","2,160","63.75%"
"2022-05-01","B DIVISION","Q","1","5,318","6,891","77.17312436511%"
"2022-05-01","B DIVISION","Q","2","2,037","2,678","76.0642270351%"
"2022-05-01","B DIVISION","R","1","4,268","5,347","79.82046007107%"
"2022-05-01","B DIVISION","R","2","929","1,812","51.26931567329%"
"2022-06-01","A DIVISION","1","1","8,264","9,974","82.85542410267%"
"2022-06-01","A DIVISION","1","2","1,770","2,062","85.83899127061%"
"2022-06-01","A DIVISION","2","1","5,904","7,570","77.99207397622%"
"2022-06-01","A DIVISION","2","2","1,367","2,330","58.669527897%"
"2022-06-01","A DIVISION","3","1","5,653","6,535","86.50344299923%"
"2022-06-01","A DIVISION","3","2","982","1,672","58.73205741627%"
"2022-06-01","A DIVISION","4","1","6,677","8,145","81.9766728054%"
"2022-06-01","A DIVISION","4","2","1,484","2,136","69.47565543071%"
"2022-06-01","A DIVISION","5","1","6,154","7,238","85.02348715115%"
"2022-06-01","A DIVISION","5","2","1,561","1,790","87.20670391061%"
"2022-06-01","A DIVISION","6","1","9,715","12,144","79.99835309618%"
"2022-06-01","A DIVISION","6","2","1,825","2,290","79.6943231441%"
"2022-06-01","A DIVISION","7","1","12,534","14,132","88.69232946504%"
"2022-06-01","A DIVISION","7","2","2,723","3,054","89.16175507531%"
"2022-06-01","A DIVISION","GS","1","11,815","11,880","99.45286195286%"
"2022-06-01","A DIVISION","GS","2","2,912","2,926","99.52153110048%"
"2022-06-01","B DIVISION","A","1","5,601","8,250","67.89090909091%"
"2022-06-01","B DIVISION","A","2","1,229","2,244","54.76827094474%"
"2022-06-01","B DIVISION","B","1","2,981","4,312","69.13265306122%"
"2022-06-01","B DIVISION","C","1","2,883","4,398","65.55252387449%"
"2022-06-01","B DIVISION","C","2","658","1,302","50.5376344086%"
"2022-06-01","B DIVISION","D","1","4,297","6,028","71.28400796284%"
"2022-06-01","B DIVISION","D","2","1,282","1,730","74.10404624277%"
"2022-06-01","B DIVISION","E","1","6,472","9,020","71.75166297118%"
"2022-06-01","B DIVISION","E","2","1,267","1,684","75.23752969121%"
"2022-06-01","B DIVISION","F","1","5,981","8,653","69.12053623021%"
"2022-06-01","B DIVISION","F","2","1,122","1,672","67.10526315789%"
"2022-06-01","B DIVISION","FS","1","5,181","5,192","99.78813559322%"
"2022-06-01","B DIVISION","FS","2","1,695","1,696","99.94103773585%"
"2022-06-01","B DIVISION","G","1","5,184","5,851","88.60023927534%"
"2022-06-01","B DIVISION","G","2","2,006","2,146","93.47623485555%"
"2022-06-01","B DIVISION","H","1","3,540","3,696","95.77922077922%"
"2022-06-01","B DIVISION","H","2","1,156","1,252","92.33226837061%"
"2022-06-01","B DIVISION","J","1","5,132","6,181","83.02863614302%"
"2022-06-01","B DIVISION","J","2","2,641","3,083","85.66331495297%"
"2022-06-01","B DIVISION","L","1","10,906","12,012","90.79254079254%"
"2022-06-01","B DIVISION","L","2","3,403","3,776","90.1218220339%"
"2022-06-01","B DIVISION","M","1","4,483","5,940","75.47138047138%"
"2022-06-01","B DIVISION","M","2","272","303","89.76897689769%"
"2022-06-01","B DIVISION","N","1","7,634","9,759","78.22522799467%"
"2022-06-01","B DIVISION","N","2","1,149","1,728","66.49305555556%"
"2022-06-01","B DIVISION","Q","1","5,792","7,493","77.29881222474%"
"2022-06-01","B DIVISION","Q","2","1,504","2,092","71.89292543021%"
"2022-06-01","B DIVISION","R","1","4,643","5,877","79.0028926323%"
"2022-06-01","B DIVISION","R","2","1,281","1,661","77.12221553281%"
"2022-07-01","A DIVISION","1","1","7,222","9,316","77.52254186346%"
"2022-07-01","A DIVISION","1","2","2,742","3,222","85.10242085661%"
"2022-07-01","A DIVISION","2","1","4,700","6,640","70.78313253012%"
"2022-07-01","A DIVISION","2","2","1,630","2,473","65.91184795795%"
"2022-07-01","A DIVISION","3","1","4,539","5,780","78.52941176471%"
"2022-07-01","A DIVISION","3","2","1,290","1,882","68.54410201913%"
"2022-07-01","A DIVISION","4","1","5,864","7,400","79.24324324324%"
"2022-07-01","A DIVISION","4","2","2,164","2,952","73.30623306233%"
"2022-07-01","A DIVISION","5","1","5,047","6,570","76.81887366819%"
"2022-07-01","A DIVISION","5","2","1,759","2,054","85.63777994158%"
"2022-07-01","A DIVISION","6","1","8,835","11,143","79.28744503276%"
"2022-07-01","A DIVISION","6","2","2,712","3,122","86.86739269699%"
"2022-07-01","A DIVISION","7","1","11,942","12,877","92.73899200124%"
"2022-07-01","A DIVISION","7","2","3,928","4,352","90.25735294118%"
"2022-07-01","A DIVISION","GS","1","10,417","10,490","99.30409914204%"
"2022-07-01","A DIVISION","GS","2","4,091","4,124","99.19980601358%"
"2022-07-01","B DIVISION","A","1","4,969","7,508","66.18273841236%"
"2022-07-01","B DIVISION","A","2","1,746","3,091","56.4865739243%"
"2022-07-01","B DIVISION","B","1","2,704","3,884","69.61894953656%"
"2022-07-01","B DIVISION","C","1","2,560","4,000","64%"
"2022-07-01","B DIVISION","C","2","981","1,808","54.25884955752%"
"2022-07-01","B DIVISION","D","1","3,755","5,442","69.00036751194%"
"2022-07-01","B DIVISION","D","2","1,579","2,376","66.45622895623%"
"2022-07-01","B DIVISION","E","1","5,755","8,200","70.18292682927%"
"2022-07-01","B DIVISION","E","2","1,884","2,318","81.27696289905%"
"2022-07-01","B DIVISION","F","1","5,154","7,854","65.62261268144%"
"2022-07-01","B DIVISION","F","2","1,643","2,306","71.24891587164%"
"2022-07-01","B DIVISION","FS","1","4,666","4,720","98.85593220339%"
"2022-07-01","B DIVISION","FS","2","2,243","2,268","98.89770723104%"
"2022-07-01","B DIVISION","G","1","4,269","5,425","78.69124423963%"
"2022-07-01","B DIVISION","G","2","2,775","2,943","94.29153924567%"
"2022-07-01","B DIVISION","H","1","3,236","3,361","96.28086878905%"
"2022-07-01","B DIVISION","H","2","1,610","1,733","92.90248124639%"
"2022-07-01","B DIVISION","J","1","4,092","5,796","70.60041407867%"
"2022-07-01","B DIVISION","J","2","1,899","2,542","74.70495672699%"
"2022-07-01","B DIVISION","L","1","9,881","11,041","89.49370528032%"
"2022-07-01","B DIVISION","L","2","4,917","5,270","93.30170777989%"
"2022-07-01","B DIVISION","M","1","3,949","5,400","73.12962962963%"
"2022-07-01","B DIVISION","M","2","2,444","2,542","96.14476789929%"
"2022-07-01","B DIVISION","N","1","6,841","8,987","76.12106375876%"
"2022-07-01","B DIVISION","N","2","1,554","2,376","65.40404040404%"
"2022-07-01","B DIVISION","Q","1","4,990","6,853","72.81482562381%"
"2022-07-01","B DIVISION","Q","2","2,983","3,981","74.93092187892%"
"2022-07-01","B DIVISION","R","1","4,168","5,660","73.63957597173%"
"2022-07-01","B DIVISION","R","2","1,946","2,376","81.90235690236%"
"2022-08-01","A DIVISION","1","1","8,851","10,696","82.75056095737%"
"2022-08-01","A DIVISION","1","2","2,080","2,336","89.04109589041%"
"2022-08-01","A DIVISION","2","1","5,924","7,790","76.04621309371%"
"2022-08-01","A DIVISION","2","2","1,087","1,704","63.79107981221%"
"2022-08-01","A DIVISION","3","1","5,395","6,508","82.89797172711%"
"2022-08-01","A DIVISION","3","2","1,240","1,672","74.16267942584%"
"2022-08-01","A DIVISION","4","1","7,095","8,507","83.40190431409%"
"2022-08-01","A DIVISION","4","2","1,719","2,136","80.47752808989%"
"2022-08-01","A DIVISION","5","1","6,096","7,432","82.02368137783%"
"2022-08-01","A DIVISION","5","2","1,405","1,549","90.70367979342%"
"2022-08-01","A DIVISION","6","1","10,706","12,851","83.30869193059%"
"2022-08-01","A DIVISION","6","2","1,745","2,256","77.34929078014%"
"2022-08-01","A DIVISION","7","1","13,491","14,812","91.08155549554%"
"2022-08-01","A DIVISION","7","2","3,062","3,254","94.0995697603%"
"2022-08-01","A DIVISION","GS","1","11,959","12,212","97.92826727809%"
"2022-08-01","A DIVISION","GS","2","2,723","2,728","99.81671554252%"
"2022-08-01","B DIVISION","A","1","6,371","8,651","73.64466535661%"
"2022-08-01","B DIVISION","A","2","1,295","2,244","57.70944741533%"
"2022-08-01","B DIVISION","B","1","3,456","4,462","77.45405647692%"
"2022-08-01","B DIVISION","C","1","3,398","4,600","73.86956521739%"
"2022-08-01","B DIVISION","C","2","675","1,248","54.08653846154%"
"2022-08-01","B DIVISION","D","1","4,691","6,253","75.01999040461%"
"2022-08-01","B DIVISION","D","2","920","1,730","53.17919075145%"
"2022-08-01","B DIVISION","E","1","6,367","9,350","68.09625668449%"
"2022-08-01","B DIVISION","E","2","1,178","1,680","70.11904761905%"
"2022-08-01","B DIVISION","F","1","6,514","8,996","72.40995998221%"
"2022-08-01","B DIVISION","F","2","1,201","1,673","71.78720860729%"
"2022-08-01","B DIVISION","FS","1","5,403","5,428","99.53942520265%"
"2022-08-01","B DIVISION","FS","2","1,690","1,696","99.64622641509%"
"2022-08-01","B DIVISION","G","1","5,758","6,438","89.43771357564%"
"2022-08-01","B DIVISION","G","2","1,739","1,856","93.69612068966%"
"2022-08-01","B DIVISION","H","1","3,717","3,864","96.19565217391%"
"2022-08-01","B DIVISION","H","2","1,133","1,252","90.49520766773%"
"2022-08-01","B DIVISION","J","1","5,327","6,647","80.14141718068%"
"2022-08-01","B DIVISION","J","2","1,553","1,834","84.67829880044%"
"2022-08-01","B DIVISION","L","1","11,579","12,552","92.24824729127%"
"2022-08-01","B DIVISION","L","2","3,148","3,648","86.29385964912%"
"2022-08-01","B DIVISION","M","1","4,816","6,210","77.55233494364%"
"2022-08-01","B DIVISION","M","2","1,741","1,840","94.61956521739%"
"2022-08-01","B DIVISION","N","1","8,092","10,355","78.14582327378%"
"2022-08-01","B DIVISION","N","2","957","1,728","55.38194444444%"
"2022-08-01","B DIVISION","Q","1","6,024","7,820","77.03324808184%"
"2022-08-01","B DIVISION","Q","2","2,013","2,830","71.13074204947%"
"2022-08-01","B DIVISION","R","1","4,876","6,509","74.91166077739%"
"2022-08-01","B DIVISION","R","2","1,373","1,728","79.45601851852%"
"2022-09-01","A DIVISION","1","1","7,978","9,652","82.65644426026%"
"2022-09-01","A DIVISION","1","2","2,451","2,610","93.90804597701%"
"2022-09-01","A DIVISION","2","1","4,642","6,817","68.09446970808%"
"2022-09-01","A DIVISION","2","2","1,664","2,497","66.63996796155%"
"2022-09-01","A DIVISION","3","1","4,949","6,255","79.12070343725%"
"2022-09-01","A DIVISION","3","2","1,116","1,434","77.82426778243%"
"2022-09-01","A DIVISION","4","1","6,425","7,864","81.7014242116%"
"2022-09-01","A DIVISION","4","2","1,812","2,388","75.87939698492%"
"2022-09-01","A DIVISION","5","1","5,190","6,833","75.95492463047%"
"2022-09-01","A DIVISION","5","2","2,405","2,485","96.78068410463%"
"2022-09-01","A DIVISION","6","1","9,481","11,645","81.41691713182%"
"2022-09-01","A DIVISION","6","2","1,972","2,518","78.31612390786%"
"2022-09-01","A DIVISION","7","1","12,549","13,516","92.84551642498%"
"2022-09-01","A DIVISION","7","2","3,479","3,618","96.1580983969%"
"2022-09-01","A DIVISION","GS","1","10,722","10,734","99.88820570151%"
"2022-09-01","A DIVISION","GS","2","3,243","3,248","99.8460591133%"
"2022-09-01","B DIVISION","A","1","5,546","7,883","70.35392617024%"
"2022-09-01","B DIVISION","A","2","1,944","2,971","65.43251430495%"
"2022-09-01","B DIVISION","B","1","2,929","4,018","72.89696366351%"
"2022-09-01","B DIVISION","C","1","2,943","4,200","70.07142857143%"
"2022-09-01","B DIVISION","C","2","789","1,398","56.43776824034%"
"2022-09-01","B DIVISION","D","1","3,952","5,712","69.18767507003%"
"2022-09-01","B DIVISION","D","2","1,802","2,342","76.94278394535%"
"2022-09-01","B DIVISION","E","1","5,974","8,580","69.62703962704%"
"2022-09-01","B DIVISION","E","2","1,492","1,884","79.1932059448%"
"2022-09-01","B DIVISION","F","1","5,696","8,145","69.93247391037%"
"2022-09-01","B DIVISION","F","2","1,446","1,874","77.16115261473%"
"2022-09-01","B DIVISION","FS","1","4,933","4,956","99.53591606134%"
"2022-09-01","B DIVISION","FS","2","1,892","1,894","99.89440337909%"
"2022-09-01","B DIVISION","G","1","5,157","5,921","87.09677419355%"
"2022-09-01","B DIVISION","G","2","2,245","2,368","94.80574324324%"
"2022-09-01","B DIVISION","H","1","3,360","3,531","95.15717926933%"
"2022-09-01","B DIVISION","H","2","807","862","93.61948955916%"
"2022-09-01","B DIVISION","J","1","5,115","5,969","85.69274585358%"
"2022-09-01","B DIVISION","J","2","1,826","2,247","81.26390743213%"
"2022-09-01","B DIVISION","L","1","10,529","11,498","91.57244738215%"
"2022-09-01","B DIVISION","L","2","3,949","4,222","93.53387020369%"
"2022-09-01","B DIVISION","M","1","4,450","5,654","78.70534135126%"
"2022-09-01","B DIVISION","M","2","1,956","2,054","95.2288218111%"
"2022-09-01","B DIVISION","N","1","7,037","9,421","74.69483069738%"
"2022-09-01","B DIVISION","N","2","1,113","1,944","57.25308641975%"
"2022-09-01","B DIVISION","Q","1","4,922","6,612","74.44041137326%"
"2022-09-01","B DIVISION","Q","2","1,751","2,384","73.44798657718%"
"2022-09-01","B DIVISION","R","1","4,448","5,939","74.89476342819%"
"2022-09-01","B DIVISION","R","2","1,653","1,944","85.03086419753%"
"2022-10-01","A DIVISION","1","1","7,739","9,678","79.96486877454%"
"2022-10-01","A DIVISION","1","2","2,608","2,912","89.56043956044%"
"2022-10-01","A DIVISION","2","1","5,291","7,336","72.12377317339%"
"2022-10-01","A DIVISION","2","2","1,986","2,914","68.1537405628%"
"2022-10-01","A DIVISION","3","1","4,767","5,758","82.78916290379%"
"2022-10-01","A DIVISION","3","2","1,404","1,668","84.1726618705%"
"2022-10-01","A DIVISION","4","1","6,311","7,770","81.22265122265%"
"2022-10-01","A DIVISION","4","2","1,968","2,670","73.70786516854%"
"2022-10-01","A DIVISION","5","1","5,163","6,831","75.58190601669%"
"2022-10-01","A DIVISION","5","2","1,667","1,826","91.29244249726%"
"2022-10-01","A DIVISION","6","1","8,965","11,696","76.65013679891%"
"2022-10-01","A DIVISION","6","2","2,193","2,820","77.76595744681%"
"2022-10-01","A DIVISION","7","1","12,134","13,514","89.78836761877%"
"2022-10-01","A DIVISION","7","2","3,357","3,932","85.37639877925%"
"2022-10-01","A DIVISION","GS","1","11,495","11,592","99.16321601104%"
"2022-10-01","A DIVISION","GS","2","3,682","3,686","99.89148128052%"
"2022-10-01","B DIVISION","A","1","5,710","7,882","72.44354224816%"
"2022-10-01","B DIVISION","A","2","1,979","3,031","65.29198284395%"
"2022-10-01","B DIVISION","B","1","2,071","4,044","51.21167161227%"
"2022-10-01","B DIVISION","C","1","2,779","4,200","66.16666666667%"
"2022-10-01","B DIVISION","C","2","808","1,560","51.79487179487%"
"2022-10-01","B DIVISION","D","1","4,030","5,713","70.54087169613%"
"2022-10-01","B DIVISION","D","2","1,521","2,162","70.35152636448%"
"2022-10-01","B DIVISION","E","1","6,515","8,610","75.66782810685%"
"2022-10-01","B DIVISION","E","2","1,597","2,100","76.04761904762%"
"2022-10-01","B DIVISION","F","1","5,845","8,201","71.27179612242%"
"2022-10-01","B DIVISION","F","2","1,333","2,090","63.77990430622%"
"2022-10-01","B DIVISION","FS","1","4,917","4,956","99.21307506053%"
"2022-10-01","B DIVISION","FS","2","2,085","2,120","98.34905660377%"
"2022-10-01","B DIVISION","G","1","5,365","5,881","91.22598197585%"
"2022-10-01","B DIVISION","G","2","2,136","2,320","92.06896551724%"
"2022-10-01","B DIVISION","H","1","3,342","3,515","95.07823613087%"
"2022-10-01","B DIVISION","H","2","1,220","1,297","94.0632228219%"
"2022-10-01","B DIVISION","J","1","5,225","5,859","89.17904079194%"
"2022-10-01","B DIVISION","J","2","1,950","2,240","87.05357142857%"
"2022-10-01","B DIVISION","L","1","10,795","11,510","93.78801042572%"
"2022-10-01","B DIVISION","L","2","4,356","4,656","93.55670103093%"
"2022-10-01","B DIVISION","M","1","4,599","5,660","81.25441696113%"
"2022-10-01","B DIVISION","M","2","2,114","2,288","92.3951048951%"
"2022-10-01","B DIVISION","N","1","7,234","9,744","74.24055829228%"
"2022-10-01","B DIVISION","N","2","2,533","3,480","72.78735632184%"
"2022-10-01","B DIVISION","Q","1","4,274","6,610","64.65960665658%"
"2022-10-01","B DIVISION","Q","2","1,757","2,720","64.59558823529%"
"2022-10-01","B DIVISION","R","1","4,593","5,941","77.31021713516%"
"2022-10-01","B DIVISION","R","2","1,478","2,154","68.6165273909%"
"2022-11-01","A DIVISION","1","1","8,106","9,696","83.60148514851%"
"2022-11-01","A DIVISION","1","2","2,068","2,352","87.92517006803%"
"2022-11-01","A DIVISION","2","1","5,053","6,827","74.01494067672%"
"2022-11-01","A DIVISION","2","2","1,173","1,838","63.81936887922%"
"2022-11-01","A DIVISION","3","1","5,547","6,356","87.27186910006%"
"2022-11-01","A DIVISION","3","2","1,420","1,672","84.92822966507%"
"2022-11-01","A DIVISION","4","1","6,388","7,890","80.96324461343%"
"2022-11-01","A DIVISION","4","2","1,720","2,136","80.52434456929%"
"2022-11-01","A DIVISION","5","1","5,370","6,899","77.83736773445%"
"2022-11-01","A DIVISION","5","2","1,360","1,607","84.62974486621%"
"2022-11-01","A DIVISION","6","1","9,518","11,638","81.78381165149%"
"2022-11-01","A DIVISION","6","2","1,964","2,256","87.05673758865%"
"2022-11-01","A DIVISION","7","1","12,499","13,511","92.50980682407%"
"2022-11-01","A DIVISION","7","2","2,675","2,846","93.99156711174%"
"2022-11-01","A DIVISION","GS","1","10,951","10,998","99.57264957265%"
"2022-11-01","A DIVISION","GS","2","3,323","3,378","98.37181764358%"
"2022-11-01","B DIVISION","A","1","5,654","8,001","70.66616672916%"
"2022-11-01","B DIVISION","A","2","1,587","2,244","70.72192513369%"
"2022-11-01","B DIVISION","B","1","2,396","4,002","59.87006496752%"
"2022-11-01","B DIVISION","C","1","2,907","4,200","69.21428571429%"
"2022-11-01","B DIVISION","C","2","934","1,248","74.83974358974%"
"2022-11-01","B DIVISION","D","1","4,085","5,715","71.47856517935%"
"2022-11-01","B DIVISION","D","2","1,226","1,732","70.78521939954%"
"2022-11-01","B DIVISION","E","1","6,268","8,610","72.79907084785%"
"2022-11-01","B DIVISION","E","2","1,327","1,680","78.9880952381%"
"2022-11-01","B DIVISION","F","1","6,393","8,226","77.71699489424%"
"2022-11-01","B DIVISION","F","2","1,133","1,672","67.76315789474%"
"2022-11-01","B DIVISION","FS","1","4,882","4,956","98.50686037127%"
"2022-11-01","B DIVISION","FS","2","1,878","1,900","98.84210526316%"
"2022-11-01","B DIVISION","G","1","5,107","5,600","91.19642857143%"
"2022-11-01","B DIVISION","G","2","1,933","2,072","93.29150579151%"
"2022-11-01","B DIVISION","H","1","3,354","3,528","95.06802721088%"
"2022-11-01","B DIVISION","H","2","1,350","1,401","96.35974304069%"
"2022-11-01","B DIVISION","J","1","5,162","5,859","88.10377197474%"
"2022-11-01","B DIVISION","J","2","1,816","2,004","90.61876247505%"
"2022-11-01","B DIVISION","L","1","10,279","11,183","91.91630152911%"
"2022-11-01","B DIVISION","L","2","3,577","3,712","96.36314655172%"
"2022-11-01","B DIVISION","M","1","4,499","5,670","79.34744268078%"
"2022-11-01","B DIVISION","M","2","1,776","1,833","96.89034369885%"
"2022-11-01","B DIVISION","N","1","7,386","9,869","74.84040936265%"
"2022-11-01","B DIVISION","N","2","948","1,728","54.86111111111%"
"2022-11-01","B DIVISION","Q","1","4,534","6,740","67.27002967359%"
"2022-11-01","B DIVISION","Q","2","2,242","2,906","77.15072264281%"
"2022-11-01","B DIVISION","R","1","4,423","5,941","74.44874600236%"
"2022-11-01","B DIVISION","R","2","1,386","1,726","80.30127462341%"
"2022-12-01","A DIVISION","1","1","7,654","9,722","78.72865665501%"
"2022-12-01","A DIVISION","1","2","2,532","2,951","85.80142324636%"
"2022-12-01","A DIVISION","2","1","5,014","6,945","72.19582433405%"
"2022-12-01","A DIVISION","2","2","1,720","2,616","65.74923547401%"
"2022-12-01","A DIVISION","3","1","5,103","6,156","82.89473684211%"
"2022-12-01","A DIVISION","3","2","1,727","2,097","82.35574630424%"
"2022-12-01","A DIVISION","4","1","6,309","7,770","81.19691119691%"
"2022-12-01","A DIVISION","4","2","2,013","2,670","75.39325842697%"
"2022-12-01","A DIVISION","5","1","5,662","6,901","82.04608027822%"
"2022-12-01","A DIVISION","5","2","1,403","1,716","81.75990675991%"
"2022-12-01","A DIVISION","6","1","9,143","11,643","78.52787082367%"
"2022-12-01","A DIVISION","6","2","1,805","2,827","63.84860275911%"
"2022-12-01","A DIVISION","7","1","12,556","13,524","92.84235433304%"
"2022-12-01","A DIVISION","7","2","3,731","4,094","91.13336590132%"
"2022-12-01","A DIVISION","GS","1","11,045","11,064","99.82827187274%"
"2022-12-01","A DIVISION","GS","2","3,454","3,461","99.79774631609%"
"2022-12-01","B DIVISION","A","1","5,750","7,875","73.01587301587%"
"2022-12-01","B DIVISION","A","2","2,126","2,805","75.79322638146%"
"2022-12-01","B DIVISION","B","1","3,018","4,074","74.0795287187%"
"2022-12-01","B DIVISION","C","1","2,966","4,200","70.61904761905%"
"2022-12-01","B DIVISION","C","2","1,193","1,578","75.6020278834%"
"2022-12-01","B DIVISION","D","1","4,192","5,715","73.35083114611%"
"2022-12-01","B DIVISION","D","2","1,714","2,170","78.98617511521%"
"2022-12-01","B DIVISION","E","1","6,565","8,610","76.24854819977%"
"2022-12-01","B DIVISION","E","2","1,762","2,100","83.90476190476%"
"2022-12-01","B DIVISION","F","1","5,997","8,223","72.9295877417%"
"2022-12-01","B DIVISION","F","2","1,640","2,090","78.46889952153%"
"2022-12-01","B DIVISION","FS","1","4,903","4,956","98.93058918483%"
"2022-12-01","B DIVISION","FS","2","2,079","2,120","98.06603773585%"
"2022-12-01","B DIVISION","G","1","5,281","5,879","89.82820207518%"
"2022-12-01","B DIVISION","G","2","2,151","2,320","92.71551724138%"
"2022-12-01","B DIVISION","H","1","3,403","3,528","96.45691609977%"
"2022-12-01","B DIVISION","H","2","1,510","1,565","96.48562300319%"
"2022-12-01","B DIVISION","J","1","5,094","5,861","86.91349599045%"
"2022-12-01","B DIVISION","J","2","2,045","2,240","91.29464285714%"
"2022-12-01","B DIVISION","L","1","10,224","11,314","90.36591833127%"
"2022-12-01","B DIVISION","L","2","4,357","4,726","92.19212865002%"
"2022-12-01","B DIVISION","M","1","4,598","5,650","81.38053097345%"
"2022-12-01","B DIVISION","M","2","2,148","2,292","93.71727748691%"
"2022-12-01","B DIVISION","N","1","7,281","9,573","76.05766217487%"
"2022-12-01","B DIVISION","N","2","1,484","2,168","68.45018450185%"
"2022-12-01","B DIVISION","Q","1","4,965","6,639","74.78535924085%"
"2022-12-01","B DIVISION","Q","2","2,414","2,964","81.44399460189%"
"2022-12-01","B DIVISION","R","1","4,594","5,936","77.39218328841%"
"2022-12-01","B DIVISION","R","2","1,885","2,161","87.22813512263%"
"2023-01-01","A DIVISION","1","1","8,213","9,666","84.96792882268%"
"2023-01-01","A DIVISION","1","2","2,601","2,898","89.75155279503%"
"2023-01-01","A DIVISION","2","1","5,415","6,811","79.50374394362%"
"2023-01-01","A DIVISION","2","2","1,766","2,588","68.23802163833%"
"2023-01-01","A DIVISION","3","1","5,353","6,150","87.0406504065%"
"2023-01-01","A DIVISION","3","2","1,877","2,078","90.32723772859%"
"2023-01-01","A DIVISION","4","1","6,376","7,772","82.03808543489%"
"2023-01-01","A DIVISION","4","2","2,189","2,643","82.82255013243%"
"2023-01-01","A DIVISION","5","1","5,761","6,907","83.40813667294%"
"2023-01-01","A DIVISION","5","2","1,749","1,962","89.14373088685%"
"2023-01-01","A DIVISION","6","1","9,787","11,614","84.26898570691%"
"2023-01-01","A DIVISION","6","2","2,371","2,790","84.98207885305%"
"2023-01-01","A DIVISION","7","1","12,484","13,524","92.30996746525%"
"2023-01-01","A DIVISION","7","2","3,384","3,596","94.10456062291%"
"2023-01-01","A DIVISION","GS","1","10,711","10,734","99.78572759456%"
"2023-01-01","A DIVISION","GS","2","3,354","3,356","99.94040524434%"
"2023-01-01","B DIVISION","A","1","5,786","7,952","72.7615694165%"
"2023-01-01","B DIVISION","A","2","1,897","2,508","75.6379585327%"
"2023-01-01","B DIVISION","B","1","3,210","4,088","78.52250489237%"
"2023-01-01","B DIVISION","C","1","3,076","4,200","73.2380952381%"
"2023-01-01","B DIVISION","C","2","1,139","1,548","73.57881136951%"
"2023-01-01","B DIVISION","D","1","4,271","5,729","74.55053237912%"
"2023-01-01","B DIVISION","D","2","1,870","2,167","86.29441624365%"
"2023-01-01","B DIVISION","E","1","6,728","8,610","78.14169570267%"
"2023-01-01","B DIVISION","E","2","1,731","2,088","82.90229885057%"
"2023-01-01","B DIVISION","F","1","6,033","8,238","73.23379461034%"
"2023-01-01","B DIVISION","F","2","1,443","2,077","69.47520462205%"
"2023-01-01","B DIVISION","FS","1","4,922","4,956","99.31396287328%"
"2023-01-01","B DIVISION","FS","2","1,829","1,840","99.40217391304%"
"2023-01-01","B DIVISION","G","1","5,346","5,876","90.98025867937%"
"2023-01-01","B DIVISION","G","2","2,199","2,300","95.60869565217%"
"2023-01-01","B DIVISION","H","1","3,425","3,528","97.08049886621%"
"2023-01-01","B DIVISION","H","2","1,524","1,544","98.70466321244%"
"2023-01-01","B DIVISION","J","1","5,413","5,860","92.37201365188%"
"2023-01-01","B DIVISION","J","2","1,986","2,224","89.29856115108%"
"2023-01-01","B DIVISION","L","1","10,359","11,428","90.64578228911%"
"2023-01-01","B DIVISION","L","2","3,699","3,828","96.63009404389%"
"2023-01-01","B DIVISION","M","1","4,855","5,668","85.6563161609%"
"2023-01-01","B DIVISION","M","2","1,659","1,754","94.58380843786%"
"2023-01-01","B DIVISION","N","1","7,788","9,575","81.33681462141%"
"2023-01-01","B DIVISION","N","2","1,709","2,166","78.90120036934%"
"2023-01-01","B DIVISION","Q","1","5,346","6,616","80.80411124547%"
"2023-01-01","B DIVISION","Q","2","2,203","2,654","83.00678221552%"
"2023-01-01","B DIVISION","R","1","4,977","5,939","83.80198686648%"
"2023-01-01","B DIVISION","R","2","1,961","2,156","90.95547309833%"
"2023-02-01","A DIVISION","1","1","7,079","8,706","81.31173903055%"
"2023-02-01","A DIVISION","1","2","2,379","2,646","89.90929705215%"
"2023-02-01","A DIVISION","2","1","5,011","6,309","79.42621651609%"
"2023-02-01","A DIVISION","2","2","2,005","2,718","73.76747608536%"
"2023-02-01","A DIVISION","3","1","4,862","5,497","88.448244497%"
"2023-02-01","A DIVISION","3","2","964","1,070","90.09345794393%"
"2023-02-01","A DIVISION","4","1","6,036","7,030","85.86059743954%"
"2023-02-01","A DIVISION","4","2","1,891","2,418","78.20512820513%"
"2023-02-01","A DIVISION","5","1","5,263","6,247","84.24843925084%"
"2023-02-01","A DIVISION","5","2","1,737","1,871","92.8380545163%"
"2023-02-01","A DIVISION","6","1","8,600","10,587","81.2316992538%"
"2023-02-01","A DIVISION","6","2","2,250","2,558","87.9593432369%"
"2023-02-01","A DIVISION","7","1","11,325","12,295","92.11061407076%"
"2023-02-01","A DIVISION","7","2","2,273","2,754","82.53449527959%"
"2023-02-01","A DIVISION","GS","1","10,101","10,114","99.87146529563%"
"2023-02-01","A DIVISION","GS","2","3,700","3,718","99.51586874664%"
"2023-02-01","B DIVISION","A","1","5,227","7,261","71.98732956893%"
"2023-02-01","B DIVISION","A","2","1,845","2,530","72.92490118577%"
"2023-02-01","B DIVISION","B","1","2,942","3,724","79.00107411386%"
"2023-02-01","B DIVISION","C","1","2,822","3,800","74.26315789474%"
"2023-02-01","B DIVISION","C","2","1,100","1,410","78.01418439716%"
"2023-02-01","B DIVISION","D","1","4,058","5,205","77.96349663785%"
"2023-02-01","B DIVISION","D","2","1,233","1,948","63.29568788501%"
"2023-02-01","B DIVISION","E","1","6,188","7,731","80.04139179925%"
"2023-02-01","B DIVISION","E","2","1,602","1,896","84.49367088608%"
"2023-02-01","B DIVISION","F","1","5,229","7,551","69.24910607867%"
"2023-02-01","B DIVISION","F","2","1,246","1,890","65.92592592593%"
"2023-02-01","B DIVISION","FS","1","4,473","4,484","99.75468331847%"
"2023-02-01","B DIVISION","FS","2","1,919","1,922","99.84391259105%"
"2023-02-01","B DIVISION","G","1","4,732","5,347","88.49822330279%"
"2023-02-01","B DIVISION","G","2","1,988","2,098","94.75691134414%"
"2023-02-01","B DIVISION","H","1","3,092","3,193","96.83683056687%"
"2023-02-01","B DIVISION","H","2","1,398","1,421","98.38142153413%"
"2023-02-01","B DIVISION","J","1","4,751","5,303","89.5907976617%"
"2023-02-01","B DIVISION","J","2","1,845","2,028","90.97633136095%"
"2023-02-01","B DIVISION","L","1","9,931","10,372","95.74816814501%"
"2023-02-01","B DIVISION","L","2","3,724","3,930","94.7582697201%"
"2023-02-01","B DIVISION","M","1","4,468","5,108","87.47063429914%"
"2023-02-01","B DIVISION","M","2","1,950","2,045","95.35452322738%"
"2023-02-01","B DIVISION","N","1","6,751","8,629","78.23618032217%"
"2023-02-01","B DIVISION","N","2","1,347","2,304","58.46354166667%"
"2023-02-01","B DIVISION","Q","1","4,801","5,985","80.21720969089%"
"2023-02-01","B DIVISION","Q","2","1,877","2,370","79.19831223629%"
"2023-02-01","B DIVISION","R","1","4,481","5,367","83.49170858953%"
"2023-02-01","B DIVISION","R","2","1,348","1,938","69.55624355005%"
"2023-03-01","A DIVISION","1","1","8,958","10,530","85.07122507123%"
"2023-03-01","A DIVISION","1","2","2,109","2,330","90.51502145923%"
"2023-03-01","A DIVISION","2","1","5,668","7,496","75.613660619%"
"2023-03-01","A DIVISION","2","2","2,119","2,748","77.11062590975%"
"2023-03-01","A DIVISION","3","1","5,991","6,792","88.20671378092%"
"2023-03-01","A DIVISION","3","2","680","830","81.92771084337%"
"2023-03-01","A DIVISION","4","1","7,128","8,510","83.76028202115%"
"2023-03-01","A DIVISION","4","2","1,559","2,130","73.19248826291%"
"2023-03-01","A DIVISION","5","1","5,869","7,523","78.01409012362%"
"2023-03-01","A DIVISION","5","2","1,633","1,715","95.21865889213%"
"2023-03-01","A DIVISION","6","1","10,734","12,771","84.04980032887%"
"2023-03-01","A DIVISION","6","2","1,764","2,250","78.4%"
"2023-03-01","A DIVISION","7","1","13,732","15,015","91.45521145521%"
"2023-03-01","A DIVISION","7","2","2,271","2,434","93.30320460148%"
"2023-03-01","A DIVISION","GS","1","11,812","11,882","99.4108735903%"
"2023-03-01","A DIVISION","GS","2","2,951","2,954","99.89844278944%"
"2023-03-01","B DIVISION","A","1","6,137","8,623","71.17012640612%"
"2023-03-01","B DIVISION","A","2","1,821","2,426","75.06183017312%"
"2023-03-01","B DIVISION","B","1","3,324","4,498","73.89951089373%"
"2023-03-01","B DIVISION","C","1","3,466","4,600","75.34782608696%"
"2023-03-01","B DIVISION","C","2","817","1,248","65.46474358974%"
"2023-03-01","B DIVISION","D","1","4,702","6,413","73.31981911742%"
"2023-03-01","B DIVISION","D","2","1,362","1,724","79.00232018561%"
"2023-03-01","B DIVISION","E","1","7,059","9,416","74.9681393373%"
"2023-03-01","B DIVISION","E","2","1,397","1,678","83.25387365912%"
"2023-03-01","B DIVISION","F","1","6,771","9,366","72.2934016656%"
"2023-03-01","B DIVISION","F","2","1,181","1,666","70.88835534214%"
"2023-03-01","B DIVISION","FS","1","5,406","5,428","99.59469417833%"
"2023-03-01","B DIVISION","FS","2","1,412","1,438","98.19193324061%"
"2023-03-01","B DIVISION","G","1","5,711","6,496","87.91564039409%"
"2023-03-01","B DIVISION","G","2","1,703","1,850","92.05405405405%"
"2023-03-01","B DIVISION","H","1","3,755","3,864","97.17908902692%"
"2023-03-01","B DIVISION","H","2","954","974","97.94661190965%"
"2023-03-01","B DIVISION","J","1","5,831","6,420","90.82554517134%"
"2023-03-01","B DIVISION","J","2","1,577","1,780","88.59550561798%"
"2023-03-01","B DIVISION","L","1","10,946","12,176","89.89816031537%"
"2023-03-01","B DIVISION","L","2","2,460","2,571","95.68261376896%"
"2023-03-01","B DIVISION","M","1","4,988","6,202","80.42566913899%"
"2023-03-01","B DIVISION","M","2","1,720","1,799","95.60867148416%"
"2023-03-01","B DIVISION","N","1","8,031","10,518","76.35482030804%"
"2023-03-01","B DIVISION","N","2","1,407","1,962","71.7125382263%"
"2023-03-01","B DIVISION","Q","1","5,773","7,403","77.98189923004%"
"2023-03-01","B DIVISION","Q","2","1,778","2,163","82.20064724919%"
"2023-03-01","B DIVISION","R","1","4,980","6,374","78.12990272984%"
"2023-03-01","B DIVISION","R","2","1,530","1,713","89.31698774081%"
"2023-04-01","A DIVISION","1","1","7,620","9,345","81.54093097913%"
"2023-04-01","A DIVISION","1","2","2,650","2,920","90.75342465753%"
"2023-04-01","A DIVISION","2","1","5,336","6,791","78.57458400825%"
"2023-04-01","A DIVISION","2","2","1,611","2,218","72.63300270514%"
"2023-04-01","A DIVISION","3","1","4,874","5,652","86.23496107573%"
"2023-04-01","A DIVISION","3","2","1,823","2,090","87.22488038278%"
"2023-04-01","A DIVISION","4","1","6,267","7,400","84.68918918919%"
"2023-04-01","A DIVISION","4","2","2,166","2,670","81.12359550562%"
"2023-04-01","A DIVISION","5","1","5,463","6,480","84.30555555556%"
"2023-04-01","A DIVISION","5","2","1,993","2,144","92.95708955224%"
"2023-04-01","A DIVISION","6","1","9,037","11,137","81.14393463231%"
"2023-04-01","A DIVISION","6","2","2,231","2,820","79.1134751773%"
"2023-04-01","A DIVISION","7","1","12,133","12,881","94.19299743809%"
"2023-04-01","A DIVISION","7","2","3,310","3,862","85.70688762299%"
"2023-04-01","A DIVISION","GS","1","10,725","10,754","99.73033289939%"
"2023-04-01","A DIVISION","GS","2","3,326","3,336","99.70023980815%"
"2023-04-01","B DIVISION","A","1","5,674","7,495","75.70380253502%"
"2023-04-01","B DIVISION","A","2","2,080","3,047","68.2638660978%"
"2023-04-01","B DIVISION","B","1","3,225","3,880","83.11855670103%"
"2023-04-01","B DIVISION","C","1","3,162","4,000","79.05%"
"2023-04-01","B DIVISION","C","2","978","1,560","62.69230769231%"
"2023-04-01","B DIVISION","D","1","4,389","5,551","79.06683480454%"
"2023-04-01","B DIVISION","D","2","1,680","2,161","77.74178621009%"
"2023-04-01","B DIVISION","E","1","5,942","8,128","73.10531496063%"
"2023-04-01","B DIVISION","E","2","1,739","2,100","82.80952380952%"
"2023-04-01","B DIVISION","F","1","5,858","7,835","74.76707083599%"
"2023-04-01","B DIVISION","F","2","1,528","2,094","72.97039159503%"
"2023-04-01","B DIVISION","FS","1","4,686","4,720","99.27966101695%"
"2023-04-01","B DIVISION","FS","2","2,107","2,120","99.38679245283%"
"2023-04-01","B DIVISION","G","1","4,960","5,653","87.74102246595%"
"2023-04-01","B DIVISION","G","2","2,233","2,320","96.25%"
"2023-04-01","B DIVISION","H","1","3,291","3,360","97.94642857143%"
"2023-04-01","B DIVISION","H","2","1,011","1,029","98.25072886297%"
"2023-04-01","B DIVISION","J","1","5,063","5,581","90.71850922774%"
"2023-04-01","B DIVISION","J","2","2,079","2,238","92.89544235925%"
"2023-04-01","B DIVISION","L","1","10,325","10,918","94.56860230812%"
"2023-04-01","B DIVISION","L","2","3,747","3,861","97.0473970474%"
"2023-04-01","B DIVISION","M","1","4,664","5,400","86.37037037037%"
"2023-04-01","B DIVISION","M","2","2,236","2,300","97.21739130435%"
"2023-04-01","B DIVISION","N","1","6,962","9,103","76.48028122597%"
"2023-04-01","B DIVISION","N","2","1,498","2,280","65.70175438596%"
"2023-04-01","B DIVISION","Q","1","5,305","6,552","80.96764346764%"
"2023-04-01","B DIVISION","Q","2","3,311","3,882","85.29108706852%"
"2023-04-01","B DIVISION","R","1","4,526","5,552","81.52017291066%"
"2023-04-01","B DIVISION","R","2","1,645","2,160","76.15740740741%"
"2023-05-01","A DIVISION","1","1","8,252","10,055","82.06862257583%"
"2023-05-01","A DIVISION","1","2","2,283","2,596","87.94298921418%"
"2023-05-01","A DIVISION","2","1","5,412","7,198","75.1875520978%"
"2023-05-01","A DIVISION","2","2","1,393","2,002","69.58041958042%"
"2023-05-01","A DIVISION","3","1","5,700","6,612","86.20689655172%"
"2023-05-01","A DIVISION","3","2","1,679","1,870","89.78609625668%"
"2023-05-01","A DIVISION","4","1","6,972","8,134","85.71428571429%"
"2023-05-01","A DIVISION","4","2","1,780","2,388","74.53936348409%"
"2023-05-01","A DIVISION","5","1","5,723","7,025","81.46619217082%"
"2023-05-01","A DIVISION","5","2","1,248","1,474","84.66757123474%"
"2023-05-01","A DIVISION","6","1","9,480","12,241","77.44465321461%"
"2023-05-01","A DIVISION","6","2","2,188","2,518","86.89436060365%"
"2023-05-01","A DIVISION","7","1","13,209","14,165","93.25097070244%"
"2023-05-01","A DIVISION","7","2","3,050","3,414","89.33801991798%"
"2023-05-01","A DIVISION","GS","1","11,494","11,506","99.89570658787%"
"2023-05-01","A DIVISION","GS","2","3,244","3,248","99.87684729064%"
"2023-05-01","B DIVISION","A","1","5,921","8,249","71.7783973815%"
"2023-05-01","B DIVISION","A","2","1,801","2,558","70.40656763096%"
"2023-05-01","B DIVISION","B","1","3,105","4,304","72.14219330855%"
"2023-05-01","B DIVISION","C","1","3,310","4,400","75.22727272727%"
"2023-05-01","B DIVISION","C","2","1,042","1,398","74.53505007153%"
"2023-05-01","B DIVISION","D","1","3,946","6,023","65.51552382534%"
"2023-05-01","B DIVISION","D","2","1,175","1,946","60.3802672148%"
"2023-05-01","B DIVISION","E","1","6,534","9,020","72.43902439024%"
"2023-05-01","B DIVISION","E","2","1,537","1,884","81.58174097665%"
"2023-05-01","B DIVISION","F","1","6,302","8,556","73.65591397849%"
"2023-05-01","B DIVISION","F","2","1,245","1,874","66.43543223052%"
"2023-05-01","B DIVISION","FS","1","5,158","5,192","99.34514637904%"
"2023-05-01","B DIVISION","FS","2","1,925","1,932","99.63768115942%"
"2023-05-01","B DIVISION","G","1","5,357","6,259","85.58875219684%"
"2023-05-01","B DIVISION","G","2","2,215","2,368","93.53885135135%"
"2023-05-01","B DIVISION","H","1","3,588","3,671","97.7390356851%"
"2023-05-01","B DIVISION","H","2","771","817","94.36964504284%"
"2023-05-01","B DIVISION","J","1","5,425","6,139","88.36944127708%"
"2023-05-01","B DIVISION","J","2","1,842","2,002","92.00799200799%"
"2023-05-01","B DIVISION","L","1","11,230","12,011","93.49762717509%"
"2023-05-01","B DIVISION","L","2","3,751","3,879","96.70018045888%"
"2023-05-01","B DIVISION","M","1","4,729","5,871","80.54845852495%"
"2023-05-01","B DIVISION","M","2","899","920","97.71739130435%"
"2023-05-01","B DIVISION","N","1","7,018","9,831","71.38643067847%"
"2023-05-01","B DIVISION","N","2","1,124","1,942","57.87847579815%"
"2023-05-01","B DIVISION","Q","1","5,390","6,932","77.75533756492%"
"2023-05-01","B DIVISION","Q","2","1,766","2,250","78.48888888889%"
"2023-05-01","B DIVISION","R","1","4,908","6,220","78.90675241158%"
"2023-05-01","B DIVISION","R","2","1,557","1,941","80.21638330757%"
"2023-06-01","A DIVISION","1","1","8,695","10,136","85.78334648777%"
"2023-06-01","A DIVISION","1","2","2,137","2,392","89.33946488294%"
"2023-06-01","A DIVISION","2","1","6,019","7,195","83.6553161918%"
"2023-06-01","A DIVISION","2","2","1,328","1,894","70.116156283%"
"2023-06-01","A DIVISION","3","1","5,926","6,606","89.70632758099%"
"2023-06-01","A DIVISION","3","2","1,367","1,672","81.75837320574%"
"2023-06-01","A DIVISION","4","1","7,143","8,142","87.73028739867%"
"2023-06-01","A DIVISION","4","2","1,651","2,136","77.29400749064%"
"2023-06-01","A DIVISION","5","1","6,181","7,114","86.88501546247%"
"2023-06-01","A DIVISION","5","2","1,114","1,332","83.63363363363%"
"2023-06-01","A DIVISION","6","1","10,622","12,241","86.77395637611%"
"2023-06-01","A DIVISION","6","2","1,880","2,290","82.096069869%"
"2023-06-01","A DIVISION","7","1","13,044","14,158","92.1316570137%"
"2023-06-01","A DIVISION","7","2","2,603","2,952","88.17750677507%"
"2023-06-01","A DIVISION","GS","1","11,471","11,506","99.69581088128%"
"2023-06-01","A DIVISION","GS","2","2,788","2,788","100%"
"2023-06-01","B DIVISION","A","1","6,199","8,271","74.94861564502%"
"2023-06-01","B DIVISION","A","2","1,471","2,244","65.55258467023%"
"2023-06-01","B DIVISION","B","1","3,305","4,312","76.646567718%"
"2023-06-01","B DIVISION","C","1","3,377","4,400","76.75%"
"2023-06-01","B DIVISION","C","2","834","1,248","66.82692307692%"
"2023-06-01","B DIVISION","D","1","4,217","6,035","69.87572493786%"
"2023-06-01","B DIVISION","D","2","1,367","1,728","79.1087962963%"
"2023-06-01","B DIVISION","E","1","6,682","9,020","74.07982261641%"
"2023-06-01","B DIVISION","E","2","1,311","1,680","78.03571428571%"
"2023-06-01","B DIVISION","F","1","6,200","8,457","73.31204919002%"
"2023-06-01","B DIVISION","F","2","1,200","1,672","71.77033492823%"
"2023-06-01","B DIVISION","FS","1","5,157","5,192","99.32588597843%"
"2023-06-01","B DIVISION","FS","2","1,556","1,556","100%"
"2023-06-01","B DIVISION","G","1","5,328","6,216","85.71428571429%"
"2023-06-01","B DIVISION","G","2","1,685","1,856","90.78663793103%"
"2023-06-01","B DIVISION","H","1","3,548","3,683","96.3345099104%"
"2023-06-01","B DIVISION","H","2","1,128","1,252","90.09584664537%"
"2023-06-01","B DIVISION","J","1","5,539","6,137","90.25582532182%"
"2023-06-01","B DIVISION","J","2","1,478","1,786","82.75475923852%"
"2023-06-01","B DIVISION","L","1","11,056","12,012","92.04129204129%"
"2023-06-01","B DIVISION","L","2","3,443","3,776","91.1811440678%"
"2023-06-01","B DIVISION","M","1","4,729","5,825","81.18454935622%"
"2023-06-01","B DIVISION","M","2","855","920","92.9347826087%"
"2023-06-01","B DIVISION","N","1","6,914","9,756","70.86920869209%"
"2023-06-01","B DIVISION","N","2","1,011","1,725","58.60869565217%"
"2023-06-01","B DIVISION","Q","1","5,500","7,011","78.44815290258%"
"2023-06-01","B DIVISION","Q","2","1,398","2,068","67.60154738878%"
"2023-06-01","B DIVISION","R","1","4,867","6,224","78.19730077121%"
"2023-06-01","B DIVISION","R","2","1,204","1,728","69.67592592593%"
"2023-07-01","A DIVISION","1","1","7,422","9,140","81.20350109409%"
"2023-07-01","A DIVISION","1","2","3,015","3,230","93.34365325077%"
"2023-07-01","A DIVISION","2","1","5,072","6,545","77.49427043545%"
"2023-07-01","A DIVISION","2","2","2,061","2,930","70.34129692833%"
"2023-07-01","A DIVISION","3","1","5,202","5,888","88.34918478261%"
"2023-07-01","A DIVISION","3","2","1,644","1,886","87.16861081654%"
"2023-07-01","A DIVISION","4","1","5,972","7,392","80.79004329004%"
"2023-07-01","A DIVISION","4","2","2,334","2,952","79.06504065041%"
"2023-07-01","A DIVISION","5","1","5,562","6,522","85.28058877645%"
"2023-07-01","A DIVISION","5","2","1,883","2,080","90.52884615385%"
"2023-07-01","A DIVISION","6","1","9,175","11,135","82.39784463404%"
"2023-07-01","A DIVISION","6","2","2,536","3,122","81.22998078155%"
"2023-07-01","A DIVISION","7","1","11,559","12,835","90.05843396961%"
"2023-07-01","A DIVISION","7","2","3,661","4,346","84.23838011965%"
"2023-07-01","A DIVISION","GS","1","10,206","10,358","98.53253523846%"
"2023-07-01","A DIVISION","GS","2","3,819","3,822","99.92150706436%"
"2023-07-01","B DIVISION","A","1","5,667","7,500","75.56%"
"2023-07-01","B DIVISION","A","2","2,158","3,091","69.81559365901%"
"2023-07-01","B DIVISION","B","1","2,903","3,918","74.09392547218%"
"2023-07-01","B DIVISION","C","1","3,029","4,000","75.725%"
"2023-07-01","B DIVISION","C","2","1,334","1,722","77.46806039489%"
"2023-07-01","B DIVISION","D","1","4,173","5,656","73.78005657709%"
"2023-07-01","B DIVISION","D","2","1,847","2,236","82.60286225403%"
"2023-07-01","B DIVISION","E","1","6,148","8,200","74.9756097561%"
"2023-07-01","B DIVISION","E","2","1,593","2,316","68.78238341969%"
"2023-07-01","B DIVISION","F","1","5,621","7,843","71.66900420757%"
"2023-07-01","B DIVISION","F","2","1,639","2,306","71.07545533391%"
"2023-07-01","B DIVISION","FS","1","4,696","4,720","99.49152542373%"
"2023-07-01","B DIVISION","FS","2","2,342","2,346","99.8294970162%"
"2023-07-01","B DIVISION","G","1","4,784","5,656","84.58274398868%"
"2023-07-01","B DIVISION","G","2","2,454","2,822","86.95960311836%"
"2023-07-01","B DIVISION","H","1","3,176","3,349","94.83427888922%"
"2023-07-01","B DIVISION","H","2","1,320","1,420","92.95774647887%"
"2023-07-01","B DIVISION","J","1","4,820","5,582","86.34897886062%"
"2023-07-01","B DIVISION","J","2","2,350","2,666","88.14703675919%"
"2023-07-01","B DIVISION","L","1","10,114","10,921","92.61056679791%"
"2023-07-01","B DIVISION","L","2","4,061","4,304","94.35408921933%"
"2023-07-01","B DIVISION","M","1","4,495","5,396","83.30244625649%"
"2023-07-01","B DIVISION","M","2","2,682","2,766","96.96312364425%"
"2023-07-01","B DIVISION","N","1","6,310","9,182","68.7214114572%"
"2023-07-01","B DIVISION","N","2","3,210","3,987","80.51166290444%"
"2023-07-01","B DIVISION","Q","1","4,792","6,309","75.95498494215%"
"2023-07-01","B DIVISION","Q","2","2,108","3,000","70.26666666667%"
"2023-07-01","B DIVISION","R","1","4,233","5,658","74.81442205726%"
"2023-07-01","B DIVISION","R","2","2,000","2,372","84.31703204047%"
"2023-08-01","A DIVISION","1","1","8,780","10,584","82.95540438398%"
"2023-08-01","A DIVISION","1","2","2,235","2,382","93.82871536524%"
"2023-08-01","A DIVISION","2","1","5,910","7,494","78.86309047238%"
"2023-08-01","A DIVISION","2","2","1,378","1,798","76.64071190211%"
"2023-08-01","A DIVISION","3","1","6,039","6,886","87.69968051118%"
"2023-08-01","A DIVISION","3","2","1,083","1,254","86.36363636364%"
"2023-08-01","A DIVISION","4","1","7,181","8,634","83.17118369238%"
"2023-08-01","A DIVISION","4","2","1,791","2,136","83.84831460674%"
"2023-08-01","A DIVISION","5","1","6,356","7,549","84.19658232879%"
"2023-08-01","A DIVISION","5","2","1,684","1,978","85.13650151668%"
"2023-08-01","A DIVISION","6","1","10,474","12,868","81.39571028909%"
"2023-08-01","A DIVISION","6","2","1,933","2,336","82.74828767123%"
"2023-08-01","A DIVISION","7","1","13,468","14,768","91.19718309859%"
"2023-08-01","A DIVISION","7","2","2,646","2,844","93.03797468354%"
"2023-08-01","A DIVISION","GS","1","11,976","12,016","99.66711051931%"
"2023-08-01","A DIVISION","GS","2","2,561","2,577","99.37912301125%"
"2023-08-01","B DIVISION","A","1","5,940","8,637","68.77387981938%"
"2023-08-01","B DIVISION","A","2","1,703","2,244","75.89126559715%"
"2023-08-01","B DIVISION","B","1","3,603","4,470","80.60402684564%"
"2023-08-01","B DIVISION","C","1","3,185","4,866","65.45417180436%"
"2023-08-01","B DIVISION","C","2","968","1,248","77.5641025641%"
"2023-08-01","B DIVISION","D","1","5,416","6,676","81.12642300779%"
"2023-08-01","B DIVISION","D","2","2,787","2,995","93.0550918197%"
"2023-08-01","B DIVISION","E","1","7,337","9,398","78.06980208555%"
"2023-08-01","B DIVISION","E","2","1,340","1,680","79.7619047619%"
"2023-08-01","B DIVISION","F","1","6,290","9,011","69.80357341028%"
"2023-08-01","B DIVISION","F","2","1,308","1,672","78.22966507177%"
"2023-08-01","B DIVISION","FS","1","5,400","5,428","99.48415622697%"
"2023-08-01","B DIVISION","FS","2","1,687","1,696","99.46933962264%"
"2023-08-01","B DIVISION","G","1","5,634","6,496","86.7302955665%"
"2023-08-01","B DIVISION","G","2","1,849","2,064","89.58333333333%"
"2023-08-01","B DIVISION","H","1","3,739","3,864","96.76501035197%"
"2023-08-01","B DIVISION","H","2","1,165","1,252","93.05111821086%"
"2023-08-01","B DIVISION","J","1","5,666","6,442","87.95405153679%"
"2023-08-01","B DIVISION","J","2","1,711","1,948","87.83367556468%"
"2023-08-01","B DIVISION","L","1","11,728","12,951","90.55671376728%"
"2023-08-01","B DIVISION","L","2","2,412","2,516","95.86645468998%"
"2023-08-01","B DIVISION","M","1","5,110","5,875","86.97872340426%"
"2023-08-01","B DIVISION","M","2","1,968","2,024","97.23320158103%"
"2023-08-01","B DIVISION","N","1","7,533","10,152","74.20212765957%"
"2023-08-01","B DIVISION","N","2","1,188","1,728","68.75%"
"2023-08-01","B DIVISION","Q","1","5,718","7,266","78.69529314616%"
"2023-08-01","B DIVISION","Q","2","1,408","1,960","71.83673469388%"
"2023-08-01","B DIVISION","R","1","5,340","6,569","81.29091185873%"
"2023-08-01","B DIVISION","R","2","1,543","1,728","89.29398148148%"
"2023-09-01","A DIVISION","1","1","7,213","9,234","78.11349361057%"
"2023-09-01","A DIVISION","1","2","3,549","3,788","93.69060190074%"
"2023-09-01","A DIVISION","2","1","4,877","6,682","72.98712960192%"
"2023-09-01","A DIVISION","2","2","1,578","2,256","69.94680851064%"
"2023-09-01","A DIVISION","3","1","4,772","5,808","82.16253443526%"
"2023-09-01","A DIVISION","3","2","1,793","2,090","85.78947368421%"
"2023-09-01","A DIVISION","4","1","5,905","7,396","79.84045429962%"
"2023-09-01","A DIVISION","4","2","2,218","2,670","83.07116104869%"
"2023-09-01","A DIVISION","5","1","5,362","6,538","82.01284796574%"
"2023-09-01","A DIVISION","5","2","1,719","2,094","82.09169054441%"
"2023-09-01","A DIVISION","6","1","8,281","10,999","75.28866260569%"
"2023-09-01","A DIVISION","6","2","2,412","3,020","79.86754966887%"
"2023-09-01","A DIVISION","7","1","11,727","12,840","91.33177570093%"
"2023-09-01","A DIVISION","7","2","3,441","3,702","92.94975688817%"
"2023-09-01","A DIVISION","GS","1","10,877","10,886","99.91732500459%"
"2023-09-01","A DIVISION","GS","2","2,433","2,440","99.7131147541%"
"2023-09-01","B DIVISION","A","1","4,877","7,562","64.49352023274%"
"2023-09-01","B DIVISION","A","2","2,311","3,219","71.79248213731%"
"2023-09-01","B DIVISION","B","1","2,842","3,920","72.5%"
"2023-09-01","B DIVISION","C","1","2,784","4,266","65.26019690577%"
"2023-09-01","B DIVISION","C","2","1,007","1,560","64.55128205128%"
"2023-09-01","B DIVISION","D","1","3,878","5,482","70.74060561839%"
"2023-09-01","B DIVISION","D","2","1,762","2,160","81.57407407407%"
"2023-09-01","B DIVISION","E","1","5,558","8,039","69.13795248165%"
"2023-09-01","B DIVISION","E","2","1,428","2,100","68%"
"2023-09-01","B DIVISION","F","1","4,797","7,798","61.5157732752%"
"2023-09-01","B DIVISION","F","2","1,352","2,090","64.68899521531%"
"2023-09-01","B DIVISION","FS","1","4,498","4,720","95.29661016949%"
"2023-09-01","B DIVISION","FS","2","2,083","2,120","98.25471698113%"
"2023-09-01","B DIVISION","G","1","4,605","5,656","81.41796322489%"
"2023-09-01","B DIVISION","G","2","2,393","2,554","93.69616288175%"
"2023-09-01","B DIVISION","H","1","3,163","3,360","94.1369047619%"
"2023-09-01","B DIVISION","H","2","1,536","1,565","98.14696485623%"
"2023-09-01","B DIVISION","J","1","4,828","5,592","86.33762517883%"
"2023-09-01","B DIVISION","J","2","2,121","2,400","88.375%"
"2023-09-01","B DIVISION","L","1","9,984","10,910","91.51237396884%"
"2023-09-01","B DIVISION","L","2","3,590","3,744","95.88675213675%"
"2023-09-01","B DIVISION","M","1","4,328","4,851","89.21871779015%"
"2023-09-01","B DIVISION","M","2","1,720","1,784","96.41255605381%"
"2023-09-01","B DIVISION","N","1","6,106","9,420","64.8195329087%"
"2023-09-01","B DIVISION","N","2","1,546","2,160","71.57407407407%"
"2023-09-01","B DIVISION","Q","1","4,830","6,522","74.05703771849%"
"2023-09-01","B DIVISION","Q","2","3,392","3,882","87.37764039155%"
"2023-09-01","B DIVISION","R","1","4,851","6,028","80.47445255474%"
"2023-09-01","B DIVISION","R","2","1,698","2,146","79.12395153774%"
"2023-10-01","A DIVISION","1","1","8,162","10,092","80.87594133968%"
"2023-10-01","A DIVISION","1","2","2,160","2,656","81.32530120482%"
"2023-10-01","A DIVISION","2","1","4,914","7,167","68.56425282545%"
"2023-10-01","A DIVISION","2","2","1,535","2,438","62.9614438064%"
"2023-10-01","A DIVISION","3","1","5,348","6,576","81.32603406326%"
"2023-10-01","A DIVISION","3","2","1,106","1,458","75.8573388203%"
"2023-10-01","A DIVISION","4","1","6,615","8,196","80.71010248902%"
"2023-10-01","A DIVISION","4","2","1,901","2,388","79.60636515913%"
"2023-10-01","A DIVISION","5","1","5,673","7,155","79.28721174004%"
"2023-10-01","A DIVISION","5","2","1,401","1,679","83.44252531269%"
"2023-10-01","A DIVISION","6","1","9,236","12,199","75.71112386261%"
"2023-10-01","A DIVISION","6","2","2,231","2,618","85.21772345302%"
"2023-10-01","A DIVISION","7","1","12,485","14,122","88.40815748478%"
"2023-10-01","A DIVISION","7","2","2,650","3,004","88.21571238349%"
"2023-10-01","A DIVISION","GS","1","11,899","11,902","99.97479415224%"
"2023-10-01","A DIVISION","GS","2","3,306","3,312","99.81884057971%"
"2023-10-01","B DIVISION","A","1","5,839","8,325","70.13813813814%"
"2023-10-01","B DIVISION","A","2","2,477","3,140","78.88535031847%"
"2023-10-01","B DIVISION","B","1","3,288","4,252","77.32831608655%"
"2023-10-01","B DIVISION","C","1","3,304","4,708","70.17841971113%"
"2023-10-01","B DIVISION","C","2","1,009","1,398","72.17453505007%"
"2023-10-01","B DIVISION","D","1","4,474","6,017","74.35599135782%"
"2023-10-01","B DIVISION","D","2","1,514","1,944","77.88065843621%"
"2023-10-01","B DIVISION","E","1","6,417","8,844","72.55766621438%"
"2023-10-01","B DIVISION","E","2","1,338","1,884","71.01910828025%"
"2023-10-01","B DIVISION","F","1","5,900","8,580","68.76456876457%"
"2023-10-01","B DIVISION","F","2","1,225","1,874","65.3681963714%"
"2023-10-01","B DIVISION","FS","1","5,095","5,140","99.12451361868%"
"2023-10-01","B DIVISION","FS","2","1,886","1,894","99.57761351637%"
"2023-10-01","B DIVISION","G","1","5,344","6,216","85.97168597169%"
"2023-10-01","B DIVISION","G","2","2,357","2,551","92.39513916111%"
"2023-10-01","B DIVISION","H","1","3,584","3,696","96.9696969697%"
"2023-10-01","B DIVISION","H","2","1,367","1,398","97.78254649499%"
"2023-10-01","B DIVISION","J","1","5,239","6,134","85.40919465276%"
"2023-10-01","B DIVISION","J","2","1,873","2,192","85.44708029197%"
"2023-10-01","B DIVISION","L","1","11,280","11,964","94.28284854564%"
"2023-10-01","B DIVISION","L","2","3,365","3,530","95.32577903683%"
"2023-10-01","B DIVISION","M","1","5,230","5,653","92.51724747921%"
"2023-10-01","B DIVISION","M","2","2,149","2,248","95.59608540925%"
"2023-10-01","B DIVISION","N","1","7,900","10,342","76.38754592922%"
"2023-10-01","B DIVISION","N","2","1,649","2,192","75.22810218978%"
"2023-10-01","B DIVISION","Q","1","5,730","7,359","77.86384019568%"
"2023-10-01","B DIVISION","Q","2","4,085","4,552","89.74077328647%"
"2023-10-01","B DIVISION","R","1","5,299","6,633","79.88843660485%"
"2023-10-01","B DIVISION","R","2","1,670","1,938","86.17131062951%"
"2023-11-01","A DIVISION","1","1","8,129","9,624","84.46591853699%"
"2023-11-01","A DIVISION","1","2","2,355","2,608","90.2990797546%"
"2023-11-01","A DIVISION","2","1","4,951","6,852","72.25627553999%"
"2023-11-01","A DIVISION","2","2","1,396","2,152","64.86988847584%"
"2023-11-01","A DIVISION","3","1","5,429","6,270","86.58692185008%"
"2023-11-01","A DIVISION","3","2","1,563","1,782","87.71043771044%"
"2023-11-01","A DIVISION","4","1","6,561","7,785","84.2774566474%"
"2023-11-01","A DIVISION","4","2","1,813","2,392","75.79431438127%"
"2023-11-01","A DIVISION","5","1","5,591","6,885","81.20551924473%"
"2023-11-01","A DIVISION","5","2","1,280","1,761","72.68597387848%"
"2023-11-01","A DIVISION","6","1","8,458","11,669","72.48264632788%"
"2023-11-01","A DIVISION","6","2","2,169","2,664","81.41891891892%"
"2023-11-01","A DIVISION","7","1","12,083","13,484","89.60990803916%"
"2023-11-01","A DIVISION","7","2","2,785","3,204","86.92259675406%"
"2023-11-01","A DIVISION","GS","1","10,983","10,998","99.86361156574%"
"2023-11-01","A DIVISION","GS","2","3,231","3,234","99.90723562152%"
"2023-11-01","B DIVISION","A","1","5,974","7,921","75.41977023103%"
"2023-11-01","B DIVISION","A","2","2,032","2,756","73.73004354136%"
"2023-11-01","B DIVISION","B","1","2,854","3,961","72.05251199192%"
"2023-11-01","B DIVISION","C","1","3,311","4,494","73.67601246106%"
"2023-11-01","B DIVISION","C","2","1,079","1,398","77.18168812589%"
"2023-11-01","B DIVISION","D","1","4,072","5,754","70.76816127911%"
"2023-11-01","B DIVISION","D","2","1,545","1,948","79.31211498973%"
"2023-11-01","B DIVISION","E","1","6,111","8,444","72.37091425865%"
"2023-11-01","B DIVISION","E","2","1,564","2,021","77.38743196437%"
"2023-11-01","B DIVISION","F","1","5,595","8,196","68.26500732064%"
"2023-11-01","B DIVISION","F","2","1,287","1,877","68.56686201385%"
"2023-11-01","B DIVISION","FS","1","4,913","4,920","99.85772357724%"
"2023-11-01","B DIVISION","FS","2","1,895","1,900","99.73684210526%"
"2023-11-01","B DIVISION","G","1","5,037","5,924","85.02700877785%"
"2023-11-01","B DIVISION","G","2","2,383","2,550","93.45098039216%"
"2023-11-01","B DIVISION","H","1","3,430","3,528","97.22222222222%"
"2023-11-01","B DIVISION","H","2","1,089","1,130","96.37168141593%"
"2023-11-01","B DIVISION","J","1","4,947","5,855","84.49188727583%"
"2023-11-01","B DIVISION","J","2","1,929","2,152","89.6375464684%"
"2023-11-01","B DIVISION","L","1","10,600","11,456","92.52793296089%"
"2023-11-01","B DIVISION","L","2","3,302","3,531","93.51458510337%"
"2023-11-01","B DIVISION","M","1","4,945","5,379","91.93158579662%"
"2023-11-01","B DIVISION","M","2","1,702","1,736","98.04147465438%"
"2023-11-01","B DIVISION","N","1","7,530","9,891","76.12981498332%"
"2023-11-01","B DIVISION","N","2","1,583","2,293","69.03619712167%"
"2023-11-01","B DIVISION","Q","1","5,314","6,613","80.35687282625%"
"2023-11-01","B DIVISION","Q","2","1,711","2,326","73.55975924334%"
"2023-11-01","B DIVISION","R","1","5,067","6,354","79.74504249292%"
"2023-11-01","B DIVISION","R","2","1,726","2,078","83.06063522618%"
"2023-12-01","A DIVISION","1","1","7,201","9,261","77.75618183781%"
"2023-12-01","A DIVISION","1","2","3,408","3,897","87.4518860662%"
"2023-12-01","A DIVISION","2","1","4,521","6,496","69.59667487685%"
"2023-12-01","A DIVISION","2","2","1,809","2,571","70.36172695449%"
"2023-12-01","A DIVISION","3","1","5,061","6,004","84.29380413058%"
"2023-12-01","A DIVISION","3","2","1,863","2,300","81%"
"2023-12-01","A DIVISION","4","1","5,845","7,385","79.14691943128%"
"2023-12-01","A DIVISION","4","2","2,298","2,926","78.53725222146%"
"2023-12-01","A DIVISION","5","1","5,274","6,580","80.15197568389%"
"2023-12-01","A DIVISION","5","2","1,912","2,305","82.95010845987%"
"2023-12-01","A DIVISION","6","1","8,139","11,166","72.89091886083%"
"2023-12-01","A DIVISION","6","2","3,130","3,865","80.98318240621%"
"2023-12-01","A DIVISION","7","1","11,084","12,840","86.32398753894%"
"2023-12-01","A DIVISION","7","2","3,569","4,146","86.08297153883%"
"2023-12-01","A DIVISION","GS","1","8,243","8,260","99.79418886199%"
"2023-12-01","A DIVISION","GS","2","3,776","3,776","100%"
"2023-12-01","B DIVISION","A","1","5,536","7,625","72.60327868852%"
"2023-12-01","B DIVISION","A","2","2,820","3,806","74.09353652128%"
"2023-12-01","B DIVISION","B","1","2,778","3,921","70.84927314461%"
"2023-12-01","B DIVISION","C","1","2,995","4,338","69.04103273398%"
"2023-12-01","B DIVISION","C","2","1,007","1,416","71.11581920904%"
"2023-12-01","B DIVISION","D","1","3,802","5,514","68.95175915851%"
"2023-12-01","B DIVISION","D","2","1,745","2,381","73.28853422932%"
"2023-12-01","B DIVISION","E","1","5,722","8,022","71.3288456744%"
"2023-12-01","B DIVISION","E","2","1,782","2,304","77.34375%"
"2023-12-01","B DIVISION","F","1","5,019","7,803","64.32141484045%"
"2023-12-01","B DIVISION","F","2","1,627","2,292","70.98603839442%"
"2023-12-01","B DIVISION","FS","1","4,676","4,708","99.32030586236%"
"2023-12-01","B DIVISION","FS","2","2,312","2,318","99.74115616911%"
"2023-12-01","B DIVISION","G","1","4,878","5,755","84.76107732407%"
"2023-12-01","B DIVISION","G","2","2,527","2,779","90.93198992443%"
"2023-12-01","B DIVISION","H","1","3,248","3,360","96.66666666667%"
"2023-12-01","B DIVISION","H","2","1,381","1,443","95.7033957034%"
"2023-12-01","B DIVISION","J","1","4,712","5,578","84.47472212262%"
"2023-12-01","B DIVISION","J","2","2,426","2,692","90.11887072808%"
"2023-12-01","B DIVISION","L","1","9,929","10,912","90.99156891496%"
"2023-12-01","B DIVISION","L","2","4,758","5,166","92.10220673635%"
"2023-12-01","B DIVISION","M","1","4,471","5,140","86.98443579767%"
"2023-12-01","B DIVISION","M","2","2,629","2,762","95.18464880521%"
"2023-12-01","B DIVISION","N","1","6,350","9,317","68.15498551036%"
"2023-12-01","B DIVISION","N","2","1,551","2,384","65.05872483221%"
"2023-12-01","B DIVISION","Q","1","4,910","6,361","77.18912120736%"
"2023-12-01","B DIVISION","Q","2","2,468","2,892","85.33886583679%"
"2023-12-01","B DIVISION","R","1","4,571","6,055","75.49132947977%"
"2023-12-01","B DIVISION","R","2","1,903","2,371","80.26149304091%"
"2024-01-01","A DIVISION","1","1","7,029","9,664","72.73385761589%"
"2024-01-01","A DIVISION","1","2","2,042","2,396","85.22537562604%"
"2024-01-01","A DIVISION","2","1","4,864","6,958","69.90514515665%"
"2024-01-01","A DIVISION","2","2","1,047","1,760","59.48863636364%"
"2024-01-01","A DIVISION","3","1","5,084","6,269","81.09746371032%"
"2024-01-01","A DIVISION","3","2","1,146","1,660","69.03614457831%"
"2024-01-01","A DIVISION","4","1","6,387","8,171","78.16668706401%"
"2024-01-01","A DIVISION","4","2","2,245","2,817","79.69471068513%"
"2024-01-01","A DIVISION","5","1","5,537","7,222","76.66851287732%"
"2024-01-01","A DIVISION","5","2","1,215","1,375","88.36363636364%"
"2024-01-01","A DIVISION","6","1","9,375","12,267","76.42455368061%"
"2024-01-01","A DIVISION","6","2","2,652","3,300","80.36363636364%"
"2024-01-01","A DIVISION","7","1","12,168","14,132","86.10246249646%"
"2024-01-01","A DIVISION","7","2","2,714","2,814","96.44633972992%"
"2024-01-01","A DIVISION","GS","1","11,696","11,770","99.37128292268%"
"2024-01-01","A DIVISION","GS","2","3,515","3,524","99.74460839955%"
"2024-01-01","B DIVISION","A","1","6,188","8,396","73.70176274416%"
"2024-01-01","B DIVISION","A","2","1,765","2,519","70.06748709805%"
"2024-01-01","B DIVISION","B","1","2,928","4,312","67.90352504638%"
"2024-01-01","B DIVISION","C","1","3,482","4,884","71.29402129402%"
"2024-01-01","B DIVISION","C","2","952","1,416","67.23163841808%"
"2024-01-01","B DIVISION","D","1","4,178","6,044","69.12640635341%"
"2024-01-01","B DIVISION","D","2","1,501","1,947","77.09296353364%"
"2024-01-01","B DIVISION","E","1","6,279","8,804","71.31985461154%"
"2024-01-01","B DIVISION","E","2","2,051","2,428","84.47281713344%"
"2024-01-01","B DIVISION","F","1","5,162","8,580","60.16317016317%"
"2024-01-01","B DIVISION","F","2","1,526","1,874","81.43009605123%"
"2024-01-01","B DIVISION","FS","1","5,106","5,130","99.53216374269%"
"2024-01-01","B DIVISION","FS","2","1,878","1,894","99.15522703273%"
"2024-01-01","B DIVISION","G","1","5,729","6,538","87.62618537779%"
"2024-01-01","B DIVISION","G","2","2,132","2,289","93.14110965487%"
"2024-01-01","B DIVISION","H","1","3,581","3,696","96.88852813853%"
"2024-01-01","B DIVISION","H","2","1,376","1,398","98.42632331903%"
"2024-01-01","B DIVISION","J","1","5,195","6,140","84.60912052117%"
"2024-01-01","B DIVISION","J","2","1,945","2,200","88.40909090909%"
"2024-01-01","B DIVISION","L","1","11,035","12,261","90.00081559416%"
"2024-01-01","B DIVISION","L","2","3,631","3,882","93.53426069037%"
"2024-01-01","B DIVISION","M","1","5,160","5,654","91.26282278033%"
"2024-01-01","B DIVISION","M","2","2,166","2,256","96.01063829787%"
"2024-01-01","B DIVISION","N","1","6,955","10,441","66.6123934489%"
"2024-01-01","B DIVISION","N","2","2,644","3,622","72.99834345665%"
"2024-01-01","B DIVISION","Q","1","5,234","7,339","71.31761820412%"
"2024-01-01","B DIVISION","Q","2","1,833","2,257","81.21400088613%"
"2024-01-01","B DIVISION","R","1","5,183","6,706","77.28899492991%"
"2024-01-01","B DIVISION","R","2","2,104","2,500","84.16%"
"2024-02-01","A DIVISION","1","1","7,353","9,176","80.13295553618%"
"2024-02-01","A DIVISION","1","2","2,645","3,492","75.74455899198%"
"2024-02-01","A DIVISION","2","1","4,675","6,534","71.54882154882%"
"2024-02-01","A DIVISION","2","2","653","2,106","31.00664767331%"
"2024-02-01","A DIVISION","3","1","5,044","5,952","84.74462365591%"
"2024-02-01","A DIVISION","3","2","648","1,050","61.71428571429%"
"2024-02-01","A DIVISION","4","1","6,032","7,451","80.95557643269%"
"2024-02-01","A DIVISION","4","2","1,800","2,844","63.29113924051%"
"2024-02-01","A DIVISION","5","1","5,190","6,540","79.35779816514%"
"2024-02-01","A DIVISION","5","2","1,437","1,764","81.46258503401%"
"2024-02-01","A DIVISION","6","1","8,448","11,420","73.97548161121%"
"2024-02-01","A DIVISION","6","2","2,175","2,900","75%"
"2024-02-01","A DIVISION","7","1","11,934","12,840","92.94392523364%"
"2024-02-01","A DIVISION","7","2","2,870","3,154","90.99556119214%"
"2024-02-01","A DIVISION","GS","1","10,406","10,424","99.82732156562%"
"2024-02-01","A DIVISION","GS","2","3,091","3,096","99.83850129199%"
"2024-02-01","B DIVISION","A","1","5,670","7,478","75.82241240974%"
"2024-02-01","B DIVISION","A","2","1,575","2,530","62.25296442688%"
"2024-02-01","B DIVISION","B","1","2,584","3,744","69.01709401709%"
"2024-02-01","B DIVISION","C","1","3,228","4,440","72.7027027027%"
"2024-02-01","B DIVISION","C","2","691","1,410","49.00709219858%"
"2024-02-01","B DIVISION","D","1","3,811","5,494","69.36658172552%"
"2024-02-01","B DIVISION","D","2","1,312","1,944","67.48971193416%"
"2024-02-01","B DIVISION","E","1","5,330","7,998","66.6416604151%"
"2024-02-01","B DIVISION","E","2","1,225","1,896","64.60970464135%"
"2024-02-01","B DIVISION","F","1","4,281","7,806","54.84242890085%"
"2024-02-01","B DIVISION","F","2","1,186","1,896","62.55274261603%"
"2024-02-01","B DIVISION","FS","1","4,676","4,680","99.91452991453%"
"2024-02-01","B DIVISION","FS","2","1,902","1,922","98.95941727367%"
"2024-02-01","B DIVISION","G","1","5,153","6,084","84.69756738988%"
"2024-02-01","B DIVISION","G","2","2,785","2,908","95.77028885832%"
"2024-02-01","B DIVISION","H","1","3,281","3,361","97.61975602499%"
"2024-02-01","B DIVISION","H","2","1,368","1,421","96.27023223082%"
"2024-02-01","B DIVISION","J","1","4,718","5,583","84.50653770374%"
"2024-02-01","B DIVISION","J","2","2,033","2,228","91.24775583483%"
"2024-02-01","B DIVISION","L","1","10,085","10,911","92.42965814316%"
"2024-02-01","B DIVISION","L","2","3,570","3,928","90.88594704684%"
"2024-02-01","B DIVISION","M","1","4,745","5,130","92.49512670565%"
"2024-02-01","B DIVISION","M","2","2,227","2,286","97.41907261592%"
"2024-02-01","B DIVISION","N","1","6,705","9,424","71.14813242784%"
"2024-02-01","B DIVISION","N","2","1,217","1,944","62.60288065844%"
"2024-02-01","B DIVISION","Q","1","5,019","6,491","77.32244646434%"
"2024-02-01","B DIVISION","Q","2","1,736","2,259","76.84816290394%"
"2024-02-01","B DIVISION","R","1","4,635","6,099","75.99606492868%"
"2024-02-01","B DIVISION","R","2","1,476","1,940","76.0824742268%"
"2024-03-01","A DIVISION","1","1","7,600","9,602","79.15017704645%"
"2024-03-01","A DIVISION","1","2","2,627","2,914","90.15099519561%"
"2024-03-01","A DIVISION","2","1","5,035","7,071","71.20633573752%"
"2024-03-01","A DIVISION","2","2","1,182","2,110","56.01895734597%"
"2024-03-01","A DIVISION","3","1","5,339","6,254","85.36936360729%"
"2024-03-01","A DIVISION","3","2","1,407","2,084","67.51439539347%"
"2024-03-01","A DIVISION","4","1","6,206","7,766","79.91243883595%"
"2024-03-01","A DIVISION","4","2","2,076","2,662","77.98647633358%"
"2024-03-01","A DIVISION","5","1","5,386","6,893","78.13724067895%"
"2024-03-01","A DIVISION","5","2","1,765","1,959","90.09698825932%"
"2024-03-01","A DIVISION","6","1","7,914","11,668","67.82653411039%"
"2024-03-01","A DIVISION","6","2","2,446","3,202","76.38975640225%"
"2024-03-01","A DIVISION","7","1","12,745","13,486","94.50541302091%"
"2024-03-01","A DIVISION","7","2","3,305","3,448","95.85266821346%"
"2024-03-01","A DIVISION","GS","1","11,517","11,526","99.92191566892%"
"2024-03-01","A DIVISION","GS","2","3,657","3,674","99.53728905825%"
"2024-03-01","B DIVISION","A","1","5,634","7,896","71.35258358663%"
"2024-03-01","B DIVISION","A","2","2,089","2,787","74.95514890563%"
"2024-03-01","B DIVISION","B","1","2,715","4,026","67.43666169896%"
"2024-03-01","B DIVISION","C","1","3,094","4,662","66.36636636637%"
"2024-03-01","B DIVISION","C","2","953","1,560","61.08974358974%"
"2024-03-01","B DIVISION","D","1","4,073","5,767","70.62597537715%"
"2024-03-01","B DIVISION","D","2","1,593","2,142","74.36974789916%"
"2024-03-01","B DIVISION","E","1","5,870","8,402","69.86431801952%"
"2024-03-01","B DIVISION","E","2","1,995","2,370","84.17721518987%"
"2024-03-01","B DIVISION","F","1","7,480","10,470","71.44221585482%"
"2024-03-01","B DIVISION","F","2","2,494","2,996","83.24432576769%"
"2024-03-01","B DIVISION","FS","1","4,892","4,904","99.75530179445%"
"2024-03-01","B DIVISION","FS","2","2,102","2,114","99.43235572375%"
"2024-03-01","B DIVISION","G","1","5,462","6,571","83.12281235733%"
"2024-03-01","B DIVISION","G","2","2,337","2,524","92.5911251981%"
"2024-03-01","B DIVISION","H","1","3,402","3,528","96.42857142857%"
"2024-03-01","B DIVISION","H","2","1,528","1,555","98.26366559486%"
"2024-03-01","B DIVISION","J","1","4,983","5,864","84.9761255116%"
"2024-03-01","B DIVISION","J","2","2,159","2,454","87.97881010595%"
"2024-03-01","B DIVISION","L","1","10,614","11,444","92.74729115694%"
"2024-03-01","B DIVISION","L","2","3,547","3,682","96.33351439435%"
"2024-03-01","B DIVISION","M","1","5,103","5,398","94.53501296777%"
"2024-03-01","B DIVISION","M","2","2,323","2,450","94.81632653061%"
"2024-03-01","B DIVISION","N","1","7,446","9,947","74.85674072585%"
"2024-03-01","B DIVISION","N","2","2,289","2,984","76.7091152815%"
"2024-03-01","B DIVISION","Q","1","5,091","6,957","73.17809400604%"
"2024-03-01","B DIVISION","Q","2","3,046","3,370","90.38575667656%"
"2024-03-01","B DIVISION","R","1","5,213","6,401","81.44039993751%"
"2024-03-01","B DIVISION","R","2","2,065","2,434","84.83976992605%"
"2024-04-01","A DIVISION","1","1","7,768","10,122","76.74372653626%"
"2024-04-01","A DIVISION","1","2","2,104","2,432","86.51315789474%"
"2024-04-01","A DIVISION","2","1","5,249","7,305","71.85489390828%"
"2024-04-01","A DIVISION","2","2","1,534","2,220","69.0990990991%"
"2024-04-01","A DIVISION","3","1","5,255","6,444","81.54872749845%"
"2024-04-01","A DIVISION","3","2","961","1,254","76.63476874003%"
"2024-04-01","A DIVISION","4","1","6,630","8,165","81.20024494795%"
"2024-04-01","A DIVISION","4","2","1,687","2,136","78.97940074906%"
"2024-04-01","A DIVISION","5","1","5,244","6,721","78.02410355602%"
"2024-04-01","A DIVISION","5","2","1,298","1,540","84.28571428571%"
"2024-04-01","A DIVISION","6","1","9,566","12,267","77.98157658759%"
"2024-04-01","A DIVISION","6","2","1,966","2,550","77.09803921569%"
"2024-04-01","A DIVISION","7","1","12,660","14,143","89.51424733084%"
"2024-04-01","A DIVISION","7","2","3,074","3,334","92.20155968806%"
"2024-04-01","A DIVISION","GS","1","11,626","11,638","99.89688949991%"
"2024-04-01","A DIVISION","GS","2","2,979","3,004","99.16777629827%"
"2024-04-01","B DIVISION","A","1","6,286","8,288","75.84459459459%"
"2024-04-01","B DIVISION","A","2","1,900","2,388","79.56448911223%"
"2024-04-01","B DIVISION","B","1","3,065","4,312","71.08070500928%"
"2024-04-01","B DIVISION","C","1","3,511","4,884","71.8877968878%"
"2024-04-01","B DIVISION","C","2","734","1,248","58.8141025641%"
"2024-04-01","B DIVISION","D","1","4,419","6,026","73.33222701626%"
"2024-04-01","B DIVISION","D","2","1,299","1,726","75.2607184241%"
"2024-04-01","B DIVISION","E","1","6,743","8,989","75.01390588497%"
"2024-04-01","B DIVISION","E","2","1,540","1,818","84.70847084708%"
"2024-04-01","B DIVISION","F","1","5,955","8,631","68.99548140424%"
"2024-04-01","B DIVISION","F","2","1,305","1,672","78.05023923445%"
"2024-04-01","B DIVISION","FS","1","5,094","5,192","98.1124807396%"
"2024-04-01","B DIVISION","FS","2","1,688","1,696","99.52830188679%"
"2024-04-01","B DIVISION","G","1","6,170","6,992","88.24370709382%"
"2024-04-01","B DIVISION","G","2","1,891","2,068","91.44100580271%"
"2024-04-01","B DIVISION","H","1","3,590","3,696","97.13203463203%"
"2024-04-01","B DIVISION","H","2","1,235","1,252","98.64217252396%"
"2024-04-01","B DIVISION","J","1","5,121","6,139","83.41749470598%"
"2024-04-01","B DIVISION","J","2","1,626","1,948","83.47022587269%"
"2024-04-01","B DIVISION","L","1","10,632","12,027","88.40109753056%"
"2024-04-01","B DIVISION","L","2","2,373","2,502","94.84412470024%"
"2024-04-01","B DIVISION","M","1","4,614","5,941","77.66369298098%"
"2024-04-01","B DIVISION","M","2","1,739","1,954","88.99692937564%"
"2024-04-01","B DIVISION","N","1","8,202","10,397","78.88814080985%"
"2024-04-01","B DIVISION","N","2","1,459","2,014","72.44289970209%"
"2024-04-01","B DIVISION","Q","1","5,581","6,918","80.67360508818%"
"2024-04-01","B DIVISION","Q","2","1,612","2,012","80.11928429423%"
"2024-04-01","B DIVISION","R","1","4,853","6,660","72.86786786787%"
"2024-04-01","B DIVISION","R","2","1,396","1,864","74.89270386266%"
"2024-05-01","A DIVISION","1","1","8,358","10,341","80.82390484479%"
"2024-05-01","A DIVISION","1","2","2,423","2,740","88.43065693431%"
"2024-05-01","A DIVISION","2","1","5,574","7,181","77.62150118368%"
"2024-05-01","A DIVISION","2","2","1,432","2,048","69.921875%"
"2024-05-01","A DIVISION","3","1","5,599","6,384","87.70363408521%"
"2024-05-01","A DIVISION","3","2","1,616","1,876","86.1407249467%"
"2024-05-01","A DIVISION","4","1","6,713","8,140","82.46928746929%"
"2024-05-01","A DIVISION","4","2","1,743","2,388","72.98994974874%"
"2024-05-01","A DIVISION","5","1","5,934","7,138","83.13253012048%"
"2024-05-01","A DIVISION","5","2","1,379","1,626","84.80934809348%"
"2024-05-01","A DIVISION","6","1","9,272","12,221","75.86940512233%"
"2024-05-01","A DIVISION","6","2","2,112","2,776","76.08069164265%"
"2024-05-01","A DIVISION","7","1","12,774","14,100","90.59574468085%"
"2024-05-01","A DIVISION","7","2","3,074","3,206","95.88271990019%"
"2024-05-01","A DIVISION","GS","1","11,493","11,508","99.86965589155%"
"2024-05-01","A DIVISION","GS","2","3,040","3,042","99.93425378041%"
"2024-05-01","B DIVISION","A","1","6,196","8,271","74.91234433563%"
"2024-05-01","B DIVISION","A","2","2,648","3,283","80.65793481572%"
"2024-05-01","B DIVISION","B","1","3,085","4,312","71.54452690167%"
"2024-05-01","B DIVISION","C","1","3,577","4,886","73.20916905444%"
"2024-05-01","B DIVISION","C","2","940","1,398","67.23891273247%"
"2024-05-01","B DIVISION","D","1","4,234","6,032","70.19230769231%"
"2024-05-01","B DIVISION","D","2","1,427","1,944","73.40534979424%"
"2024-05-01","B DIVISION","E","1","7,298","9,015","80.95396561287%"
"2024-05-01","B DIVISION","E","2","1,634","1,884","86.73036093418%"
"2024-05-01","B DIVISION","F","1","6,533","8,632","75.68350324374%"
"2024-05-01","B DIVISION","F","2","1,424","1,878","75.82534611289%"
"2024-05-01","B DIVISION","FS","1","5,173","5,192","99.63405238829%"
"2024-05-01","B DIVISION","FS","2","1,888","1,894","99.68321013728%"
"2024-05-01","B DIVISION","G","1","6,277","7,206","87.10796558424%"
"2024-05-01","B DIVISION","G","2","2,165","2,256","95.96631205674%"
"2024-05-01","B DIVISION","H","1","3,509","3,662","95.82195521573%"
"2024-05-01","B DIVISION","H","2","748","772","96.89119170984%"
"2024-05-01","B DIVISION","J","1","4,897","6,140","79.75570032573%"
"2024-05-01","B DIVISION","J","2","1,884","2,122","88.78416588124%"
"2024-05-01","B DIVISION","L","1","11,291","12,400","91.0564516129%"
"2024-05-01","B DIVISION","L","2","2,716","2,834","95.83627381793%"
"2024-05-01","B DIVISION","M","1","4,775","5,940","80.38720538721%"
"2024-05-01","B DIVISION","M","2","2,164","2,310","93.67965367965%"
"2024-05-01","B DIVISION","N","1","7,576","10,379","72.99354465748%"
"2024-05-01","B DIVISION","N","2","1,202","1,944","61.83127572016%"
"2024-05-01","B DIVISION","Q","1","5,787","6,928","83.53060046189%"
"2024-05-01","B DIVISION","Q","2","1,994","2,328","85.6529209622%"
"2024-05-01","B DIVISION","R","1","5,014","6,642","75.48931044866%"
"2024-05-01","B DIVISION","R","2","1,665","1,940","85.82474226804%"
"2024-06-01","A DIVISION","1","1","7,536","9,237","81.58493017213%"
"2024-06-01","A DIVISION","1","2","3,346","3,610","92.68698060942%"
"2024-06-01","A DIVISION","2","1","4,777","6,552","72.90903540904%"
"2024-06-01","A DIVISION","2","2","1,547","2,457","62.96296296296%"
"2024-06-01","A DIVISION","3","1","5,203","6,028","86.31386861314%"
"2024-06-01","A DIVISION","3","2","1,671","2,114","79.04446546831%"
"2024-06-01","A DIVISION","4","1","5,972","7,404","80.65910318747%"
"2024-06-01","A DIVISION","4","2","2,128","2,670","79.70037453184%"
"2024-06-01","A DIVISION","5","1","5,101","6,468","78.86518243661%"
"2024-06-01","A DIVISION","5","2","1,241","1,510","82.18543046358%"
"2024-06-01","A DIVISION","6","1","9,023","11,383","79.26732847228%"
"2024-06-01","A DIVISION","6","2","2,453","3,370","72.78931750742%"
"2024-06-01","A DIVISION","7","1","11,627","12,820","90.69422776911%"
"2024-06-01","A DIVISION","7","2","3,771","4,060","92.88177339901%"
"2024-06-01","A DIVISION","GS","1","10,525","10,624","99.06814759036%"
"2024-06-01","A DIVISION","GS","2","3,470","3,470","100%"
"2024-06-01","B DIVISION","A","1","5,618","7,485","75.05678022712%"
"2024-06-01","B DIVISION","A","2","1,694","2,805","60.39215686275%"
"2024-06-01","B DIVISION","B","1","2,858","3,922","72.87098419174%"
"2024-06-01","B DIVISION","C","1","3,203","4,328","74.00646950092%"
"2024-06-01","B DIVISION","C","2","869","1,560","55.70512820513%"
"2024-06-01","B DIVISION","D","1","4,168","5,482","76.03064574973%"
"2024-06-01","B DIVISION","D","2","1,388","2,160","64.25925925926%"
"2024-06-01","B DIVISION","E","1","6,652","8,200","81.12195121951%"
"2024-06-01","B DIVISION","E","2","1,710","2,100","81.42857142857%"
"2024-06-01","B DIVISION","F","1","6,470","8,276","78.17786370227%"
"2024-06-01","B DIVISION","F","2","1,419","2,098","67.63584366063%"
"2024-06-01","B DIVISION","FS","1","4,679","4,687","99.82931512695%"
"2024-06-01","B DIVISION","FS","2","1,261","1,272","99.13522012579%"
"2024-06-01","B DIVISION","G","1","5,344","5,970","89.51423785595%"
"2024-06-01","B DIVISION","G","2","2,216","2,474","89.57154405821%"
"2024-06-01","B DIVISION","H","1","3,245","3,360","96.57738095238%"
"2024-06-01","B DIVISION","H","2","1,495","1,565","95.52715654952%"
"2024-06-01","B DIVISION","J","1","4,722","5,582","84.59333572196%"
"2024-06-01","B DIVISION","J","2","2,121","2,460","86.21951219512%"
"2024-06-01","B DIVISION","L","1","10,271","10,914","94.1084845153%"
"2024-06-01","B DIVISION","L","2","3,441","3,730","92.25201072386%"
"2024-06-01","B DIVISION","M","1","4,473","5,402","82.80266567938%"
"2024-06-01","B DIVISION","M","2","2,140","2,384","89.76510067114%"
"2024-06-01","B DIVISION","N","1","7,507","9,487","79.12933487931%"
"2024-06-01","B DIVISION","N","2","1,918","2,600","73.76923076923%"
"2024-06-01","B DIVISION","Q","1","5,115","6,293","81.28078817734%"
"2024-06-01","B DIVISION","Q","2","1,913","2,552","74.96081504702%"
"2024-06-01","B DIVISION","R","1","4,795","6,035","79.45318972659%"
"2024-06-01","B DIVISION","R","2","1,686","2,078","81.13570741097%"
"2024-07-01","A DIVISION","1","1","7,828","10,152","77.10795902285%"
"2024-07-01","A DIVISION","1","2","2,528","2,706","93.42202512934%"
"2024-07-01","A DIVISION","2","1","5,447","7,269","74.93465401018%"
"2024-07-01","A DIVISION","2","2","1,302","1,972","66.02434077079%"
"2024-07-01","A DIVISION","3","1","5,513","6,549","84.18079096045%"
"2024-07-01","A DIVISION","3","2","1,298","1,662","78.09867629362%"
"2024-07-01","A DIVISION","4","1","6,813","8,146","83.63614043702%"
"2024-07-01","A DIVISION","4","2","1,748","2,416","72.35099337748%"
"2024-07-01","A DIVISION","5","1","5,973","7,110","84.00843881857%"
"2024-07-01","A DIVISION","5","2","1,827","2,012","90.80516898608%"
"2024-07-01","A DIVISION","6","1","10,071","12,444","80.93056894889%"
"2024-07-01","A DIVISION","6","2","2,565","3,086","83.11730395334%"
"2024-07-01","A DIVISION","7","1","13,144","14,118","93.10100580819%"
"2024-07-01","A DIVISION","7","2","3,397","3,529","96.25956361576%"
"2024-07-01","A DIVISION","GS","1","11,480","11,508","99.75669099757%"
"2024-07-01","A DIVISION","GS","2","3,081","3,090","99.70873786408%"
"2024-07-01","B DIVISION","A","1","6,306","8,251","76.42709974549%"
"2024-07-01","B DIVISION","A","2","1,371","2,530","54.18972332016%"
"2024-07-01","B DIVISION","B","1","2,875","4,553","63.14517900286%"
"2024-07-01","B DIVISION","C","1","3,051","4,662","65.44401544402%"
"2024-07-01","B DIVISION","C","2","664","1,410","47.09219858156%"
"2024-07-01","B DIVISION","D","1","4,496","6,436","69.85705407085%"
"2024-07-01","B DIVISION","D","2","1,309","1,947","67.23163841808%"
"2024-07-01","B DIVISION","E","1","7,143","9,020","79.19068736142%"
"2024-07-01","B DIVISION","E","2","1,689","1,896","89.08227848101%"
"2024-07-01","B DIVISION","F","1","5,810","8,238","70.52682689973%"
"2024-07-01","B DIVISION","F","2","1,430","1,896","75.42194092827%"
"2024-07-01","B DIVISION","FS","1","4,912","4,929","99.65510245486%"
"2024-07-01","B DIVISION","FS","2","1,491","1,492","99.93297587131%"
"2024-07-01","B DIVISION","G","1","5,194","5,649","91.94547707559%"
"2024-07-01","B DIVISION","G","2","1,966","2,100","93.61904761905%"
"2024-07-01","B DIVISION","H","1","3,560","3,697","96.29429266973%"
"2024-07-01","B DIVISION","H","2","1,278","1,419","90.06342494715%"
"2024-07-01","B DIVISION","J","1","4,963","6,281","79.016080242%"
"2024-07-01","B DIVISION","J","2","2,011","2,228","90.26032315978%"
"2024-07-01","B DIVISION","L","1","10,379","11,985","86.59991656237%"
"2024-07-01","B DIVISION","L","2","3,740","3,942","94.87569761542%"
"2024-07-01","B DIVISION","M","1","4,672","6,130","76.21533442088%"
"2024-07-01","B DIVISION","M","2","2,233","2,290","97.51091703057%"
"2024-07-01","B DIVISION","N","1","7,690","9,908","77.61404925313%"
"2024-07-01","B DIVISION","N","2","1,472","1,944","75.72016460905%"
"2024-07-01","B DIVISION","Q","1","5,288","6,612","79.9758015729%"
"2024-07-01","B DIVISION","Q","2","2,010","2,400","83.75%"
"2024-07-01","B DIVISION","R","1","4,820","6,317","76.3020421086%"
"2024-07-01","B DIVISION","R","2","1,589","1,864","85.24678111588%"
"2024-08-01","A DIVISION","1","1","8,380","10,152","82.54531126872%"
"2024-08-01","A DIVISION","1","2","2,615","2,934","89.12747102931%"
"2024-08-01","A DIVISION","2","1","5,378","7,537","71.3546503914%"
"2024-08-01","A DIVISION","2","2","1,687","2,430","69.42386831276%"
"2024-08-01","A DIVISION","3","1","5,244","6,172","84.9643551523%"
"2024-08-01","A DIVISION","3","2","1,323","1,781","74.28411005053%"
"2024-08-01","A DIVISION","4","1","6,906","8,146","84.7778050577%"
"2024-08-01","A DIVISION","4","2","1,961","2,416","81.16721854305%"
"2024-08-01","A DIVISION","5","1","5,806","7,102","81.75161926218%"
"2024-08-01","A DIVISION","5","2","1,211","1,324","91.46525679758%"
"2024-08-01","A DIVISION","6","1","9,539","12,230","77.99672935405%"
"2024-08-01","A DIVISION","6","2","2,278","2,818","80.83747338538%"
"2024-08-01","A DIVISION","7","1","12,607","14,128","89.23414496036%"
"2024-08-01","A DIVISION","7","2","3,378","3,784","89.27061310782%"
"2024-08-01","A DIVISION","GS","1","11,108","11,402","97.42150499912%"
"2024-08-01","A DIVISION","GS","2","3,223","3,304","97.54842615012%"
"2024-08-01","B DIVISION","A","1","6,426","8,345","77.00419412822%"
"2024-08-01","B DIVISION","A","2","1,640","2,530","64.82213438735%"
"2024-08-01","B DIVISION","B","1","2,528","4,667","54.16755946004%"
"2024-08-01","B DIVISION","C","1","3,274","4,820","67.92531120332%"
"2024-08-01","B DIVISION","C","2","737","1,410","52.2695035461%"
"2024-08-01","B DIVISION","D","1","4,702","6,633","70.88798432082%"
"2024-08-01","B DIVISION","D","2","1,351","1,944","69.49588477366%"
"2024-08-01","B DIVISION","E","1","7,160","9,020","79.37915742794%"
"2024-08-01","B DIVISION","E","2","1,665","1,896","87.8164556962%"
"2024-08-01","B DIVISION","F","1","6,391","8,633","74.02988532376%"
"2024-08-01","B DIVISION","F","2","1,431","1,888","75.79449152542%"
"2024-08-01","B DIVISION","FS","1","5,117","5,127","99.80495416423%"
"2024-08-01","B DIVISION","FS","2","1,072","1,072","100%"
"2024-08-01","B DIVISION","G","1","5,412","5,758","93.99096908649%"
"2024-08-01","B DIVISION","G","2","1,956","2,056","95.13618677043%"
"2024-08-01","B DIVISION","H","1","3,565","3,696","96.45562770563%"
"2024-08-01","B DIVISION","H","2","1,335","1,419","94.08033826638%"
"2024-08-01","B DIVISION","J","1","5,348","6,582","81.25189911881%"
"2024-08-01","B DIVISION","J","2","1,975","2,132","92.63602251407%"
"2024-08-01","B DIVISION","L","1","10,971","12,003","91.40214946263%"
"2024-08-01","B DIVISION","L","2","3,699","3,928","94.1700610998%"
"2024-08-01","B DIVISION","M","1","5,064","6,424","78.82938978829%"
"2024-08-01","B DIVISION","M","2","2,238","2,290","97.72925764192%"
"2024-08-01","B DIVISION","N","1","7,913","10,376","76.26252891288%"
"2024-08-01","B DIVISION","N","2","1,321","2,068","63.87814313346%"
"2024-08-01","B DIVISION","Q","1","5,342","6,813","78.40892411566%"
"2024-08-01","B DIVISION","Q","2","2,004","2,344","85.49488054608%"
"2024-08-01","B DIVISION","R","1","5,039","6,638","75.91141910214%"
"2024-08-01","B DIVISION","R","2","1,597","1,862","85.76799140709%"
"2024-09-01","A DIVISION","1","1","7,553","9,222","81.90197354153%"
"2024-09-01","A DIVISION","1","2","2,877","3,144","91.50763358779%"
"2024-09-01","A DIVISION","2","1","5,128","7,029","72.95490112392%"
"2024-09-01","A DIVISION","2","2","2,505","3,492","71.735395189%"
"2024-09-01","A DIVISION","3","1","4,682","5,452","85.87674247982%"
"2024-09-01","A DIVISION","3","2","692","1,026","67.44639376218%"
"2024-09-01","A DIVISION","4","1","6,125","7,513","81.52535604951%"
"2024-09-01","A DIVISION","4","2","2,001","2,640","75.79545454545%"
"2024-09-01","A DIVISION","5","1","4,984","6,263","79.57847676832%"
"2024-09-01","A DIVISION","5","2","2,551","2,699","94.516487588%"
"2024-09-01","A DIVISION","6","1","8,619","11,038","78.08479797065%"
"2024-09-01","A DIVISION","6","2","2,597","3,084","84.20881971466%"
"2024-09-01","A DIVISION","7","1","12,061","12,840","93.93302180685%"
"2024-09-01","A DIVISION","7","2","3,292","3,577","92.03242941012%"
"2024-09-01","A DIVISION","S 42nd","1","11,119","11,210","99.18822479929%"
"2024-09-01","A DIVISION","S 42nd","2","3,778","3,780","99.94708994709%"
"2024-09-01","B DIVISION","A","1","5,971","7,591","78.65893821631%"
"2024-09-01","B DIVISION","A","2","2,464","3,096","79.58656330749%"
"2024-09-01","B DIVISION","B","1","2,291","4,335","52.84890426759%"
"2024-09-01","B DIVISION","C","1","3,230","4,392","73.54280510018%"
"2024-09-01","B DIVISION","C","2","1,122","1,548","72.48062015504%"
"2024-09-01","B DIVISION","D","1","4,344","5,920","73.37837837838%"
"2024-09-01","B DIVISION","D","2","1,818","2,160","84.16666666667%"
"2024-09-01","B DIVISION","E","1","6,493","8,200","79.18292682927%"
"2024-09-01","B DIVISION","E","2","1,802","2,088","86.30268199234%"
"2024-09-01","B DIVISION","F","1","5,225","7,843","66.61991584853%"
"2024-09-01","B DIVISION","F","2","1,526","2,076","73.50674373796%"
"2024-09-01","B DIVISION","G","1","4,652","6,006","77.45587745588%"
"2024-09-01","B DIVISION","G","2","2,017","2,412","83.62354892206%"
"2024-09-01","B DIVISION","JZ","1","4,656","5,949","78.26525466465%"
"2024-09-01","B DIVISION","JZ","2","3,011","3,374","89.24125666864%"
"2024-09-01","B DIVISION","L","1","10,098","10,920","92.47252747253%"
"2024-09-01","B DIVISION","L","2","3,710","3,982","93.16926167755%"
"2024-09-01","B DIVISION","M","1","4,702","5,841","80.49991439822%"
"2024-09-01","B DIVISION","M","2","1,405","1,471","95.51325628824%"
"2024-09-01","B DIVISION","N","1","7,122","9,469","75.21385573978%"
"2024-09-01","B DIVISION","N","2","1,994","2,600","76.69230769231%"
"2024-09-01","B DIVISION","Q","1","4,663","6,386","73.01910429064%"
"2024-09-01","B DIVISION","Q","2","2,206","2,598","84.91147036182%"
"2024-09-01","B DIVISION","R","1","4,882","6,058","80.58765269066%"
"2024-09-01","B DIVISION","R","2","1,874","2,154","87.00092850511%"
"2024-09-01","B DIVISION","S Fkln","1","4,668","4,704","99.23469387755%"
"2024-09-01","B DIVISION","S Fkln","2","2,084","2,092","99.61759082218%"
"2024-09-01","B DIVISION","S Rock","1","3,206","3,363","95.33154921201%"
"2024-09-01","B DIVISION","S Rock","2","1,515","1,544","98.12176165803%"
"2024-10-01","A DIVISION","1","1","9,086","11,046","82.25602027883%"
"2024-10-01","A DIVISION","1","2","2,043","2,348","87.01022146508%"
"2024-10-01","A DIVISION","2","1","5,789","7,708","75.10378827193%"
"2024-10-01","A DIVISION","2","2","1,217","1,706","71.33645955451%"
"2024-10-01","A DIVISION","3","1","5,802","6,738","86.10863757792%"
"2024-10-01","A DIVISION","3","2","1,174","1,616","72.64851485149%"
"2024-10-01","A DIVISION","4","1","7,073","8,573","82.50320774525%"
"2024-10-01","A DIVISION","4","2","1,532","1,854","82.63214670982%"
"2024-10-01","A DIVISION","5","1","6,341","7,451","85.10267078245%"
"2024-10-01","A DIVISION","5","2","954","1,071","89.0756302521%"
"2024-10-01","A DIVISION","6","1","10,294","12,810","80.35909445746%"
"2024-10-01","A DIVISION","6","2","1,692","2,084","81.19001919386%"
"2024-10-01","A DIVISION","7","1","13,592","14,919","91.10530196394%"
"2024-10-01","A DIVISION","7","2","1,966","2,130","92.30046948357%"
"2024-10-01","A DIVISION","S 42nd","1","12,161","12,174","99.89321504846%"
"2024-10-01","A DIVISION","S 42nd","2","2,318","2,360","98.22033898305%"
"2024-10-01","B DIVISION","A","1","6,980","8,654","80.65634388722%"
"2024-10-01","B DIVISION","A","2","1,551","2,188","70.88665447898%"
"2024-10-01","B DIVISION","B","1","2,831","4,703","60.19561981714%"
"2024-10-01","B DIVISION","C","1","3,867","5,106","75.73443008226%"
"2024-10-01","B DIVISION","C","2","646","1,086","59.48434622468%"
"2024-10-01","B DIVISION","D","1","4,858","6,808","71.35722679201%"
"2024-10-01","B DIVISION","D","2","1,164","1,512","76.98412698413%"
"2024-10-01","B DIVISION","E","1","7,720","9,430","81.86638388123%"
"2024-10-01","B DIVISION","E","2","1,233","1,464","84.22131147541%"
"2024-10-01","B DIVISION","F","1","6,587","9,016","73.05900621118%"
"2024-10-01","B DIVISION","F","2","940","1,456","64.56043956044%"
"2024-10-01","B DIVISION","G","1","5,696","7,118","80.02247822422%"
"2024-10-01","B DIVISION","G","2","2,716","2,804","96.86162624822%"
"2024-10-01","B DIVISION","JZ","1","5,435","6,871","79.10056760297%"
"2024-10-01","B DIVISION","JZ","2","1,416","1,528","92.67015706806%"
"2024-10-01","B DIVISION","L","1","11,792","12,550","93.96015936255%"
"2024-10-01","B DIVISION","L","2","2,805","2,932","95.66848567531%"
"2024-10-01","B DIVISION","M","1","5,530","6,716","82.34067897558%"
"2024-10-01","B DIVISION","M","2","1,708","1,730","98.72832369942%"
"2024-10-01","B DIVISION","N","1","8,481","11,250","75.38666666667%"
"2024-10-01","B DIVISION","N","2","1,209","1,512","79.96031746032%"
"2024-10-01","B DIVISION","Q","1","5,803","7,549","76.87110875613%"
"2024-10-01","B DIVISION","Q","2","2,320","2,532","91.62717219589%"
"2024-10-01","B DIVISION","R","1","5,287","6,918","76.42382191385%"
"2024-10-01","B DIVISION","R","2","1,217","1,430","85.1048951049%"
"2024-10-01","B DIVISION","S Fkln","1","5,284","5,384","98.1426448737%"
"2024-10-01","B DIVISION","S Fkln","2","1,468","1,470","99.86394557823%"
"2024-10-01","B DIVISION","S Rock","1","3,591","3,812","94.20251836306%"
"2024-10-01","B DIVISION","S Rock","2","447","459","97.38562091503%"
"2024-11-01","A DIVISION","1","1","7,669","9,249","82.9170721159%"
"2024-11-01","A DIVISION","1","2","2,804","3,284","85.38367844093%"
"2024-11-01","A DIVISION","2","1","4,699","6,576","71.45681265207%"
"2024-11-01","A DIVISION","2","2","1,596","2,499","63.86554621849%"
"2024-11-01","A DIVISION","3","1","5,131","6,054","84.75388173109%"
"2024-11-01","A DIVISION","3","2","1,647","2,285","72.07877461707%"
"2024-11-01","A DIVISION","4","1","6,205","7,399","83.86268414651%"
"2024-11-01","A DIVISION","4","2","2,275","3,014","75.48108825481%"
"2024-11-01","A DIVISION","5","1","5,428","6,476","83.81717109327%"
"2024-11-01","A DIVISION","5","2","1,694","2,257","75.0553832521%"
"2024-11-01","A DIVISION","6","1","8,615","11,039","78.04148926533%"
"2024-11-01","A DIVISION","6","2","2,657","3,127","84.96961944356%"
"2024-11-01","A DIVISION","7","1","11,724","12,834","91.35109864423%"
"2024-11-01","A DIVISION","7","2","2,969","3,183","93.27678290921%"
"2024-11-01","A DIVISION","S 42nd","1","11,088","11,140","99.53321364452%"
"2024-11-01","A DIVISION","S 42nd","2","3,963","3,968","99.87399193548%"
"2024-11-01","B DIVISION","A","1","6,170","7,839","78.70901900753%"
"2024-11-01","B DIVISION","A","2","2,686","3,660","73.38797814208%"
"2024-11-01","B DIVISION","B","1","2,497","3,928","63.56924643585%"
"2024-11-01","B DIVISION","C","1","3,187","4,440","71.77927927928%"
"2024-11-01","B DIVISION","C","2","655","936","69.97863247863%"
"2024-11-01","B DIVISION","D","1","4,550","6,307","72.14206437292%"
"2024-11-01","B DIVISION","D","2","2,670","3,034","88.00263678312%"
"2024-11-01","B DIVISION","E","1","6,316","8,200","77.0243902439%"
"2024-11-01","B DIVISION","E","2","2,311","2,680","86.23134328358%"
"2024-11-01","B DIVISION","F","1","5,492","7,840","70.05102040816%"
"2024-11-01","B DIVISION","F","2","1,584","2,093","75.68084089823%"
"2024-11-01","B DIVISION","G","1","5,173","6,129","84.40202316854%"
"2024-11-01","B DIVISION","G","2","3,306","3,444","95.99303135889%"
"2024-11-01","B DIVISION","JZ","1","4,767","5,984","79.66243315508%"
"2024-11-01","B DIVISION","JZ","2","2,220","2,460","90.24390243902%"
"2024-11-01","B DIVISION","L","1","10,193","10,912","93.41092375367%"
"2024-11-01","B DIVISION","L","2","3,379","3,681","91.79570768813%"
"2024-11-01","B DIVISION","M","1","4,847","5,840","82.99657534247%"
"2024-11-01","B DIVISION","M","2","2,461","2,524","97.50396196513%"
"2024-11-01","B DIVISION","N","1","7,531","9,448","79.7099915326%"
"2024-11-01","B DIVISION","N","2","1,878","2,360","79.57627118644%"
"2024-11-01","B DIVISION","Q","1","5,273","6,318","83.45995568218%"
"2024-11-01","B DIVISION","Q","2","2,706","2,936","92.16621253406%"
"2024-11-01","B DIVISION","R","1","4,770","6,055","78.77786952931%"
"2024-11-01","B DIVISION","R","2","1,965","2,160","90.97222222222%"
"2024-11-01","B DIVISION","S Fkln","1","4,699","4,716","99.6395250212%"
"2024-11-01","B DIVISION","S Fkln","2","2,115","2,120","99.7641509434%"
"2024-11-01","B DIVISION","S Rock","1","3,151","3,256","96.77518427518%"
"2024-11-01","B DIVISION","S Rock","2","306","310","98.70967741935%"
"2024-12-01","A DIVISION","1","1","7,689","9,711","79.17825146741%"
"2024-12-01","A DIVISION","1","2","2,907","3,240","89.72222222222%"
"2024-12-01","A DIVISION","2","1","4,693","6,997","67.07160211519%"
"2024-12-01","A DIVISION","2","2","1,772","2,690","65.87360594796%"
"2024-12-01","A DIVISION","3","1","5,227","6,229","83.91395087494%"
"2024-12-01","A DIVISION","3","2","1,389","1,710","81.22807017544%"
"2024-12-01","A DIVISION","4","1","6,322","7,766","81.40612928148%"
"2024-12-01","A DIVISION","4","2","2,094","2,640","79.31818181818%"
"2024-12-01","A DIVISION","5","1","5,329","6,840","77.90935672515%"
"2024-12-01","A DIVISION","5","2","1,829","2,229","82.05473306415%"
"2024-12-01","A DIVISION","6","1","9,797","11,740","83.44974446337%"
"2024-12-01","A DIVISION","6","2","2,811","3,166","88.78711307644%"
"2024-12-01","A DIVISION","7","1","12,056","13,486","89.39641109299%"
"2024-12-01","A DIVISION","7","2","3,548","3,708","95.68500539374%"
"2024-12-01","A DIVISION","S 42nd","1","11,084","11,088","99.96392496392%"
"2024-12-01","A DIVISION","S 42nd","2","3,558","3,568","99.7197309417%"
"2024-12-01","B DIVISION","A","1","6,265","7,908","79.22357106727%"
"2024-12-01","B DIVISION","A","2","1,865","2,794","66.7501789549%"
"2024-12-01","B DIVISION","B","1","2,639","4,416","59.75996376812%"
"2024-12-01","B DIVISION","C","1","3,279","4,704","69.70663265306%"
"2024-12-01","B DIVISION","C","2","975","1,548","62.98449612403%"
"2024-12-01","B DIVISION","D","1","4,888","6,436","75.94779366066%"
"2024-12-01","B DIVISION","D","2","1,715","2,162","79.32469935245%"
"2024-12-01","B DIVISION","E","1","6,033","8,610","70.06968641115%"
"2024-12-01","B DIVISION","E","2","1,839","2,088","88.07471264368%"
"2024-12-01","B DIVISION","F","1","5,264","8,232","63.94557823129%"
"2024-12-01","B DIVISION","F","2","1,372","2,076","66.08863198459%"
"2024-12-01","B DIVISION","G","1","4,866","6,290","77.36089030207%"
"2024-12-01","B DIVISION","G","2","2,181","2,560","85.1953125%"
"2024-12-01","B DIVISION","JZ","1","5,265","6,251","84.2265237562%"
"2024-12-01","B DIVISION","JZ","2","2,242","2,432","92.1875%"
"2024-12-01","B DIVISION","L","1","10,281","11,450","89.7903930131%"
"2024-12-01","B DIVISION","L","2","3,113","3,353","92.84223083806%"
"2024-12-01","B DIVISION","M","1","5,228","6,132","85.25766470972%"
"2024-12-01","B DIVISION","M","2","2,415","2,490","96.98795180723%"
"2024-12-01","B DIVISION","N","1","7,599","9,929","76.53338704804%"
"2024-12-01","B DIVISION","N","2","1,709","2,330","73.34763948498%"
"2024-12-01","B DIVISION","Q","1","4,980","6,877","72.41529736804%"
"2024-12-01","B DIVISION","Q","2","2,282","2,880","79.23611111111%"
"2024-12-01","B DIVISION","R","1","4,503","6,358","70.82415854042%"
"2024-12-01","B DIVISION","R","2","1,870","2,154","86.81522748375%"
"2024-12-01","B DIVISION","S Fkln","1","4,887","4,934","99.04742602351%"
"2024-12-01","B DIVISION","S Fkln","2","2,080","2,098","99.14204003813%"
"2024-12-01","B DIVISION","S Rock","1","3,355","3,528","95.09637188209%"
"2024-12-01","B DIVISION","S Rock","2","1,415","1,541","91.82349123945%"
"2025-01-01","A DIVISION","1","1","8,510","10,164","83.72687918142%"
"2025-01-01","A DIVISION","1","2","2,335","2,847","82.01615735862%"
"2025-01-01","A DIVISION","2","1","5,065","7,100","71.33802816901%"
"2025-01-01","A DIVISION","2","2","1,358","2,140","63.45794392523%"
"2025-01-01","A DIVISION","3","1","5,396","6,562","82.23102712588%"
"2025-01-01","A DIVISION","3","2","1,426","1,983","71.91124558749%"
"2025-01-01","A DIVISION","4","1","6,521","8,142","80.09088676001%"
"2025-01-01","A DIVISION","4","2","2,284","2,736","83.47953216374%"
"2025-01-01","A DIVISION","5","1","5,416","7,140","75.85434173669%"
"2025-01-01","A DIVISION","5","2","2,093","2,273","92.08095028597%"
"2025-01-01","A DIVISION","6","1","10,367","12,254","84.60094662967%"
"2025-01-01","A DIVISION","6","2","2,419","2,784","86.88936781609%"
"2025-01-01","A DIVISION","7","1","13,193","14,121","93.42822746264%"
"2025-01-01","A DIVISION","7","2","2,528","2,816","89.77272727273%"
"2025-01-01","A DIVISION","S 42nd","1","11,874","11,876","99.9831593129%"
"2025-01-01","A DIVISION","S 42nd","2","3,558","3,568","99.7197309417%"
"2025-01-01","B DIVISION","A","1","6,840","8,515","80.32883147387%"
"2025-01-01","B DIVISION","A","2","2,765","3,372","81.99881376038%"
"2025-01-01","B DIVISION","B","1","2,897","4,734","61.19560625264%"
"2025-01-01","B DIVISION","C","1","3,488","4,884","71.41687141687%"
"2025-01-01","B DIVISION","C","2","641","774","82.8165374677%"
"2025-01-01","B DIVISION","D","1","5,227","6,778","77.11714370021%"
"2025-01-01","B DIVISION","D","2","2,589","2,819","91.84107839659%"
"2025-01-01","B DIVISION","E","1","7,186","9,020","79.66740576497%"
"2025-01-01","B DIVISION","E","2","2,149","2,464","87.21590909091%"
"2025-01-01","B DIVISION","F","1","5,924","8,624","68.69202226345%"
"2025-01-01","B DIVISION","F","2","1,486","1,874","79.29562433298%"
"2025-01-01","B DIVISION","G","1","4,827","6,796","71.02707474985%"
"2025-01-01","B DIVISION","G","2","1,576","2,315","68.0777537797%"
"2025-01-01","B DIVISION","JZ","1","5,842","6,543","89.28626012532%"
"2025-01-01","B DIVISION","JZ","2","2,016","2,200","91.63636363636%"
"2025-01-01","B DIVISION","L","1","10,960","12,004","91.30289903366%"
"2025-01-01","B DIVISION","L","2","3,582","3,882","92.27202472952%"
"2025-01-01","B DIVISION","M","1","5,813","6,422","90.51697290564%"
"2025-01-01","B DIVISION","M","2","2,175","2,244","96.92513368984%"
"2025-01-01","B DIVISION","N","1","7,952","10,384","76.57935285054%"
"2025-01-01","B DIVISION","N","2","1,642","2,074","79.17068466731%"
"2025-01-01","B DIVISION","Q","1","5,734","7,253","79.05694195505%"
"2025-01-01","B DIVISION","Q","2","3,043","3,358","90.61941631924%"
"2025-01-01","B DIVISION","R","1","4,773","6,596","72.36203759854%"
"2025-01-01","B DIVISION","R","2","1,557","1,780","87.47191011236%"
"2025-01-01","B DIVISION","S Fkln","1","5,130","5,180","99.03474903475%"
"2025-01-01","B DIVISION","S Fkln","2","2,136","2,142","99.71988795518%"
"2025-01-01","B DIVISION","S Rock","1","3,602","3,713","97.01050363587%"
"2025-01-01","B DIVISION","S Rock","2","1,100","1,117","98.47806624888%"
"2025-02-01","A DIVISION","1","1","7,077","8,754","80.84304318026%"
"2025-02-01","A DIVISION","1","2","2,261","2,646","85.44973544974%"
"2025-02-01","A DIVISION","2","1","4,396","6,118","71.85354691076%"
"2025-02-01","A DIVISION","2","2","1,336","1,904","70.16806722689%"
"2025-02-01","A DIVISION","3","1","4,446","5,551","80.09367681499%"
"2025-02-01","A DIVISION","3","2","1,243","1,880","66.1170212766%"
"2025-02-01","A DIVISION","4","1","5,751","7,033","81.7716479454%"
"2025-02-01","A DIVISION","4","2","1,789","2,418","73.98676592225%"
"2025-02-01","A DIVISION","5","1","4,986","6,145","81.13913751017%"
"2025-02-01","A DIVISION","5","2","1,496","1,769","84.56755228943%"
"2025-02-01","A DIVISION","6","1","8,877","10,598","83.76108699755%"
"2025-02-01","A DIVISION","6","2","2,291","2,736","83.73538011696%"
"2025-02-01","A DIVISION","7","1","11,042","12,189","90.58987611781%"
"2025-02-01","A DIVISION","7","2","2,824","2,954","95.59918754232%"
"2025-02-01","A DIVISION","S 42nd","1","10,125","10,142","99.83238020114%"
"2025-02-01","A DIVISION","S 42nd","2","3,419","3,452","99.04403244496%"
"2025-02-01","B DIVISION","A","1","5,933","7,125","83.2701754386%"
"2025-02-01","B DIVISION","A","2","2,182","2,530","86.24505928854%"
"2025-02-01","B DIVISION","B","1","2,697","4,056","66.49408284024%"
"2025-02-01","B DIVISION","C","1","3,122","4,218","74.01612138454%"
"2025-02-01","B DIVISION","C","2","1,172","1,410","83.12056737589%"
"2025-02-01","B DIVISION","D","1","4,283","5,764","74.30603747398%"
"2025-02-01","B DIVISION","D","2","1,565","1,944","80.50411522634%"
"2025-02-01","B DIVISION","E","1","5,765","7,790","74.00513478819%"
"2025-02-01","B DIVISION","E","2","1,522","1,896","80.27426160338%"
"2025-02-01","B DIVISION","F","1","5,020","7,448","67.40064446831%"
"2025-02-01","B DIVISION","F","2","1,146","1,888","60.69915254237%"
"2025-02-01","B DIVISION","G","1","4,374","5,760","75.9375%"
"2025-02-01","B DIVISION","G","2","2,169","2,614","82.97628156083%"
"2025-02-01","B DIVISION","JZ","1","5,027","5,663","88.76920360233%"
"2025-02-01","B DIVISION","JZ","2","2,133","2,196","97.13114754098%"
"2025-02-01","B DIVISION","L","1","9,260","10,366","89.33050356936%"
"2025-02-01","B DIVISION","L","2","3,724","3,928","94.80651731161%"
"2025-02-01","B DIVISION","M","1","4,596","5,510","83.41197822142%"
"2025-02-01","B DIVISION","M","2","1,260","1,272","99.05660377358%"
"2025-02-01","B DIVISION","N","1","7,048","8,918","79.03117290872%"
"2025-02-01","B DIVISION","N","2","1,551","2,232","69.48924731183%"
"2025-02-01","B DIVISION","Q","1","4,827","6,021","80.16940707524%"
"2025-02-01","B DIVISION","Q","2","2,656","2,912","91.20879120879%"
"2025-02-01","B DIVISION","R","1","3,979","5,633","70.6373158175%"
"2025-02-01","B DIVISION","R","2","1,651","1,944","84.92798353909%"
"2025-02-01","B DIVISION","S Fkln","1","4,505","4,522","99.62406015038%"
"2025-02-01","B DIVISION","S Fkln","2","2,137","2,142","99.76657329599%"
"2025-02-01","B DIVISION","S Rock","1","3,292","3,306","99.57652752571%"
"2025-02-01","B DIVISION","S Rock","2","1,544","1,566","98.59514687101%"
"2025-03-01","A DIVISION","1","1","7,983","9,982","79.97395311561%"
"2025-03-01","A DIVISION","1","2","2,639","3,010","87.67441860465%"
"2025-03-01","A DIVISION","2","1","4,760","6,744","70.581257414%"
"2025-03-01","A DIVISION","2","2","1,531","2,204","69.46460980036%"
"2025-03-01","A DIVISION","3","1","5,046","6,139","82.19579736113%"
"2025-03-01","A DIVISION","3","2","1,477","2,110","70%"
"2025-03-01","A DIVISION","4","1","6,609","7,773","85.02508683906%"
"2025-03-01","A DIVISION","4","2","2,281","2,664","85.62312312312%"
"2025-03-01","A DIVISION","5","1","5,420","6,807","79.62391655649%"
"2025-03-01","A DIVISION","5","2","1,626","1,919","84.73163105784%"
"2025-03-01","A DIVISION","6","1","10,478","12,462","84.07960199005%"
"2025-03-01","A DIVISION","6","2","2,958","3,388","87.30814639906%"
"2025-03-01","A DIVISION","7","1","12,069","13,476","89.55921638468%"
"2025-03-01","A DIVISION","7","2","3,315","3,448","96.14269141531%"
"2025-03-01","A DIVISION","S 42nd","1","11,004","11,018","99.87293519695%"
"2025-03-01","A DIVISION","S 42nd","2","3,818","3,824","99.84309623431%"
"2025-03-01","B DIVISION","A","1","6,761","7,875","85.85396825397%"
"2025-03-01","B DIVISION","A","2","2,295","2,797","82.05219878441%"
"2025-03-01","B DIVISION","B","1","3,372","4,514","74.70093043864%"
"2025-03-01","B DIVISION","C","1","3,483","4,662","74.71042471042%"
"2025-03-01","B DIVISION","C","2","1,060","1,560","67.94871794872%"
"2025-03-01","B DIVISION","D","1","5,186","6,390","81.15805946792%"
"2025-03-01","B DIVISION","D","2","2,343","2,583","90.70847851336%"
"2025-03-01","B DIVISION","E","1","6,489","8,470","76.61157024793%"
"2025-03-01","B DIVISION","E","2","1,792","2,094","85.57784145177%"
"2025-03-01","B DIVISION","F","1","5,981","8,160","73.29656862745%"
"2025-03-01","B DIVISION","F","2","1,438","2,074","69.33461909354%"
"2025-03-01","B DIVISION","G","1","5,346","6,529","81.88083933221%"
"2025-03-01","B DIVISION","G","2","2,079","2,570","80.89494163424%"
"2025-03-01","B DIVISION","JZ","1","5,549","6,259","88.65633487778%"
"2025-03-01","B DIVISION","JZ","2","2,172","2,424","89.60396039604%"
"2025-03-01","B DIVISION","L","1","10,659","11,458","93.02670623145%"
"2025-03-01","B DIVISION","L","2","4,555","4,714","96.62706830717%"
"2025-03-01","B DIVISION","M","1","5,126","6,098","84.06034765497%"
"2025-03-01","B DIVISION","M","2","1,486","1,518","97.89196310935%"
"2025-03-01","B DIVISION","N","1","8,448","10,390","81.30895091434%"
"2025-03-01","B DIVISION","N","2","2,024","2,526","80.12668250198%"
"2025-03-01","B DIVISION","Q","1","5,437","6,611","82.24171834821%"
"2025-03-01","B DIVISION","Q","2","2,351","2,606","90.21488871834%"
"2025-03-01","B DIVISION","R","1","5,051","6,231","81.06242978655%"
"2025-03-01","B DIVISION","R","2","1,957","2,154","90.85422469824%"
"2025-03-01","B DIVISION","S Fkln","1","4,975","4,998","99.53981592637%"
"2025-03-01","B DIVISION","S Fkln","2","2,241","2,252","99.51154529307%"
"2025-03-01","B DIVISION","S Rock","1","3,576","3,654","97.86535303777%"
"2025-03-01","B DIVISION","S Rock","2","1,710","1,734","98.61591695502%"
"2025-04-01","A DIVISION","1","1","8,655","10,316","83.89879798371%"
"2025-04-01","A DIVISION","1","2","2,359","2,528","93.31487341772%"
"2025-04-01","A DIVISION","2","1","5,060","7,184","70.43429844098%"
"2025-04-01","A DIVISION","2","2","1,276","1,892","67.44186046512%"
"2025-04-01","A DIVISION","3","1","5,297","6,237","84.92865159532%"
"2025-04-01","A DIVISION","3","2","1,424","1,799","79.15508615898%"
"2025-04-01","A DIVISION","4","1","6,784","8,134","83.40299975412%"
"2025-04-01","A DIVISION","4","2","1,497","2,136","70.08426966292%"
"2025-04-01","A DIVISION","5","1","5,604","7,126","78.64159416222%"
"2025-04-01","A DIVISION","5","2","1,328","1,595","83.26018808777%"
"2025-04-01","A DIVISION","6","1","11,281","13,139","85.85889337088%"
"2025-04-01","A DIVISION","6","2","2,582","3,176","81.29722921914%"
"2025-04-01","A DIVISION","7","1","12,886","14,150","91.06713780919%"
"2025-04-01","A DIVISION","7","2","2,931","3,248","90.24014778325%"
"2025-04-01","A DIVISION","S 42nd","1","11,526","11,526","100%"
"2025-04-01","A DIVISION","S 42nd","2","2,728","2,728","100%"
"2025-04-01","B DIVISION","A","1","7,095","8,250","86%"
"2025-04-01","B DIVISION","A","2","1,857","2,244","82.75401069519%"
"2025-04-01","B DIVISION","B","1","3,719","4,796","77.54378648874%"
"2025-04-01","B DIVISION","C","1","3,693","4,884","75.61425061425%"
"2025-04-01","B DIVISION","C","2","816","1,248","65.38461538462%"
"2025-04-01","B DIVISION","D","1","5,390","6,512","82.77027027027%"
"2025-04-01","B DIVISION","D","2","1,242","1,728","71.875%"
"2025-04-01","B DIVISION","E","1","6,522","8,625","75.61739130435%"
"2025-04-01","B DIVISION","E","2","1,455","1,680","86.60714285714%"
"2025-04-01","B DIVISION","F","1","6,098","8,360","72.94258373206%"
"2025-04-01","B DIVISION","F","2","1,337","1,672","79.96411483254%"
"2025-04-01","B DIVISION","G","1","5,336","6,843","77.97749525062%"
"2025-04-01","B DIVISION","G","2","2,124","2,356","90.15280135823%"
"2025-04-01","B DIVISION","JZ","1","6,197","6,540","94.75535168196%"
"2025-04-01","B DIVISION","JZ","2","1,693","1,860","91.02150537634%"
"2025-04-01","B DIVISION","L","1","10,514","12,012","87.52913752914%"
"2025-04-01","B DIVISION","L","2","2,811","3,084","91.14785992218%"
"2025-04-01","B DIVISION","M","1","5,358","6,424","83.40597758406%"
"2025-04-01","B DIVISION","M","2","1,975","2,014","98.0635551142%"
"2025-04-01","B DIVISION","N","1","8,081","10,099","80.01782354689%"
"2025-04-01","B DIVISION","N","2","1,287","1,728","74.47916666667%"
"2025-04-01","B DIVISION","Q","1","5,697","6,901","82.55325315172%"
"2025-04-01","B DIVISION","Q","2","2,444","2,580","94.72868217054%"
"2025-04-01","B DIVISION","R","1","5,386","6,579","81.86654506764%"
"2025-04-01","B DIVISION","R","2","1,558","1,728","90.16203703704%"
"2025-04-01","B DIVISION","S Fkln","1","5,218","5,232","99.73241590214%"
"2025-04-01","B DIVISION","S Fkln","2","1,904","1,904","100%"
"2025-04-01","B DIVISION","S Rock","1","3,800","3,828","99.26854754441%"
"2025-04-01","B DIVISION","S Rock","2","1,388","1,392","99.71264367816%"
"2025-05-01","A DIVISION","1","1","7,723","9,714","79.50380893556%"
"2025-05-01","A DIVISION","1","2","3,314","3,636","91.14411441144%"
"2025-05-01","A DIVISION","2","1","5,164","7,091","72.82470737555%"
"2025-05-01","A DIVISION","2","2","1,835","2,592","70.79475308642%"
"2025-05-01","A DIVISION","3","1","5,254","5,970","88.0067001675%"
"2025-05-01","A DIVISION","3","2","1,653","2,071","79.81651376147%"
"2025-05-01","A DIVISION","4","1","6,554","7,772","84.32835820896%"
"2025-05-01","A DIVISION","4","2","2,092","2,670","78.35205992509%"
"2025-05-01","A DIVISION","5","1","5,482","6,722","81.55310919369%"
"2025-05-01","A DIVISION","5","2","2,188","2,355","92.90870488323%"
"2025-05-01","A DIVISION","6","1","10,088","11,702","86.20748589985%"
"2025-05-01","A DIVISION","6","2","2,854","3,160","90.3164556962%"
"2025-05-01","A DIVISION","7","1","12,600","13,482","93.45794392523%"
"2025-05-01","A DIVISION","7","2","3,424","3,920","87.34693877551%"
"2025-05-01","A DIVISION","S 42nd","1","10,989","11,018","99.73679433654%"
"2025-05-01","A DIVISION","S 42nd","2","3,480","3,482","99.94256174612%"
"2025-05-01","B DIVISION","A","1","6,671","7,937","84.04938893789%"
"2025-05-01","B DIVISION","A","2","2,292","2,805","81.71122994652%"
"2025-05-01","B DIVISION","B","1","3,380","4,392","76.95810564663%"
"2025-05-01","B DIVISION","C","1","3,852","4,662","82.62548262548%"
"2025-05-01","B DIVISION","C","2","1,123","1,560","71.98717948718%"
"2025-05-01","B DIVISION","D","1","5,057","6,253","80.87318087318%"
"2025-05-01","B DIVISION","D","2","1,714","2,160","79.35185185185%"
"2025-05-01","B DIVISION","E","1","6,655","8,232","80.84305150632%"
"2025-05-01","B DIVISION","E","2","1,713","2,100","81.57142857143%"
"2025-05-01","B DIVISION","F","1","5,969","7,980","74.79949874687%"
"2025-05-01","B DIVISION","F","2","1,416","2,090","67.75119617225%"
"2025-05-01","B DIVISION","G","1","5,455","6,578","82.92794162359%"
"2025-05-01","B DIVISION","G","2","3,282","3,540","92.71186440678%"
"2025-05-01","B DIVISION","JZ","1","5,720","6,237","91.71075837743%"
"2025-05-01","B DIVISION","JZ","2","2,065","2,260","91.37168141593%"
"2025-05-01","B DIVISION","L","1","10,306","11,616","88.72245179063%"
"2025-05-01","B DIVISION","L","2","4,523","4,720","95.82627118644%"
"2025-05-01","B DIVISION","M","1","5,145","6,132","83.90410958904%"
"2025-05-01","B DIVISION","M","2","2,423","2,510","96.53386454183%"
"2025-05-01","B DIVISION","N","1","8,073","10,059","80.2564867283%"
"2025-05-01","B DIVISION","N","2","2,635","3,248","81.12684729064%"
"2025-05-01","B DIVISION","Q","1","5,522","6,695","82.47946228529%"
"2025-05-01","B DIVISION","Q","2","1,921","2,610","73.60153256705%"
"2025-05-01","B DIVISION","R","1","5,244","6,355","82.51770259638%"
"2025-05-01","B DIVISION","R","2","1,873","2,160","86.71296296296%"
"2025-05-01","B DIVISION","S Fkln","1","4,972","4,998","99.47979191677%"
"2025-05-01","B DIVISION","S Fkln","2","2,380","2,380","100%"
"2025-05-01","B DIVISION","S Rock","1","3,404","3,572","95.2967525196%"
"2025-05-01","B DIVISION","S Rock","2","1,233","1,322","93.26777609682%"
"2025-06-01","A DIVISION","1","1","8,475","9,886","85.72729111875%"
"2025-06-01","A DIVISION","1","2","2,722","3,052","89.1874180865%"
"2025-06-01","A DIVISION","2","1","5,311","6,887","77.11630608393%"
"2025-06-01","A DIVISION","2","2","1,849","2,546","72.62372348782%"
"2025-06-01","A DIVISION","3","1","5,118","6,070","84.31630971993%"
"2025-06-01","A DIVISION","3","2","1,452","1,846","78.65655471289%"
"2025-06-01","A DIVISION","4","1","6,606","7,771","85.00836443186%"
"2025-06-01","A DIVISION","4","2","1,708","2,388","71.5242881072%"
"2025-06-01","A DIVISION","5","1","5,412","6,591","82.11197086937%"
"2025-06-01","A DIVISION","5","2","1,410","1,653","85.29945553539%"
"2025-06-01","A DIVISION","6","1","10,227","11,700","87.41025641026%"
"2025-06-01","A DIVISION","6","2","2,376","2,756","86.21190130624%"
"2025-06-01","A DIVISION","7","1","11,514","13,458","85.55506018725%"
"2025-06-01","A DIVISION","7","2","3,181","3,310","96.10271903323%"
"2025-06-01","A DIVISION","S 42nd","1","10,996","11,088","99.17027417027%"
"2025-06-01","A DIVISION","S 42nd","2","3,314","3,314","100%"
"2025-06-01","B DIVISION","A","1","6,110","8,029","76.09914061527%"
"2025-06-01","B DIVISION","A","2","1,976","2,519","78.44382691544%"
"2025-06-01","B DIVISION","B","1","3,345","4,610","72.55965292842%"
"2025-06-01","B DIVISION","C","1","3,593","4,662","77.06992706993%"
"2025-06-01","B DIVISION","C","2","1,204","1,398","86.12303290415%"
"2025-06-01","B DIVISION","D","1","4,748","6,216","76.38352638353%"
"2025-06-01","B DIVISION","D","2","1,452","1,944","74.69135802469%"
"2025-06-01","B DIVISION","E","1","6,233","8,296","75.13259402122%"
"2025-06-01","B DIVISION","E","2","1,934","2,174","88.96044158234%"
"2025-06-01","B DIVISION","F","1","5,997","8,117","73.88197609954%"
"2025-06-01","B DIVISION","F","2","1,394","1,874","74.386339381%"
"2025-06-01","B DIVISION","G","1","5,164","6,319","81.72179142269%"
"2025-06-01","B DIVISION","G","2","2,008","2,312","86.85121107266%"
"2025-06-01","B DIVISION","JZ","1","5,519","6,239","88.45968905273%"
"2025-06-01","B DIVISION","JZ","2","1,944","2,096","92.74809160305%"
"2025-06-01","B DIVISION","L","1","10,225","11,818","86.5205618548%"
"2025-06-01","B DIVISION","L","2","4,103","4,320","94.97685185185%"
"2025-06-01","B DIVISION","M","1","4,927","6,132","80.34898891063%"
"2025-06-01","B DIVISION","M","2","2,196","2,244","97.86096256684%"
"2025-06-01","B DIVISION","N","1","7,603","9,905","76.75921251893%"
"2025-06-01","B DIVISION","N","2","1,354","1,943","69.68605249614%"
"2025-06-01","B DIVISION","Q","1","5,313","6,615","80.31746031746%"
"2025-06-01","B DIVISION","Q","2","1,842","2,278","80.86040386304%"
"2025-06-01","B DIVISION","R","1","5,210","6,346","82.09895997479%"
"2025-06-01","B DIVISION","R","2","1,795","1,942","92.43048403708%"
"2025-06-01","B DIVISION","S Fkln","1","4,953","4,998","99.09963985594%"
"2025-06-01","B DIVISION","S Fkln","2","2,122","2,142","99.06629318394%"
"2025-06-01","B DIVISION","S Rock","1","3,122","3,528","88.49206349206%"
"2025-06-01","B DIVISION","S Rock","2","1,216","1,398","86.98140200286%"
"2025-07-01","A DIVISION","1","1","8,199","10,348","79.2327019714%"
"2025-07-01","A DIVISION","1","2","3,186","3,424","93.04906542056%"
"2025-07-01","A DIVISION","2","1","5,520","7,187","76.80534298038%"
"2025-07-01","A DIVISION","2","2","2,920","3,412","85.58030480657%"
"2025-07-01","A DIVISION","3","1","5,424","6,379","85.02900141088%"
"2025-07-01","A DIVISION","3","2","1,742","2,085","83.54916067146%"
"2025-07-01","A DIVISION","4","1","7,058","8,145","86.65438919583%"
"2025-07-01","A DIVISION","4","2","1,926","2,430","79.25925925926%"
"2025-07-01","A DIVISION","5","1","5,722","6,732","84.99702911468%"
"2025-07-01","A DIVISION","5","2","1,982","2,248","88.16725978648%"
"2025-07-01","A DIVISION","6","1","10,722","12,310","87.09991876523%"
"2025-07-01","A DIVISION","6","2","2,626","2,900","90.55172413793%"
"2025-07-01","A DIVISION","7","1","12,636","14,124","89.46474086661%"
"2025-07-01","A DIVISION","7","2","3,355","3,526","95.15031196824%"
"2025-07-01","A DIVISION","S 42nd","1","11,380","11,386","99.94730370631%"
"2025-07-01","A DIVISION","S 42nd","2","3,094","3,096","99.9354005168%"
"2025-07-01","B DIVISION","A","1","6,562","8,250","79.53939393939%"
"2025-07-01","B DIVISION","A","2","2,180","2,550","85.49019607843%"
"2025-07-01","B DIVISION","B","1","3,261","4,840","67.37603305785%"
"2025-07-01","B DIVISION","C","1","3,783","4,884","77.457002457%"
"2025-07-01","B DIVISION","C","2","1,210","1,440","84.02777777778%"
"2025-07-01","B DIVISION","D","1","4,900","6,512","75.2457002457%"
"2025-07-01","B DIVISION","D","2","1,589","1,944","81.73868312757%"
"2025-07-01","B DIVISION","E","1","6,013","8,712","69.01974288338%"
"2025-07-01","B DIVISION","E","2","1,626","1,898","85.66912539515%"
"2025-07-01","B DIVISION","F","1","5,816","8,378","69.41990928623%"
"2025-07-01","B DIVISION","F","2","1,471","1,920","76.61458333333%"
"2025-07-01","B DIVISION","G","1","5,793","6,736","86.00059382423%"
"2025-07-01","B DIVISION","G","2","2,136","2,318","92.14840379638%"
"2025-07-01","B DIVISION","JZ","1","5,972","6,533","91.41282718506%"
"2025-07-01","B DIVISION","JZ","2","1,945","2,226","87.37646001797%"
"2025-07-01","B DIVISION","L","1","11,085","12,341","89.8225427437%"
"2025-07-01","B DIVISION","L","2","4,198","4,717","88.99724401102%"
"2025-07-01","B DIVISION","M","1","4,950","6,414","77.17492984097%"
"2025-07-01","B DIVISION","M","2","1,707","1,790","95.36312849162%"
"2025-07-01","B DIVISION","N","1","7,730","10,444","74.01378782076%"
"2025-07-01","B DIVISION","N","2","1,466","1,944","75.41152263374%"
"2025-07-01","B DIVISION","Q","1","5,370","6,930","77.48917748918%"
"2025-07-01","B DIVISION","Q","2","2,111","2,456","85.95276872964%"
"2025-07-01","B DIVISION","R","1","4,883","6,627","73.68341632715%"
"2025-07-01","B DIVISION","R","2","1,754","1,923","91.21164846594%"
"2025-07-01","B DIVISION","S Fkln","1","5,207","5,236","99.4461420932%"
"2025-07-01","B DIVISION","S Fkln","2","2,139","2,142","99.85994397759%"
"2025-07-01","B DIVISION","S Rock","1","3,430","3,696","92.80303030303%"
"2025-07-01","B DIVISION","S Rock","2","1,282","1,422","90.1547116737%"
"2025-08-01","A DIVISION","1","1","8,365","9,672","86.48676592225%"
"2025-08-01","A DIVISION","1","2","3,442","3,744","91.93376068376%"
"2025-08-01","A DIVISION","2","1","5,050","6,886","73.33720592507%"
"2025-08-01","A DIVISION","2","2","2,246","2,956","75.98105548038%"
"2025-08-01","A DIVISION","3","1","5,093","6,126","83.13744694744%"
"2025-08-01","A DIVISION","3","2","1,840","2,307","79.75726051149%"
"2025-08-01","A DIVISION","4","1","6,598","7,670","86.02346805737%"
"2025-08-01","A DIVISION","4","2","1,884","2,546","73.99842890809%"
"2025-08-01","A DIVISION","5","1","5,561","6,734","82.58093258093%"
"2025-08-01","A DIVISION","5","2","2,035","2,207","92.20661531491%"
"2025-08-01","A DIVISION","6","1","10,187","11,728","86.8605047749%"
"2025-08-01","A DIVISION","6","2","2,404","2,836","84.76727785614%"
"2025-08-01","A DIVISION","7","1","12,319","13,482","91.37368342976%"
"2025-08-01","A DIVISION","7","2","3,555","3,920","90.6887755102%"
"2025-08-01","A DIVISION","S 42nd","1","10,974","11,018","99.60065347613%"
"2025-08-01","A DIVISION","S 42nd","2","3,011","3,012","99.96679946879%"
"2025-08-01","B DIVISION","A","1","6,599","7,850","84.06369426752%"
"2025-08-01","B DIVISION","A","2","2,260","2,737","82.5721592985%"
"2025-08-01","B DIVISION","B","1","3,480","4,620","75.32467532468%"
"2025-08-01","B DIVISION","C","1","3,691","4,662","79.17202917203%"
"2025-08-01","B DIVISION","C","2","1,231","1,560","78.91025641026%"
"2025-08-01","B DIVISION","D","1","5,208","6,216","83.78378378378%"
"2025-08-01","B DIVISION","D","2","1,664","2,160","77.03703703704%"
"2025-08-01","B DIVISION","E","1","6,593","8,526","77.32817264837%"
"2025-08-01","B DIVISION","E","2","1,808","2,100","86.09523809524%"
"2025-08-01","B DIVISION","F","1","5,897","8,160","72.26715686275%"
"2025-08-01","B DIVISION","F","2","1,650","2,090","78.94736842105%"
"2025-08-01","B DIVISION","G","1","5,486","6,255","87.70583533173%"
"2025-08-01","B DIVISION","G","2","2,596","2,826","91.86128803963%"
"2025-08-01","B DIVISION","JZ","1","5,518","6,243","88.38699343264%"
"2025-08-01","B DIVISION","JZ","2","1,979","2,234","88.58549686661%"
"2025-08-01","B DIVISION","L","1","10,624","11,458","92.72124279979%"
"2025-08-01","B DIVISION","L","2","4,378","4,720","92.75423728814%"
"2025-08-01","B DIVISION","M","1","5,193","6,121","84.83907858193%"
"2025-08-01","B DIVISION","M","2","1,943","2,014","96.47467725919%"
"2025-08-01","B DIVISION","N","1","7,537","9,620","78.34719334719%"
"2025-08-01","B DIVISION","N","2","1,521","2,408","63.16445182724%"
"2025-08-01","B DIVISION","Q","1","5,158","6,551","78.73607082888%"
"2025-08-01","B DIVISION","Q","2","2,234","2,664","83.85885885886%"
"2025-08-01","B DIVISION","R","1","5,011","6,273","79.88203411446%"
"2025-08-01","B DIVISION","R","2","1,977","2,154","91.78272980501%"
"2025-08-01","B DIVISION","S Fkln","1","4,952","4,998","99.07963185274%"
"2025-08-01","B DIVISION","S Fkln","2","2,378","2,380","99.91596638655%"
"2025-08-01","B DIVISION","S Rock","1","3,370","3,520","95.73863636364%"
"2025-08-01","B DIVISION","S Rock","2","1,198","1,328","90.21084337349%"
"2025-09-01","A DIVISION","1","1","7,835","9,728","80.54070723684%"
"2025-09-01","A DIVISION","1","2","3,162","3,366","93.93939393939%"
"2025-09-01","A DIVISION","2","1","4,742","6,807","69.66358160717%"
"2025-09-01","A DIVISION","2","2","1,328","2,118","62.70066100094%"
"2025-09-01","A DIVISION","3","1","4,803","6,122","78.45475334858%"
"2025-09-01","A DIVISION","3","2","1,426","2,074","68.75602700096%"
"2025-09-01","A DIVISION","4","1","6,261","7,773","80.54805094558%"
"2025-09-01","A DIVISION","4","2","1,956","2,388","81.90954773869%"
"2025-09-01","A DIVISION","5","1","5,419","6,811","79.562472471%"
"2025-09-01","A DIVISION","5","2","1,167","1,310","89.08396946565%"
"2025-09-01","A DIVISION","6","1","9,892","11,674","84.7353092342%"
"2025-09-01","A DIVISION","6","2","2,239","2,660","84.17293233083%"
"2025-09-01","A DIVISION","7","1","12,764","13,786","92.5866821413%"
"2025-09-01","A DIVISION","7","2","3,032","3,610","83.98891966759%"
"2025-09-01","A DIVISION","S 42nd","1","10,703","10,738","99.6740547588%"
"2025-09-01","A DIVISION","S 42nd","2","3,040","3,042","99.93425378041%"
"2025-09-01","B DIVISION","A","1","6,742","7,955","84.75172847266%"
"2025-09-01","B DIVISION","A","2","1,861","2,519","73.8785232235%"
"2025-09-01","B DIVISION","B","1","3,415","4,620","73.91774891775%"
"2025-09-01","B DIVISION","C","1","3,762","4,662","80.69498069498%"
"2025-09-01","B DIVISION","C","2","920","1,399","65.76125804146%"
"2025-09-01","B DIVISION","D","1","5,365","6,253","85.79881656805%"
"2025-09-01","B DIVISION","D","2","2,064","2,373","86.97850821745%"
"2025-09-01","B DIVISION","E","1","7,194","8,610","83.55400696864%"
"2025-09-01","B DIVISION","E","2","1,667","1,884","88.48195329087%"
"2025-09-01","B DIVISION","F","1","6,939","8,568","80.98739495798%"
"2025-09-01","B DIVISION","F","2","1,464","1,874","78.12166488794%"
"2025-09-01","B DIVISION","G","1","5,566","6,315","88.13935075218%"
"2025-09-01","B DIVISION","G","2","2,229","2,346","95.01278772379%"
"2025-09-01","B DIVISION","JZ","1","5,765","6,237","92.43225909893%"
"2025-09-01","B DIVISION","JZ","2","2,053","2,202","93.23342415985%"
"2025-09-01","B DIVISION","L","1","10,493","11,450","91.64192139738%"
"2025-09-01","B DIVISION","L","2","4,073","4,222","96.47086688773%"
"2025-09-01","B DIVISION","M","1","5,393","6,132","87.94846705806%"
"2025-09-01","B DIVISION","M","2","2,211","2,254","98.09228039042%"
"2025-09-01","B DIVISION","N","1","7,449","9,924","75.06045949214%"
"2025-09-01","B DIVISION","N","2","1,824","2,376","76.76767676768%"
"2025-09-01","B DIVISION","Q","1","5,360","6,678","80.26355196167%"
"2025-09-01","B DIVISION","Q","2","1,753","2,250","77.91111111111%"
"2025-09-01","B DIVISION","R","1","5,182","6,328","81.89001264223%"
"2025-09-01","B DIVISION","R","2","1,805","1,935","93.28165374677%"
"2025-09-01","B DIVISION","S Fkln","1","4,993","4,998","99.89995998399%"
"2025-09-01","B DIVISION","S Fkln","2","2,130","2,142","99.43977591036%"
"2025-09-01","B DIVISION","S Rock","1","3,338","3,505","95.23537803138%"
"2025-09-01","B DIVISION","S Rock","2","1,033","1,085","95.20737327189%"
"2025-10-01","A DIVISION","1","1","8,679","10,626","81.67701863354%"
"2025-10-01","A DIVISION","1","2","2,414","2,720","88.75%"
"2025-10-01","A DIVISION","2","1","5,539","7,501","73.843487535%"
"2025-10-01","A DIVISION","2","2","1,263","1,844","68.49240780911%"
"2025-10-01","A DIVISION","3","1","5,440","6,532","83.28230251072%"
"2025-10-01","A DIVISION","3","2","1,279","1,617","79.09709338281%"
"2025-10-01","A DIVISION","4","1","7,172","8,512","84.25751879699%"
"2025-10-01","A DIVISION","4","2","1,471","2,136","68.8670411985%"
"2025-10-01","A DIVISION","5","1","6,073","7,435","81.68123739072%"
"2025-10-01","A DIVISION","5","2","1,317","1,510","87.21854304636%"
"2025-10-01","A DIVISION","6","1","10,557","12,798","82.48945147679%"
"2025-10-01","A DIVISION","6","2","1,868","2,384","78.35570469799%"
"2025-10-01","A DIVISION","7","1","13,147","14,388","91.37475674173%"
"2025-10-01","A DIVISION","7","2","2,283","2,642","86.41180923543%"
"2025-10-01","A DIVISION","S 42nd","1","11,994","12,034","99.66760844275%"
"2025-10-01","A DIVISION","S 42nd","2","2,867","2,870","99.89547038328%"
"2025-10-01","B DIVISION","A","1","6,980","8,719","80.05505218488%"
"2025-10-01","B DIVISION","A","2","2,139","2,554","83.7509788567%"
"2025-10-01","B DIVISION","B","1","3,357","4,948","67.84559417947%"
"2025-10-01","B DIVISION","C","1","3,775","5,106","73.93262828045%"
"2025-10-01","B DIVISION","C","2","939","1,248","75.24038461538%"
"2025-10-01","B DIVISION","D","1","5,572","6,844","81.41437755698%"
"2025-10-01","B DIVISION","D","2","1,862","2,157","86.32359758924%"
"2025-10-01","B DIVISION","E","1","7,136","9,430","75.67338282078%"
"2025-10-01","B DIVISION","E","2","1,777","1,970","90.20304568528%"
"2025-10-01","B DIVISION","F","1","6,894","9,013","76.48951514479%"
"2025-10-01","B DIVISION","F","2","1,396","1,672","83.49282296651%"
"2025-10-01","B DIVISION","G","1","6,278","7,077","88.70990532712%"
"2025-10-01","B DIVISION","G","2","1,740","1,912","91.00418410042%"
"2025-10-01","B DIVISION","JZ","1","6,254","6,831","91.55321329234%"
"2025-10-01","B DIVISION","JZ","2","1,750","1,968","88.92276422764%"
"2025-10-01","B DIVISION","L","1","10,748","12,266","87.6243274091%"
"2025-10-01","B DIVISION","L","2","2,779","2,915","95.33447684391%"
"2025-10-01","B DIVISION","M","1","5,662","6,716","84.30613460393%"
"2025-10-01","B DIVISION","M","2","1,462","1,559","93.77806286081%"
"2025-10-01","B DIVISION","N","1","7,952","10,870","73.15547378105%"
"2025-10-01","B DIVISION","N","2","1,207","1,728","69.84953703704%"
"2025-10-01","B DIVISION","Q","1","5,564","7,325","75.9590443686%"
"2025-10-01","B DIVISION","Q","2","1,692","2,064","81.97674418605%"
"2025-10-01","B DIVISION","R","1","5,663","6,942","81.57591472198%"
"2025-10-01","B DIVISION","R","2","1,560","1,722","90.59233449477%"
"2025-10-01","B DIVISION","S Fkln","1","5,465","5,474","99.83558640848%"
"2025-10-01","B DIVISION","S Fkln","2","1,886","1,904","99.05462184874%"
"2025-10-01","B DIVISION","S Rock","1","3,542","3,674","96.40718562874%"
"2025-10-01","B DIVISION","S Rock","2","615","626","98.2428115016%"
"2025-11-01","A DIVISION","1","1","7,518","8,898","84.49089683075%"
"2025-11-01","A DIVISION","1","2","3,073","3,428","89.64410735123%"
"2025-11-01","A DIVISION","2","1","4,376","6,220","70.3536977492%"
"2025-11-01","A DIVISION","2","2","1,820","2,520","72.22222222222%"
"2025-11-01","A DIVISION","3","1","4,457","5,498","81.06584212441%"
"2025-11-01","A DIVISION","3","2","1,978","2,336","84.67465753425%"
"2025-11-01","A DIVISION","4","1","5,874","7,099","82.74404845753%"
"2025-11-01","A DIVISION","4","2","2,270","2,925","77.60683760684%"
"2025-11-01","A DIVISION","5","1","5,156","6,251","82.48280275156%"
"2025-11-01","A DIVISION","5","2","1,369","1,635","83.73088685015%"
"2025-11-01","A DIVISION","6","1","8,662","10,635","81.44804889516%"
"2025-11-01","A DIVISION","6","2","3,248","4,135","78.54897218863%"
"2025-11-01","A DIVISION","7","1","10,182","11,360","89.63028169014%"
"2025-11-01","A DIVISION","7","2","3,092","3,474","89.00402993667%"
"2025-11-01","A DIVISION","S 42nd","1","9,850","9,862","99.87832082742%"
"2025-11-01","A DIVISION","S 42nd","2","3,763","3,784","99.44503171247%"
"2025-11-01","B DIVISION","A","1","5,887","7,359","79.99728223943%"
"2025-11-01","B DIVISION","A","2","2,418","3,084","78.4046692607%"
"2025-11-01","B DIVISION","B","1","2,872","3,988","72.01604814443%"
"2025-11-01","B DIVISION","C","1","3,500","4,218","82.97771455666%"
"2025-11-01","B DIVISION","C","2","1,204","1,710","70.40935672515%"
"2025-11-01","B DIVISION","D","1","4,668","5,624","83.00142247511%"
"2025-11-01","B DIVISION","D","2","2,077","2,379","87.30559058428%"
"2025-11-01","B DIVISION","E","1","5,961","7,789","76.53100526383%"
"2025-11-01","B DIVISION","E","2","2,000","2,304","86.80555555556%"
"2025-11-01","B DIVISION","F","1","5,861","7,579","77.3321018604%"
"2025-11-01","B DIVISION","F","2","1,852","2,294","80.73234524847%"
"2025-11-01","B DIVISION","G","1","5,008","5,662","88.44931119746%"
"2025-11-01","B DIVISION","G","2","2,570","2,778","92.51259899208%"
"2025-11-01","B DIVISION","JZ","1","5,308","5,643","94.06344143186%"
"2025-11-01","B DIVISION","JZ","2","2,439","2,692","90.60178306092%"
"2025-11-01","B DIVISION","L","1","9,255","10,267","90.14317716957%"
"2025-11-01","B DIVISION","L","2","4,303","4,592","93.70644599303%"
"2025-11-01","B DIVISION","M","1","4,901","5,548","88.33813987022%"
"2025-11-01","B DIVISION","M","2","2,671","2,758","96.84554024656%"
"2025-11-01","B DIVISION","N","1","6,956","8,998","77.30606801511%"
"2025-11-01","B DIVISION","N","2","1,669","2,378","70.1850294365%"
"2025-11-01","B DIVISION","Q","1","4,626","5,984","77.30614973262%"
"2025-11-01","B DIVISION","Q","2","2,387","2,710","88.08118081181%"
"2025-11-01","B DIVISION","R","1","4,786","5,745","83.30722367276%"
"2025-11-01","B DIVISION","R","2","2,180","2,367","92.099704267%"
"2025-11-01","B DIVISION","S Fkln","1","4,511","4,522","99.75674480318%"
"2025-11-01","B DIVISION","S Fkln","2","2,609","2,618","99.65622612681%"
"2025-11-01","B DIVISION","S Rock","1","3,041","3,171","95.90034689372%"
"2025-11-01","B DIVISION","S Rock","2","1,031","1,078","95.6400742115%"
"2025-12-01","A DIVISION","1","1","8,023","10,198","78.67228868406%"
"2025-12-01","A DIVISION","1","2","2,849","3,264","87.28553921569%"
"2025-12-01","A DIVISION","2","1","5,007","7,172","69.81316229782%"
"2025-12-01","A DIVISION","2","2","1,387","2,080","66.68269230769%"
"2025-12-01","A DIVISION","3","1","5,145","6,396","80.44090056285%"
"2025-12-01","A DIVISION","3","2","1,557","1,972","78.95537525355%"
"2025-12-01","A DIVISION","4","1","6,792","8,279","82.03889358618%"
"2025-12-01","A DIVISION","4","2","1,930","2,387","80.85462924173%"
"2025-12-01","A DIVISION","5","1","5,869","7,183","81.7068077405%"
"2025-12-01","A DIVISION","5","2","1,771","2,137","82.87318671034%"
"2025-12-01","A DIVISION","6","1","10,301","12,261","84.01435445722%"
"2025-12-01","A DIVISION","6","2","2,314","2,776","83.35734870317%"
"2025-12-01","A DIVISION","7","1","12,446","14,086","88.35723413318%"
"2025-12-01","A DIVISION","7","2","2,724","3,042","89.54635108481%"
"2025-12-01","A DIVISION","S 42nd","1","11,296","11,316","99.82325910216%"
"2025-12-01","A DIVISION","S 42nd","2","3,042","3,042","100%"
"2025-12-01","B DIVISION","A","1","6,763","8,482","79.73355340722%"
"2025-12-01","B DIVISION","A","2","1,867","2,416","77.27649006623%"
"2025-12-01","B DIVISION","B","1","3,414","4,686","72.85531370038%"
"2025-12-01","B DIVISION","C","1","4,166","4,926","84.57166057653%"
"2025-12-01","B DIVISION","C","2","1,031","1,388","74.2795389049%"
"2025-12-01","B DIVISION","D","1","5,222","6,519","80.10431047707%"
"2025-12-01","B DIVISION","D","2","1,537","1,944","79.06378600823%"
"2025-12-01","B DIVISION","E","1","6,670","9,021","73.93858773972%"
"2025-12-01","B DIVISION","E","2","1,632","1,884","86.62420382166%"
"2025-12-01","B DIVISION","F","1","6,296","8,624","73.00556586271%"
"2025-12-01","B DIVISION","F","2","1,507","1,874","80.41622198506%"
"2025-12-01","B DIVISION","G","1","5,540","6,558","84.4769746874%"
"2025-12-01","B DIVISION","G","2","2,078","2,196","94.62659380692%"
"2025-12-01","B DIVISION","JZ","1","5,879","6,527","90.07200857975%"
"2025-12-01","B DIVISION","JZ","2","1,958","2,116","92.53308128544%"
"2025-12-01","B DIVISION","L","1","10,704","12,258","87.3225648556%"
"2025-12-01","B DIVISION","L","2","3,735","4,222","88.46518237802%"
"2025-12-01","B DIVISION","M","1","5,456","6,526","83.60404535703%"
"2025-12-01","B DIVISION","M","2","2,131","2,248","94.79537366548%"
"2025-12-01","B DIVISION","N","1","7,816","10,437","74.88741975664%"
"2025-12-01","B DIVISION","N","2","1,184","1,944","60.90534979424%"
"2025-12-01","B DIVISION","Q","1","5,565","7,041","79.03706859821%"
"2025-12-01","B DIVISION","Q","2","2,306","2,720","84.77941176471%"
"2025-12-01","B DIVISION","R","1","5,313","6,654","79.84670874662%"
"2025-12-01","B DIVISION","R","2","1,659","1,936","85.69214876033%"
"2025-12-01","B DIVISION","S Fkln","1","5,158","5,236","98.5103132162%"
"2025-12-01","B DIVISION","S Fkln","2","1,646","1,666","98.79951980792%"
"2025-12-01","B DIVISION","S Rock","1","3,542","3,732","94.9088960343%"
"2025-12-01","B DIVISION","S Rock","2","1,293","1,350","95.77777777778%"
"2026-01-01","A DIVISION","1","1","7,355","8,746","84.09558655385%"
"2026-01-01","A DIVISION","1","2","3,393","3,697","91.77711658101%"
"2026-01-01","A DIVISION","2","1","4,540","6,266","72.45451643792%"
"2026-01-01","A DIVISION","2","2","1,127","1,544","72.99222797927%"
"2026-01-01","A DIVISION","3","1","4,426","5,350","82.72897196262%"
"2026-01-01","A DIVISION","3","2","1,122","1,394","80.48780487805%"
"2026-01-01","A DIVISION","4","1","6,066","7,497","80.91236494598%"
"2026-01-01","A DIVISION","4","2","1,959","2,921","67.06607326258%"
"2026-01-01","A DIVISION","5","1","4,891","6,190","79.01453957997%"
"2026-01-01","A DIVISION","5","2","1,080","1,319","81.88021228203%"
"2026-01-01","A DIVISION","6","1","8,303","10,488","79.16666666667%"
"2026-01-01","A DIVISION","6","2","2,422","3,162","76.59709044908%"
"2026-01-01","A DIVISION","7","1","11,439","12,230","93.53229762878%"
"2026-01-01","A DIVISION","7","2","3,020","3,130","96.48562300319%"
"2026-01-01","A DIVISION","S 42nd","1","10,756","10,772","99.85146676569%"
"2026-01-01","A DIVISION","S 42nd","2","3,914","3,920","99.84693877551%"
"2026-01-01","B DIVISION","A","1","5,789","7,345","78.81552076242%"
"2026-01-01","B DIVISION","A","2","2,326","2,783","83.57887172116%"
"2026-01-01","B DIVISION","B","1","2,832","4,180","67.75119617225%"
"2026-01-01","B DIVISION","C","1","3,550","4,218","84.1631104789%"
"2026-01-01","B DIVISION","C","2","1,256","1,572","79.89821882952%"
"2026-01-01","B DIVISION","D","1","4,320","5,625","76.8%"
"2026-01-01","B DIVISION","D","2","1,813","2,164","83.78003696858%"
"2026-01-01","B DIVISION","E","1","6,193","7,790","79.49935815148%"
"2026-01-01","B DIVISION","E","2","1,896","2,114","89.68779564806%"
"2026-01-01","B DIVISION","F","1","5,788","7,448","77.71213748657%"
"2026-01-01","B DIVISION","F","2","1,840","2,104","87.45247148289%"
"2026-01-01","B DIVISION","G","1","4,783","5,668","84.38602681722%"
"2026-01-01","B DIVISION","G","2","2,488","2,589","96.0988798764%"
"2026-01-01","B DIVISION","JZ","1","4,711","5,507","85.54566914836%"
"2026-01-01","B DIVISION","JZ","2","2,242","2,482","90.33037872683%"
"2026-01-01","B DIVISION","L","1","9,263","11,146","83.10604701238%"
"2026-01-01","B DIVISION","L","2","4,680","5,242","89.27890118275%"
"2026-01-01","B DIVISION","M","1","4,624","5,660","81.6961130742%"
"2026-01-01","B DIVISION","M","2","2,479","2,570","96.45914396887%"
"2026-01-01","B DIVISION","N","1","6,255","8,930","70.04479283315%"
"2026-01-01","B DIVISION","N","2","1,541","2,166","71.14496768236%"
"2026-01-01","B DIVISION","Q","1","4,054","5,973","67.87209107651%"
"2026-01-01","B DIVISION","Q","2","2,224","2,646","84.05139833711%"
"2026-01-01","B DIVISION","R","1","4,535","5,744","78.95194986072%"
"2026-01-01","B DIVISION","R","2","2,011","2,149","93.57840856212%"
"2026-01-01","B DIVISION","S Fkln","1","4,471","4,522","98.87218045113%"
"2026-01-01","B DIVISION","S Fkln","2","2,376","2,380","99.83193277311%"
"2026-01-01","B DIVISION","S Rock","1","3,125","3,210","97.35202492212%"
"2026-01-01","B DIVISION","S Rock","2","1,466","1,538","95.31859557867%"
"2026-02-01","A DIVISION","1","1","6,649","8,316","79.9543049543%"
"2026-02-01","A DIVISION","1","2","2,462","2,750","89.52727272727%"
"2026-02-01","A DIVISION","2","1","4,296","5,804","74.01791867677%"
"2026-02-01","A DIVISION","2","2","1,482","2,128","69.64285714286%"
"2026-02-01","A DIVISION","3","1","4,292","5,262","81.56594450779%"
"2026-02-01","A DIVISION","3","2","1,464","1,853","79.0070156503%"
"2026-02-01","A DIVISION","4","1","5,609","7,215","77.74081774082%"
"2026-02-01","A DIVISION","4","2","2,713","3,692","73.48320693391%"
"2026-02-01","A DIVISION","5","1","4,455","5,564","80.06829618979%"
"2026-02-01","A DIVISION","5","2","1,668","1,707","97.71528998243%"
"2026-02-01","A DIVISION","6","1","7,398","9,936","74.45652173913%"
"2026-02-01","A DIVISION","6","2","1,514","2,380","63.61344537815%"
"2026-02-01","A DIVISION","7","1","9,940","11,276","88.15182688897%"
"2026-02-01","A DIVISION","7","2","2,818","2,994","94.12157648631%"
"2026-02-01","A DIVISION","S 42nd","1","10,117","10,124","99.93085736863%"
"2026-02-01","A DIVISION","S 42nd","2","3,276","3,280","99.87804878049%"
"2026-02-01","B DIVISION","A","1","4,805","6,497","73.95721102047%"
"2026-02-01","B DIVISION","A","2","1,924","2,255","85.32150776053%"
"2026-02-01","B DIVISION","B","1","2,383","3,934","60.57447890188%"
"2026-02-01","B DIVISION","C","1","2,984","3,774","79.06730259671%"
"2026-02-01","B DIVISION","C","2","1,021","1,260","81.03174603175%"
"2026-02-01","B DIVISION","D","1","3,893","5,328","73.06681681682%"
"2026-02-01","B DIVISION","D","2","1,531","1,728","88.59953703704%"
"2026-02-01","B DIVISION","E","1","5,175","7,379","70.13145412658%"
"2026-02-01","B DIVISION","E","2","1,463","1,692","86.46572104019%"
"2026-02-01","B DIVISION","F","1","4,855","7,055","68.81644223955%"
"2026-02-01","B DIVISION","F","2","1,418","1,686","84.1043890866%"
"2026-02-01","B DIVISION","G","1","4,114","5,363","76.71079619616%"
"2026-02-01","B DIVISION","G","2","1,825","2,054","88.85102239533%"
"2026-02-01","B DIVISION","JZ","1","4,429","5,110","86.67318982387%"
"2026-02-01","B DIVISION","JZ","2","1,792","1,996","89.77955911824%"
"2026-02-01","B DIVISION","L","1","8,548","10,238","83.49286970111%"
"2026-02-01","B DIVISION","L","2","3,914","4,096","95.556640625%"
"2026-02-01","B DIVISION","M","1","4,241","5,430","78.10313075506%"
"2026-02-01","B DIVISION","M","2","1,975","2,064","95.68798449612%"
"2026-02-01","B DIVISION","N","1","5,671","8,479","66.88288713292%"
"2026-02-01","B DIVISION","N","2","1,268","1,728","73.37962962963%"
"2026-02-01","B DIVISION","Q","1","3,846","5,798","66.33321835116%"
"2026-02-01","B DIVISION","Q","2","1,766","2,080","84.90384615385%"
"2026-02-01","B DIVISION","R","1","4,098","5,434","75.41405962459%"
"2026-02-01","B DIVISION","R","2","1,487","1,624","91.56403940887%"
"2026-02-01","B DIVISION","S Fkln","1","4,278","4,284","99.85994397759%"
"2026-02-01","B DIVISION","S Fkln","2","1,898","1,904","99.68487394958%"
"2026-02-01","B DIVISION","S Rock","1","2,903","3,032","95.74538258575%"
"2026-02-01","B DIVISION","S Rock","2","1,234","1,270","97.16535433071%"
"2026-03-01","A DIVISION","1","1","8,793","10,164","86.51121605667%"
"2026-03-01","A DIVISION","1","2","2,816","3,022","93.18332230311%"
"2026-03-01","A DIVISION","2","1","5,322","7,177","74.15354604988%"
"2026-03-01","A DIVISION","2","2","2,380","3,006","79.1749833666%"
"2026-03-01","A DIVISION","3","1","5,434","6,543","83.0505884151%"
"2026-03-01","A DIVISION","3","2","1,638","2,016","81.25%"
"2026-03-01","A DIVISION","4","1","6,830","8,189","83.40456710221%"
"2026-03-01","A DIVISION","4","2","2,294","2,812","81.57894736842%"
"2026-03-01","A DIVISION","5","1","5,989","7,228","82.85832872164%"
"2026-03-01","A DIVISION","5","2","1,991","2,130","93.47417840376%"
"2026-03-01","A DIVISION","6","1","9,376","12,144","77.20685111989%"
"2026-03-01","A DIVISION","6","2","2,268","2,770","81.87725631769%"
"2026-03-01","A DIVISION","7","1","12,762","14,124","90.35683942226%"
"2026-03-01","A DIVISION","7","2","3,124","3,340","93.53293413174%"
"2026-03-01","A DIVISION","S 42nd","1","11,451","11,456","99.9563547486%"
"2026-03-01","A DIVISION","S 42nd","2","3,230","3,232","99.93811881188%"
"2026-03-01","B DIVISION","A","1","6,439","8,409","76.57271970508%"
"2026-03-01","B DIVISION","A","2","2,190","2,710","80.81180811808%"
"2026-03-01","B DIVISION","B","1","3,414","4,840","70.53719008264%"
"2026-03-01","B DIVISION","C","1","3,892","4,884","79.68877968878%"
"2026-03-01","B DIVISION","C","2","1,007","1,398","72.03147353362%"
"2026-03-01","B DIVISION","D","1","4,998","6,512","76.75061425061%"
"2026-03-01","B DIVISION","D","2","1,663","1,938","85.81011351909%"
"2026-03-01","B DIVISION","E","1","6,710","9,020","74.39024390244%"
"2026-03-01","B DIVISION","E","2","1,574","1,878","83.81256656017%"
"2026-03-01","B DIVISION","F","1","6,452","8,627","74.78845485105%"
"2026-03-01","B DIVISION","F","2","1,489","1,868","79.71092077088%"
"2026-03-01","B DIVISION","G","1","5,500","6,557","83.87982308983%"
"2026-03-01","B DIVISION","G","2","1,967","2,046","96.13880742913%"
"2026-03-01","B DIVISION","JZ","1","5,386","6,254","86.12088263511%"
"2026-03-01","B DIVISION","JZ","2","1,982","2,194","90.33728350046%"
"2026-03-01","B DIVISION","L","1","10,852","12,658","85.73234318218%"
"2026-03-01","B DIVISION","L","2","3,945","4,216","93.57210626186%"
"2026-03-01","B DIVISION","M","1","5,300","6,556","80.84197681513%"
"2026-03-01","B DIVISION","M","2","2,150","2,242","95.89652096343%"
"2026-03-01","B DIVISION","N","1","8,030","10,912","73.58870967742%"
"2026-03-01","B DIVISION","N","2","2,455","3,238","75.81840642372%"
"2026-03-01","B DIVISION","Q","1","5,503","7,189","76.54750312978%"
"2026-03-01","B DIVISION","Q","2","1,898","2,275","83.42857142857%"
"2026-03-01","B DIVISION","R","1","5,293","6,666","79.40294029403%"
"2026-03-01","B DIVISION","R","2","1,772","1,938","91.43446852425%"
"2026-03-01","B DIVISION","S Fkln","1","5,201","5,236","99.33155080214%"
"2026-03-01","B DIVISION","S Fkln","2","2,132","2,136","99.8127340824%"
"2026-03-01","B DIVISION","S Rock","1","3,448","3,563","96.77238282346%"
"2026-03-01","B DIVISION","S Rock","2","1,044","1,076","97.02602230483%"
